:020000040800F2
:10000000000400201D8100081F8100081F810008D6
:100010001F8100081F8100081F8100081F81000840
:100020001F8100081F8100081F810008D1A8010856
:100030001F8100081F8100081F8100081F81000820
:100040001F8100081F810008E1DC01084DDD010867
:100050001F8100081F81000891B90108B9B9010882
:10006000E1B9010809BA010831BA010829C4010837
:1000700051C4010881C40108B1C40108E1C40108E8
:1000800009C5010839C50108A9C201081F81000876
:100090001F8100081F8100081F81000859BA01084C
:1000A0001F8100081F8100081F8100081F810008B0
:1000B0002DBB01081F8100081F8100081F81000857
:1000C0001F8100081F8100081F8100081F81000890
:1000D0001F8100081F8100081F8100081F81000880
:1000E000BDBA010885DD01081F8100081F810008D5
:1000F0001F8100081F8100081F81000869C50108D1
:100100001F8100081F8100081F8100081F8100084F
:100110001F8100081F8100081F8100081F8100083F
:1001200099C50108C1C50108F1C5010821C601082A
:1001300051C601081F8100081F8100081F810008A7
:100140001F8100081F8100081F810008B5D8010821
:1001500079C60108A9C60108D9C601081F8100088F
:100160001DCB01084DCC01081F8100081F8100082C
:100170001F8100081F8100081F8100081F810008DF
:100180001F8100081F8100081F8100081F810008CF
:100190001F8100081F8100081F8100081F810008BF
:1001A0001F8100081F8100081F8100081F810008AF
:1001B0001F8100081F8100081F8100081F8100089F
:1001C0001F8100081F8100081F8100081F8100088F
:1001D0001F8100081F8100081F8100081F8100087F
:1080000072B6374880F30888364880F309883648C6
:108010003649086040F20000CCF200004EF63471A0
:10802000CEF200010860BFF34F8FBFF36F8F40F2B5
:108030000000C0F2F0004EF68851CEF20001086058
:10804000BFF34F8FBFF36F8F4FF00000E1EE100AC8
:108050004EF63C71CEF200010860062080F31488D1
:10806000BFF36F8F12F010F811F066FA4FF0553031
:108070001F491B4A91423CBF41F8040BFAE71D49D6
:10808000184A91423CBF41F8040BFAE71A491B4ACF
:108090001B4B9A423EBF51F8040B42F8040BF8E721
:1080A00000201849184A91423CBF41F8040BFAE7F6
:1080B00011F0F0FF11F0EAFF144C154DAC4203DA59
:1080C00054F8041B8847F9E70BF00EFB114C124DD6
:1080D000AC4203DA54F8041B8847F9E711F0D8BF23
:1080E00000040020002400200000000808ED00E04B
:1080F0000000002000040020D00602080024002018
:10810000EC2F0020F02F0020149C0020008000089D
:1081100000800008008000080080000870E700F080
:1081200000F8FEE72DE9F04F2DED108AC1F80CD0D4
:10813000C3689D46BDEC108ABDE8F08F002383F331
:1081400011882846A047002012F0C4FAFEE712F07A
:108150001BFA00DFFEE7000053B94AB9002908BF47
:1081600000281CBF4FF0FF314FF0FF3000F062B924
:10817000ADF1080C6DE904CE00F006F8DDF804E07E
:10818000DDE9022304B070472DE9F047089F15464A
:1081900004468C461E46002B40F0CB808A4248D9CC
:1081A000B2FA82F149B1C1F120030CFA01FC20FAC4
:1081B00003F38D4043EA0C0C8C404FEA154EA8B2F5
:1081C000BCFBFEF8230C0EFB18CC08FB00F943EABD
:1081D0000C43994529D9EB1808F1FF3204D299458F
:1081E00002D9A8F102022B44A3EB0903A4B2B3FB0A
:1081F000FEFC0EFB1C330CFB00F044EA0344A042DF
:1082000015D92C190CF1FF3304D2A04202D9ACF1DC
:1082100002032C44241A43EA02401FB1CC4000233D
:108220003C607B603146BDE8F0874246DCE7634650
:10823000F0E7002A73D0B2FA82F3DBB31E46C6F130
:10824000200302FA06F521FA03F2B14020FA03F303
:108250000B434FEA154E00FA06F4B2FBFEF1A8B24A
:108260000EFB112C1A0C01FB00F842EA0C4290455F
:1082700057D9AA1801F1FF3C04D2904502D9A1F1C7
:10828000020C2A44A2EB08029BB2B2FBFEF10EFBE9
:108290001122484343EA0243984244D9EB1801F1C2
:1082A000FF3203D2984201D98A1E2B441B1A42EA9C
:1082B0000C4201E08B1A01224FEA154EA8B2B3FB23
:1082C000FEFC210C0EFB1C330CFB00F841EA0343BF
:1082D00098452AD9EB180CF1FF3104D2984502D900
:1082E000ACF102012B44A3EB0803A4B2B3FBFEFCE8
:1082F0000EFB1C330CFB00F044EA0344A04216D9E9
:108300002C190CF1FF3304D2A04202D9ACF10203C4
:108310002C44241A43EA0140314616467DE71F26C5
:108320008DE78C46AEE70A46C0E76146DBE7634669
:10833000EFE78B4206D917B90026304672E7C7E946
:108340000001F9E7B3FA83F686B98B4201D3824282
:1083500007D8841A61EB030301209C461FB900264D
:1083600060E73046FAE7C7E9004CF8E7C6F1200CB1
:10837000B34022FA0CF41C4320FA0CF521FA0CF35A
:10838000B14029434FEA144900FA06F5B3FBF9F866
:108390001FFA84FE09FB18300B0C08FB0EFA43EAA7
:1083A00000439A4502FA06F240D9E31808F1FF307B
:1083B00004D29A4502D9A8F102002344A3EB0A0390
:1083C00089B2B3FBF9F809FB183308FB0EFE41EA4A
:1083D00003418E452CD9611808F1FF3304D28E4534
:1083E00002D9A8F10203214443EA0040A0FB02980D
:1083F000A1EB0E014145CE46434602D306D14D4581
:1084000004D2B9EB020E68EB04030138002FA6D0AA
:10841000B5EB0E0261EB030101FA0CFC22FA06F344
:108420004CEA0303F140C7E9003198E74046C5E74D
:108430004346D9E7704700BF034613F8012B002AD3
:10844000FBD1181A0138704700000000000000003E
:1084500001F0FF01102A2BDB10F0070F08D010F8F5
:10846000013B013A8B422DD010F0070F42B3F6D1F9
:10847000F0B441EA012141EA014122F007047FF012
:1084800000070023F0E80256083C85EA010586EA69
:10849000010685FA47F5A3FA87F586FA47F6A5FAA5
:1084A00087F68EB9EED1F0BC01F0FF0102F00702B1
:1084B00032B110F8013B013A83EA010313B1F8D15C
:1084C0000020704701387047002D06BF354603383D
:1084D000073815F0010F07D1013015F4807F02BF76
:1084E000013015F4C03F0130F0BC0138704700BFC7
:1084F000F0B587B00F464508144915480593002488
:10850000164612F0FBFC059B124A214640F2E7306A
:10851000E3FB02014FF47A720023FFF71DFE019482
:10852000029000940A4833463A46294612F006FD66
:10853000044640B1064812F0EFFC013414BF4FF07E
:10854000FF306FF0010007B0F0BD00BF60F501081B
:10855000389B0020A086010070B584B004460E460A
:10856000134814490393154612F0C8FC124A039BA2
:1085700040F2E7300021E3FB02014FF47A7200235E
:10858000FFF7EAFD2B46009032460948610812F0D9
:10859000F3FC50B10390064812F0BEFC039B01337C
:1085A00014BF4FF0FF306FF0010004B070BD00BF8A
:1085B000389B002060F50108A086010008B510482E
:1085C00000224FF4807114F037F900224FF400714B
:1085D0000C4814F031F94FF47A7012F087F808481B
:1085E00040F206224FF4807114F026F9BDE80840ED
:1085F000044840F206224FF4007114F01DB900BF88
:10860000000002400008024008B5FFF7D7FF054B05
:108610004FF48061198318462022BDE8084014F009
:108620000BB900BF0004024030B583B049BA05461B
:108630001446ADF80410642301A90222A220FFF71A
:1086400057FF6423A2B22946A220FFF785FF03B09B
:1086500030BD00BFF0B515468BB001220E4607466F
:108660004FF48061184814F0E7F8174A4FF480631C
:108670005383F5B106F01F04C4F12004AC4228BFB7
:108680002C4673BA394622460DF10600ADF8043087
:1086900016F0B6F9A21C642392B201A9A220FFF73A
:1086A00027FF4FF4FA7012F021F82D1B27442644BF
:1086B000E0D1054B4FF4806119832022184614F055
:1086C000BBF80BB0F0BD00BF0004024010B588B08D
:1086D00020220021684616F047F900242146202276
:1086E00068462034FFF7B6FFB4F5806FF6D108B0C6
:1086F00010BD00BF704700BF302383F31188134BB8
:10870000082208B31A83322300BF013B9BB2002B1F
:10871000FAD103F1804303F5013320221A83322377
:1087200000BF013B9BB2002BFAD103F1804303F55C
:10873000013320225A83322300BF013B9BB2002B1E
:10874000FAD183F3118870475A83DCE700040240B2
:10875000234B98423AD00FD800F13F4303F57E03F4
:10876000072B37D81F4BC318062B37D8DFE803F089
:10877000202C2A28262422001B4B984228D000F1C6
:108780004043A3F50233052B24D8184BC318042B00
:1087900022D8DFE803F0090705030B000E2070471D
:1087A0000D2070470C2070470B2070470F2070473A
:1087B000012070470720704706207047052070474A
:1087C000042070470320704702207047082070473C
:1087D00009207047FF2070470A207047002070472B
:1087E00000040240FFFFFDBF01040240FFF7FDBF90
:1087F0002DE9F04F074685B00C46A0B9574B04222F
:108800005A83142300BF013B9BB2002BFAD1534B78
:1088100004221A83142300BF013B9BB2002BFAD120
:108820000120FFF769FF4FF4346011F0A3FC01232E
:108830004FF0000B03FA07FA0323CDF804B00093BE
:108840005D460394464E47494748484ADFF81CB105
:10885000B046012312F0FCFA4FF0000902962E46B2
:1088600045464FF0000812E0012303FA08F1009B8F
:10887000002A08BF46F00106032B49EA01022FD067
:108880005FFA82F908F10108B8F1060F1AD03BF837
:10889000022B39465FFA88F002F07CFD39465FFA18
:1088A00088F002F05DFE35F8022B0AEA0202002889
:1088B000DAD108F10108824218BF46F00106B8F18A
:1088C000060FE4D1009B032B3546029E0ED0019B80
:1088D0004B4510D0002005B0BDE8F04FFFF70CBFAE
:1088E000019B43EA0102D3B20193CBE70223009339
:1088F000002DA7D1EEE7009B03F1FF3B1BF0FF0328
:108900000093F5D1AB46039C3546BBF1000FE1D097
:10891000174BDDF800801749019E01221A700DE007
:1089200010B90A8822430A80234308F10108B8F1EC
:10893000060F25F8023C01F10201CBD035F8023BCD
:1089400046FA08F2D20704EA0300E9D410B10A8813
:1089500022430A8023EA0403E7E700BF000C024039
:108960009475002000240020849A0020F02F00201D
:10897000FC2F0020887500202DE9F04F85B00025E0
:108980005448019501224FF400510295039513F0CC
:1089900053FF50494F48DFF85CB1DFF85CA14FF45A
:1089A000005320220B83114613F046FF4A48012250
:1089B000082113F041FF48480122202113F03CFF19
:1089C00001224648042113F037FF444A042353830D
:1089D0000BF118072C46A94601264FF003085BF857
:1089E000043B03F00F01B3F1FF3F4FF0030206FA1F
:1089F00001F123F00F000BD013F01EFF5BF8043CD5
:108A000003F00F02103223F00F0106FA02F28A611E
:108A10001846FFF79DFEFF2827D0A0F10A0309287A
:108A200002B21BB298BF02EB420203EB430308FA07
:108A300003F396BF08FA02F21D4349EA0209AAFBB2
:108A40000432930803EB430302F0FC02A4EB43035C
:108A500010326A44DBB203EB8303984052F80C3CBB
:108A60000134184342F80C0CE4B25F45B7D11C4BFB
:108A7000019A03999A621962029A1A485D6100216B
:108A80005A62C3F8189012F0C3F9174A536843F4B6
:108A90008033052553600024E0B200210134FFF744
:108AA000A7FE102CF8D1013D15F0FF05F3D10F4AB8
:108AB0000F4B158055809580D580158155811D807F
:108AC0005D809D80DD801D815D8105B0BDE8F04F3A
:108AD00002F046BC0008024000040240000C0240C4
:108AE00000240020849A0020003801409475002062
:108AF000887500202C240020ABAAAAAA70B584B0E7
:108B00002549264E0C2201A815F07AFF2449254854
:108B10000C2215F075FF244B00251D805D809D8083
:108B2000DD801D815D81357001242146E8B201356B
:108B3000FFF75EFE6400102DA4B2F6D102F002FE33
:108B4000154B1A4903F10C041A8831F8020B024044
:108B500023F8022BA342F7D1124B154C154803F111
:108B60000C0C198834F8025B30F8022B29430A43B5
:108B700023F8022B6345F4D10C2201A9064815F015
:108B8000E3FE04460AF04EFD3078002C18BF40F09A
:108B9000010004B070BD00BF2C990020FC2F002004
:108BA000389900200030002088750020E0FA010884
:108BB000F43A0020343A002030B5204887B012F053
:108BC00035F91F484022082113F036FE1C48402288
:108BD000202113F031FE1B484022042113F02CFE0B
:108BE000194A4FF400535383302383F311881648F6
:108BF0000222052113F09CFE002383F31188134CFD
:108C00000FCCEC46ACE80F0094E803008CE80300BE
:108C10006C46012554F8040B00F00F01431C4FF083
:108C2000400205FA01F120F00F0001D013F004FE1C
:108C300006AB9C42EED107B030BD00BF849A002045
:108C400000040240000C0240000802402CF501081C
:108C50002DE9F04F4FF45772324D02FB00F805EB4F
:108C60000804064683B00021204615F07DFE2E4BF9
:108C700001949B5D03F0030343F48A6325F80830F5
:108C8000A37823F00F0343F00103A370274B06EBF7
:108C9000460203EB821EEF1DD72303FB06F1474478
:108CA0004046002688467146BE4600228A4608EBAA
:108CB000061B0BEB02033AF8024F05EB8303C4F3E8
:108CC000820993F804C09F79B9F1040F64F3010C91
:108CD00069F3071708BF640983F804C09F7108BFD0
:108CE0000EF822400132102AE3D10136062E0EF191
:108CF000400E01F12001D8D1019C804609F0D2FF3D
:108D000050B120464FF4577208F2211101F092FF42
:108D1000012003B0BDE8F08F05490F200AF08AFD5D
:108D2000EFE700BF14300020142500203EF70108B3
:108D300004003434F8B550B10020FFF789FF01205A
:108D4000FFF786FFBDE8F8400220FFF781BF054628
:108D5000012140F63E3015F093FC0446262140F6F2
:108D60003E3207460AF082FD63782F4A2F4C2F4887
:108D7000022B96BF4FF457712B4601FB0341137032
:108D80002B4B88BF2146196040F6142207F22111AF
:108D900015F036FE00234FF4577000FB03F500FB7F
:108DA000034C625D910705D1224E16F803E06EF385
:108DB00001026255615DC1F385023F3202F03F025C
:108DC000272A03D9142262F3870161559CF80120F8
:108DD00002F13F0101F03F0126294FF0040161F348
:108DE000050201D98CF8012000FB03F2A518A25856
:108DF00012F47C2F0FD16978AA7801F0030E01F0EC
:108E00003F0C22F00F02C1F383014CEA8E1C0A438F
:108E100085F801C0AA700133032BBED13846BDE8E6
:108E2000F84015F06BBC00BF123000201430002059
:108E30004424002014250020014B1868704700BF0F
:108E400044240020014B1878704700BF12300020E6
:108E500000B583B002288DF8070030D80B461B49B7
:108E6000C2B20878904203D1F3B9012003B000BD2B
:108E700017480A7000934FF45771164B01FB02021A
:108E80001A6003F009F901F0C5FE13490F200AF03A
:108E9000D1FC012211460DF1070001F0CBFE03F0D9
:108EA00003F9009B002BE0D00DF064F950B10FF0F6
:108EB00071FE0A490A4B086086221A70D5E7002025
:108EC00003B000BD0DF00AF9F1E700BF1230002039
:108ED0001430002044240020040034340C300020DE
:108EE0001030002002281FD8F8B58C1840F6142E38
:108EF000744501DD0020F8BD0D46064600211846E8
:108F0000174615F031FD094BC5F15C024FF457715E
:108F100001FB0651D2B2B4F5577FD8BF3A46194487
:108F200015F06EFD0120F8BD0020704714300020C0
:108F30002DE9F04F85B002289DF838809DF83C500F
:108F400050D802294ED8272A4CD817461A4603462D
:108F5000002D4BD14FF0D709DFF8E0A0109E09FBA0
:108F600000F983460B46E9B20391002402E0013484
:108F7000102C31D030684FF0010C09EB05110CFAC0
:108F800004FC21441CEA000F0AEB810107F03F0EAC
:108F9000EDD003F0030040EA8E0002F03F0E91F89E
:108FA00006C040EA0E2040EA883088802CF00F0C82
:108FB000C8F3830040EA0C0088711F4909785945BD
:108FC000D5D1E1B2039802920134019301F074FD0E
:108FD000102C029A019BCDD10135062D06F1040615
:108FE000C1D124E0002005B0BDE8F08F09B301F045
:108FF000030007F03F0702F03F024FF4577440EAC6
:10900000870004FB03F340EA02200C4C40EA88305E
:10901000E0521C44C8F38308A378109823F00F0390
:1090200048EA03031822FF21A37015F09DFC0120DC
:10903000D9E70846D7E700BF1230002014300020DF
:109040002DE9F0410478022C88B01AD88378052BDA
:109050001F4616D8C3780F2B984612D800224178A5
:109060000392049205920692ADF81C208DF81E2002
:10907000027903461046032903D8DFE801F01B28D4
:109080006E06002008B0BDE8F081D72304FB03F38F
:109090003D4A03EB0713434402EB8302D38803F0FA
:1090A0000F0343F05003D380384B1B78A34266D0A4
:1090B0000120E7E7D7223B0102FB0433324A434455
:1090C00002EB8303DA8802F00F02DA80ECE7132860
:1090D0000546D6D899795A79019301F03F0102F0FB
:1090E0003F0242EA8112D979274E42EA0132ADF8B5
:1090F0000C201A7AC1F3011141EA82018DF80E1099
:10910000082203F109010DF10F0015F079FC019B14
:10911000082203F111010DF1170015F071FC05EBA8
:10912000C5004FF4577305EB400003FB04003044C7
:1091300003A9132200F5C27015F062FCD72304FBCB
:1091400003F303EB0713434406EB830303219A79EC
:10915000DD7161F307129A71A6E72C2891D8D72305
:1091600004FB03F3084A03EB0713434402EB8303B6
:1091700004219A79D87161F307129A7194E74146F4
:10918000384601F099FC93E714300020123000209B
:109190000378022B31D84278052A2ED8C1780529C8
:1091A0002BD810B5847890F804E044EA0E0CBCF19A
:1091B0000F0F26D890F805C0BCF1130F21D8807985
:1091C00006281ED8F8B18A4219D002F0070201F031
:1091D000070142EAC40241EACE01124C0CEB4C0CEE
:1091E0004FF4577E0EFB03C3234483F8002383F818
:1091F000011383F80203012010BD0020704774455D
:10920000E3D1002010BD4FF457720CEB4C0C054914
:1092100002FB03C303F540735A18C8545070907092
:10922000E9E700BF14300020022801D90020704770
:1092300010B50E4A82B04FF45771019001FB002423
:1092400009F030FD019B58B14FF4577202FB03F354
:10925000204603F2211101F0EDFC012002B010BD07
:1092600003490F200AF0E6FA019BEDE714300020D5
:1092700004003434022801D900207047FFF7E8BC0D
:10928000134A1378D9070CD51248818813F0020FBE
:1092900001F4806104D041B923F0020313707047D8
:1092A00001B9704743F0020313700389590707D4CB
:1092B0001A0709D4DB06F4D501210220FFF7C8BD47
:1092C00001210020FFF7C4BD01210846FFF7C0BD02
:1092D0001130002000300020022801D81C2901D9BB
:1092E0000020704738B5084B15464FF4577202FB03
:1092F00000300C461E22002115F036FB224629467E
:1093000015F07EFB012038BD5033002008B545F232
:109310002F23984208D9A0F5FC43103B022B0ED80E
:109320004B799BB9002008BD45F21F23984206D90E
:10933000094A4979137821B923F0010313700120F8
:1093400008BD43F0010313700120F9E71038012133
:10935000C0B2FFF77DFDE5E71130002008B50FF042
:1093600019FC034B034901221A70086008BD00BFB5
:10937000103000200C30002008B5184B186800B9D8
:1093800008BD0FF0A9FBB0F5FA7FF9D91449134BCA
:109390000A78501C02F00F02062A087016D94FF006
:1093A000000C104881F800C008221721C3F800C043
:1093B0000AF05CFA0B480378032B0CD90CF0DAFEA8
:1093C0000028DDD1BDE808400CF0C4BE0FF0E2FB80
:1093D000024B186008BD0CF02DF9EFE70C300020AF
:1093E0001030002048990020104B187800B97047C1
:1093F000C043002240F30000114610B5C0B20CF08B
:10940000E1FB0A4B93F900201B78002A00DB10BD1A
:10941000074A08491278DB4343F30003DBB2885C58
:10942000BDE810401A4619460CF0B6BB10300020BB
:10943000123000206CF50108F0B5254B5C7E9B7E58
:1094400083B044EA0324042C224B01933CDD0646FE
:1094500021480F46251F0346002203E00132AA429D
:10946000634631D019789DF804E0714503F1010C91
:10947000F4D193F801E09DF805108E45EED19CF8EB
:1094800001109DF806309942E8D19CF802109DF831
:1094900007309942E2D1A11E9142134614DD02EB3E
:1094A000000C02E001338B420EDA1CF801EBBEF136
:1094B000C00FF7D19CF80000C028F3D1023301207F
:1094C00032803B8003B0F0BD002003B0F0BD00BF90
:1094D000282900200501090468000208F0B5414C64
:1094E0000546208883B02A0A40B9DFF800C19CF8FD
:1094F00019009CF81AC040EA0C202080032A27D0CB
:10950000222A0DD0022A09D1019201F0F7F9019A1D
:1095100000282AD0344C2378002B2FD003B0F0BD84
:109520000029FBD1314A324D1D600193517E927E5C
:1095300041EA022601F0E2F90028EFD02D49019B13
:109540000A681746002A30D01F60089B1E80E5E796
:10955000019301F0D3F90028E0D1EDB2EE2D019B8B
:10956000DCD11860089B1880D8E7204B42211A7183
:109570009970D870089B198003B0F0BD1E491F4830
:10958000FFF75AFF0028C9D0184A1C4B957E18884F
:109590001949537E098843EA052303445B1A180AD4
:1095A0000121537690762170B8E72488204615F083
:1095B0009DF81049224608602946074615F020FA12
:1095C0000E4A019B1088221F9042BDDA0A4A118878
:1095D000A21E9142B8DA621A3818791815F010FAFA
:1095E000019BB1E7323A0020303A002028290020C0
:1095F00068000208283A00202C3A00202E3A002069
:1096000008B501F07BF918B9039B1860049B18801A
:1096100008BD00BF4378012B06D01BB98178C27A00
:1096200091420AD200207047837813B1027B9A429C
:10963000F8D90023437001207047012343700120B3
:10964000704700BF42780346032A06D8DFE802F0DD
:10965000152207028278F02A1DD9002070478278EF
:10966000017B91422BD2417B91422CD8C17A91420D
:1096700029D803214170012005E08278C17A914206
:10968000EBD801205870197C5A73521A22EAE27200
:109690009A7370478278197B91420CD2997B9142E0
:1096A00004D3197CC1F1E4018A4215DB597B914254
:1096B000D3D20020E7E700225A7001207047002231
:1096C000427000207047997B9142C6D90020D97B17
:1096D0009A730A445A737047022159700120F6E7C1
:1096E00000B50B1F83B09BB278B1A02B22D9A1F19A
:1096F000E003072B0FD801F0070101208840C0B21A
:1097000003B05DF804EB09F01BB9A02B05D9A1F15A
:10971000E003072B1BD903B000BDC9B20846019175
:109720000EF0E4FF0028F6D0019803B05DF804EBDA
:109730000FF0B4B8C9B2084601910EF0D7FF002867
:10974000E9D1019803B05DF804EB0FF089B801F09E
:10975000070101208840C0B203B05DF804EB09F0B6
:1097600003B900BF10B5002282B0044604EB4201E9
:10977000CB78097953EA012307D10132042AF5D1C4
:1097800002B0BDE8104009F0C7B9191FA029A3F124
:10979000E0000BD90728F0D803F007030120984018
:1097A000C0B2009209F0E0F8009AE6E7DBB2184692
:1097B000019200930EF09AFF019A0028DDD00098E4
:1097C00000920FF06BF8009AD7E700BF2DE9F04345
:1097D000044683B0FFF730FB6178E37B024604293F
:1097E00035D8DFE801F08503BDCE380003EBC300B8
:1097F00003EB40001518A67895F8851195F884516B
:1098000001F00F01890041EA951101EB4101B6EB2E
:10981000410F08DA05F03F05013D05EB4505B6EBC4
:10982000450FC0F27E8103EBC30103EB41055119E3
:1098300091F8863191F8851103F003031B0143EA87
:10984000111303EB4303B6EB430F80F22981002091
:1098500003B0BDE8F08303EBC30103EB41055119ED
:10986000A07891F8853191F8841103F00F039B00E3
:1098700043EA911303EB4303B0EB430FE7DC01F042
:109880003F01013901EB4101B0EB410FDFDA00216B
:1098900005F5C273617002EB03090F460026012132
:1098A00001FA07F8B44605EB46001044331D90F862
:1098B000871190F8880105EB430351EA0021134416
:1098C00005D093F8873118EA131340F01981013657
:1098D000042EE8D1BCF1000F40F02B817B1C032B40
:1098E0001F46DBD109F018F94846FFF73BFF7CE043
:1098F00003EBC30103EB41055319A17893F88431BD
:1099000003F03F0303EB4303B1EB430F9FDB4FF047
:109910000103637000260023012101FA06F79C462B
:1099200005EB43001044191D05EB410102EB010E4C
:1099300090F8871190F8880151EA002105D09EF82F
:10994000870100F00F00384262D10133042BE7D1C8
:10995000BCF1000F40F09C800136032EDBD144E0C7
:1099600003EBC30103EB41015018A57890F8863151
:109970009B0803EB4303B5EB430F5FDD03236370E9
:1099800065E703EBC30103EB4103D118A07891F81D
:109990008611890801EB4101B0EB410F3FF757AF4A
:1099A0000421617000270025012000FA07F8AE4667
:1099B00003EB450C9444291D03EB41019CF888619D
:1099C00050189CF8871151EA062104D090F88801BC
:1099D00018EA101027D10135042DE9D1BEF1000F8E
:1099E0004CD1791C03290F46DDD165795548627841
:1099F000A67930F81510013A0123B340022A94BF2A
:109A00001943994320F81510012003B0BDE8F083F5
:109A100006F0010001920093FFF762FE019A009B9D
:109A20004FF0010C91E707F0010001920093FFF75E
:109A300057FE019A009B4FF0010ECCE790F885315C
:109A400090F8840103F00F039B0043EA901303EBAB
:109A50004303B5EB430FBFF6FAAE00F03F00013809
:109A600000EB4000B5EB400FBFF6F1AE002301F56F
:109A7000C27163705018FFF775FEB6E7019200934C
:109A800009F04AF8642010F031FE019A009BA8E723
:109A9000009209F041F8642010F028FE009A5BE77C
:109AA000022363704FF000080026012101FA08F735
:109AB000304605EB46031344311D05EB410102EB33
:109AC000010C93F8871193F8883151EA032105D0EE
:109AD0009CF8883103F00F033B4209D10136042E74
:109AE000E7D1B0B908F10103032B9846DCD17CE73C
:109AF00008F001000092FFF7F3FD009A0120EDE766
:109B000007F001000092FFF7EBFD009A4FF0010C07
:109B1000DDE6009209F000F8642010F0E7FD009AFD
:109B2000E0E7002300F5C27063701044FFF71AFEEF
:109B30005BE7009208F0F0FF642010F0D7FD009A78
:109B4000CCE600BF343A0020024B00221A605A6073
:109B50009A607047343A00204378012B06D01BB935
:109B60008278C37A9A420BD80020704783781BB959
:109B70000023437000207047027B9A42F4D9F7E734
:109B8000C27BB2FA82F2012352094370C2731846B3
:109B9000704700BF3A4A3B4BA2FB002099798008EE
:109BA00007EE101A07EE900AB8EEC77AF8EEE77AD9
:109BB000F4EEC77AF1EE10FA21DC1A7907EE102ADA
:109BC000B8EEC77A82B0F4EEC77AF1EE10FA1BDD78
:109BD0005B792D4A77EEC77A07EE103AD2ED026A2A
:109BE000B8EEC77AA6EEA77AFCEEC77ACDED017A79
:109BF0009DF804007F2828BF7F2002B07047D879E5
:109C00007F2828BF7F2070479A7807EE102AB8EE89
:109C1000C77AF4EEC77AF1EE10FA1CDC1A7807EE78
:109C2000102AB8EEC77AF4EEC77AF1EE10FA25DD05
:109C30005B78154A77EEC77A07EE103AD2ED006AE4
:109C4000B8EEC77AA6EEA77AFCEEC77ACDED017A18
:109C50009DF80400CEE7DB780B4A77EEC77A07EE73
:109C6000103AD2ED016AB8EEC77AA6EEA77AFCEEFA
:109C7000C77ACDED017A9DF80400BBE70020BCE770
:109C8000ABAAAAAAAC750020B875002010B58378DD
:109C9000052B9CBF00238370C37B0B2B044605D888
:109CA0001B4980781B4AC8540121D1542046FFF734
:109CB000B1FCB0B1E07B63780D38012BC0B211D09C
:109CC0001F281FD960791449A47931F81030012276
:109CD000A24023EA0203BDE8104021F8103000F052
:109CE00015BE10BD1F2810D961790B4AA47932F82E
:109CF00011000123A3400343BDE8104022F81130B6
:109D000000F004BE0CF0D0FFDCE70CF0B1FFEBE795
:109D10006C3A0020603A0020F43A0020124B1349BC
:109D2000134A144810B500240C604C608C60146019
:109D300054609460046084801C605C609C60DC60A3
:109D40001C615C61E0B201340CF0AEFF102CF9D163
:109D50000024E0B2002101340CF0EEFF062CF8D113
:109D6000BDE810400CF076BF403A00206C3A00206D
:109D7000603A0020583A00202DE9F04782B000F008
:109D8000BDFD10B102B0BDE8F087944E944CDFF8F1
:109D90005C82944D944FB1466FEA040A14F8013B7B
:109DA00013B91AF81430E3B13B78062B0CD9787844
:109DB000062869D900F10C02934270DC03F10C0211
:109DC000904270DD012305E0002B5DD17878C31A45
:109DD00018BF012388F80030FFF7DCFEC9F8000047
:109DE0000120A54209F1040908F1010807F1020761
:109DF000D4D10028C6D07D4B7C4A93F9003092F92B
:109E00000120002B784BB4BF1B785B78002A764A80
:109E1000B4BF9078D07803FB03F300FB00304EF61C
:109E20006443984200F28180704B704A93F903308A
:109E300092F90420002B6C4BB4BF9B79DB79002A8C
:109E4000694AB4BF107A507A03FB03F300FB003079
:109E50004EF6644398422BD80024122556F8042B62
:109E600025FA04F313F0010F11B218BF5142E0B20A
:109E700018BF09B201340CF05FFF062CEED102B01E
:109E8000BDE8F0470CF0E6BE4FF0FF3288F8002046
:109E90001846FFF77FFE4042C9F80000A0E7FF2206
:109EA00088F80020F4E798F90020002A94DAEFE718
:109EB00000F050FC07EE900A9FED4D7A474BF8EE0C
:109EC000677ADA680092C7EE276A1A690192184623
:109ED000DDED007AB8EEE77A07EE902AF8EEE77A41
:109EE000424A27EE267A67EEA67A92F90310BDEE73
:109EF000C77AFDEEE77A002983ED037A17EE102A80
:109F000017EE903AC0ED047A51DB7F2A02DD334927
:109F10007F22CA60354A92F90420002A4DDB7F2B4C
:109F20009ADD2E4A7F23136196E700F013FC07EEBB
:109F3000900ADFED2F6A2948F8EE677A036886EE0B
:109F4000A77A07EE903AF8EEE77A4368009367EE57
:109F5000877AFDEEE77A17EE902AC0ED007A07EED9
:109F6000903AF8EEE77A214B67EE877A93F9001082
:109F7000FDEEE77A002917EE903AC0ED017A10DB8A
:109F80007F2A02DD15497F220A60184A92F90120D2
:109F9000002A1ADB7F2B7FF747AF104A7F235360DD
:109FA00042E77F32F1DA6FF07E020260EDE77F3246
:109FB000B0DA6FF07E02C260ACE77F33BFF64CAF21
:109FC000064A6FF07E03136146E77F33BFF62CAF7E
:109FD000024A6FF07E03536026E700BF403A00203C
:109FE000603A0020663A00206C3A0020583A00207F
:109FF00000008A43031F012B3AD981B9384A394BF3
:10A0000032F8102002FB01F1A3FB0103C91A03EB94
:10A0100051008009904228BF104680B27047324AF2
:10A02000937903EB4303B1EB430F28DA137903EB86
:10A030004303B1EB430F24DBA1EB430307EE903A5C
:10A04000DFF8ACC05379B8EEE77ADCED027A27EEA0
:10A05000277AF1EE086AC7EE267A07EE103AB8EED4
:10A06000C77A77EE877AFCEEE77A17EE901AC5E7A3
:10A070001E4BC1EBC111A3FB0131C909BEE7D17968
:10A08000BCE7937803EB4303B1EB430F15DA137886
:10A0900003EB4303B1EB430F1FDBA1EB430307EEDD
:10A0A000903ADFF84CC05378B8EEE77ADCED007AEE
:10A0B000F1EE086A27EE277ACDE7A1EB430307EE1E
:10A0C000903ADFF82CC0D378B8EEE77ADCED017A6D
:10A0D000F1EE086A27EE277ABDE700218EE700BF80
:10A0E00070F5010811080402AC7500208988888881
:10A0F000B875002008B50E490E48142214F024FC4F
:10A1000018B90D4B00221A7008BDDFF828E0DFF8FF
:10A1100020C0BEE80F00ACE80F00704650F81039C0
:10A12000CCF800300EF0BCFA034B00221A7008BDC8
:10A13000783A0020CC3A0020C83A002010B5837845
:10A14000052B9CBF00238370C37B0B2B044605D8D3
:10A1500024498078244AC8540121D1542046FFF76D
:10A1600059FAB0B1E37B62780D3B012ADBB211D022
:10A170000F2B29D960791D49A47931F810300122BB
:10A18000A24023EA0203BDE8104021F8103000F09D
:10A19000BDBB10BD0F2B09D815481649C35C4888B4
:10A1A00002FA03F3034314484B80027061790F4AAB
:10A1B000A47932F811000123A3400343BDE8104005
:10A1C00022F8113000F0A2BB094A0A48D25C438849
:10A1D000012101FA02F223EA0203074A43801170C7
:10A1E000C8E700BFBC3A0020B03A0020F43A002093
:10A1F00088F50108CC3A0020C83A00202DE9F04F3C
:10A20000A14FA24C3A79A249DFF8A0B2A14EDFF8E3
:10A210009092DFF890A2C2EBC212A4FB0202D20914
:10A22000C2EB0222A1FB0250121A00EB52007A7913
:10A23000994DC2EBC212A4FB0242D209C2EB022228
:10A24000A1FB0241521A800901EB52018909FF2842
:10A2500083B028BFFF200024FF2928BFFF21022C44
:10A26000009001914FF0010824D0315D99B1600058
:10A2700039780629C0B22AD997F801C0BCF1060F77
:10A280005ED90CF10C0E714562DC01F10C0EF44547
:10A2900063DD012123E0814B13F8141060000029D5
:10A2A000E6D10134062C28D0022C0BF1010B07F16A
:10A2B0000207DAD1009B8AF80430019B8AF8053046
:10A2C00085F800800BF1010B02370324CDE700294C
:10A2D00036D197F801C0BCEB010118BF01218BF802
:10A2E000001001306146C0B2FFF784FE49F8240037
:10A2F0000134062C85F80080D6D12B78EBB1684C60
:10A30000D4E900301B12001203FB03F300FB003002
:10A31000B0F5804F60D8E2682369111201FB01F1AA
:10A32000181200FB0010B0F5804F1CD8D4E9005083
:10A330005C49CD8008814A818B8103B0BDE8F08FF4
:10A340004FF0FF338BF80030FFF754FE4042CDE76B
:10A350004FF0FF0C8BF800C0F6E79BF900E0BEF170
:10A36000000FBEDAF0E700F0F5F907EE900A9FED76
:10A370004E7A4E4BF8EE677A93F90310C7EE276AD0
:10A380000029D4ED037AB8EEE77AD4ED047AF8EE3A
:10A39000E77A27EE267A67EEA67ABDEEC77AFDEE5B
:10A3A000E77A17EE102A17EE903A84ED037AC4ED9F
:10A3B000047A53DBB2F5004FA4BF47F6FF72E260A8
:10A3C0003A4991F9041000293FDBB3F5004FA4BFCF
:10A3D00047F6FF732361A9E700F0BCF907EE900A86
:10A3E0009FED317A314BF8EE677A93F90010C7EEA2
:10A3F000276A0029D4ED007AB8EEE77AD4ED017A25
:10A40000F8EEE77A27EE267A67EEA67ABDEEC77AEF
:10A41000FDEEE77A17EE102A17EE903A84ED007AF7
:10A42000C4ED017A29DBB2F5004FA4BF47F6FF72F5
:10A4300022601E4A92F90120002A17DBB3F5004F73
:10A44000A4BF47F6FF73636065E713F5004FBFF6DF
:10A450006DAF174B23614FF4004367E712F5004FD0
:10A46000AEDA134AE2604FF40042A9E713F5004F59
:10A47000BFF651AF0E4B63604DE712F5004FD8DACF
:10A480000B4A2260D5E700BFBC3A00208988888843
:10A4900011080402B03A0020C83A0020B13A002066
:10A4A000903A0020CC3A002000000C43A83A00204B
:10A4B0000080FFFF30B40F4A0F49104C1048114D77
:10A4C0000023C2E90033C2E90233C2E90433036066
:10A4D0004360836023600C486360A3602B60AB80A3
:10A4E0000B604B608B60CB600B61012230BC027053
:10A4F000FFF700BE903A0020CC3A0020BC3A002082
:10A50000B03A0020A83A0020C83A002008B500F070
:10A51000F5F900B908BDFFF771FE044B1B78002B5D
:10A52000F8D0BDE80840FFF7E5BD00BFC83A0020FD
:10A530002DE9F04F89B0002305930693079305ABEF
:10A540001A68D24343F8042B08AA9342F8D1FEF7C5
:10A5500073FCDFF8FC917B4E4FF0020B4FF0010AC9
:10A5600000F54074002509E009B186F800B0013516
:10A57000142D06F1010604F103043ED0A078002852
:10A58000F5D02778627807F0070802F0070339F85A
:10A5900018C039F81310FF08D2084CFA07FC114113
:10A5A0001CF0010F01F00101DED0002937D0013885
:10A5B0000528DCD8DFE800F03636036D0F786249F5
:10A5C00031F818103941C80757D5604931F81310D0
:10A5D0001141C90751D50DEB480301219A8AB940B1
:10A5E00022EA010201359A82142D4FF002033370E2
:10A5F00004F1030406F10106C0D1554A524805A9E9
:10A6000002F10C0532F8023B31F8024B954203EAA5
:10A61000040320F8023BF5D109B0BDE8F08F86F8BD
:10A6200000A0A4E7394640460292019300F038FAB0
:10A63000E628019B029A6ED8317802294CD0012974
:10A6400095D1394640460392029300F029FA0399C6
:10A650000190029800F024FA019B039A8342029B26
:10A6600050D33849495D012949D10DEB430391404D
:10A670009A8A22EA01029A8279E7334931F8131063
:10A680001141C807EDD5314931F818103941C907D2
:10A69000E7D50DEB43010123337003FA02F28B8AF5
:10A6A00023EA02038B8262E708A901EB480E01EB63
:10A6B000430C3EF80C0C012101FA07F720EA0700D1
:10A6C0002EF80C0C3CF80C3C914023EA01032CF8CA
:10A6D0000C3C002333704AE739464046039202930C
:10A6E00000F0DEF903990190029800F0D9F9019B7E
:10A6F000039A8342029B1BD831780129A1D00229F9
:10A700007FF435AF0DEB480301219A8AB94022EA64
:10A7100001029A822BE71146184600F0C1F9E6289B
:10A72000019B029A88D9A17802297FF420AF98E78B
:10A730000DEB4301012303FA02F28B8A23EA0203A1
:10A740008B8214E7E03A00202C99002088750020C5
:10A7500094750020431CB0EB530F4FEA53020AD903
:10A76000B0FBF2F311461344B1EB530F4FEA53021F
:10A77000F6D80846704701460846704710B5114C98
:10A7800001460822204614F03BF9E27863786179AB
:10A790001343E2790B43134312D10A2023706370F1
:10A7A0001F23094AA070E3701E205F230749207110
:10A7B000637128207F23A071E37191605160116063
:10A7C00010BD00BFAC750020B875002033334B407E
:10A7D000014B1870704700BFB4750020024B1B7806
:10A7E00043700120704700BFB475002008B50B4BC3
:10A7F0001A78824210D0187008F054FA38B107481D
:10A80000012240F63D3100F015FA012008BD04494F
:10A810000F2009F00FF8F2E7002008BDB475002002
:10A820000400343408B52E4B9A7893F800C0944550
:10A8300054D819798A4251D89A798A424ED301461E
:10A840000822184614F0DCF8017882789142034619
:10A8500012D0C07893F801C0A0EB0C0007EE900A6C
:10A86000511AB8EEE77A07EE901AF8EEE77A1D492A
:10A87000C7EE276AC1ED006A19798A4212D0587969
:10A8800093F803C0A0EB0C0007EE900A8A1AB8EE0A
:10A89000E77A07EE902AF8EEE77A124AC7EE276ABF
:10A8A000C2ED016A9A79914210D0521AD9795B7936
:10A8B000C91A07EE902A07EE101AF8EEE77AB8EEFA
:10A8C000C77A084BC7EE276AC3ED026A044808221C
:10A8D00040F6353100F0AEF9012008BD002008BD7A
:10A8E000AC750020B875002008B50349082214F0A3
:10A8F00087F8012008BD00BFAC750020024B187816
:10A9000000F00100704700BFB4750020024B1878BA
:10A91000C0F34000704700BFB475002008B50A4975
:10A920000A4B087800221A605A609A60C20703D561
:10A93000BDE80840FFF7BEBDFFF7F0F902490B780C
:10A94000DB07F5D408BD00BFB4750020F43A002041
:10A950002DE9F04F2248234E00256FF0470436F8CA
:10A9600002EB002305EB450C03EB43014EFA03F227
:10A9700001EB0C1100EB010912F0010F4F460A46E2
:10A9800003F1010325D099F8018010F801A008F027
:10A990000F0B5AEA0B2A06D128F00F0848F00B08D3
:10A9A000445489F80180B97897F80190090151EA77
:10A9B000191109F00F080CD1825C42EA0822A2F5B5
:10A9C000617202F00F0148EA0118120987F801804C
:10A9D000BA70102BC8D10135062DC0D1BDE8F08F5B
:10A9E000D04C0020E0FA010870B5DFF8B0C0244D6B
:10A9F0009FED243ADFED243A9FED244ADFED244A0F
:10AA00009FED245ADFED245A00242846002204EB4F
:10AA1000440E02EB420303EB0E130CEB03011CF894
:10AA200003608B7849781B0143EA111301F00F0191
:10AA300003F6314346EA01215B1A9BB207EE903AD6
:10AA4000F8EEE77AB0EE647AA7EE847A0132102A43
:10AA500027EEA36A67EE836AA7EE867A66EEA76A98
:10AA6000A7EEA67A77EE457A85EEA77AA0EC017A72
:10AA7000CFD10134062C05F14005C6D170BD00BF11
:10AA80002C3B0020DC9300B3D4935639CC97F7BE0F
:10AA9000DF71D5430054563F00002042F04D0020A6
:10AAA00000EB0010034B01EB011101EB00110B4413
:10AAB00098787047704600202DE9F04182B0044636
:10AAC0000191FEF7B9F90199DFF844E104EB0412B2
:10AAD00001EB011303EB0213734404EB04165C71E6
:10AAE000997101EB041300EB830301EB04171D794B
:10AAF000AA0708BF027801EB011303EB061314BF8A
:10AB000005F0030202F003020EF8032001EB041229
:10AB100000EB820200EB870792F806C0BCF10F0F32
:10AB200084BFCCF303120EF80320032D85BF01EB85
:10AB3000041300EB830305781D7901EB041300EB8C
:10AB40008303AD085A79032D2E4638BF032693069A
:10AB5000BB797F7908BF427803F00F039B0053EA6B
:10AB60009713A6F1030602F03F0209D183784778D4
:10AB700003F00F039B0053EA971308BF07F03F034E
:10AB800006EB460602EB4202770004EB041856007F
:10AB900001EB011202EB0812964405EB450503EBAD
:10ABA00043030CF0F00C6D005B00BCF1300F8EF82D
:10ABB0000B508EF80C708EF80F608EF810301FD08E
:10ABC000BCF1400F08D0BCF1500F0ED100238EF81D
:10ABD0000F3002B0BDE8F08101EB041300EB8303FA
:10ABE000DB792C2B01D80C2BF1D101EB041100EBFC
:10ABF0008100837923F0F003837102B0BDE8F08116
:10AC000001EB041300EB8303DB79132BEDD8DEE7B4
:10AC10007046002038B500250024E1B228460134F2
:10AC2000FFF74AFF102CF8D10135EDB2062DF3D114
:10AC300038BD00BF263108F0A9BD00BF2DE9F0479F
:10AC4000DFF868C0DFF868904FF0000840F6033581
:10AC50006FF047076FF07C0639F8024B002308EBD2
:10AC6000480E03EB430244FA03F102EB0E1211F01B
:10AC7000010F0CEB020003F101030ED090F801A0CC
:10AC80001CF802100AF00F0A41EA0A21A94204D86E
:10AC90004B210CF8027041708670102BE1D108F145
:10ACA0000108B8F1060FD7D1BDE8F087D04C0020DD
:10ACB000E0FA01082DE9F043044604EB840301EBBC
:10ACC00081005B010D4603EB40039F49CB5C1B09F0
:10ACD00083B0042B2AD8DFE813F03F0005006000A2
:10ACE00012012C0040F697039A421FD804EB84030C
:10ACF00005EB85055B0103EB4503CC1802F00F0063
:10AD000012092271E27802F00F0242EA0012E270A8
:10AD1000CA5C032060F30712CA540DF03BFF010A1E
:10AD2000020C030E6071A171E271237203B0BDE8E1
:10AD3000F08304EB840305EB85055B0103EB45031E
:10AD4000C8184088C0F30B0032308242EEDDCA5C86
:10AD500022F0F002CA54E9E704EB840305EB850016
:10AD60005B0103EB4003C85C860706D540F6043C54
:10AD70006245DBD920F00200C85405EB850304EBE3
:10AD800084045B0003EB4413CA5A02F00F0242F042
:10AD90001002CA5203B0BDE8F08304EB840305EB54
:10ADA00085005B0103EB400301EB030EBEF802C01C
:10ADB000CCF30B00904280F0CD8062F30B0C0023AB
:10ADC000AEF802C08EF8093004EB840305EB85026F
:10ADD0005B0103EB4203C81842780B2AA6D9CA5C70
:10ADE000DFF86CC14FF0040E6EF30712CA5404EB87
:10ADF000440105EB450202EB01120CEB02010E4689
:10AE000091F801E001794388C0781CF8022009011B
:10AE100041EA10110EF00F00C3F30B0342EA0022C7
:10AE20009A1A002AB8BF52420A2A00F30A81B2785D
:10AE3000120142EA1E1201F15000821A002AB8BF24
:10AE400052421E2A7FF772AF04EB440E05EB450217
:10AE500002EB0E120CEB020E0CF8023000F00F06A3
:10AE60001B0A43EA06138EF80130C0F307138EF86D
:10AE70000230C0F30B0098461CF8023001903348B2
:10AE80009EF801C0B1468618825C70780CF00F0CF9
:10AE900000F00F0743EA0C2342EA0722D21A002AE5
:10AEA000B8BF52420F2A00F3CF80B278120142EAB3
:10AEB00010120198121A002AB8BF5242322A00F327
:10AEC000C3800F3901F00F034CEA031C09098EF807
:10AED00001C08EF80210FFF73BFD00250024E1B20F
:10AEE00028460134FFF7E8FD102CF8D10135EDB20A
:10AEF000062DF3D103B0BDE8F043FFF775BD04EBB9
:10AF0000840005EB8505400100EB45000C18237912
:10AF1000E5781B0143EA1513934200F28280D31AAD
:10AF2000642B7FF7FAAEB3F5487F7FF7FFAE6588F5
:10AF30000B5C62F30B05022262F3071300220B5431
:10AF400065806272F2E600BFB03C0020D04C002069
:10AF5000F04D0020801A323064286CD89EF8090029
:10AF600005EB0416431CDBB200EBC6003746664E09
:10AF70008EF80930072B26F810207FF625AF9EF8B3
:10AF80000530BEF806209EF8080043EA022343EA93
:10AF900000600DF0A1FDB0F57A7F5C4934D2B31E9C
:10AFA00006F10E0203EB071302EB0712002033F841
:10AFB00002CF9A426044FAD104EB840305EB850288
:10AFC0005B0103EB420301EB030CC008BCF8022059
:10AFD000143860F30B02ACF802209CF804209CF8B3
:10AFE0000360120142EA161240F24C4E821A724578
:10AFF0006AD9CB5C13F0010F9CF801300CBF06221C
:10B000000C2213448CF8013004EB840305EB850219
:10B010005B0103EB42030120CA5C60F30712CA54D0
:10B02000D2E602F00F0105F00F0343EA0113120903
:10B03000E370227171E6CA5C012060F30712CA5402
:10B04000C2E601F15000FFE605EB450204EB440CBB
:10B050002F4E3048304902EB0C12B35432441B0AD5
:10B0600043EA0913537082F8028003780A789A42FF
:10B0700004D00B7001220421FDF7ECFA05EB450228
:10B080004FF0300314FB0323214904EB440402EB8B
:10B0900004128C1820460322591D5D1CFDF7DAFAB4
:10B0A00007F000FE58B11B480122262108F06EFB74
:10B0B000032205F12601204608F068FB0BE717493B
:10B0C0000F2008F0B7FBEEE7B2F57A7F09D9CB5C29
:10B0D0009CF8012003F00103033213448CF8013083
:10B0E00092E7B2F5617F8FD9A0230A2204FB03F314
:10B0F00002FB0533C818CB5C427803F0010302322F
:10B100001344437080E700BF70400020B03C002033
:10B11000D04C0020C5750020083B002004003434CA
:10B120002DE9F04F89B007F0A3FD002800F0D18091
:10B130000020FDF7FFFD012140F63E3013F0A0FA9C
:10B1400040F63E328046262108F090FB082208F6A1
:10B15000353106A813F054FC06A8FFF70FFB794E13
:10B1600098F83D0B784CFFF733FB98F80050774880
:10B1700035704FF49072002113F0F6FB4FF490728B
:10B180000021204613F0F0FB002D00F0AB804FF4BF
:10B19000907208F10101204613F032FC6C4F0395C8
:10B1A000414640F214596FF0470A4FF0000EB8467E
:10B1B00038F8026BCDF804E000230EEB4E0CCDF80E
:10B1C000088003EB430526FA03F205EB0C1504EBAC
:10B1D000050812F0010FC6462A4603F1010332D0DA
:10B1E00098F80170605D07F00F0B40EA0B2000F249
:10B1F0007450C0F30B00B0F5487F07D927F00F0754
:10B2000047F00B0704F805A088F801709EF80200CB
:10B210009EF80150000140EA151000F53560C0F3BA
:10B220000B00484505F00F050DD9A25C42EA052246
:10B23000A2F5617202F00F0045EA001512098EF8BE
:10B2400001508EF80220102BBBD1DDF804E0DDF8B0
:10B2500008800EF1010EBEF1060FA9D1039D8846AC
:10B26000002D3AD1384939484FF4907213F0C8FB99
:10B2700038484FF4CC62002113F076FB00250024FF
:10B28000E1B228460134FFF717FC102CF8D1013544
:10B29000EDB2062DF3D1FFF7A7FB00202E490246A1
:10B2A000A1F1A0031A805A809A80DA801A810A33A9
:10B2B0008B42F7D1A030B0F5707F03F1A001EFD140
:10B2C000264B012240461A7009B0BDE8F04F13F03A
:10B2D00015BA07F00FFD01202BE7FFF7AFFCFFF7D2
:10B2E00037FBBFE70422294605A8FDF79DF9059B1A
:10B2F00043F23447BB4209D0FDF7E8F9294605A8D7
:10B3000004220597FDF7A6F9357847E701220421C5
:10B310003046FDF789F93578002D3FF43FAF4FF403
:10B32000907205212046FDF77FF901222621304643
:10B3300008F02CFA4FF490722721204608F026FAE4
:10B3400035782BE7C5750020D04C0020F04D00204B
:10B35000E0FA010870460020503D0020AE3C00207D
:10B3600010B5FDF751F9FFF7DBFE084B0848002147
:10B370004FF4C062197013F0F7FA082408F07AF954
:10B38000631E13F0FF04F9D110BD00BFAC3C0020D8
:10B390007040002070B5A2F596639BB240F6FC04A5
:10B3A000A34282B01AD8634B1D7806469646C5B1B3
:10B3B000614A127801EB001301EB011C00EB00164F
:10B3C00002EBC3025D4B5E480CEB061C63444FEA84
:10B3D0001E2120F812E083F807E01972002002B065
:10B3E00070BD0C460192FFF765FC06EB0611534851
:10B3F000019B04EB041202EB01120244517A92F811
:10B400000AC041EA0C21C91A04310829E6D9DFF83B
:10B410004CC1537206EB460E04EB440101EB0E11D6
:10B420004FEA132E82F80AE082F808E00CEB010ED6
:10B43000D3711CF801209EF8011001F00F0142EABF
:10B44000012203F631439B1A9BB240F631429342EC
:10B4500033D807EE903ADFED3B6A9FED3B7A9FEDE4
:10B460003B6A3B4BDFED3B5AF8EEE77A04EB061202
:10B47000A7EEA67A03EB820327EE866ADFED366A33
:10B48000A7EE867A67EEA66A93ED006A66EEA76A73
:10B49000A7EEA67AF1EE086A77EE657AB6EE007A44
:10B4A00067EE867AA7EEA67AFCEEC77A17EE903A98
:10B4B0009DB2F52D28BFF525EDB204EB041C06EB7B
:10B4C00006160CEB061C00EB0C04E378A570AB42EF
:10B4D00084D010F80C30E570023B032B24D8DFE851
:10B4E00003F017110802204602B0BDE87040FEF7D5
:10B4F00033BBFFF703FA88B1204602B0BDE87040C5
:10B50000FEF71CBE204602B0BDE87040FEF75EB9F3
:10B51000204602B0BDE87040FEF794B8204602B065
:10B52000BDE87040FEF7B2BB204602B0BDE87040F7
:10B53000FEF770B8AE3C0020AC3C00207046002006
:10B5400070400020CC97F7BEDF71D543D4935639B5
:10B550002C3B00200054563FDC9300B3F04D0020FC
:10B5600001EB011200EB001C284B02EB0C129A5C61
:10B57000013A042A47D8DFE802F03828460F0300D2
:10B5800000EB001001EB011101EB00110B44D87B23
:10B59000003818BF0120704700B583B0CDE9000125
:10B5A000FFF7B4F978B10199009A184B02EB021039
:10B5B00001EB011101EB001119444878A0F10100E1
:10B5C000B0FA80F0400903B000BD00EB001001EBC1
:10B5D000011101EB00111944487800F0FD00A0F1C1
:10B5E0000100B0FA80F04009704700EB001001EB59
:10B5F000011101EB001119444878A0F10100B0FAE3
:10B6000080F0400970470020704700BF704600205E
:10B6100008B50378022B0AD0042B01D0002008BD06
:10B6200014490A78901E012820D9012008BD12482B
:10B63000DFF840C0002101704FF4C0620F488CF861
:10B64000003013F091F90E4B0E4800214FF4907228
:10B65000196013F089F90C4A0C4B002111605160FC
:10B6600091601960596099600120DFE708480B700C
:10B670000270DAE7AE3C0020AC3C002070400020B5
:10B680000C3B0020F04D0020203B0020103B002010
:10B69000AD3C00200278052A4AD841780F2903469C
:10B6A00046D800B501EB011C02EB021E21485A707E
:10B6B0000CEB0E1C6044997090F802C0DFF878E043
:10B6C000AEFB0CEC4FEA9C0C83F803C090F802C070
:10B6D00083F804C090F807C083F805C0007A987119
:10B6E00001EB410C02EB4200DFF850E00CEB0010E4
:10B6F0000EEB000C1EF80000D8719CF8010000F061
:10B700000F0018729CF802009CF801E0000140EA6A
:10B710001E1058729CF80200DFF824C000099872CD
:10B720003CF8122001200A4102401032DA7200BDBA
:10B730000020704770460020ABAAAAAAF04D002056
:10B74000947500202DE9F04F8A4B93F800C087B024
:10B75000BCF1040F0ED8DFE81CF00D00EE00EE0087
:10B7600018000500844B1B78032B00F0E581814A0B
:10B7700000231370FDF700FEFEF7DAFEFEF7FCFA79
:10B7800007B0BDE8F04FFEF7C1BE7C4BDFF814A256
:10B7900093F8009000250127794B3AF8026B019548
:10B7A00003EB450300244FEA45080293CDF80CA0B3
:10B7B00002E00134102C7DD046FA04F3DA07F8D504
:10B7C00004EB05136F4A09EBC30332F81310B1F50C
:10B7D000966F40F2A28008220023023A12F0FF0284
:10B7E00003EB4103F9D108EB0502674804EB440180
:10B7F00001EB021100EB010C4FEA440E9CF8022011
:10B800009CF801A0120142EA1A12002B4AD04FEA1A
:10B81000D30BC3F3CF03002A74D05033934241DAE1
:10B820009CF800100AF00F0A41EA0A2108EB050310
:10B83000A6440EEB031E00EB0E09544B99F80120B1
:10B8400003F80E10734402F00F0E029A0120B2F8B2
:10B8500000C0A04040EA0C000BF1500B1080090A18
:10B860000BF00F004EEA0012CBF3071B41EA001168
:10B8700089F80120597083F802B089F802B00DF000
:10B8800089F9434B019A1860424B1A70424B1C7065
:10B8900099F8022099F80130120142EA1312374B4D
:10B8A00093F800900134002A0CBF002707F001072D
:10B8B000102C81D10135062DDDF80CA07FF46CAF82
:10B8C00009F10103DBB2354C2C4A2068082B28BF54
:10B8D00000231370002F00F0EC80002800F0E680B9
:10B8E0000DF0FAF840F6B83398427FF643AF2C4D8E
:10B8F0002B78002243F0020322602B70FDF72EFD0F
:10B900002F7851E110F801C00AF00F014CEA012133
:10B91000A1F5487C9C4589DCC4E71B4A04EB440341
:10B9200008EB050103EB011313449A785B781201CD
:10B9300042EA1312B6E7114A1378062B40F2F98057
:10B9400000240123174DDFF864E01748DFF8388042
:10B95000DFF85CB00593A14609EB890335F8026B6B
:10B9600002905B0101930246002109EB490A03940E
:10B97000049524E0AE3C0020AD3C0020AC3C00200F
:10B98000203B002070400020F04D0020D04C0020D3
:10B990000C3B00209124002090240020043B002038
:10B9A000C5750020E0FA01087E400020103B002011
:10B9B000B03C00200131102902F1100234D046FAC7
:10B9C00001F3DB07F6D5A2F11000002330F8024F97
:10B9D00082422344FAD1C3F3CF03A3F60430B0F577
:10B9E0002A7F6AD9BEF80040012088402043BCF17C
:10B9F000010FAEF80000DDD140F6033083420CD8D1
:10BA000009EB890301EB81005B0103EB40031BF8A9
:10BA1000030040F002000BF803000131002310295D
:10BA2000059302F11002CAD102A831C81034602C6B
:10BA300009F101090EF1020E00F580708CD1BCF104
:10BA4000020F00F0EF80059B002B3FF490AEDFF873
:10BA500000E29EF8003043F0010713F0010340F0CC
:10BA6000DB80794D794C9C4600220CEB4C0002EBBC
:10BA7000420303EB0013E918E61891F80180E95C32
:10BA800008F00F0841EA0821E1547378013223F0ED
:10BA90000F0343EA1123102A7370E8D10CF1010C53
:10BAA000BCF1060FE0D18EF800707DE00DF072F869
:10BAB000206000283FF45EAE12E701EB410505EB84
:10BAC0000A1508EB050718F80540787800F00F0014
:10BAD00044EA0020A3F11404A4B2201A0028B8BF3D
:10BAE00040421E287FF766AF08F80540019801EB39
:10BAF000810500EB45057878C4F3032420F00F009E
:10BB0000204378701BF80500BCF1010F40F00800DD
:10BB10000BF805007FF44EAF7878A3F5667303F059
:10BB20000F0400F00F0040EA04101B097870BB708E
:10BB300040E7013313701DE6DFF824C1424D434E48
:10BB400000273CF8024B002307EB470003EB4302BE
:10BB500044FA03F102EB001211F0010F05EB020EA3
:10BB600003F1010316D09EF802109EF8018009012E
:10BB700051EA181132440DD15178927801F0F00158
:10BB8000120108F00F0848EA010812098EF8018036
:10BB90008EF80220102BD9D10137062FD1D12C4A93
:10BBA00017782C4A002313702B4B1A78BA4205D011
:10BBB00027481F7001220421FCF74CFD23484FF455
:10BBC00090720521FCF746FD07F06CF8002836D08E
:10BBD0001F480122262107F0D9FD1C484FF490721E
:10BBE000272107F0D3FDFEF7B3FE00250024E1B2C4
:10BBF00028460134FEF760FF102CF8D10135EDB274
:10BC0000062DF3D1FEF7F0FE124B1B7803F0FD0377
:10BC1000012B7FF4AFADAAE50E4A8EF80070002329
:10BC20001370A7E50B4A03231370059B002B3FF409
:10BC30009EAD074A137843F0010313709AE5074954
:10BC40000F2007F0F7FDC3E7F04D0020D04C002097
:10BC5000C5750020AE3C0020003B002004003434B9
:10BC6000E0FA01080378A92B40F095802DE9F04F08
:10BC70004378013B8FB00F460446412B00F284808D
:10BC8000DFE813F0640182008200820082008200FB
:10BC90008200820082008200820082008200820094
:10BCA00082005801500146013D01420036012F013A
:10BCB00082008200820082008200820082001701DE
:10BCC00010010C010501FE00FA00820082008200D2
:10BCD0008200820082008200820082008200820054
:10BCE0008200F300820082008200820082008200D3
:10BCF0008200820082008200820082008200820034
:10BD00008200EC00C5008A00E3798078E17822792E
:10BD100094F805C094F806E0002B4FF00003CDE93D
:10BD20000833CDE90A33CDE90C3314BF4FF00108D5
:10BD300098461DD104F10805079408AB81468A4650
:10BD40009346CDF814C0CDF818E01A3429461846A9
:10BD5000032212F055FE0335A54200F10403F5D18C
:10BD6000DDF814C0DDF818E0079C484651465A46F5
:10BD700008AB0293CDF804806346CDF800E0FDF7F0
:10BD8000D7F880F00103A370394620460FB0BDE814
:10BD9000F04F0AF0D9BE70478378C278FF2B00F1CC
:10BDA000050000F0D980052B00F2D3800F2A00F2A5
:10BDB000D080764931F813101141C90740F1E08075
:10BDC00002EB420102EB031203EB430301EB03110D
:10BDD00093006F4A12F801C084F805C00A44042594
:10BDE000517801F00F01A171917892F801C0A9403A
:10BDF00041EA1C11E1719278EA40227265492844B7
:10BE00001944042212F0FCFD00232371BCE7624BAD
:10BE1000002208ADCDE90822CDE90A22CDE90C22A5
:10BE200003F10C002A4633F8021B42F8041B83423C
:10BE3000F9D15A4A5A4B12781B78E370A270231D2D
:10BE40002646163429461846032212F0D9FDC31C93
:10BE5000A34205F10405F5D1344695E70230FFF71A
:10BE6000D7FB80F00103A3708EE70230FFF712FCCE
:10BE700080F00103A37087E78078FEF7B7FC83E7C3
:10BE80000230FEF7ABFC80F00103A3707CE70230C8
:10BE9000FEF7C8FC80F00103A37075E70230FEF7DF
:10BEA00023FD71E78078FDF7BFF980F00103A370EF
:10BEB0006AE78078FDF7DEF9A046064600240025F3
:10BEC000E9B220460135FEF7F7FD102DF8D1631CCD
:10BED000DCB2062CF3D186F00100444688F802005B
:10BEE00052E70230FDF754F980F00103A3704BE7ED
:10BEF0000230FDF7A5F880F00103A37044E7C17894
:10BF00008078221DFDF7E8F980F00103A3703BE77C
:10BF1000C37801796279807843EA0121A31DFCF797
:10BF2000E1FF31E780780021FCF792FF80F0010308
:10BF3000A37029E7FCF786FF5C23032223711423F7
:10BF4000A070E2706271A371E3711DE70423837036
:10BF50001AE70123237117E7FF2AFAD106220023EB
:10BF600062711022A371E271237204F1090244F29A
:10BF7000BC3308250021117051709170D1703DE7DC
:10BF800002EB03139B0002460425F3E7E0FA0108E5
:10BF9000D04C00202C3B0020203B0020C575002009
:10BFA000AE3C0020314B1B78032B01D0FDF71CBAAF
:10BFB0002DE9F04F9622104683B0002109F002FED1
:10BFC000DFF8BCA02A4ADFF8BCB02A4FDFF8B880FF
:10BFD0004FF00009284B32F8026B019203EB091570
:10BFE000002412E03B789342E1B203D198F800308C
:10BFF0008B4232D000232878FF22194609F0CCFD6D
:10C000000134102C05F101051AD046FA04F3D907C2
:10C01000F6D5BAF80030234113F001035FFA89F234
:10C02000E0D1BBF800202241D207E9D528781A4692
:10C03000FF21013409F0B0FD102C05F10105E4D118
:10C0400009F10109B9F1060F019A0AF1020A0BF18F
:10C05000020BBFD103B0BDE8F08F084B18680CF09D
:10C060003BFDB0F5FA7FC5D2CAE700BFAE3C002069
:10C07000E0FA010891240020842600200C3B0020D7
:10C08000203B0020103B002090240020014B33F87F
:10C09000100070470030002002484FF4CC620021AD
:10C0A00012F062BC7046002008B5FDF74DFDBDE8FA
:10C0B0000840FEF733BC00BF0120704738B5044686
:10C0C0000D4600F065F808B9002038BD2946204625
:10C0D000FDF71CF90028F7D02946204602F0C8FBDE
:10C0E0000028F1D02946204600F094FA0028EBD031
:10C0F00029462046FFF7E0FF0028E5D029462046E4
:10C1000001F09AFE0028DFD029462046BDE83840DD
:10C1100001F0E8B808B501F0D9F803F0FBFCFFF72F
:10C1200041FF00F019FB00F04BFD012008BD00BFEE
:10C1300038B505460C4605F0CFF800B938BD2146A4
:10C140002846BDE83840FFF7B9BF00BF00B583B04F
:10C1500009F024FF034618B10190FFF7DBFF019BB4
:10C16000184603B000BD00BF08B504F093F800F016
:10C1700071FB01F027FF00F073F805F025F808BD0A
:10C1800008B500F097FEBDE8084004F01BBE00BFF4
:10C1900010B5A0F5FC4382B00A2B56D8DFE803F0B7
:10C1A0001C1C1C1C30370606060625002848497949
:10C1B000063B10F8232000292ED19AB102EB83020E
:10C1C000141800EB830313F8010F019305F0D8FA5C
:10C1D000019BA342F7D105E01E4A4B79805C9BB1DD
:10C1E00005F024FA002002B010BD4B79002BF9D0E5
:10C1F000194B1A7802B30CF0CDFC184B1860F1E71C
:10C200004B79C120002BEBD105F0BAFAEAE74B7964
:10C21000C220002BF8D0E3E7002AE3D002EB830230
:10C22000141800EB830313F8010F019305F0FEF9D6
:10C23000019B9C42F7D1D5E70122E3201A7005F05B
:10C24000F5F92C2005F0F2F9D5E70120CBE700BF86
:10C2500098F50108A8770108144F0020104F00201E
:10C2600008B50E4B1A781AB9BDE80840FDF708B8B2
:10C270000B4B18680CF030FCB0F5FA7FF4D9E320D2
:10C2800005F07EFA2C2005F07BFA044B00221A7090
:10C29000034B1A60BDE80840FCF7F2BF144F0020C2
:10C2A000104F002010B582B0044605F04DF903464A
:10C2B00010B9184602B010BD0090204605F046F9AE
:10C2C00009F058FF009B0028F3D101900AF00EF905
:10C2D00001980246014609F075FC00F0F7FF064A96
:10C2E000D268904703F0D2FF009B0028E1D00AF00B
:10C2F000F1F8009BDDE700BFF4FD01082DE9F041F6
:10C300008478052C06460F460BD80546E0B2FFF7A9
:10C31000BDFE0134030A062CEB70287105F10205FD
:10C32000F4D1034B39463046DB69BDE8F04118478C
:10C330004C280020014638B50446762301F8013B1D
:10C340002E251022012012F0CFF9E11C1022A57039
:10C35000012012F0C9F9611D10222571012012F08F
:10C36000C3F92023A371E01D0249BDE8384014221F
:10C3700012F046BBACF501080B4620B90A4811463D
:10C38000C2691846104770B515460C4602F06AFAA5
:10C39000032800D070BD054BDB6A002BFAD029467C
:10C3A0002046BDE8704018474C280020BC240020DF
:10C3B00030B50C460B7883B0054660B9022B1CD013
:10C3C000A03B0B2B1DD8DFE803F03228786B561CFE
:10C3D0001C463D388F1F012B76D003F16001C9B296
:10C3E0000B290ED8A03B0B2B0BD8DFE803F020164F
:10C3F0006659440A0A342B260D0D4B78032B00F0A6
:10C400009C80002003B030BDB5FA85F0214640097C
:10C4100000F07EFA012003B030BD601C0092FFF7EF
:10C4200089FF009A21462846FFF7A6FFF2E702237C
:10C4300000216370A170E370F4E711462046FFF716
:10C4400011FCE7E7B5FA85F021464009009200F0BB
:10C450000BFE009AE6E76378013B122B3FD8DFE83A
:10C4600003F0645D56563E3E3E3E3E3E4F4F3E3EDE
:10C470003E3E3E484800019204F05AFA009004F013
:10C480005DFA009BA370190AE170607004F086FAEF
:10C49000207104F00BF80223019A6071A371C1E7C7
:10C4A000284B0092187805F041F8274B60701878F7
:10C4B00005F03CF8009AA070B4E79F230021A37018
:10C4C00007236170E370ADE734220E208121E27012
:10C4D000227111226071A171E371227291E7FF2133
:10C4E0000023217063709DE71146204603F0A6F9F2
:10C4F00090E711462046009200F0C8FB009A91E7B1
:10C5000011462046009202F03FFA009A8AE711464F
:10C510002046009200F02CFC009A83E7114620464A
:10C52000009200F09FFB009A7CE702210023E1705B
:10C53000D321A3702371617174E711462046FFF780
:10C54000DDFE67E70152002000520020FFF730BFF8
:10C550000B4620B90A481146C2691846104770B503
:10C5600015460C4602F07EF9032800D070BD054B3D
:10C57000DB6A002BFAD029462046BDE870401847F8
:10C580004C280020BC24002010B582B005F0AAFC85
:10C5900005F0BEFC1C491D4B0C7800221A7006F0F9
:10C5A00065FBFEF7BDFDFFF77FFD06F061FB38B3CD
:10C5B000174806F06DFB204605F000FD09F0E6FE89
:10C5C00009F008FD09F036F800F000FC02F0D0F99F
:10C5D00041F288300EF08AF8022002F04FFE00F09F
:10C5E000B5FBFF220023ADF804208DF80630FA21B8
:10C5F000019B0322084602B0BDE8104000F08EBA4D
:10C6000006F078FBD4E700BF01520020174F00204E
:10C61000289900204A2808B543D016D920F00203F3
:10C6200045F22122934222D04F280CD14B79002B86
:10C6300059D0454A1378002B7DD00133DBB2042B4F
:10C6400088BF01231370012008BD0D2818D01D28B4
:10C65000F9D13E4A49791378002935D043F00403D3
:10C66000072B137016D0D84300F0010008BD374ADD
:10C670004979137800294DD043F001031370E2E7A4
:10C68000324A49791378002935D043F00203072B49
:10C690001370E8D10CF07EFA2D492C4A086013780B
:10C6A000E1E74B79002B3BD0274B1A78002A3FD18A
:10C6B000264A137843F01003192B1370C3D10CF0E2
:10C6C00069FA234B1860BEE72248DFF884C023F0E4
:10C6D000040313700378CCF800105A07B3D523F085
:10C6E00004030370AFE7194919480A78036022F080
:10C6F00008030B70A7E71748DFF854C023F00203C4
:10C7000013700378CCF8001099079CD523F002032E
:10C71000037098E70E4823F001031370016092E75D
:10C720000A490B480A78036022F010030B708AE76D
:10C7300000221A7087E7054A137843F00803192B83
:10C74000137080D1BBE700BF174F0020184F0020A7
:10C750001C4F0020154F002008B5124B1B780BB959
:10C76000012008BD013B032B08D8DFE803F0150FBB
:10C7700009020021FF22084609F024FA002008BD22
:10C780000022FF21104609F01DFAF7E700221146AA
:10C79000FF2009F017FAF1E7FF221146104609F0D1
:10C7A00011FAEBE7174F002008B5274A1378D9078D
:10C7B00019D52648C18813F0020F01F0800113D06B
:10C7C000B1B90089DFF888C023F0020E5B0782F858
:10C7D00000E000F00400CCF8001031D418B14EF0A5
:10C7E000040E82F800E008BD99B143F00203137013
:10C7F0000189580701F004011BD589B1072BF2D13B
:10C80000134B1A68002AEED10CF0C4F9104B1860D3
:10C8100008BD0189580701F004010AD50029E2D1B9
:10C82000DFF82CC023F0040300211370CCF80010B3
:10C8300008BD0029D7D043F00403DBB21370DDE755
:10C840000028D0D17346EDE7184F002000300020BB
:10C850001C4F002008B5174B186818B9BDE80840F0
:10C86000FFF7A2BF0CF038F940F6B8329042F5D984
:10C87000114A104B117800200729186007D0192998
:10C880000CD000231370BDE80840FFF78DBF0B4BA1
:10C8900006211970FFF778FE074AF2E709F06AFCF3
:10C8A000054A18B1064B01211970EAE709F06EFD3F
:10C8B000014AF7E71C4F0020184F0020154F0020B9
:10C8C000174F002070B588B00D4614460021202275
:10C8D0000646684612F048F8AB23294622460DF179
:10C8E00001008DF8003012F08BF84FF0000C6B4611
:10C8F00007A913F8012F99429444FAD120226946DE
:10C9000086F00100ADF81EC0FFF736FD08B070BD1F
:10C910000B78AB2B00D0704710B50A4688B001F1F8
:10C920001C0E002312F801CF634496459BB2F9D147
:10C9300091F81EC0DAB2944541D1CA7FB2EB132FF1
:10C940003DD14B7808B9072B39D9013B0446082B58
:10C9500035D8DFE803F07F78346D5A34520536005D
:10C9600047F2086310220DF102010120ADF80030FA
:10C9700011F0BAFE2E23102201A901208DF80330F8
:10C9800011F0B2FE2E2310220DF1060101208DF8C8
:10C99000053011F0A9FEDFF804E120238DF80730FF
:10C9A000BEE80F000DF1080CACE80F00DEF8003017
:10C9B000CCF800301C2269462046FFF783FF08B000
:10C9C00010BD40F609432D49ADF8003004220DF1A9
:10C9D000020012F015F82A4904220DF1060012F0A7
:10C9E0000FF8284904220DF10A0012F009F80E226E
:10C9F00069462046FFF766FFE1E788784E28DED8D3
:10CA000008B0BDE8104002F08FBC05238DF800305F
:10CA100003F04CFD1C4B8DF801001B69032203F051
:10CA20000103694601208DF80230FFF74BFFC6E78E
:10CA30008B78A12B15D0A22BC1D1CB78D3B1134BBE
:10CA400010221A83BBE78B78114A003B18BF0123E1
:10CA50001370B4E70F48104B8978017000221A60F8
:10CA6000ADE7C878003818BF012008B0BDE8104015
:10CA700002F042BC054B10225A83A0E7107AFF1F38
:10CA8000207AFF1F307AFF1F00040240000002409E
:10CA9000164F0020174F00201C4F0020ACF5010856
:10CAA0000A4B1B780BB90120704700B583B00B46C9
:10CAB0004FF4817C032201A90120ADF804C08DF858
:10CAC0000630FFF7FFFE012003B000BD164F002027
:10CAD00008B509F04FFB00B108BDBDE8084009F0FA
:10CAE000FDBA00BF09F036BB08B509F043FB0038BA
:10CAF00018BF012008BD00BF08B50748082217214C
:10CB000006F0B4FE04480378032B00D908BDBDE845
:10CB1000084008F08FBD00BF4899002010B5104CA8
:10CB200082B0A0800193002040F201132272638141
:10CB3000E18060720CF02EF8019B20601A0CA3813A
:10CB4000A27309F017FB38B1A27B617B207B02B096
:10CB5000BDE8104009F036B809F0C0FAF4E700BFAC
:10CB6000204F002008B5134B13484FF0000C08224B
:10CB7000172183F80BC006F079FE0F480378032BCA
:10CB800004D909F0F7FA024638B108BD08F052FDA1
:10CB900009F0F0FA02460028F7D1014609F012F830
:10CBA00000F094FB054BDB689847BDE8084009F0AE
:10CBB000D1BA00BF204F002048990020F4FD0108A1
:10CBC00008B5194BDA7A02B908BD18680BF084FF72
:10CBD000154B9A7A4AB19A88904210D29A7B597B27
:10CBE000187BBDE8084008F0EDBFDA88904206D215
:10CBF0000022BDE808401146104608F0E3BF0BF0E4
:10CC0000C9FF094B9A7A186082F001029A72002AD1
:10CC1000EED05A7A197A0132D2B291425A72DDD8E4
:10CC2000BDE80840FFF79EBF204F0020014BD87A97
:10CC3000704700BF204F0020704700BF704700BF03
:10CC400008B5FFF7F9FFBDE808400BF027BF00BFAC
:10CC500008B5FFF7F3FFBDE808400BF021BF00BFA8
:10CC600000F0B4B838B509220023012504468370CA
:10CC7000C57002710449053011F0C2FE0223A3738E
:10CC8000E573257438BD00BFC0F501080378A72BF4
:10CC900006D14378122B07D0132B02D0FF23037049
:10CCA0007047012383707047044B1B78DB09002217
:10CCB00043F004038270C370704700BF28990020BE
:10CCC00030B50F4B89B020220446002168461D78FC
:10CCD00011F04AFEA32320468DF8003004F026FC14
:10CCE0008DF80100284604F021FC20218DF8020077
:10CCF000684609F029FF204605F05AF909B030BD11
:10CD00000052002030B5104B89B01D782022044617
:10CD10000021684611F028FEA32328468DF8003034
:10CD200004F004FC8DF80100204604F0FFFB2021F4
:10CD30008DF80200684609F007FF204609B0BDE8FB
:10CD4000304005F069B900BF0152002000B589B03C
:10CD500020220021684611F007FE41F2A71320218E
:10CD60006846ADF8003009F0EFFE09B000BD00BF25
:10CD700000B54278032A83B0034616D0042A0ED1A8
:10CD8000114893F802C001930122252180F800C0C8
:10CD900006F0FCFC019B00229A7003B000BDFF224C
:10CDA000027000229A7003B000BD01900122064873
:10CDB000252106F05BFD0448019B0278DA70002211
:10CDC0009A7003B000BD00BF304F002038B5314B22
:10CDD0000024FF251846042240F66431DD705D70A2
:10CDE0001C709C7006F0D2FC2B4B0122184640F6BA
:10CDF00068311C7006F0CAFC284B0122184640F628
:10CE000069311C7006F0C2FC254926484FF4847233
:10CE100011F0F6FD23484FF4847240F66A3106F0B3
:10CE2000B5FC21492148582211F0EAFD1F4858223B
:10CE300040F6724106F0AAFC21464F221C4811F030
:10CE400093FD1B497F234D7081F8295005224D1E0B
:10CE500001F8012C8B706FF0770281F82A301323D0
:10CE600081F82B20CA704C718C7185F82D306B7154
:10CE700028460223502240F6CA4185F82E4085F804
:10CE80002F4085F8283006F081FCBDE8384000F0DE
:10CE90008FBD00BFCC750020AD500020D0750020A4
:10CEA0007C250020344F00202425002050500020F5
:10CEB000D575002010B54FF484721D4C1D491E48D5
:10CEC00011F09EFD1D490F2006F0B4FC20460422FF
:10CED00040F6643106F0CAFC1948012240F6683178
:10CEE00006F0C4FC94F903301648002BA8BF802339
:10CEF0004FF0010240F66931A8BFE37006F0B6FCBE
:10CF00000D484FF4847240F66A3106F0AFFC0E48CB
:10CF1000582240F6724106F0A9FC0C48502240F617
:10CF2000CA4106F0A3FCBDE8104000F041BD00BFBF
:10CF3000CC7500207C250020344F002004003434C0
:10CF4000AD500020D075002050500020D475002036
:10CF50000248012240F6683106F018BCAD500020AE
:10CF600042781C2A14D810B503781C461344582B59
:10CF700082B00ADC72B1431CD11801E08B4209D0A7
:10CF800013F801CFBCF1010FF8D9002002B010BD99
:10CF900000207047074B0192811C1819009111F075
:10CFA0002FFD0548DDE90012204411F029FD012084
:10CFB00002B010BD505000205099002090F802C0DF
:10CFC000BCF1030F1CD830B590F800E0BEF1020FA1
:10CFD00083B012D843781C466344052B0DDCBCF1AA
:10CFE000000F39D000EBCC01034601E08B4209D0A1
:10CFF000DA78172A03F10803F8D9002003B030BD0E
:10D0000000207047C11D6FF027000EEB8E0300FB60
:10D010000EFEE2180EEBC30E124B01EBCC040EF128
:10D02000040503EBC20311F8042C1A7011F8032C49
:10D030005A7011F8022C9A7011F8012CDA70E81865
:10D0400004220191009311F0DBFC0199009B08314F
:10D05000A14203F10803E6D100F0AAFC012003B0CD
:10D0600030BD00BFD4750020F0B54B78013BA5B0B2
:10D070000C460E2B00F21D81DFE813F017001F0095
:10D080003F004B005C005F006800EE00B800D3007A
:10D090006C0071007E0084000F00881CFFF78EFF7B
:10D0A00080F00100A07025B0F0BD01220023CA70FD
:10D0B0000B710020A07025B0F0BD7F48042240F61F
:10D0C000643106F063FB7D48012240F6693106F0C9
:10D0D0005DFB7B484FF4847240F66A3106F056FBE4
:10D0E0007848582240F6724106F050FB76485022AC
:10D0F00040F6CA4106F04AFBDBE76F4B0022CA70DC
:10D10000187859789A78DB7820716171A271E3718F
:10D11000CFE74A79684B8878C9785970802A217995
:10D12000187038BF80229970DA700BF017FAFFF789
:10D13000B9F8BEE75823CB70BBE78B78062B1F46A8
:10D1400040F291800120A07025B0F0BD5B4B1B78B0
:10D15000CB70AEE702220523CA700B71A9E7CA782B
:10D160001D2AEFD88B7899185829EBDC5549E01C1B
:10D17000194411F045FC9CE7881CFFF7F1FE80F094
:10D1800001008FE70A79032ADCD88B78022BD9D8E3
:10D19000C97888180528D5DC002A8AD003EB8300DB
:10D1A000DFF824C101440CEBC105C0006FF027017A
:10D1B00001FB03031F1DE31D03EBC2062A7803F8DE
:10D1C000042C6A7803F8032CAA7803F8022CEA7876
:10D1D00003F8012C79191846042211F011FC00F112
:10D1E0000803B34205F10805E8D162E7C9780929C7
:10D1F000A8D800293FF45DAFA278314B02EB420280
:10D2000001EB41011A44214423461078D87050782C
:10D2100018719078587103338B4202F10302F4D1F4
:10D2200047E7C97809298DD800293FF442AFA27891
:10D23000234802EB420201EB410123460244214410
:10D24000187910705879507098799070033399421A
:10D2500002F10302F4D12CE78B78042B3FF672AF76
:10D26000164A137025E703220023114403A80393F1
:10D27000A51C11F0C5FB039E002308E0FF222946F0
:10D28000013301F8012F102B0D463FF412AF01229C
:10D290009A404FF0FF3132428DF81010EED004AAC0
:10D2A000D9B23846019308F0E1F99DF81020019BAE
:10D2B000E5E7FF230B70FCE6CC750020D07500205D
:10D2C000344F002050500020D475002003F0EEB8F9
:10D2D00008B503F0EBF802F0C9FFBDE8084008F01C
:10D2E00039BD00BF38B505460C4608F065FF182863
:10D2F0000CD1637973B1A5F5F0402338072809D81C
:10D30000DFE800F0222222220A4B372408F054FFE3
:10D310001728EED0012038BD2C4A1378980743D047
:10D32000D3781033FF2B194628BFFF21302BC9B209
:10D3300006D8C1F1300323F00F0310310B44D9B2EA
:10D340001A20D17006F016FA002038BD08F012FF3E
:10D350000028F9D008F030FF1728F5D11B4B1979B8
:10D36000103921EAE171C9B21B20197106F002FAE5
:10D37000EAE708F0FFFE0028E6D008F01DFF1728B6
:10D38000E2D1124B19791031FF2928BFFF21C9B210
:10D390001B20197106F0EEF9D6E70C4B1A789107AD
:10D3A000D2D0DA78302A02D808F094FECCE7103ACE
:10D3B000D1B21A20D97006F0DDF9044B1A78920721
:10D3C000C2D0DB78302BBFD8EEE700BF48990020F1
:10D3D00084B003EB8303BDF8102001901A4492B28D
:10D3E000FF2A28BFFF22C0F30743D24353FA82F239
:10D3F000FF2A28BFFF228DF80620019B0020DAB209
:10D4000062F30700C3F3072262F30F20C3F307435D
:10D4100063F3174004B0704784B0BDF8102001904A
:10D42000D31A9BB2FF2B28BFFF23DBB283F0FF0C84
:10D43000C0F307426244FF2A28BFFF2203448DF84D
:10D4400006208DF80430019B0020DAB262F3070059
:10D45000C3F3072262F30F20C3F3074363F31740BC
:10D4600004B070472DE9F041064686B0007808F018
:10D4700097FDC4B2C0F30725AC421ED2DFF84C8042
:10D48000114F04EB44010322414404A811F0B8FAFF
:10D49000FB788DF81230049806F062FE0246C0F365
:10D4A00007432146F07800930134C2F30723D2B238
:10D4B00008F08EFBE3B29D42E3D8572D8CBF0020CD
:10D4C000012006B0BDE8F08148990020344F0020CB
:10D4D0002DE9F04F814687B0007808F061FDC4B2B5
:10D4E000C0F3072B5C45ADF80C0069D2DFF8F0A063
:10D4F00037499AF80430B1F80080364E364DDB08D3
:10D5000003FB0888C8F30721C1F380135B424B403B
:10D51000CF4311F0400FC3F3011307F00F0701F0E1
:10D520000F0107F1010748F3072808BF0F4606EB74
:10D5300043062544294B04EB44011944032204A863
:10D5400011F05EFA7278337812FB07F203EB1213D4
:10D55000DBB25A42D2B233EA280328BF13465A42FA
:10D5600013F0800FD2B218BF13465B009AF8032065
:10D57000DBB202FB03331B128DF81230049806F065
:10D58000EFFD15F8012F99F801308DF81400C0F364
:10D590000721C0F3074C1A428DF815108DF816C0FC
:10D5A000214609D05FFA8CF200929DF81530C2B284
:10D5B00099F8030008F00CFB0134E3B29B45B9D89D
:10D5C000BBF1570F8CBF0020012007B0BDE8F08FE2
:10D5D000A8990020CCF6010893270020344F0020A2
:10D5E000489900202DE9F04F804689B0007808F076
:10D5F000D7FCC4B2C0F3072A5445ADF8140071D269
:10D60000DFF804913C4E99F804303C4D0133FF2B78
:10D6100028BFFF234FF6FF7C2644BCFBF3FC1FFA18
:10D620008CF7CDF80CC003E00134E0B2824559D943
:10D6300016F8012F98F801301A42F5D02B78013BEB
:10D64000190657D42E4ADBB2D118E0B202E0013BF2
:10D650001A064FD411F8012D8242F8D105EB43028E
:10D6600092F819C0927E4CEA0222BA42EFD299F89F
:10D6700004300133FF2B28BFFF2303FB0222214B81
:10D6800004EB440119444FEA222B06A8032211F0AF
:10D69000B7F9BBF1FF0FD8BF6FEA0B0399F803206E
:10D6A000D4BFDBB2002302FB03331B128DF81A3008
:10D6B000069806F055FDC0F307438DF81E30DBB227
:10D6C0000093C0F307238DF81C00C2B28DF81D3003
:10D6D00098F803002146DBB2013408F079FAE0B291
:10D6E0008245A5D8BAF1570F8CBF0020012009B0A0
:10D6F000BDE8F08F039ABAE793270020AC99002089
:10D70000BE990020344F0020489900202DE9F04FA9
:10D710008FB0144609900878059108F041FCC3B217
:10D72000C0F3072C6345ADF82C0080F0DA80734E0F
:10D73000734FCDF818C0984606F20F124244714B51
:10D74000049208EB480297F800B0CDF808B0D3185F
:10D7500006EB48060393C1460CE0039B069A03338D
:10D7600009F1010903935FFA89F39A4206F102066F
:10D7700040F2B680049B13F8012F0493059B5B785D
:10D780001A42EAD0032260490CA811F039F9029A32
:10D79000099B9A4240F2AD801D4607EB03085B4BA4
:10D7A000CDF81C904FF0000A089318F8013F96F846
:10D7B000612098F80810521A96F8601002FB02FBDC
:10D7C000C91A01FB01BB1FFA8BFBBBF1010F40F231
:10D7D0008480BBF5F75F9DBF4FEA5B1E0EF1080E1C
:10D7E0005FFA8EFE4FF0FF0E012006E0BCF1FF0F46
:10D7F0001FD00133D8B2704519D800EB0E0C4FEA98
:10D800006C0C0CFB0CF91FFA89F9D9456346EDD96C
:10D81000013B5FFA83FE0EEB00035B1003FB03FC8E
:10D8200070451FFA8CFC02D8DC45F1D8E1E7431EB5
:10D83000DBB2364807EB450E90F804C09EF819009D
:10D840009EF81AE08DF832A00CF1010CBCF1FF0F2C
:10D8500028BF4FF0FF0C40EA0E200CFB0000C0F385
:10D860000F2000900C98A0470135029A8DF83000E7
:10D87000EBB2C0F3074A9A42C0F307208DF832A0FA
:10D880008DF831005FFA8AFA8FD8DDF81C90089B7A
:10D89000DB78039A03FB0AAA4FEA2A238DF8323079
:10D8A00013788DF8303053788DF831300C9806F0BD
:10D8B00057FCC0F3074305998DF83630DBB200936F
:10D8C000C0F307238DF83400C2B28DF83530C87824
:10D8D000DBB2494608F07CF93FE75FFA8BF3A8E733
:10D8E0009446BCF1570F8CBF002001200FB0BDE85B
:10D8F000F08F064B4FF0000ACAE700BF84260020D5
:10D90000AC990020344F002049990020489900200C
:10D910000E4B1B78013B032B16D8DFE803F01311E5
:10D920000C020B4B0B4A1B780146581E20EAE07094
:10D93000C0B2FFF7EBBE0146074A0020FFF7E6BE84
:10D94000FFF750BEFFF7C4BDFFF78CBDD0750020B8
:10D95000AC99002019D40008D1D30008F8B5104CB8
:10D96000104F114E114D002323703B700BF012F934
:10D9700033782860102B03D1237843F00103237000
:10D9800000237B700BF006F996F828306860102BA6
:10D9900000D0F8BD237843F002032370F8BD00BF28
:10D9A0003C50002048500020D475002040500020FA
:10D9B00000B5DFF864E01748002213468EF8002017
:10D9C0009446114610F83320013312B101314FF063
:10D9D000010C052BF6D1BCF1000F01D08EF8001020
:10D9E0000C4B002294468EF8012003F128001146CA
:10D9F00093F82820083312B101314FF0010C834213
:10DA0000F6D1BCF1000F01D08EF801105DF804EBE7
:10DA1000FFF7A4BFD47500204C5000202DE9F04F33
:10DA2000827887B00746002A40F00081BB4B019303
:10DA3000DFF800B301225FFA82FA87F803A008F04A
:10DA400015FCC0F307438DF81630DBB2FC78029367
:10DA5000019B8DF814001B5DC0F3072204EB8401C9
:10DA60008DF81520CA18AE481BF83250AD4A10F890
:10DA700004E012780120102D1E4600FA04FC51D05B
:10DA8000A84822EA0C02BEF1010F027057D800F03C
:10DA9000D9800021029A03918946002D4CD104EBD4
:10DAA0008405013335440BEBC505019995F80280D7
:10DAB000DBB2042B0B55697888BF002540F29081BA
:10DAC000019900230B5504EB840434440BEBC4048C
:10DAD000013D94F8028066784146304608F0BAFB72
:10DAE000E07808F0BFFC039BBB70172D00F28D811E
:10DAF000DFE815F0F100F600FB0005010A010F0157
:10DB00002401D500E200E700EC003D01420147019D
:10DB10004C01510156015B01600129012E013301C5
:10DB2000380100017F4942EA0C0286450A7006D896
:10DB30000021029A03918946042BC4D9C0E7DFF87B
:10DB4000F881039358F824000AF0C6FF039B04EB06
:10DB5000840999440BEBC90999F8052099F8043018
:10DB600043EA022399F8062043EA024399F8072082
:10DB700043EA026398422FD858F824000AF0ACFF19
:10DB800099F8051099F8043043EA012399F8061032
:10DB900043EA014399F8071043EA0169A9F57A734A
:10DBA000984258F8240000F20A81029A4FF00009C6
:10DBB00003920AF091FFB0F57A7F039A54D304EBF5
:10DBC000840333441BF83330E91A1D46019B18BF08
:10DBD00001211B5D039160E70AF0DCFF019B019AC4
:10DBE0001B5D48F824000133DBB2042B84BF002600
:10DBF0003346135598BF1E4604EB840333440BEBA6
:10DC0000C30359791A7942EA01229979DB7942EA08
:10DC1000014252EA0362C8D101240022BAF1000F86
:10DC20007FF409AF204607B0BDE8F08F3E493F487A
:10DC3000582210F0E5FE394B019300221A80FFF7BD
:10DC40008DFEF5E6002D7FF473AF0BEBC1012A4684
:10DC500011F83250002D40F0CF800132052AF7D163
:10DC6000029A0395A9461AE758F824000AF034FFEF
:10DC7000029B00FB03F204EB840333444FF00109E1
:10DC80001BF83330E91A1D46294BA3FB0232019BD6
:10DC900018BF01211B5D0391C2F38712FDE63846D0
:10DCA00007F06CFA0446B9F1000FB6D0029A41466B
:10DCB000304608F0CFFAB0E7384607F065FA044678
:10DCC000F1E7384607F066FA0446ECE7384607F015
:10DCD00067FA0446E7E7384607F0D6F90446E2E774
:10DCE000384607F027FA0446DDE7384607F028FAF9
:10DCF0000446D8E7384607F08FFC0446D3E7384699
:10DD000007F024FA0446CEE7384607F025FA044621
:10DD1000C9E7384607F026FA0446C4E74850002011
:10DD20004C5000203C5000205050002050990020C2
:10DD3000D34D6210D475002040500020384607F0C3
:10DD400017FA0446AFE7384607F040FC0446AAE756
:10DD5000384607F043FC0446A5E7384607F04CFC7C
:10DD60000446A0E7384607F055FC04469BE73846D2
:10DD700007F01CFA044696E7384607F01DFA0446F9
:10DD800091E7384607F01EFA04468CE7384607F05C
:10DD9000A5FA044687E7384607F080FC044682E788
:10DDA000384607F077FD04467DE7384607F000FC6B
:10DDB000044678E7384607F001FC044673E70AF0AA
:10DDC0008BFE029BA9EB000203FB02F2104B58F8FA
:10DDD0002400A3FB0232C2F387124FF00109E7E6E9
:10DDE0000E463046414608F035FAE87808F03AFB2E
:10DDF000039BBB70002456E7019B1A55012316466E
:10DE00000393029A4FF000095DE600244BE700BF40
:10DE1000D34D62102AB1064B1B7803F0FC03602B34
:10DE200000D07047034B1B78002BFAD007F01CBBC7
:10DE3000489900203C50002008B547F6230398423B
:10DE400027D00ED8A0F5A443203B0F2B30D82E4A64
:10DE500049791378002944D043F00103137001205D
:10DE600008BD47F62403984222D1274A49791378FE
:10DE700000293BD043F00403072B137012D10AF0A2
:10DE800089FE224B224A1B781060B3FA83F04009C6
:10DE900008BD1D4A49791378B1B143F00203072B3D
:10DEA0001370ECD0194B1878B0FA80F0400908BD17
:10DEB000164B1B78002BD2D0A0F5F04020380A2852
:10DEC00094BF0020012008BD1048DFF844C000784E
:10DED000CCF8001023F002031370B0FA80F0400970
:10DEE00008BD23F0010313700120B9E70748DFF8EC
:10DEF00020C00078CCF8001023F004031370B0FAAF
:10DF000080F0400908BD00BFAC500020AD5000209B
:10DF1000A85000202DE9F04100258CB01C2605F109
:10DF20001C041D2200210DF11200E4B210F01CFDB2
:10DF3000572C04A807D88DF810508DF8116025468D
:10DF4000FFF70EF8EBE74FF4557304A8ADF8103067
:10DF5000FFF706F8194BDFF8688093E80300002408
:10DF600002AE02908DF80C102546012716F8012B01
:10DF70008DF81140272304A801348DF810508DF836
:10DF800012708DF81320CDF81480ADF818308DF88C
:10DF90001A50FFF713F8052CE8D108F067F9FF22B3
:10DFA0001146C0B208F056F97F2008F05BFA18203D
:10DFB00008F0E8F80CB0BDE8F08100BFCCF501082E
:10DFC00000FF7F1000B5234A106883B020B9224BB0
:10DFD0001B786BBB03B000BD0AF07EFD41F28833B5
:10DFE00098421C4AF3D91D491B4B91F800C00020F0
:10DFF000BCF1070F10601A78EAD182420CBF4FF0D3
:10E00000010C8446087083F800C0009319D01448AE
:10E010000822172105F02AFC009B0093FEF798FFC9
:10E02000009B1A7822B90093FEF744FF009BCFE7CC
:10E0300008F0C2F81828CDD003B05DF804EBFFF764
:10E0400069BF019202F032FA0128009BE5D0019AE3
:10E050001A70BFE7A8500020AD500020AC5000203F
:10E0600048990020034B1B78032B06BF024B1878FE
:10E0700000207047AF500020B050002000B5DFF8FE
:10E080004CE085B001AB83E807009EF800C00D4965
:10E090000CF10103087803F00F029042134603D1FC
:10E0A000013202F00F020A7001AA07CA8EF800308E
:10E0B000054B0CEB4C0C03EB8C0383E807000120B1
:10E0C00005B000BDE576002024760020E47600202F
:10E0D00010B5114C022240F61A51204605F0C6FB3D
:10E0E0000E48022240F61C5105F0C0FB238873B98C
:10E0F0004FF416732380094B1A881AB94FF4E15272
:10E100001A8010BD1D2A9CBF1E221A8010BD042B30
:10E110009CBF05232380EEE7B6240020B424002012
:10E1200008B50E4B0E484FF0010CC022002183F8B9
:10E1300000C010F019FC0B490B4A00230B70137040
:10E1400000F044FC01F0EEFB02F0BAFB02F0F8F93B
:10E1500002F0FEFDBDE80840FFF7BABFAF50002057
:10E1600024760020E4760020E576002038B50446C9
:10E170000D4602F02BFC50B9054B9B6813B12946A4
:10E1800020469847034A044B042111701C7038BD87
:10E19000BC240020AF500020B150002008B502F090
:10E1A00015FC00B108BD0AF0F5FC0028FAD00C4BB4
:10E1B0001A78052A08D00B4A002152680846904771
:10E1C000074B05221A7008BD01F0F0FB044B002834
:10E1D000F1D1054A1878117801F0DEFEEBE700BFB7
:10E1E000AF500020BC240020B150002030B58BB0CF
:10E1F000054602F0EBFB30B9144B1B78042B04D01E
:10E20000032B06D0EBB90BB030BD114B1B78002BA4
:10E21000F9D0104B1B69002BF5D000F00BFC01234B
:10E220000446092229460DF106008DF8043010F04D
:10E23000E7FB01A800F0E0FB002CE4D000F02CFC90
:10E24000E1E70BB0BDE83040FFF7A8BFAF500020BA
:10E25000AE500020BC24002030B58BB0054602F043
:10E26000B5FB30B9144B1B78042B04D0032B06D01C
:10E27000EBB90BB030BD114B1B78002BF9D0104B14
:10E280005B69002BF5D000F0D5FB02230446202269
:10E2900029460DF106008DF8043010F0B1FB01A8FD
:10E2A00000F0AAFB002CE4D000F0F6FBE1E70BB095
:10E2B000BDE83040FFF772BFAF500020AE500020E5
:10E2C000BC24002010B5044602F080FB20B9094BA5
:10E2D0001B78032B01D043B910BD074B1B6A002BE1
:10E2E000FAD02046BDE810401847BDE81040FFF7BF
:10E2F00055BF00BFAF500020BC24002010B504461D
:10E3000002F064FB20B9094B1B78032B01D043B901
:10E3100010BD074B5B6A002BFAD0601CBDE81040B3
:10E320001847BDE81040FFF739BF00BFAF500020CD
:10E33000BC24002010B5044602F048FB20B9094B6C
:10E340001B78032B01D043B910BD074B9B6A002BF0
:10E35000FAD02046BDE810401847BDE81040FFF74E
:10E360001DBF00BFAF500020BC24002070B5044684
:10E370000D4602F02BFB20B9094B1B78032B01D073
:10E380004BB970BD074BDB6A002BFAD029462046FB
:10E39000BDE870401847BDE87040FFF7FFBE00BF02
:10E3A000AF500020BC24002030B583B004460D4699
:10E3B00002F00CFBA0B94CB10C4A1378A3420C4BF1
:10E3C00010D00C49147000220A7000E0084B0A4A71
:10E3D00001935268294620469047019B05221A70F6
:10E3E00003B030BD19780329EBD1F9E7B150002013
:10E3F000AF500020B0500020BC240020024BDB684E
:10E4000003B11847704700BFBC240020014B1878A7
:10E41000704700BFAE500020704700BF704700BF7C
:10E42000704700BF704700BF704700BF704700BF14
:10E43000124B1B78032B03D003B97047FFF7AEBE16
:10E4400010B58AB0044600F0F5FA60B100F008FBA0
:10E4500048B10B4B9B690BB1204698470AB0BDE809
:10E46000104000F0F5BA032301A88DF80430ADF890
:10E47000064000F0C1FA0AB010BD00BFAF50002046
:10E48000BC24002010B5044602F0A0FA20B923787D
:10E49000032B0AD0042B00D010BD6378A078BDE810
:10E4A000104043EA0020FFF7C3BF0A4B1B78032B41
:10E4B00005D0002BF0D0BDE81040FFF76FBE064B33
:10E4C000DB69002BE8D06278A078BDE8104042EA12
:10E4D00000201847AF500020BC24002030B5002099
:10E4E00089B001F085FA00F071FA03F0FBFC41F20B
:10E4F00088300CF0FBF81A4B93F90030002B6D4676
:10E5000023DB184C00232269009301938DF8083017
:10E510000DF1010090474FF47A700CF0E7F8A36911
:10E52000002098474FF47A700CF0E0F80023009335
:10E53000226AAB802846904747F230500CF0D6F85C
:10E54000E36803B1984709B030BD064C2022002192
:10E55000684610F009FA63690DF101009847DAE79F
:10E5600028990020BC2400202DE9F04F9D4E9E4D9F
:10E5700096F800E02B789D4C9D4F87B04FF0000A35
:10E58000002103EB430C734504EB8C0200F0028185
:10E5900007CA14F82CC003F1010998460CF1FF3C9E
:10E5A00006AB03E9070009F00F030121BCF10B0FD3
:10E5B00000F21581DFE80CF08E7B68CF9A574A2570
:10E5C000201B120604992B702022012009F096FED0
:10E5D00001F0D8FF96F800E02B78D1E79DF8100005
:10E5E0002B7000F04DFA96F800E02B78C8E79DF804
:10E5F00010202B703A70C3E77E492B7000220A70FE
:10E60000BEE7DFF800B22B7000219BF80080397064
:10E6100001F04CFF10F0060F40F0DD80A8F1030878
:10E620000623B8F1010F8BF80030D3D801F0AAFF10
:10E63000FFF7FCFE9BF80000002101F0ADFC00207C
:10E6400001F0D6F996F800E02B7899E76A482B702C
:10E6500004F01EFB694B00221A70FFF7E5FE96F8E6
:10E6600000E02B788CE7644964480A782B704FF0FF
:10E67000010C22F080020A7080F800C0FFF7D2FE81
:10E6800096F800E02B787BE79DF810805C495D4AA6
:10E6900081F80080052041462B70107001F07CFC51
:10E6A0004046FFF7BBFE96F800E02B7868E79DF840
:10E6B00010805349534A81F80080042041462B7052
:10E6C000107001F069FC4046FFF7A6FE96F800E0E6
:10E6D0002B7855E74B4A9DF810002B7000211170E4
:10E6E00002F01AFC96F800E02B7849E7DFF814B145
:10E6F0002B7008EB480804EB88089BF8003098F86A
:10E7000008809DF8109001930021397001F0CEFE31
:10E7100010F0060F5BD1019B0220032B8BF8000049
:10E720003ED0494601F038FCB8F1000F41D100F06D
:10E730004DF9354B41464FF0000B484683F800B089
:10E7400002F0ECFB584601F053F902F049F996F853
:10E7500000E02B7814E79DF810802A4A2B700320E4
:10E760004146107001F018FC254B83F8008003F03F
:10E77000B9FB4046FFF754FE02F01EF918BB234BCD
:10E78000D3F83080B8F1000F3FF422AF02F0D6F892
:10E79000C0471DE709B185F800A007B0BDE8F08FBC
:10E7A00001F0F0FE4946062001F0F6FBB8F1000F3B
:10E7B000BDD001F07BFE10F0060FB8D049F6404006
:10E7C00001F0ECF8B3E7012001F012F9D7E738784F
:10E7D000FDF768FD9FE73878FDF764FD1EE79A4670
:10E7E000CFE600BFE4760020E57600202476002006
:10E7F000B0500020B824002028990020AE500020FE
:10E80000B1500020AF500020B2500020BC240020A6
:10E8100008B5084B5B6B9847FFF7A6FE00F03CF984
:10E8200001F0FEFC02F094FB02F0E2F8BDE80840C3
:10E8300001F0C0BFBC24002008B501F037FE10F085
:10E84000060F03D0054B1B78032B00D008BD044BEB
:10E850005B6B9847BDE8084000F01EB9AF50002040
:10E86000BC240020014B1878704700BFAF50002037
:10E8700038B505460C4601F019FE10F0060F05D11B
:10E8800021462846BDE8384002F0B6BA01F07AFECB
:10E8900002F092F80028F3D0054B1B78032BEFD140
:10E8A0006379002BECD0012001F0A2F8E8E700BF6B
:10E8B000AF50002010B52B4C82B0014602220190CF
:10E8C000204610F09DF8019927480222114410F0CB
:10E8D00097F82388042B03D9234B1B883B2B04D8A0
:10E8E000FFF7F6FB002002B010BD022240F61A51DD
:10E8F000204604F04BFF1C48022240F61C5104F055
:10E9000045FF01F0D3FD10F0060F03D0174B1B7825
:10E91000032B04D002F0C8FA012002B010BD2088F9
:10E920004FF47A7404FB00F001F038F801F034F889
:10E93000CF2008F0EBFD08F0E9FE20460BF0D6FEF4
:10E94000D02008F0E3FD08F0E1FE20460BF0CEFEFB
:10E95000D02008F037FE08F0D9FE20460BF0C6FEA6
:10E96000D8E700BFB6240020B4240020AF50002018
:10E9700000B583B0034B019301A8FFF79BFF03B0E1
:10E9800000BD00BF5802201C10B543780B2B044675
:10E990000DD00C2B04D0FF2303700020A07010BDFD
:10E9A0000230FFF787FF80F00100A07010BD05491D
:10E9B0000222033010F024F803490222601D10F0F7
:10E9C0001FF8EAE7B6240020B424002008B5064862
:10E9D0000649074A002303800B8013700AF0DAF817
:10E9E000044B186008BD00BF0E770020E8760020B9
:10E9F000B2500020B850002038B50B4D0B4A2B8880
:10EA000012885C1CE4B2A2420BD00146084803EB1A
:10EA1000031300EB430022220FF0F2FF01202C80B1
:10EA200038BD002038BD00BF0E770020E8760020FA
:10EA300010770020044A054B10881B88C01AB0FAD2
:10EA400080F04009704700BF0E770020E876002074
:10EA500008B50AF09FF8014B186008BDB8500020B7
:10EA600008B5054B18680AF037F8044B1B78984234
:10EA700094BF0020012008BDB8500020B924002018
:10EA8000014B1870704700BFB9240020014B18706B
:10EA9000704700BFB250002038B5FFF7E3FE0328EF
:10EAA0002AD1384A384B10881988884202D1374910
:10EAB000097801B3364B18680AF00EF83549097821
:10EAC000884218D9314B1978F9B92F4B2D4A1C8837
:10EAD0001288A2420FD0304A304804EB041102EBF6
:10EAE0004101222205460FF08BFF274B621CD2B258
:10EAF0001A802B783BBB38BDFFF7B4FE0428FAD14F
:10EB0000FFF784FC0028CCD138BD254B18681C4683
:10EB100009F0E2FF0228EED91C4A204D1378013B90
:10EB200013700AF037F82B782060022B1DD0012BD0
:10EB300023D0032B12D00AF02DF8154B1860BDE836
:10EB4000384001F01FBD0AF025F80228D3D90F4A3A
:10EB5000134C1E2313700AF01DF8E4E7114B9B6958
:10EB6000002BE8D068889847E5E70E4B5B69002BDF
:10EB7000E1D00D4898472B78DBE70A4B1B69002B47
:10EB8000F7D1D8E70E770020E8760020B2500020B9
:10EB9000B8500020B924002010770020EC76002027
:10EBA000B4500020BC240020EF76002010B538B30C
:10EBB000284840F2822220210DF03EFE254840F2F6
:10EBC000822240210DF038FE224840F2822280212C
:10EBD0000DF032FE204B1B7873B11E48012210212C
:10EBE0000DF02AFE1B4A1D4810231383BDE8104078
:10EBF000202202210DF020BEBDE810400CF0E2B949
:10EC000000F1804001221021154C00F502300DF07A
:10EC100013FE1023642063830BF068FD102323830D
:10EC20000C4840F2822220210DF006FE094840F2F5
:10EC3000822240210DF000FE064840F2822280210F
:10EC40000DF0FAFD044B1B78002BC6D10CF0BAF97D
:10EC5000C3E700BF00000240DC9B0020000402402C
:10EC6000000802402DE9F04190B006460D4690465E
:10EC70000021402268461C460FF076FE2E490A7895
:10EC800014B90132D2B20A700AB901220A70002DF9
:10EC90004FD033467419002113F8010BA3420144ED
:10ECA000FAD10C460F0A08F155038DF805306FF0C4
:10ECB00002035B1B8DF8073047F68463ADF8003024
:10ECC000AA238DF8082031468DF804302A46AB1C63
:10ECD0000DF109008DF806300FF092FE10AA05F133
:10ECE000090352FA83F3154903F8404C05F10A036E
:10ECF00052FA83F3124C03F8407C124B4022204618
:10ED00001A700CF069F920460CF08AF905F10B0134
:10ED10006A46C9B220460CF0BDF962681169D26832
:10ED200001238B40204613830CF068F910B0BDE836
:10ED3000F0812F462C46B6E720510020D4F601087A
:10ED4000DC9B0020F624002010B540220446002160
:10ED50000C480FF009FE0B48112300F8013B082274
:10ED600021460FF04DFE0023012206480921FFF73E
:10ED700079FF054B1A6802B110BD09F00BFF024B79
:10ED8000186010BD305100202451002010B54022E1
:10ED9000044600210C480FF0E7FD0B48122300F851
:10EDA000013B142221460FF02BFE002301220648CE
:10EDB0001521FFF757FF054B1A6802B110BD09F086
:10EDC000E9FE024B186010BD305100202451002094
:10EDD00010B53D22044600210B480FF0C5FD0A493D
:10EDE0001322C81E01F8032C4470210A074C8170BD
:10EDF000002301220721FFF735FF236803B110BD6F
:10EE000009F0C8FE206010BD3351002024510020BD
:10EE100000B5C3B203F17F02D2B2022A83B020D977
:10EE20009B2B13D083B9402219461A480FF09CFD42
:10EE3000184A142313700023012216480221FFF7F9
:10EE400011FF154B1A68F2B103B000BD3E22134802
:10EE500000210FF089FD114A40F6140322F8023C0C
:10EE6000E9E73E2200210D4801930FF07DFD019B53
:10EE70000122813B02FA03F3084A142102F8021C22
:10EE800002F8013CD7E709F085FE034B186003B098
:10EE900000BD00BF3051002024510020325100201D
:10EEA00070B5104C05464022002120460FF05CFD55
:10EEB000AA78687860701623237042F3C013E37059
:10EEC000EB78237143F3C01363712B79A3716979D4
:10EED000A270E171002320461A46BDE87040082167
:10EEE000FFF7C0BE3051002010B54022044600217B
:10EEF00009480FF039FD08481823214600F8013B66
:10EF00000A220FF07DFD0023BDE8104002481A469A
:10EF10000B21FFF7A7BE00BF3051002010B54022E3
:10EF20000446002109480FF01FFD08481923214617
:10EF300000F8013B14220FF063FD0023BDE81040F0
:10EF400002481A461521FFF78DBE00BF3051002040
:10EF500070B540220C46054600210A480FF004FD1A
:10EF6000084893232946224600F8013B0FF048FD4C
:10EF7000611C0023BDE8704002481A46C9B2FFF781
:10EF800071BE00BF3051002070B53E220D4686B0E4
:10EF90000646002127480FF0E7FC274A07CA03ABC3
:10EFA00083E80700002D14BF2C461C46234DA168A2
:10EFB000A0886E7021222A706288AA706288A88058
:10EFC000120AEA70A279AA71F1B108460191F9F723
:10EFD00033FA01990246E81D0FF012FDA068F9F717
:10EFE0002BFAC41DE4B2164D286809F075FD40F6F1
:10EFF000B83398420AD8114800230122214606B0AE
:10F00000BDE87040FFF72EBE0724ECE709F0C2FD13
:10F010000C4B28604FF480129A614FF47A700BF019
:10F0200065FB084B102247F230509A610BF05EFBF3
:10F03000E1E700BF3251002044F5010830510020C3
:10F040002C5100200000024070B53C2206460D46BF
:10F050001A481B4C00210FF087FC2222034600F8BF
:10F06000042C206803F8036C23F8025C09F034FDDB
:10F0700040F6B83398420DD8124C134801220023B1
:10F080000421FFF7EFFD226802B170BD09F082FD97
:10F09000206070BD09F07EFD0C4B20604FF48012A3
:10F0A0009A614FF47A700BF021FB084B102247F263
:10F0B00030509A610BF01AFBDEE700BF345100209C
:10F0C0002C5100202451002030510020000002402B
:10F0D0004022002110B510480FF046FC0F480E49A1
:10F0E00003782322022B0A7002D00D490BF074FF23
:10F0F0000A480BF095FF40F6B8300BF0F7FA41F6EE
:10F1000058300BF0F3FABDE8104003480023012209
:10F110000221FFF7A7BD00BF30510020DC9B00207B
:10F12000D4F6010810B53E220446002108480FF02D
:10F130001BFC0749322201F8022C002301F8014C84
:10F14000881EBDE810401A460221FFF78BBD00BFA4
:10F150003251002010B592B00C460190402200219F
:10F1600002A80FF001FC47F684720D49ADF80820A3
:10F170000C4880228DF80B200BF02EFF09480BF075
:10F180004FFF211D019B074802AAC9B20BF064FF83
:10F1900004480BF053FF03480BF030FF12B010BDD2
:10F1A000D4F60108DC9B002070B53D2205460C46D4
:10F1B000094800210FF0D8FB0749252201F8032C4C
:10F1C000002301F8025C01F8014CC81EBDE8704044
:10F1D0001A460321FFF746BD3351002010B53E22E9
:10F1E0000446002108480FF0BFFB0749332201F80D
:10F1F000022C002301F8014C881EBDE810401A467D
:10F200000221FFF72FBD00BF3251002010B5402270
:10F210000446002109480FF0A7FB08484123214676
:10F2200000F8013B16220FF0EBFB0023BDE8104075
:10F2300002481A461721FFF715BD00BF30510020C4
:10F2400070B50546F9F7F8F84022044600210A484F
:10F250000FF08AFB084845232946E2B200F8013B3B
:10F260000FF0CEFB611C0023BDE8704002481A4637
:10F27000C9B2FFF7F7BC00BF3051002038B53E22BD
:10F28000054600211748184C0FF06EFB034671220B
:10F29000206803F8022C03F8015C09F01DFC40F61D
:10F2A000B83398420AD800231A4610480221FFF7C3
:10F2B000D9FC09F06FFC0E4B186038BD09F06AFCF0
:10F2C0000C4B20604FF480129A614FF47A700BF06F
:10F2D0000DFA084B102247F230509A610BF006FAF3
:10F2E000E1E700BF325100202C51002030510020B6
:10F2F000285100200000024010B53E2204460021A3
:10F3000008480FF031FB0749722201F8022C002354
:10F3100001F8014C881EBDE810401A460221FFF793
:10F32000A1BC00BF3251002010B53E22044600218E
:10F3300008480FF019FB0749732201F8022C00233B
:10F3400001F8014C881EBDE810401A460321FFF762
:10F3500089BC00BF325100202DE9F041204E1746F4
:10F360000324002264F307026FF05504737164F301
:10F370000F22572363F31742192F67F31F626FEAB7
:10F380000703B071326006F107003A4628BF192220
:10F39000884633710FF034FB2021304607F0D4FB50
:10F3A000192F1AD919243D1BEDB220220021304615
:10F3B0000FF0DAFA1F2D28BF1F25032308EB0401E5
:10F3C0002A46084833702C440FF01AFBE4B220217F
:10F3D000304607F0B9FBA742E5D8BDE8F08100BF91
:10F3E00000510020015100202DE9F043BE4B1B6964
:10F3F0009A0795B007D5BD4D2B68002B40F0928041
:10F4000015B0BDE8F08300244022214604A80FF087
:10F41000ABFAB74B04A81978FFF79CFE9DF814309F
:10F42000AA2B264600F0C980B04DB24B1B789846F7
:10F43000002B40F09480B04B04AF1C783B2CDBD801
:10F44000AC4A0123022C137040F29A81E01E7A1E0E
:10F450003818002312F8011F0B4482429BB2F9D1E5
:10F46000D9B23A1912F8020C8842C5D112F8012C0F
:10F47000B2EB132FC0D13946A04B11F8010B1B780A
:10F48000E21E92380024D2B20194029403942228FE
:10F49000B2D801A454F820F0F3F70008F9F30008FB
:10F4A000F9F30008F9F30008F9F30008F9F300088C
:10F4B000F9F30008F9F30008F9F30008F9F300087C
:10F4C000F9F30008F9F30008F9F30008F9F300086C
:10F4D000F9F30008C9F70008B1F70008A9F7000818
:10F4E000F9F30008F9F30008F9F30008F9F300084C
:10F4F000F9F30008F9F30008F9F30008F9F300083C
:10F50000F9F30008F9F30008F9F30008F9F300082B
:10F510009FF70008F9F30008F9F30008F9F3000871
:10F5200087F70008286809F0D7FAB0F5FA6F7FF678
:10F5300067AF734C102363834FF47A700BF0D6F8E7
:10F540001023238344F620600BF0D0F800210846F6
:10F55000FFF77AFD00232B6015B0BDE8F08304AF00
:10F560000DF11A030DF14B004FF0000901E0834249
:10F5700017D01A78AA2A194603F10103F7D11A788D
:10F58000572AF4D15A7893F802C082F0FF0EF4455E
:10F59000EDD1DC788342264601F105071446C146C9
:10F5A000E7D1B9F1000F3FF427AF544A524B51490C
:10F5B000167000221C700A703FE79DF81530542B1E
:10F5C0001F4600F0CB80494D019401AA3B079046AD
:10F5D000029403942C6064D4F80749D4B90735D455
:10F5E000FA0626D59DF91C209DF81C30002A63DB05
:10F5F000C3EB431203EB8202424BB2F5FA5FA3FB6B
:10F600000213C3F38F1303DB3F4AA2FB03235B0800
:10F6100000220192C8F80420C8F808200B228DF8B7
:10F6200004203A4A8DF80830138098E80700FEF766
:10F6300025FD7B077FF5F9AE9DF819309DF81A106E
:10F64000012043EA012101F049F9EEE6002301938C
:10F65000C8F80430C8F808309DF818308DF8083024
:10F660000A238DF8043098E80700FEF707FDB7E796
:10F670004022002126480FF077F925490023A422D3
:10F680000A7008461A460121FFF7ECFA9DF8163079
:10F69000203B062B1AD8DFE803F0595D55413D2287
:10F6A00016009DF816308DF8083001238DF80430CF
:10F6B00007CAFEF7E3FC8FE703F07F0340F2E24264
:10F6C00013FB02F298E708238DF804309DF81730F9
:10F6D0008DF8083098E80700FEF7D0FC7EE7072396
:10F6E0008DF80430F2E700BF0004024024510020EE
:10F6F000F6240020BB240020BA240020FC50002067
:10F7000000080240D34D6210ABAAAAAAF42400203C
:10F710003051002006238DF80430D7E7434B18689A
:10F7200005228DF804200028D0D009F0D5F940F644
:10F73000B7329042CAD83D4B00221A6001238DF89F
:10F740000C30C3E703238DF80430BFE704238DF8A2
:10F750000430BBE702238DF80430B7E79DF818307A
:10F76000AB2B08D0324D00230DF1040801932B6020
:10F770000293039334E79DF81930552BF2D153E6E9
:10F7800000210B466DE67B788DF808300A238DF852
:10F79000043001AB93E80700FEF770FC2CE67B78A1
:10F7A0008DF808300123F2E7A320FFF7D5FD23E60B
:10F7B000FB78002B7FF420AEBB78722B7FF41CAE5D
:10F7C0000120FDF77FF817E6BB78142B29D8102B02
:10F7D0007FF612AEF878022819D0032810D000283E
:10F7E0007FF40AAEFFF752F9124B1878FFF748F989
:10F7F00002E6114C20460FF003F90C230294C6E7F1
:10F800000C4B18780A30C0B2FFF73AF9F4E5002043
:10F81000FFF73CF9074B18780530C0B2FFF730F915
:10F82000EAE5162B7FF4E8ADD4E700BF28510020AD
:10F8300024510020F4240020BC5000200378AA2B7F
:10F8400000D070474378553B012BFAD870B5C37888
:10F85000827883F0FF039A4282B0144601D002B04E
:10F8600070BD1B2AFBD8022A00F105053CD900F126
:10F87000020C021DA444002312F8011F0B449445FE
:10F880009BB2F9D1D9B22A1912F802CC8C45E6D133
:10F8900012F8012CB2EB132FE1D11F4B027919782A
:10F8A000914218BF1A70427902F0F00214BF00238F
:10F8B0000123602AD3D10193184B0646186809F03A
:10F8C0000BF940F6B8329042019B10D87278A2F141
:10F8D0005602A11EB2FA82F25209C9B2284602B0FB
:10F8E000BDE87040FFF7BEB900210B46CBE709F039
:10F8F00051F90A4B0A4A18604FF4801191614FF494
:10F900007A700AF0F3FE064A1021916147F23050F6
:10F910000AF0ECFE019BD9E7FD5000202C5100209D
:10F920000000024070B51848184C132200210FF057
:10F930001BF8012504F10C06206800F00F010122DC
:10F9400005FA01F120F00F000CF076FF54F8043BAB
:10F9500023F00F0203F00F0305FA03F3B4421383FD
:10F96000EAD10B48012280210CF066FF084A0948C1
:10F97000802313834FF4004101220CF05DFF054A00
:10F980004FF40043538370BD14990020FC240020E1
:10F99000000802400000024006F09ABD08B506F0DB
:10F9A00091FDBDE8084006F093BD00BF044B054A39
:10F9B0001B78927B134314BF01200020704700BFC7
:10F9C000785100201499002008B5084B00229A7342
:10F9D000FDF792F8FDF788F818B1BDE80840FDF78B
:10F9E00077B8BDE80840FDF77DB800BF1499002046
:10F9F00050B9DFF87CC01C491C4BCCF800004FF418
:10FA0000004208705A83704700B583B001F0BCF91A
:10FA1000174A136883420AD823B1C31A47F23051F8
:10FA20008B4202D910490B7853B103B000BD0E4987
:10FA300091F800C0BCF1000F0FD110600028F4D184
:10FA4000019109F0A7F80B4B186001F09DF9084AE5
:10FA50000199106001230B70E7E71844106000283B
:10FA6000E3D05B42DAE700BF78510020000002409B
:10FA7000745100207C51002008B5224A13788BB1C4
:10FA800003F00F03052B0ED91F4B4FF40041598390
:10FA900000231370BDE8084000F074BD03F00F03AD
:10FAA000052BF1D808BD194B186809F015F8154A4F
:10FAB000B0F57A7F1378F1D9180613491BD44FF4A7
:10FAC000004063F07F030883137009F063F80D4A68
:10FAD00013780E4A03F00F03052B1060E2D90C4B8C
:10FAE000094A9B7B4FF400415183002BDAD1BDE8DA
:10FAF0000840FCF7F7BF03F07F034FF400400133E9
:10FB00004883E1E778510020000002407C5100204A
:10FB10001499002010B582B000F0C8FC10F0060F58
:10FB200029D000F053FF78BB019000F045FF019A07
:10FB3000002847D101F036F800284BD1374B997B8C
:10FB4000B9B15B7B01F00F0433BB354A1278A24296
:10FB500029D011F0100151D1324B23440A4613F839
:10FB6000010C0B4606F018F82C4B997B2C4B1C70A3
:10FB700019E0FDF7ABFB00F099FC01281FD006F05F
:10FB80000DFA012002B010BD00221046114606F009
:10FB900019F8012002B010BD00221146104606F0EF
:10FBA00011F81E4B997B0B0601F0100215D4E2B13F
:10FBB00000231A461946142005F0EEFFDBE7FDF797
:10FBC00085FBDCE71146104605F0FCFF00F0EAFF7C
:10FBD0000028B3D000F0EEFFB0E7AAB10023FF2267
:10FBE0001946142005F0D8FFC5E70E4921441346F5
:10FBF00011F8010C114605F0CFFFBCE71A46194673
:10FC0000142005F0C9FFAFE706492144FF2311F88E
:10FC1000010C114605F0C0FFADE700BF14990020AC
:10FC2000F7240020ECF601082DE9F0410278AB4BF7
:10FC3000052A0CBF1A781A70A94B997B042A54D84C
:10FC4000DFE802F0465366B20300002943D00806FD
:10FC500040F1F6809C795A79D87942EA042242EA46
:10FC60000042187A95B242EA0064987A5A7A42EAD7
:10FC70000022D87A42EA00429A480580187B01F0B7
:10FC80003F0152EA006299730ED093F810C0D87BFE
:10FC900040EA0C2093F811C040EA0C4093F812C0DF
:10FCA00040EA0C60824223D315B3187CDA7B42EA27
:10FCB0000022587C42EA0042987C42EA006212FA32
:10FCC00084F2140A100CDA73120E1C7458749A74AD
:10FCD000002940F0E680FCF70FFF06F04BFA0246E1
:10FCE000002800F0E180BDE8F0817E4A002010800D
:10FCF000E1B900219973FFF70DFF794B00229A7348
:10FD000000F040FC764B9B7B002BE4D0BDE8F081FB
:10FD10000029E0D0DA7B1C7C587C42EA042242EACB
:10FD20000042987C52EA006200F008814FF001081E
:10FD300001F00F0C0CF1FF3C11F0100E5FFA8CFC7F
:10FD400068D1BCF1020F78D977460324002007EB75
:10FD50008C050246944511D0002F4FD02A68012609
:10FD600022F00F0E02F00F0206FA02F20130AEF896
:10FD70001820C2B2944205D99445EFD10130C2B2E5
:10FD80009442E7D80A0648D447B12A68012022F0F5
:10FD90000F0402F00F0200FA02F22283B8F1000F02
:10FDA000B1D001F03F01A5E7002994D01D7CDA7B9A
:10FDB0005C7C587842EA052242EA04429C789D7CA9
:10FDC00040EA0420DC7840EA04401C7952EA0562EB
:10FDD00040EA046480B240F08D80424D61F07F01C2
:10FDE000997328800028A1D0A4B2200ADC7318746B
:10FDF000240E002058749C74904699E7421CD2B29D
:10FE00000230A2425FFA80FEC8D27445BAD9F445E6
:10FE1000F4D1B3E7344F012498E7B8F1000F4FD184
:10FE2000002F3FF470AF2A68012122F00F0002F08A
:10FE30000F0201FA02F2428365E72C4F032485E7A3
:10FE40009C785A78D87842EA042242EA004218792B
:10FE50009C7A95B242EA00605A7A42EA0422DC7A3D
:10FE600042EA04421F4C25801C7B61F07F0152EA6C
:10FE70000462997371D1002D3FF458AF1C7CDA7B7A
:10FE800042EA04225C7C42EA04429C7C42EA04622C
:10FE900012FA80F2140A100CDA73120E1C745874E1
:10FEA0009A744FF0000843E7114605F08BFEFDF70A
:10FEB0000DFA0F4BDB689847BDE8F041FCF712BE26
:10FEC000002F3FF46EAF2A68012022F00F0402F0E9
:10FED0000F0200FA02F2228363E700BF8451002080
:10FEE0001499002086510020F8240020FC240020D2
:10FEF000F4FD01089D7A5C7A44EA0524DD7A44EA3F
:10FF000005441D7B44EA0564201A224D01F03F019F
:10FF100080B29973288014B1A2423FF6E9AE00285E
:10FF20003FF4E6AE1044040A020CD873000E1C74B1
:10FF30005A74987400293FF4CEAEB2E75A7A9C7A8C
:10FF4000D87A42EA042242EA0042187B61F07F013B
:10FF500052EA00629973A4D09CE793F810C0DC7B4E
:10FF600044EA0C2493F811C044EA0C4493F812C0FC
:10FF700044EA0C64A242FFF4D9AE002D3FF4D6AEA1
:10FF800014FA80F4200A220CDC73240E18745A74BC
:10FF90009C7486E786510020F0B583B00446019139
:10FFA00000F084FA012857D001998F488F4A90F8C1
:10FFB00000C0182914BF0B4611239C45117817D097
:10FFC000022C51D0037001270193894B14701D46F8
:10FFD000197008F0DFFD874A1060FCF779FDA21E5A
:10FFE000019B042A36D8DFE802F04DB9B6128F0023
:10FFF0008C4233D1052C2FD17D49019314700C70A4
:020000040801F1
:1000000008F0C8FD7B4A1060FCF762FD019B7A494D
:100010000193132279480EF0F3FC7848019B0546C2
:1000200063F07F018173FFF7FFFDAB7A687AEA7AAC
:1000300040EA03202B7B40EA024050EA036000F0D4
:10004000B88049F64043984238BF184606F03AFA5D
:1000500006F03EFA6A4E347003B0F0BD062901D1B5
:10006000022CF9D00027AFE701F0FB03022BF3D0FD
:100070005F4B14701D46197008F08CFD5D4B1860C5
:10008000FCF726FD5F495D4813220EF0B9FCFFF72F
:10009000CBFD00F09BFC594B002840F097802A785C
:1000A000032A00F09380052A14D0997A5A7AD87AD4
:1000B00042EA0122197B42EA004353EA016000F060
:1000C000908049F64043984238BF184606F0FAF946
:1000D00006F0FEF94C4B1B78002BBBD04B4A4FF07F
:1000E000010C02F10C0052F8043B23F00F0103F065
:1000F0000F030CFA03F390420B83F4D1444B404EB0
:1001000080221A833470A7E73E493C4813220EF040
:1001100077FC3A48FFF788FDFCF788FD00284ED0B1
:1001200040F6B83006F0CEF906F0D2F9364B1B781F
:10013000002B8FD0354A4FF0010C02F10C0052F821
:10014000043B23F00F0103F00F030CFA03F390427A
:100150000B83F4D1D2E72F4901935AE7284A164678
:100160001278032A39D0254D2B49019313222846B2
:100170000EF046FC019BAB732846FFF755FDAA7AAB
:100180006B7AE97A43EA02232A7B43EA014353EA82
:10019000026311D0214908884FF47A7202FB00F003
:1001A000984238BF184606F08DF906F091F9347080
:1001B00052E74FF0FF3049E74FF0FF30F3E74FF4DD
:1001C0007A7006F07FF906F083F9AFE74FF47A70A2
:1001D00006F078F906F07CF97CE7002FC3D1074DD3
:1001E000CDE74FF0FF3071E77251002071510020D0
:1001F000705100208051002004F70108149900205C
:1002000088510020F0F6010808250020FC24002079
:10021000000802402CF7010818F70108B624002056
:1002200008B500F07DFD0D4B9B7B1BB9BDE8084078
:10023000FFF722BC0A4B186808F04EFC094B1B88DC
:100240009842F3D30848FFF7EFFC08F0A3FC044BF7
:100250001860BDE80840FFF70FBC00BF14990020EC
:1002600080510020865100208451002008B500F004
:100270001DF9012803D1044B1B78052B03D0BDE8E1
:100280000840FDF723B808BD709B0020012070478F
:10029000704700BF08B500F073FEFEF7B9FAFFF72C
:1002A000F7FF00F003F9012801D0012008BD00F09C
:1002B00003F9012008BD00BF30B585B0B8B11748BB
:1002C000174D08F02BF9FEF799F808F063FC044687
:1002D00001E06B6B9847204608F0FEFB6328F8D9D5
:1002E00000211E2005B0BDE83040FEF75DB8044691
:1002F000FFF76AFBFEF7B6FA032801D005B030BD60
:10030000084B1B78022BF9D1044B01945B680294D3
:1003100001A88DF80C409847F0E700BF9424002016
:10032000BC2400208951002030B585B0B8B11748F1
:10033000174D08F0F3F8FEF761F808F02BFC0446BF
:1003400001E06B6B9847204608F0C6FB6328F8D99C
:100350000021182005B0BDE83040FEF725B804465E
:10036000FFF732FBFEF77EFA032801D005B030BD5F
:10037000084B1B78042BF9D1044B01945B68029461
:1003800001A88DF80C409847F0E700BF94240020A6
:10039000BC2400208951002000B585B080B90E4AE8
:1003A0001278042A01D005B000BD0C4A0190034622
:1003B0005268029301A88DF80C30904705B000BD3B
:1003C00008F0B2F8054B9842EDD0184605B05DF83C
:1003D00004EB08F0A3B800BF709B00204C2800205D
:1003E000314A117881424ED000B5012983B00346CD
:1003F00035D00190FEF736FA03282B4A019B2ED008
:10040000022B137033D0042B3ED0012B39D1184668
:10041000FFF7C2FF0020FFF74FFF4FF4FA700AF01A
:1004200065F90020FFF780FFFDF7E8FF00F0C4F852
:10043000FFF778FA06F04EF842F210700AF056F91B
:1004400005F0C8FD4FF0FF3006F03CF806F040F82C
:1004500008F084F803B05DF804EBFBF723BF0193C9
:1004600001F040FD019B104A022B1370CBD10020FC
:10047000FFF75AFF64200AF039F90120FFF71CFF4B
:100480000BE003B000BD70470020FFF715FF6420AC
:100490000AF02CF90120FFF747FF0020FFF77CFF4F
:1004A00000F070F8C4E700BF89510020014B1878B4
:1004B000704700BF8951002038B51F4C08F0F6FE88
:1004C0002378052B00D038BD1C4D0AE000F058FD04
:1004D0002B78012B0DD108F027FB08F0E3FA60B967
:1004E0002378052BF2D002F017FBBDE8384007F067
:1004F0000DB9BDE8384001F00DB80F480AF0BAFE5A
:1005000047F230500AF0F2F8CF2006F0FFFF07F074
:10051000FDF84FF47A700AF0E9F8D02006F0F6FF03
:1005200007F0F4F84FF47A700AF0E0F8D02007F002
:1005300049F807F0EBF8D3E7709B002089510020C1
:1005400008B501210A4820220CF076F9094B002257
:100550001A7008F01FFB084B1860FEF783F9074B71
:1005600003280CBF064A40F6B8321A6008BD00BF27
:1005700000040240985100209C5100200C250020CE
:1005800040771B0008B5084B00221A7008F002FBE8
:10059000064B1860FEF766F9054B03280CBF054AA9
:1005A00040F6B8321A6008BD985100209C510020D6
:1005B0000C25002040771B000249034A00230B70E2
:1005C00013607047985100209C51002008B53023DB
:1005D00083F31188034805210CF0E0F9002383F32D
:1005E000118808BD00080240704700BF704700BF77
:1005F000014B10225A83704700000240704700BF31
:10060000024B1869C04300F001007047000402402B
:1006100030B585B0FFF74AFF012848D039480AF0C5
:1006200081FD39480AF0EAFC3848402220210CF0CC
:1006300003F93648402280210CF0FEF8402233486E
:1006400011460CF0F9F8302585F311883048022264
:1006500001210CF06DF9002484F3118885F31188D1
:100660002B48032221460CF063F984F3118885F3AB
:1006700011882648032209210CF05AF984F31188C5
:1006800085F31188214803220A210CF051F984F3E3
:100690001188F8F791FA1E4840224FF480510CF06F
:1006A000CBF800F015F9FFF7A1FF05B030BD044607
:1006B000FFF7A6FF02460028B0D1014605F082FAF6
:1006C000144BDB68984705F005FF1149124B0F4AA0
:1006D0004FF4804048834FF40041518393E8070072
:1006E00001AB83E807001A4652F8043B23F00F01E0
:1006F00003F00F0304FA03F30B8304AB9342F3D12B
:100700008CE700BF709B0020DC9B002000000240B3
:1007100000040240F4FD010850F5010838B50AF064
:100720006BF9204B1B680BB10120984706F076FB54
:10073000302500F0C5F8FFF749FF85F311881A4806
:1007400001210CF02BF9002484F3118885F3118822
:10075000164809210CF022F984F3118885F31188D9
:1007600012480A210CF01AF984F3118885F31188D4
:100770000D4821460CF012F984F31188FFF740FF71
:1007800050B902F0ADFF02F059FF04F09FFDBDE843
:100790003840012006F01EBB08F076FD044808F042
:1007A000EFFDEEE7BC240020000402400000024000
:1007B000709B002030B53B4C237883B0002B55D084
:1007C000FFF71EFF28B1384C2378012B5DD003B012
:1007D00030BDFFF76BFE022801D00428F7D1237843
:1007E000002BF4D0FFF7E2F80028F0D100F048FD2C
:1007F0000028ECD005F0BEFC00284ED12B492C4837
:100800000C220EF0A1F80028E1D1FFF7F9FE054611
:100810000028DCD1022000F039FC0028D7D0FFF7F7
:10082000E3FEFFF7F5FE00F0F9FB022000F068FCA4
:10083000FFF7DEFE00F08EFC00F002FCFFF76EFF1B
:10084000FFF7DCFE257008F0A5F91A4B1860FEF7DB
:1008500009F8194B03280CBF184A40F6B8321A6041
:10086000FEF7B4F8002000F011FCB0E7114A019344
:10087000106808F031F9104909688842A0D90D4A7A
:10088000019B1360012121709AE708F0FDFC2046CE
:1008900003B0BDE8304008F073BD05F033FE00281A
:1008A000ACD194E798510020709B00208C5100201F
:1008B000389900209C5100200C25002040771B0017
:1008C000024820224FF400510BF0B6BF0004024052
:1008D000704700BF02210520FEF766BC10B5C8B105
:1008E000104B40F2234202FB01F4A3FB0434A409A1
:1008F00005F040FC58B10C4B9B699847F3EE0E7A1B
:1009000020EE270ABCEEC00A10EE103A1C44074B3A
:100910001C8010BD40F6E44303FB01F4A40A64000C
:10092000E6E700BF396BD520F4FD01081025002053
:10093000014B1888704700BF10250020144B1B88FE
:1009400041F20402934220D840F6AC52934210D8B0
:1009500040F6E44293420AD9A3F6E4430D4A03EB7E
:1009600083039800A2FB0020C0F38710704700208B
:100970007047A3F6AC53084A03EB83031801A2FBAC
:10098000002080091430C0B270476420704700BF57
:10099000102500201F85EB51B5814E1B08B5FFF7D0
:1009A0002FFE30B1034B1B6913F4005F14BF02200C
:1009B000012008BD00040240034B18780A2894BFA8
:1009C00000200120704700BFA2510020034B18787F
:1009D000142894BF00200120704700BFA1510020BF
:1009E00008B500F0D1F9014B186008BDA4510020F2
:1009F000F8B54E4E306800F0D5F90446FFF756FDC5
:100A000010F0060F08D0FDF72DFF032819D0484B32
:100A10001F461B780E2B15D9FFF748FD012822D061
:100A2000444D454C2B782278134302D0FFF7E8FD64
:100A300000B9F8BD002028702070BDE8F840FEF72E
:100A4000D7BF3B4FFFF7DCFD90B140F6B8339C4277
:100A500053D83B780E2BE3D8FCF746F80028DFD1BB
:100A6000C82CDDD90BE0FFF7CBFD0028D8D0304FE4
:100A70003B780E2B1ED940F6B8339C42D0D92F4C70
:100A80002C4D238840F6AB52934218D92A4C237838
:100A9000142B9CBF0023237000F076F9284B98425A
:100AA00038D83060FFF716FF3B780E2B9CBF013320
:100AB0003B70B7E7FCF718F80028D1D0DBE72A78BD
:100AC0000A2A0AD80132D2B20B2A2A7005D1012093
:100AD000FEF78EFF0F2223883A70174C40F6E34151
:100AE0008B422278D3D8142AD6D80132D2B2152A12
:100AF0002270D1D1FDF7F2FCCEE7124B1B699B04AB
:100B00000DD50220FEF76AFB3B780E2BB7D8FBF71A
:100B1000EBFFB4E70023336000F028F9C2E70120BF
:100B2000FEF75CFB3B780E2BA9D8F0E7A451002020
:100B3000A0510020A2510020A1510020102500202A
:100B4000005C2605000402400E4B10B501221A700D
:100B5000044608F01FF80C4B1860FBF7B9FF0B4A6E
:100B60000B490C4B0C704FF0000C82F800C0962221
:100B70001A60094809490A4AFF2303700B70137071
:100B800010BD00BFB8510020B4510020B05100206A
:100B9000B1510020AC510020A8510020A9510020E3
:100BA000AA510020024B1878003818BF0120704766
:100BB000B85100202DE9F0471D4A07CA84B001ABA7
:100BC00003C300241A80002320461A461946013424
:100BD00004F0E2FF592CF6D1164B1B7803F0FD030D
:100BE000012B02D004B0BDE8F087134E3378092BF7
:100BF000F8D9DFF84CA0DFF84C90DFF84C800F4FAD
:100C000001AD00249AF8003099F8002098F80010FF
:100C100015F8010B04F0C0FF33780134E4B2A7FBF0
:100C20000323B4EBD30FEDD304B0BDE8F08700BFCE
:100C3000D4F50108B8510020B0510020CDCCCCCC67
:100C4000A8510020A9510020AA51002010B52B4A1C
:100C50001378022B21D0032B11D0012B18D1284956
:100C600028480B780078984239D80BB90A230B70C2
:100C70000223137007F08EFF234B186010BD002372
:100C80001370FBF739FF214B9B7B7BB3FFF77AFC9B
:100C900007F080FF1C4B186010BD1A4B1B781D2BF2
:100CA00012D91B481B491C4C00230370FF202370E2
:100CB00008701A49032340F6B8301370086007F033
:100CC00069FF114B186010BD12481149124C0023E6
:100CD0004FF0FF0C84F800C003700B70E9E70A3393
:100CE0000B7007F057FF084B186010BD05F042FA73
:100CF0000028CBD1FBF7F6FEC8E700BFB8510020B3
:100D0000B0510020B1510020B451002014990020AE
:100D1000A8510020A9510020AA510020AC51002068
:100D200008B5084B1B7803B908BD074B186807F0D6
:100D3000D3FE064B1B689842F6D9BDE80840FFF782
:100D400085BF00BFB8510020B4510020AC51002035
:100D500000B583B0002304486946CDE900330AF0AA
:100D60002DF903B000BD00BFD09B002000B583B0BB
:100D7000002304486946CDE900330AF01FF903B0A7
:100D800000BD00BFD09B002000B583B00448694679
:100D90000AF016F9019820F0784003B000BD00BFBA
:100DA000D09B002010B582B00446694604480AF082
:100DB00007F90198C0F31A00001B02B010BD00BF74
:100DC000D09B002008B50B4800224FF480610BF047
:100DD00033FD084907484FF400430B8300224FF4CA
:100DE00000710BF029FD0020FDF7E0FEBDE8084092
:100DF000FDF796B90000024000B547F60E6290423A
:100E000083B022D00FD8A0F5FC420B3A022A07D8B3
:100E100001910090FFF74AFB0228009B019924D022
:100E2000012003B000BD47F60F629042F8D1FFF7F2
:100E30003DFB10F0060FF3D0FFF7E2FB0028EFD1E7
:100E4000FFF77CFDFFF780FEEAE70091FFF72EFB3E
:100E500004280099E4D14B79CBB91149114A0023F8
:100E600001200B70136003B000BD4A79002AF4D052
:100E70000B4A0A3B137007F08DFE094A094B844662
:100E800000211078C3F800C0FDF78EFAC8E7044BC4
:100E900018221A7007F07EFE024B1860C0E700BFF0
:100EA000C0510020C451002000B5194887B0FEF79A
:100EB000C7F94FF4967009F019FC112200210DF1C9
:100EC00005000DF051FD134B022019785A788DF86A
:100ED00000006FF04B0305204FF0000C8DF801105F
:100EE0008DF802205A218DF80330012240F68163EB
:100EF000ADF8060068468DF804C08DF808108DF82E
:100F00000B20ADF80E30FEF781F907B000BD00BF31
:100F1000E0F50108B4240020FFF7C6BF08B50B4B6D
:100F20001A7802B908BD07F035FEB0F57A7FF9D21C
:100F3000FFF7BAFFFFF7BAFA0228044B02D00022EB
:100F40001A7008BDFDF72AF9004BF8E712250020BA
:100F500008B5094B186800B908BD07F0BDFDB0F52C
:100F6000FA6F054BF8D9054A002119601078BDE8E1
:100F70000840FDF7FBB800BFC4510020C05100205D
:100F800010B5234C2068002832D1224A2249136927
:100F900012695B0AC2F3402203F0020313430A788A
:100FA0009A421FD1FFF782FAD8B91A4A1A4913692F
:100FB00012695B0AC2F3402203F0020313430A786A
:100FC0009A420AD10023012A23601BD0022A14D09E
:100FD000BDE810400120FFF703BA0B7007F0DAFDFF
:100FE000206010BD0B7007F0D5FD20600028D9D01F
:100FF00007F072FD6428D5D9D7E7BDE8104004207A
:10100000FFF7EEB9BDE810400220FFF7E9B900BFD5
:10101000BC51002000000240B951002008B507482B
:1010200040224FF480510BF007FCBDE80840034814
:1010300040224FF400610BF0FFBB00BF00000240F4
:1010400008B5114840F21A524FF400610BF0F4FB5E
:101050000D4840F21A524FF480510BF0EDFB0A4854
:1010600040F2822220210BF0E7FB074840F2822267
:1010700080210BF0E1FBBDE80840034840F28222EA
:1010800040210BF0D9BB00BF000002400228194AE2
:10109000034613D0032806D001280CD1117809B3D8
:1010A00000201370704711780029F9D112480169A6
:1010B00041F004010161012013707047117800298B
:1010C000EED1DFF834C00D48DCF8101041F0040117
:1010D000CCF81010016841F4606141F00101016039
:1010E0000120E9E70448016921F0040101610120C0
:1010F000E2E700BFC851002000ED00E000700040B2
:10110000114A08B5936823F003039360936813F0C2
:101110000C0FFBD113680C4923F4803313600B6868
:101120009B03FCD40948402201210BF085FB0748B2
:10113000402202210BF080FB30BF054A136923F0E7
:101140000403136108BD00BF00380240001C0240C8
:1011500000ED00E00AF072BD00B5034683B048B967
:10116000CDE9001081420CBF0120042000F026FFD1
:10117000DDE900131846FBF793FC012003B000BD26
:1011800008B507F007FD044B1860FAF7F9FFBDE852
:10119000084001F0CDBD00BFCC51002008B5084B80
:1011A0001A7802B908BD00201870012205484FF4D2
:1011B00000410BF041FB034A4FF40043138308BD89
:1011C000172500200000024008B5284B186800B918
:1011D00008BD07F081FC40F6B832904221D9234B7C
:1011E00000221A6007F0BAF9830703D4204B4FF4AA
:1011F00080425A831F4B204A4FF40041598302F129
:101200000C0C012052F8043B23F00F0103F00F03F4
:1012100000FA03F394450B83F4D1184B80221A8310
:1012200008BD1349134B4FF480404FF4004208832C
:101230001A83FFF73BF904280FD00F4A4FF0010C37
:1012400002F10C0052F8043B23F00F0103F00F03EE
:101250000CFA03F390424B83F4D1FFF727F90228ED
:10126000B6D0064B80225A8308BD00BFCC51002067
:10127000000402400000024018250020000802403F
:1012800008B5054B1B680BB1002008BDFBF7CEFC71
:1012900080F00100C0B208BDCC510020032803D863
:1012A000052901D80F2A01D90120704700EB400021
:1012B00001EB4001024B02EB011233F812007047C0
:1012C000ECFA0108012070470120704708B5FFF7CC
:1012D000FBFF08BD0120704701207047704700BF29
:1012E000704700BF08B5FFF7FBFF08BD012070473E
:1012F000704700BF704700BF00B5144B1B7885B026
:10130000CDE9020173B99DF80D3003B19AB9029885
:1013100000F036FF03460299184605B05DF804EB6D
:1013200001F074BF029801F005F8029905B05DF86C
:1013300004EB01F06BBF00F0FDFF03461946029875
:10134000019300F0E7FE019BE5E700BFD8510020C4
:1013500010B5038804464088A188012243EA004072
:10136000FFF7CAFF2146FFF7ADFF00B910BD238884
:101370006088A188012243EA0040FFF7BDFF2146B3
:10138000FFF7A4FF10BD00BF10B584B001460446AE
:10139000062202A80DF034FB0C4B02981B7873B99F
:1013A00000F0EEFE029901F031FF21460190FFF7B7
:1013B00095FF01982146FFF795FF04B010BD00F09E
:1013C000B9FF029901F022FFEFE700BFD8510020DA
:1013D00038B5038804464088A188012243EA0040CA
:1013E000FFF78AFF21460546FFF774FF08B9002082
:1013F00038BD21462846FAF79BFE0028F7D0214643
:10140000284606F0A9FE0028F1D02146284606F01D
:1014100091FD0028EBD02146284605F0D1FE00289A
:10142000E5D02146284605F0A1FE0028DFD0214660
:10143000284602F069FD0028D9D02146284602F04E
:10144000B1FD0028D3D02146284605F0BDFB002879
:10145000CDD02146284606F0C5FD0028C7D021463C
:10146000284602F019F80028C1D02146284602F08B
:101470002BF80028BBD021462846BDE8384002F0B2
:1014800041B800BF00B5012383B003FA00F0C0B239
:10149000019001F0FBFB019803B05DF804EB00F054
:1014A0008DBD00BF0120704708B5FFF7FBFF08BDE9
:1014B00008B500F017FD0120FFF718FF0120FFF726
:1014C000F3FF46F2A81009F011F9BDE8084007F053
:1014D000CDBB00BF08B500F005FD0020FFF706FFFB
:1014E0000020FFF7E1FF46F2A81009F0FFF8BDE881
:1014F000084007F0C1BB00BF08B5FFF7F9FEFBF7D6
:101500009FFB05F035F800F03DF8BDE808400120EC
:1015100005F0EEB808B500F03BF8002005F0E8F85B
:10152000FFF7E8FEBDE80840FBF792BB030906BFE2
:101530001A460346042299081CBF02320B4602EBEE
:101540005300C0B2704700BF01207047034B4FF4F7
:10155000804281074CBF1A835A83704700040240BF
:1015600008B5012204484FF480410BF065F9024AA6
:101570004FF48043538308BD0004024008B5FAF7D6
:1015800091FE08BD08B50020FFF7F8FF08BD00BFB9
:1015900008B506F0D9FFFFF7F1FF08BD00B583B02D
:1015A00006F0D2FF074A1178814209D010700190ED
:1015B00007F0F0FA044A019B10601846FFF7DEFFBF
:1015C00003B000BDD0510020D451002000B587B039
:1015D00002AB83E803009DF80D20D2B993E8030025
:1015E0000023ADF81630CBB20490ADF8141033B927
:1015F00004AB93E8030001F0F7F807B000BD04ABBB
:1016000018460193FFF7A4FE019B0028F1D107B013
:1016100000BD01F0F5F902ABE0E700BF0379012B53
:1016200000D07047008800F0A7BE00BF002837D068
:1016300000B5021FD2B2A02A83B0034615D900F12B
:101640002002D2B2072A2CD900F15B02D2B2022AC0
:1016500018D900F15802D2B21A2A2ED93333DBB28C
:10166000122B40F2848003B000BD019007F03EF8D9
:10167000019B70B9184607F0F3F803B05DF804EB6E
:1016800001F04ABA243880B203B05DF804EB06F0EA
:1016900093BF184607F002F901F03EFA019BE9E713
:1016A000704700F0070301209840C0B201F048F9EC
:1016B00003B05DF804EB01F02FBAA0F1A903192BD8
:1016C0005CD8DFE803F00D52504E4C4A4745423F8C
:1016D0003C393633302D2A272523211F1C19161398
:1016E000E92003B05DF804EB06F084BF4FF42870E6
:1016F000F7E740F29F20F4E740F2CB10F1E740F229
:101700009F10EEE77020ECE76F20EAE7B420E8E7EF
:10171000B320E6E740F22A20E3E740F22720E0E7A3
:1017200040F22620DDE740F22520DAE74FF4097089
:10173000D7E740F22320D4E740F22120D1E74FF44D
:10174000CA70CEE74FF4C970CBE74FF4C570C8E755
:10175000CC20C6E740F28310C3E7CD20C1E7B72015
:10176000BFE7B620BDE7B520BBE7EA20B9E705F043
:10177000CDFE03B05DF804EB05F0C8BFE220B0E792
:1017800078B3021FD2B2A02A08B5034613D900F1DC
:101790002002D2B2072A19D900F15B02D2B2022A82
:1017A0000FD900F15802D2B21A2A1BD93333DBB257
:1017B000122B1CD908BD07F071F8BDE8084001F0F4
:1017C000ABB9BDE80840002006F0F6BE00F0070304
:1017D00001209840C0B201F0C7F8BDE8084001F010
:1017E0009BB97047BDE80840002006F003BF05F034
:1017F000E9FEBDE8084005F089BF00BF38B50C46DA
:101800000546FFF713FFFDF717F89CB10E4B40F2AA
:10181000E7300021E4FB03014FF47A720023F6F76E
:101820009BFC08F063FF2846FFF7AAFFBDE838409D
:10183000FDF702B8012008F059FF2846FFF7A0FF86
:10184000BDE83840FCF7F8BFA086010008B539288C
:101850000CBF50210021FFF7D1FF08BD00B9704730
:1018600008B501F06DF8BDE8084001F055B900BFBA
:1018700000B9704708B501F077F8BDE8084001F0FD
:101880004BB900BF2DE9F0438379457983B00C460D
:1018900006461F0901F020F8C4F3033250B3002DAF
:1018A00058D0C4F3072000F0F003402B814698463F
:1018B0000BD0E1B201F12003DBB2072B40F219811A
:1018C00000F0E003202B00F00F81B04B5B7858074D
:1018D00000F1DE810B2A3AD8DFE812F0BF01BF0128
:1018E000BC01BC01C100D70139003900D001CC01D5
:1018F0005A005A0003460B2A29D8DFE812F08A0062
:101900008A0056005600B100350128002800C300A7
:10191000190149004900C4F307230F2BC4F3032224
:1019200040F22B821201E4B220460092FFF728FF1A
:10193000009A62B104F12003DBB2072B104602D9F2
:10194000002C40F0758201F00FF801F0E5F803B0CB
:10195000BDE8F0830B2AFAD801A353F822F000BFA8
:1019600017190108171901087D1B01087D1B0108C3
:101970005F1A0108D91A01084F1901084F19010807
:10198000431C0108551B0108911901089119010810
:10199000E1B2A1F1F003042B00F25882DFE813F06A
:1019A000320125012B0149013C01E1B2C4F30723B7
:1019B00003F0F0080023C4F303242201B8F1200F40
:1019C00018BF1446002900F09E81012900F0018112
:1019D000002D00F0B4810093002F00F0EA8108464A
:1019E000FFF724FE009B002BB1D000F06DFF10F03C
:1019F0000100ACD1707100F061FF00F035FB3046A2
:101A000000F040FA00F05AFF03B0BDE8F04300F0E8
:101A10003BBBE1B2C4F30322C4F3072013010C461D
:101A20000F2888BF1A46002D3FF47EAF002382B1F5
:101A300004F12001C9B207290093104602D9002CF5
:101A400040F0C08100F07CFF009B009301F064F83F
:101A5000009B00932046FFF7E9FD009BC3E70023AE
:101A600014F4406FC4F3812200F04581012ABAD1F9
:101A7000002D00F05781C4F30900009306F0BAFD71
:101A8000009BB0E714F4407F00F08280C4F3012390
:101A9000002D00F0DB80DA0755D5C4F34212920026
:101AA000D2B204F00F0090400F23C0B2934060EA1E
:101AB000030314F0100FDBB2C4F3812418BF1846DF
:101AC000022C00F09281032C00F08C81012C00F09C
:101AD000868100F005FB36E0E0B205F073FD03B04F
:101AE000BDE8F04305F012BE012902D9002F7FF4B2
:101AF000ECAE0B2A3FF62BAF01A353F822F000BF48
:101B0000151A0108151A0108AD190108AD190108C7
:101B10005F1A0108471E01084F1901084F190108F3
:101B2000851A0108331B010893190108931901084C
:101B3000E1B2C4F303260C467DB1304600F094FABE
:101B40002046FFF78BFE06F0FFFC03B0BDE8F04334
:101B5000FFF714BDC4F30326E4B22046FFF788FE66
:101B6000304600F091FAEEE7E0B2002DB5D00093D8
:101B700005F0CCFC05F0CAFD009B34E7C4F3072355
:101B800003F0F008E1B2002315E700BF2899002018
:101B9000002DD8D1C4F342129200D2B204F00F004B
:101BA00090400F23C0B2934060EA030314F0100F7B
:101BB000DBB2C4F3812418BF1846022C00F00C815C
:101BC000032C00F00681012C00F0008100F00CFADB
:101BD000B9E7002D00F0A880052F3FF604AF20469E
:101BE0000093FFF73BFE009BFDE6C4F3042035B1F4
:101BF00000F03AFAA7E7C4F30420002DF8D000F073
:101C000043FAA0E7002D00F0D980042F9BD8C4F33D
:101C1000042000F049FA96E7994B5B785B07E4D51E
:101C2000002D00F0F4800321C4F3042000F090FFA5
:101C300089E7002D00F0BA80C4F3042000F006FA12
:101C400081E714F4407FA5D0C4F30123012B7FF674
:101C50007AAF22E70023E1B2ADE6C4F30322B9F183
:101C60000F0F84BF1201D2B2E4B20023002A3FF466
:101C7000F0AEDDE6C4F30326E4B25EE719F0030F2D
:101C80003FF461AFC4F3012305E70023E0B26EE740
:101C90000220009200F074FF00F01EFE009A80F017
:101CA0000103DBB20B2A3FF69EAE01A151F822F0F0
:101CB000E11C0108E11C0108571C0108571C010820
:101CC000611A01088D1C0108E7190108E7190108CC
:101CD0007D1C0108751C0108911901089119010862
:101CE000C4F30322B9F10F0F88BF1201E4B2002A36
:101CF0003FF4AFAE9CE605B3C4F30900009306F0D1
:101D00005BFC009B6FE65E4A5278510728D4002D99
:101D10006ED0002C40F08F8000200093FFF786FCEF
:101D2000009B60E62846A8E6042F3FF65CAE2046FE
:101D30000093FFF79DFD009B55E62846DEE7002F48
:101D4000F5D03929019100936BD0012008F0CEFC29
:101D50000199009B00930846FFF712FD009B42E6A5
:101D6000ADB1002F3FF43BAF012F7FF43CAE2046D6
:101D7000009300F06FFE009B35E6E4B2204600922F
:101D8000FFF7FEFC009A002A7FF4D4ADDFE5002FB8
:101D90007FF429AE20460093FFF76AFD204600F04D
:101DA00067FE204600F042FE009B1CE600F042F970
:101DB000C9E62046FFF752FD009B14E6052F3FF6CB
:101DC000C2AE24E700F0F4FD009B3EE600F000F90F
:101DD000B9E600F0F3F8B6E600F012F9B3E600F069
:101DE00073F9B0E600F01CF9ADE600F085F9AAE65B
:101DF00028460093FFF7C4FC009B002C3FF4F3AD92
:101E0000204600F0B1FD00F087FE009BEBE50120CD
:101E100000F0B6FE012F7FF696AE022000F0B0FE75
:101E200091E64FF4FA5008F061FC009B019991E7AC
:101E300000F0D2FD89E52046009300F081FD00F01E
:101E40006BFE009B68E70846002390E625B18FB142
:101E50000846FFF7EBFB76E67FB139290CBF4FF45C
:101E6000FA500120009108F041FC00990846FFF764
:101E700087FC68E6C4F30420BAE6C4F30420BEE697
:101E800028990020027902B9704710B582B0044643
:101E9000FFF79EFA90B12188607900F0A1F9014620
:101EA000019100F035F900F087F820460199FFF71D
:101EB000E9FC2046FFF768FA02B010BD00F00CFD07
:101EC0000028F9D06379002BF6D0054B5B785B07CF
:101ED000F2D5022002B0BDE8104000F051BE00BFB4
:101EE0002899002008B500F053FD06F011FD0020F0
:101EF00006F062FB002006F07DFB00F081FD00F0A3
:101F00000BFE05F0F7FDBDE8084005F0FFBB00BF84
:101F100008B5002006F050FB002006F06BFB00F037
:101F20006FFD00F0F9FD05F0E5FDBDE8084005F0A6
:101F3000EDBB00BF08B503790BB9184608BD008892
:101F400000F01AFAC0F30333062BC0B214D00CD938
:101F5000063303F00F03012B0CD8F02819D012D848
:101F6000E7288CBF0020012008BD0E3303F00F03CB
:101F7000012BF2D9002008BDF12818BFE72894BF33
:101F80000120002008BDA0F1F400B0FA80F0400963
:101F900008BD012008BD00BF82B0CDE9000102B03C
:101FA000704700BF82B0CDE9000102B0704700BFAA
:101FB000704700BF704700BF704700BF08B5FFF70C
:101FC000F9FFFAF77DFE014B187008BD01520020A1
:101FD00010B5044C23781843FFF7ECFFFAF770FEB6
:101FE000207010BD0152002010B5044C2378184019
:101FF000FFF7E0FFFAF764FE207010BD01520020E9
:1020000010B5044C23785840FFF7D4FFFAF758FE78
:10201000207010BD01520020704700BF704700BF04
:1020200008B5FFF7FBFFFAF76DFE014B187008BD0E
:102030000052002008B50020FFF7F0FFFAF762FE1B
:10204000014B187008BD00BF0052002008B50123E5
:1020500003FA00F0C0B2FFF7E1FFFAF753FE014BBD
:10206000187008BD0052002010B5064C01222378DC
:10207000824043EA0200C0B2FFF7D0FFFAF742FE07
:10208000207010BD0052002010B5064C01232278AC
:1020900003FA00F022EA0000FFF7C0FFFAF732FE71
:1020A000207010BD0052002010B5064C012223788C
:1020B000824083EA0200C0B2FFF7B0FFFAF722FEC7
:1020C000207010BD0052002010B5044C2378184336
:1020D000FFF7A4FFFAF716FE207010BD0052002093
:1020E00010B5044C23781840FFF798FFFAF70AFE62
:1020F000207010BD0052002010B5044C23785840C9
:10210000FFF78CFFFAF7FEFD207010BD0052002093
:10211000704700BF10B5C0F3072382B0052BADF8A0
:10212000040003D89DF804200F2A01D902B010BD85
:1021300002EB03131148C3F3CF0303EB4303034440
:1021400002F007024FF0010E581E9C1C0EFA02FE10
:10215000C3F101031A1821FA02F210F801CF42F379
:1021600000028CEA02020EEA02028CEA020CA04291
:1021700080F800C0EED102B010BD00BFDC510020DD
:1021800010B5C0F3072382B0052BADF8040003D8C7
:102190009DF804200F2A02D9002002B010BD02EBE6
:1021A00003130E49C3F3CF0303EB43030B44591E40
:1021B0009C1C02F0070C0020C3F1010303EB010E8D
:1021C00011F8012F22FA0CF202F0010202FA0EF2CB
:1021D00010438C42C0B2F1D102B010BDDC510020DE
:1021E00070B5504B86B01B78ADF80C10002B72D137
:1021F0009DF80D409DF80C5040BB052C07D90346B7
:102200000399184606B0BDE8704001F011B80F2DD3
:10221000F5D805EB0412444BD20802EB42021A44F3
:1022200002F1FF3E941C05F0070C0346C2F10102C7
:1022300002EB0E001EF8011F21FA0CF101F0010162
:1022400081400B43A645DBB2F2D1D9E7374B384A80
:102250001B781278ADF8141043EA0206032246FAFE
:1022600002F3DB072AD4013AF9D20023052CC7D8A0
:102270000F2DC5D805EB041C2B4A4FEADC0C0CEBE8
:102280004C0C944405F007014FF0010E0EFA01FECC
:102290000CF102040CF1FF31CCF1010C0CEB01024A
:1022A00023FA02F211F8010F42F3000242400EEA53
:1022B000020250408C420870F0D1A1E7D3B2184618
:1022C00005990292019300F0B3FF80B20128019BAF
:1022D000029AC8D0CAE7154B154A1B781278ADF898
:1022E000101043EA0204ADF81410032344FA03F279
:1022F000D20709D4013BF9D200220499104606B056
:10230000BDE8704000F094BFDAB210460599029320
:10231000019200F08DFF80B20128019A029BE9D062
:10232000EBE700BFD8510020DC5100200052002014
:102330000152002070B50E4A0E4B15781B7882B002
:102340001D43ADF80400032445FA04F3DB0705D46C
:10235000013CF9D20026304602B070BDE6B20199C8
:10236000304600F065FF80B20128F1D0F3E700BFEE
:10237000005200200152002070B5114A114B15780F
:102380001B7884B01D43ADF80400ADF80C000324A5
:1023900045FA04F3DB0709D4013CF9D20026019980
:1023A000304604B0BDE8704000F042BFE6B2039989
:1023B000304600F03DFF80B20128EDD0EFE700BFCE
:1023C000005200200152002010B50E4C4FF0010CBD
:1023D00094F800E00CFA00F30CFA01F10B430CFA4C
:1023E00002FC03EA0E02DBB2934206BF4EEA0C0E79
:1023F0005FFA8EF02EEA0C00FFF710FEFAF782FC6F
:10240000207010BD0052002070B5264DAB790F2B07
:1024100047D86B79002B44D0234B244A1B7892F881
:1024200000C063453DD095F801E02E78204C03E0D4
:1024300000F00703634534D004EBC302581C117944
:102440000029F5D051787145F2D114F83330B342F8
:10245000EED15379002BEBD1538869885B1A9BB27C
:10246000C72BE5D8A8799379012161F30710A871EA
:1024700061F307130B489371FFF704FD0A4B1D78B6
:102480000A4B1B78AB420CD004EBC50393E8030066
:10249000FFF788FD054B01351B7805F00705AB42BA
:1024A000F2D170BD4452002002520020035200209D
:1024B000045200202DE9F04387B00446014606226D
:1024C00002A80CF09DFAA54B61791A790E46217984
:1024D000002A3FD062885D79104690465A88821A59
:1024E00092B220782F46F5B9C72A72D8B1B1002E22
:1024F00039D059786278914203D11A78824200F03B
:102500008B802046FFF716FD944B002849D19A791D
:10251000204642F001029A71FFF7B4FC01221046F6
:1025200007B0BDE8F083C72A21D80029F6D09979F1
:1025300093F801C094F801E00F293FD8E6453246F0
:1025400000F09C80002E00F0CF809A7942F00102CA
:102550009A7149E00029E1D02EB12046FFF7EAFC4C
:10256000002840F0B2802046FFF78CFCD6E79A792D
:102570000F2A40F29A800029D0D093F801C06178E8
:102580008C451DD1197881421AD1002E00F021818D
:102590002046FFF7CFFC714B0028E4D09A791F2A20
:1025A0005BD8214608226D480CF02AFAFFF72CFF71
:1025B0006A4B93E80300FFF7F5FCAFE7E64518D058
:1025C0002046FFF7B7FC0028CDD0644B002ECAD0C0
:1025D000E4E7DDE90201FFF7DFFC604B1D605D60B1
:1025E00093E80300FFF7DEFC0022104607B0BDE8C9
:1025F000F0831A788242E3D1002EC9D1A17120461E
:10260000FFF740FC2146082254480CF0F9F9D0E9C4
:102610000001FFF7C7FC81E79A79D30700F19780A3
:102620000F2A40F2948002F0F001F029A27106D046
:10263000D2B2C2F30311013161F30712A271204635
:10264000FFF720FC2146082244480CF0D9F9434BFF
:1026500093E80300FFF7A6FC60E71988ADF81010B7
:1026600019798DF8141004A80021ADF812808DF8A6
:1026700015108DF81620FFF705FC92E793F800C0BF
:1026800084457FF45FAF002E7FF45FAF012262F3D9
:102690000711997193E80300FFF784FC2F48FFF7B7
:1026A000F1FB2E4B9B79A3719EE7DDE90201FFF759
:1026B00073FC2A48FFF7E6FB284B00221A605A6099
:1026C00093E80300FFF76EFC8EE7214608222348BB
:1026D0000CF096F9FEF7A2FFFFF796FE1F4B93E86A
:1026E0000300FFF75FFC19E71D4B1E491B780978B3
:1026F000994288463AD0DFF870C0194603E006F0E8
:10270000070188451CD00CEBC105A9466D787545BD
:1027100001F10106F3D11CF831108142EFD199F893
:1027200005100029EBD00BE01CF83330834203D1B5
:102730004B79002B7FF458AF06F00703984515D06E
:102740000CEBC3015E1C4D787545F5D1ECE7082212
:10275000214602480CF054F9E0E600BF4452002044
:1027600002520020035200200452002002980192DD
:10277000FFF702FEC0F30333032B019AC1B212D854
:10278000012B1FD810F4706F02D000293FF4C7AEA0
:1027900001F12003DBB2072B7FF6C1AE2046FFF725
:1027A00071FB3A46BBE6063303F00F03012BF5D865
:1027B000EF297FF6B4AE01F10F03DBB2022B7FF6F7
:1027C000AEAEEBE710F4706FE2D0A3790F2BDFD839
:1027D000A5E6A2712046FFF755FB024B1E605E6026
:1027E0009CE600BF44520020F0B585B0CDE9000161
:1027F0006846FFF75FFE9DF8042020B3F2B92B4D29
:102800002B4F2C783B789C4216D02A4E0EE02B782A
:1028100006EBC30393E80300FFF7C4FB2C783B7877
:10282000013404F00704A3422C7005D006EBC40069
:10283000FFF740FE0028EAD105B0F0BDDDE9000158
:10284000FFF7B0FBDBE70646DDE90001184F174D47
:102850003B782C78CDE90201002AD4D05A1C02F032
:102860000702A24218D0DDE90201124ED2B206EBF5
:10287000C303A24283E803003A70DDD006EBC40331
:1028800093E80300FFF78EFB01343B7804F0070464
:102890009C42F3D12C78B6E7FFF724FB064B3E7041
:1028A0002E701E605E6005B0F0BD00BF02520020B9
:1028B000035200200452002044520020014B18789B
:1028C000C008704775520020024B187800F00700CE
:1028D000704700BF75520020034B187810F00700B6
:1028E00018BF0120704700BF755200200E4B0F49E2
:1028F00010B51C68202220460CF026F828B90C4A96
:10290000137823F00203137010BD202221460748DC
:102910000CF076F8204605F037FE054A137823F0D0
:102920000203137010BD00BFEC2700204C520020A2
:1029300027990020014B1878704700BFA65200204D
:10294000074A137830EA030107D0DFF818C09CF873
:10295000001041F001018CF8001003431370704720
:10296000A652002027990020074A1378034207D077
:10297000DFF818C09CF8001041F001018CF800103D
:1029800023EA000313707047A65200202799002005
:10299000054B1A7822B105490A7842F001020A7003
:1029A00000221A70704700BFA6520020279900200D
:1029B000074A137830EA030107D0DFF818C09CF803
:1029C000001041F001018CF80010034313707047B0
:1029D000A552002027990020074A1378034207D008
:1029E000DFF818C09CF8001041F001018CF80010CD
:1029F00023EA000313707047A55200202799002096
:102A0000054B1A7822B105490A7842F001020A7092
:102A100000221A70704700BFA5520020279900209D
:102A2000704700BF08B5FFF7FBFF08BD08B5054AB2
:102A30001378034200D108BD23EA00001070FFF7AD
:102A4000F1FF08BD76520020704700BF08B5FFF7C0
:102A5000FBFF08BD08B505490B7830EA030C00D12F
:102A600008BD03430B70FFF7F1FF08BD775200204C
:102A700008B5054A1378034200D108BD23EA0000D7
:102A80001070FFF7E3FF08BD7752002030B51C4AF5
:102A90001C4B11781C4D1B781C4C0B432978226869
:102AA00083B071B9144653701949092220460BF0BE
:102AB0004BFFE0B9174A137823F00103137003B0FA
:102AC00030BD0B430192009305F004FE009B019A78
:102AD00058B1297849B10020CDE900232870FFF7CB
:102AE000B5FFDDE900232468DDE72468DBE7092280
:102AF000214607480BF084FF204605F039FDD9E751
:102B0000A5520020A652002077520020F027002076
:102B10006C5200202799002010B5094C2378DA0761
:102B200006D405F007FD10B123789B0703D410BD30
:102B3000FFF7ACFFF5E7BDE81040FFF7D7BE00BFD9
:102B400027990020704700BF08B5FFF7FBFF08BDBD
:102B5000094A527852070CD5084A41EAC00108B523
:102B60001170FFF781FA054A1078C008FFF7ECFFF3
:102B700008BDFFF779BA00BF2899002075520020E0
:102B80000E4B1A7822EA000010F00701187005D1E8
:102B9000904203D00A4A5278530700D4704700B5D8
:102BA00083B0C0080191FFF76FFA0199034B084603
:102BB0001970FFF7C9FF03B000BD00BF75520020B8
:102BC00028990020074808B543785A0700D408BD63
:102BD00023F00403437000F05DF8BDE808400220D4
:102BE000FFF7CEBF28990020074808B543785A0759
:102BF00000D508BD43F00403437000F04BF8BDE876
:102C000008400220FFF7BCBF28990020114808B5F2
:102C10004378C3F3800282F0010262F382034370BF
:102C200000F038F80C4A137803F0FD0103F00703B5
:102C3000022B117000D008BD064843785B07FAD517
:102C4000C808FFF721FA044A00201070FFF77CFF44
:102C500008BD00BF2899002075520020002000F018
:102C6000BDBC00BF08B5FFF7F9FF08BD00F07EBC92
:102C700008B500F069FC00B908BDBDE8084005F0E2
:102C8000F5B900BF00F07EBC00F08ABC00F08CBC3F
:102C900000F08EBC00F094BC00F098BC00F09ABC30
:102CA00000F0A0BC00F0A2BC00B583B000F048FC6E
:102CB00000F056FC002368468DF8003000F06AFCF6
:102CC0000B4B0120187000F06FFC4FF4A05301A8CB
:102CD000ADF8043000F074FC02F0ACFCF9F7C0FF72
:102CE00005F0E6F9FFF7BEFF02F098FC03B000BD67
:102CF00001520020FFF7D8BF014B186805F0ECBE69
:102D0000BC52002008B505F045FF024A024B106096
:102D1000186008BDBC520020B8520020704700BFA8
:102D2000704700BF08B5FFF7FBFF08BD704700BF45
:102D3000704700BF704700BF0120704708B50648C4
:102D400000F062FC00F08EFDFFF7E8FFFFF7EEFFFA
:102D5000FFF7E8FF08BD00BF953401080120704768
:102D600008B5FFF7FBFF08BD704700BF704700BF05
:102D700008B5FFF7F9FFF9F7F7F9FFF7F7FF08BD17
:102D800008B5FFF775FF88B10A48FFF77BFF0A48CF
:102D9000FFF77EFF04F014F8FFF776FFFFF70EF958
:102DA000064B1878BDE80840F9F7ACBFFFF7A2FF63
:102DB000EAE700BFC05200202899002000520020FE
:102DC00008B505F0CFFE05F08DF900F037FCFFF7F0
:102DD000D7FFFEF7C5FB03F0FDF804F01FF803F082
:102DE000BBFFFFF7A7FFFEF7CBF908BD2DE9F04FBA
:102DF00085B0FFF7A1FF002800F08E8000F03AFCBC
:102E0000524B019300241D46E0B22E8800F00EFCC8
:102E1000052C05F1020504F1010465D08642F3D0CA
:102E20004B4B1B789B0700F18D80FFF799FF4FF00C
:102E3000000980465FFA89F7384600F0F7FB019BEE
:102E400033F8026B0193B042054635D0464000246A
:102E50004FF0010B0AE052462146384602F0D4FEFC
:102E60000134E4B2102C4FEA4B0B22D006EA0B01DE
:102E700005EA0B0289B292B20029F1D0B2F1000A40
:102E800018BF4FF0010AB8F1000FE4D08DF80840E8
:102E90008DF8097005F0B8FE4FF00103ADF80A0097
:102EA0008DF80C308DF80DA0DDE90201FEF78EFBE8
:102EB000D1E7019B23F8025C09F10109B9F1060F82
:102EC000B8D105F067FE234A234B1060186003F069
:102ED000B3FF03F04DFB04F035FC03F051FF05B0E8
:102EE000BDE8F04FFEF75ABB864299D11B4C05F066
:102EF0008BFE238883420546E9D00026ADF80860A2
:102F000005F082FEADF80C60ADF80A00DDE90201C3
:102F1000FEF75CFB2580DAE7104D044605F074FEF1
:102F20002B8883420646D2D0ADF8084005F06CFEEF
:102F3000ADF80C40ADF80A00DDE90201FEF746FBF2
:102F40002E80C4E700F078FB6FE700BFAC52002092
:102F5000C0520020BC520020B8520020A8520020CD
:102F600010B582B000F070F9B0F5A44F034615D249
:102F7000B0F5A04F80F08380DF282FD8CC2800F256
:102F8000D180A7284AD8A42800F2CF80012822D0D7
:102F9000021F92B2A12A28BF00231CE045F29F2203
:102FA000904200F28180B0F5A54F80F0C38045F2D9
:102FB0005F22904257D845F23F22904200F2A6800D
:102FC00045F21F22904240F2958000F01F034AF222
:102FD000F10242EA0323184602B010BDB0F5804F5B
:102FE00036D2B0F5005F80F0AC80E728F3D9A0F5C9
:102FF000807292B2B2F5F85F80F00281C0F30720D0
:10300000019300F0DDF904469DF8040000F01CF97E
:10301000220202F4F85240EA0203DCE7A0F1A8021F
:1030200092B21A2A00F2EC80A0F1A903192B00F247
:10303000E980DFE803F0979ACAC7C4C1E2DFDCD9B0
:10304000D6D3D0CDB2AFACA9A6A3A09DBEBBB8B518
:10305000C0B2019300F0F8F8019B03F470631843C9
:1030600040F42043B7E700F003000122C3F38201DC
:1030700002FA00F343EA411343F40A43ABE700F0DA
:103080001F00019300F09CF902B21101019B01F0B5
:10309000F00110F0100FC3F3431318BF0A4642EAC1
:1030A000032242F4104396E745F2DF2290420DD806
:1030B00045F2BF22904215D800F01F0000F080F9C1
:1030C000030203F4F85343F4005384E7A0F5FE42EF
:1030D00092B2332A00F29480A0F5FA43343B43F4D1
:1030E000884378E7030203F4F85343F4204343F0A2
:1030F000F00370E700F003000122C3F3850102FA38
:1031000000F343EA411343F40D4364E700F0030086
:103110000122C3F3820102FA00F343EA411343F4AC
:103120000C4358E740F4A04355E7A0F1240343F4CF
:10313000804350E700F01F034AF2F40242EA0323FF
:1031400049E7C0F30420019300F03AF904469DF8E2
:10315000040000F079F8230203F4F853034343F426
:10316000005338E744F2E94335E744F2EA4332E7F3
:1031700044F270432FE744F26F432CE744F2B44328
:1031800029E744F2B34326E744F22A6323E744F2F3
:10319000276320E744F226631DE744F225631AE71C
:1031A00044F2A06317E744F29F6314E744F2CB5361
:1031B00011E744F29F530EE744F2CD430BE744F28C
:1031C000B74308E744F2B64305E744F2B54302E7E4
:1031D00044F22463FFE644F22363FCE644F22163F5
:1031E000F9E644F29453F6E644F29253F3E644F2DD
:1031F0008A53F0E644F2CC43EDE644F28353EAE628
:103200000023E8E644F2E243E5E600BF82B0C1F302
:103210000723052BADF8041003D89DF804200F2ACE
:1032200002D9002002B07047194602B003F06ABE0E
:1032300000B583B0ADF804100199FFF7E7FF03B0C4
:103240005DF804EBFFF78CBEE72813D8DF2812D90E
:10325000A0F1E003072B0DD8DFE803F0040C6B5E50
:10326000530C493C554B1A78D10700F1A2805B788A
:10327000D90758D47047392865D8282840F2928059
:10328000A0F12903102BF5D801A252F823F000BFBA
:103290008B3301087D33010875320108753201084E
:1032A000753201087532010875320108753201085E
:1032B0006D33010875320108753201087532010855
:1032C0005F33010875320108753201087532010853
:1032D0004B330108394B1A78110764D45B7899078E
:1032E00069D412F0100F14BF0020E7207047334B51
:1032F0001B781A07BED513F0100F14BF0020E7206B
:1033000070472E4B5A789107B4D51B7813F0100FE5
:1033100014BF0020E7207047284B1A78510744D487
:103320005B78DB073CD412F0100F14BF0020E320C1
:103330007047224B1B785A079CD513F0100F14BF0F
:103340000020E3207047822894D11C4B1A78920702
:1033500026D15B7813F0080F18BF29207047174B50
:103360001B7813F0200F18BF29207047134B1B78D0
:1033700013F0400F14BF2A20312070470F4B1B78E9
:1033800013F0400F18BF312070470C4B1A7892068B
:103390000DD45B7813F0080F14BF39202920704733
:1033A000E02070477047E6207047E22070473520E4
:1033B00060E739207047E420704700BF289900205B
:1033C000334A1378590700B513D500F0140C00F0F8
:1033D0001801ACF1040CA1F10801BCFA8CFCB1FAA3
:1033E00081F14FEA5C1C490980F00C0E8C4518BF36
:1033F0007046190715D500F0140E00F0180CAEF148
:10340000140EACF1180C80F00C01BEFA8EFEBCFA62
:103410008CFC4FEA5E1E4FEA5C1CC9B2E64518BF41
:1034200008465278D10715D500F0110E00F0180C9F
:10343000AEF1010EACF1080C80F00901BEFA8EFE6F
:10344000BCFA8CFC4FEA5E1E4FEA5C1CC9B2E64532
:1034500018BF0846920714D500F0110C00F01801AF
:10346000ACF1110CA1F1180180F00902BCFA8CFC3E
:10347000B1FA81F14FEA5C1C4909D2B28C4518BF00
:10348000104600F0E70213F0100F18BF104600BD01
:103490002899002000207047A0F5A543603B1F2B12
:1034A00003D84B7923B1184670470123184670475B
:1034B00000B583B000F01F000193FDF7E3FF019B0F
:1034C000184603B000BD00BF08B54B7983B147F67D
:1034D0005B4290420FD047F65C4290420ED047F6D6
:1034E0005A42904205D1FFF77FFB0023184608BDE2
:1034F0000123184608BDFFF765FBF6E7FFF786FBDB
:10350000F3E700BF08B54B797BB147F60142904223
:103510000ED047F6034290420DD0B0F5F84F05D1DA
:10352000FDF7C6FF0023184608BD0123184608BD55
:10353000FDF7D0FFF6E7FFF799FBFDF7CBFFF1E7CB
:10354000002000F091B900BF08B5002000F0F4F8A9
:103550004FF6E363C01AB0FA80F0400908BD00BF1F
:103560004FF6E361002000F049B900BF08B5002024
:1035700000F07AF9BDE808404FF6FF71002000F036
:103580003DB900BF10B50446022000F0C5F8207018
:1035900010BD00BF03460220197800F013B900BF28
:1035A000032000F0B9B800BF0146032000F00AB9BB
:1035B00010B50446042000F0BFF8208010BD00BF05
:1035C00003460420198800F019B900BF082217210A
:1035D00000F04CB90822172100F0D8B8014613209A
:1035E00000F028B901460E2000F0ECB808B50F2015
:1035F00000F0B2F8024BC01AB0FA80F0400908BDE2
:103600000400343400207047014B1860704700BF3D
:10361000F4270020704700BF08B5FFF7FBFF08BD87
:10362000704700BF08B5FFF7FBFF08BD014B33F83B
:103630001000704738990020704700BF08B5F5F7B3
:103640009BF90A490A4A002306200B804B808B8095
:10365000CB800B814B81138053809380D380138167
:10366000538100F01DF8FFF7D7FF08BD2C9900200B
:103670003899002000B5084883B0F5F73FFA0749AC
:1036800003460622044800F00DF80190FFF7CAFF38
:10369000019803B000BD00BF2C990020389900208C
:1036A000704700BF93B110B584B0520003930B462E
:1036B00001900C460146184602920BF045F901A90B
:1036C0000EC928B90346184604B010BD1846704705
:1036D000204601930BF094F9019B184604B010BDED
:1036E000704700BFFFF782BB08B505F015FA05F07B
:1036F00031FFFFF723FB05F02FFFFFF761FB05F01C
:1037000039FF05F03DFFFFF7EDFF05F03BFF05F04A
:10371000F9FEFFF72DFBF4E700B583B00146002367
:103720000DF1070001228DF8073000F09FF89DF899
:10373000070003B000BD00BF00B583B00146002301
:103740000DF106000222ADF8063000F08FF8BDF84A
:10375000060003B000BD00BF00B5042283B00146DF
:1037600000230DEB0200019300F080F8019803B0F4
:1037700000BD00BF00B583B001228DF807100146DF
:103780000DF1070000F078F803B000BDF8B5D31DC7
:1037900023F0070300AFADEB030D14460546684662
:1037A0000E4600F063F82246694628460BF0CCF836
:1037B00008B9BD46F8BD22463146284600F05CF8FF
:1037C000BD46F8BD30B583B000230C460546014622
:1037D00001220DF107008DF8073000F047F89DF841
:1037E00007309C4207D0012229460DF107008DF8D1
:1037F000074000F041F803B030BD00BF30B583B0E2
:1038000000230C460546014602220DF10600ADF8E4
:10381000063000F02BF8BDF806309C4207D002229B
:1038200029460DF10600ADF8064000F025F803B07A
:1038300030BD00BF30B5042283B000230C460546DE
:1038400001460DEB0200019300F010F8019B9C4231
:1038500006D0042229460DEB0200019400F00CF87A
:1038600003B030BD00F014B900F00CB803460846B0
:10387000194600F04DB800BF03460846194600F04F
:10388000A7B900BF70B5214C94F8045882B05DBB55
:1038900000F0A4FAD8B1012384F8043800F0AAFAA1
:1038A0004FF4C05206462946A4F580500BF05CF850
:1038B00094F8043841F60802C4F8002823B100F057
:1038C000E5FA10B184F80458304602B070BD94F89F
:1038D000042832B1019000F0D9FA10B1019B84F8AC
:1038E0000438002002B070BD00F084FA4FF4C052DA
:1038F00005460021A4F580500BF036F841F6080388
:103900002846C4F8003802B070BD00BFC462002071
:1039100008B58318B3F5C05F01D9002008BDDFF8F2
:1039200014C0034608460CEB03010BF069F80120B4
:1039300008BD00BFC452002092B1F8B51746044636
:1039400000250E1A01E0AF4208D03119204600F0E0
:10395000A5FA013504340028F5D1F8BD0120F8BDE1
:10396000012070479AB10430F8B517460C1F0025A6
:10397000461A01E0AF4208D0301954F8041F00F095
:1039800065FA01350028F5D1F8BD0120F8BD012008
:10399000704700BF0000000010B53B4C94F804389D
:1039A00084B02BB900F01AFA10B1012384F804385E
:1039B00000F020FA18B90346184604B010BD94F878
:1039C000043813BB019300F009FA58B34FF0010C0F
:1039D0002E49019884F804C84FF4C062FFF7C2FF73
:1039E000002839D1034694F804283AB1019300F035
:1039F0004DFA019B10B1002284F8042841F6080218
:103A0000C4F80028184604B010BD20494FF4C06225
:103A10000020FFF7A7FF60B941F608020346C4F88B
:103A20000028EFE719494FF4C062FFF79BFF002819
:103A3000F2D013A3D3E9002314484FF4C05103F08C
:103A400085F80222CDE9020102A94FF4C050FFF728
:103A500089FF4000C3B2D1E709A3D3E900230B4893
:103A60004FF4C05103F072F80222CDE9020102A91D
:103A70004FF4C050FFF776FF4000C3B2B3E700BF7A
:103A800025232284E49CF2CBC4620020C45200208F
:103A90002DE9F0414C4E06F5805786B04FF4C052E8
:103AA0000021304641F608040AF05EFFC7F80048DE
:103AB00000F036F930B14FF4C06231460020FFF714
:103AC0003BFF68B94FF4C05200213F480AF04CFF59
:103AD00041F608030020C7F8003806B0BDE8F081C1
:103AE00037A3D3E900234FF4C051304603F02EF83A
:103AF000022280460D464FF4C05004A9FFF71CFF78
:103B0000DDE904239D4208BF904548D12F4C41F682
:103B1000080503A9284600F0C1F9002848D00399F8
:103B2000C8B20ABA0304224003F4E02343EA322372
:103B300005F1040803EBD00CC20800293AD011F0BB
:103B4000C00F049109D0C7F80088FFF725FF0028AF
:103B5000B8D0022006B0BDE8F081BCF5C05FF2D855
:103B600010F0300F19D005A940460192009300F0E3
:103B700095F90028E7D0009B019A08350DF1130153
:103B8000F0180AF03DFFB5F5405FC2D3C7F8005802
:103B9000FFF702FF0028DCD194E74546EEE74FF43B
:103BA000C052002130460AF0DFFEC7F80048ADE7FA
:103BB000A846C8E70120C7F8005806B0BDE8F08164
:103BC00025232284E49CF2CBC452002000FFFF0096
:103BD0002DE9F04F8318B3F5C05F85B061D84F4F22
:103BE000054688460846E91914460AF0ADFE20B994
:103BF0000124204605B0BDE8F08FE81907F580578D
:103C0000224641460AF0FCFE97F80438002B66D1A4
:103C100000F0E4F80646002840D0012387F8043875
:103C2000002C70D0D7F8009801934FF0000A4FF0A5
:103C3000000B052C2646C5F3024228BF052642EAA2
:103C4000C602CDE902AB2B0A8DF808204146324668
:103C50000DF10B008DF809308DF80A500AF0D0FEF6
:103C60000299484600F0F2F800B3D7F80008043093
:103C7000B0F5405FC7F800082DD2012C18D10124FF
:103C8000019B012BB5D197F80438002BB1D000F07F
:103C9000FDF830B1002387F80438AAE797F8043814
:103CA00053BB0024204605B0BDE8F08F0446E7E78B
:103CB000039900F0CBF80028F8D0D7F8003803F1CA
:103CC0000409B9F5405F3544B044C7F8009802D202
:103CD000A41BAED1D3E7FFF75FFE0446D0E7022373
:103CE000002C9FD1D7F80038B3F5405F80D305B0E2
:103CF000BDE8F04FFFF750BE00F0C8F80028D0D064
:103D000087F80468CDE7D7F80028B2F5405F01D204
:103D10001C46BCE7FFF740FE0446B4E7C45200204F
:103D20002DE9F041244F2548386007F0CDF8386878
:103D300003685B689847224B8668B3F8222AB3F879
:103D4000243A42EA034803681E4A03F00103137051
:103D50005EB30024013E254606E0386807F030F8DF
:103D60000544B5F5405F17D2B44204F10104214681
:103D7000F3D1154D2A684FF6FF739A4206D0134AC5
:103D8000134B126803EA88239A4202D3114806F0C3
:103D9000C5F90120BDE8F0810B4D38682C60012188
:103DA00006F0FCFF094B1860E4E704460A4806F0F9
:103DB000B5F9A668CDE700BFD06A0020609A002060
:103DC0000070FF1FCE6A0020F8270020FC2700208B
:103DD00000FCFF0350F60108F0F5010808B50021CA
:103DE000034807F063F8B0FA80F0400908BD00BF4F
:103DF000609A00202DE9F041DFF84C80D8F80030BF
:103E0000DBB1104F00210126386803684C1C5B6948
:103E1000214698470546386806F0A0FFD8F80030DC
:103E20000543EDB2012D8CBF002606F001069C4231
:103E30002146E9D33046BDE8F08101263046BDE891
:103E4000F08100BFD06A0020F827002010B50C4A8E
:103E50000C4B12681B7882B000EB020C01910BB185
:103E6000C9430191084A1068046801ABE468042260
:103E70006146A047B0FA80F0400902B010BD00BF13
:103E8000FC270020CE6A0020D06A002008B5024836
:103E900007F01AF8012008BD609A0020154BDFF8E2
:103EA00060C01B6810B50C46C118DCF8000006F0B5
:103EB00095FF03461048DFF84CC001220270BFF3A3
:103EC0005B8F0021D3F800E00C4B8CF800101B78BE
:103ED000BFF35B8F01709CF800005B4283EA0E0326
:103EE00010B91046236010BD0B468CF80010084630
:103EF000236010BDFC270020CD6A0020CE6A002080
:103F0000D06A0020CC6A00204B790BB901207047A1
:103F100000B583B00190FEF70DFD019B00F0220279
:103F2000A3F5F04020380A2839D8DFE800F00C0F5C
:103F3000132E2533181C202906001AB302F0A0FA0C
:103F4000002003B000BD02F0C5F8F9E722B102F08D
:103F500059F9F5E7002AFAD002F034F9F0E7DAB1BE
:103F600002F0CEF9ECE722B102F05AFAE8E7002AB3
:103F7000FAD002F03BFAE3E74AB102F0A1F9DFE739
:103F8000002ADBD002F08EFADAE7002AF5D002F040
:103F9000A7F9D5E7002AE3D002F0CAF9D0E701205B
:103FA000CFE700BF4A7912B101221046704700B531
:103FB00083B0CDE90002FEF7BDFC009B019A00F042
:103FC0002201A3F5F04040380C285BD8DFE800F070
:103FD0001020151A252C3245393F4C530700002973
:103FE0004BD0009202F04CFA009A104603B000BD8C
:103FF000009202F0CBF9009AF7E7009202F06AF81B
:10400000009AF2E759B1009202F0FCF8009AECE74E
:10401000009202F087F8009AE7E70029F3D00092B7
:1040200002F0D0F8009AE0E731B1009202F058F9BE
:10403000009ADAE70029F8D0009202F041F9009ADC
:10404000D3E761B1009202F05BF9009ACDE769B164
:10405000009202F0E5F9009AC7E70029F2D0009239
:1040600002F066F9009AC0E70029F1D0009202F050
:10407000BDF9009AB9E70029B3D0009202F012FA14
:10408000009AB2E70122B0E700B585B010F47F4F87
:104090000190C0F3072EC0F3074235D09DF804000D
:1040A00009B12D4B9A5C2D4900EB40035B00A1FB4D
:1040B0000313D90901EB810303EB0313C3EB4003A3
:1040C00003EB4303DBB21EFB03FCC3F1FF0313FB53
:1040D0000EF34FEA2C2CCEF1FF0ECCF1FF0C1B128D
:1040E0001EFB02FE1CFB02FCC3F1FF034FEA2E2E57
:1040F0004FEA2C2C13FB02F3062928D8DFE801F045
:104100001509181C2127150009B1134B9A5C944618
:1041100096465FFA8CFC00206CF30700D2B262F383
:104120000F206EF3174005B000BD94461A12F0E759
:10413000F4464FEA232EECE76346F44696461A46C9
:10414000E7E711464FEA232C72468E46E1E76346C5
:10415000944672469E46DCE710FE0108818080800E
:1041600084B0012104B0FFF78FBF00BF84B001907D
:104170008DF80420019B0020DAB262F30700C3F33C
:10418000072262F30F20C3F3074363F3174004B021
:10419000704700BF84B030310A4B019013F81130E2
:1041A0009B1A8DF80430019B0020DAB262F30700FD
:1041B000C3F3072262F30F20C3F3074363F31740EF
:1041C00004B07047842600200C4B84B003EB4103FD
:1041D000019093F861309B1A8DF80430019B002008
:1041E000DAB262F30700C3F3072262F30F20C3F3CE
:1041F000074363F3174004B0704700BF84260020D4
:1042000084B0134B01903031844603EB410013F826
:10421000113041789A1AA1F12003C1F12001002048
:1042200049B25BB28342B8BF0B461A4462448DF870
:104230000420019BDAB262F30700C3F3072262F3A2
:104240000F20C3F3074363F3174004B0704700BF68
:104250008426002084B003EB43039DF810200190D6
:1042600002EB53028DF80420019B0020DAB262F3C6
:104270000700C3F3072262F30F20C3F3074363F37E
:10428000174004B0704700BF10B54C4264B249B249
:1042900031EA210128BF2146C1F1380102FB02F2B7
:1042A00011FB012184B01FFA81FCBCF1010F0190C8
:1042B0003ED9BCF5F75F9DBF4FEA5C1E0EF1080EBC
:1042C0005FFA8EFE4FF0FF0E012005E0FF2932D08D
:1042D0000132D0B2704516D800EB0E01491001FB37
:1042E00001F4A4B264450A46F0D9013A5FFA82FEAD
:1042F0000EEB0002521002FB02F1704589B202D8A7
:104300006145F2D8E4E7013800EB400003448DF842
:104310000430019B0020DAB262F30700C3F30722E6
:1043200062F30F20C3F3074363F3174004B010BDDB
:104330000CEB4C00EAE7FD20E8E700BF84B0DFF8B3
:104340004CC0019030330CEB43001CF81330407824
:10435000703B01FB03F3203802FB0032002A9DF87A
:104360000430B8BF7F3203EBE2138DF80430019BB9
:104370000020DAB262F30700C3F3072262F30F20D2
:10438000C3F3074363F3174004B07047842600204B
:1043900084B0DFF84CC0019030330CEB43001CF8C4
:1043A00013304078703B01FB03F3203802FB0032EE
:1043B000002A9DF80430B8BF3F3203EBA2138DF8FA
:1043C0000430019B0020DAB262F30700C3F3072236
:1043D00062F30F20C3F3074363F3174004B0704741
:1043E00084260020FF2928BFFF21C943C0F30743CB
:1043F000C9B284B003FB0111091201908DF80610B7
:10440000019B0020DAB262F30700C3F3072262F3D4
:104410000F20C3F3074363F3174004B0704700BF96
:1044200084B003EB8303BDF8102001901A4492B2CC
:10443000FF2A28BFFF22C0F30743D24353FA82F278
:10444000FF2A28BFFF228DF80620019B0020DAB248
:1044500062F30700C3F3072262F30F20C3F307439D
:1044600063F3174004B0704784B0482B0190BDF847
:1044700010C0C0F307402ED8ACEB03039BB2FF2B58
:1044800028BFFF23083189B2102904D902F108019D
:1044900089B2102921D8DB43DBB211491844002A24
:1044A0004978B8BF0332FF2801EBA20328BFFF20E1
:1044B0008DF806008DF80430019B0020DAB262F31B
:1044C0000700C3F3072262F30F20C3F3074363F32C
:1044D000174004B07047FF23D4E70023DDE700BF97
:1044E0004899002084B0BDF810200190D31A9BB2E7
:1044F000FF2B28BFFF23DBB283F0FF0CC0F3074282
:104500006244FF2A28BFFF2203448DF806208DF85D
:104510000430019B0020DAB262F30700C3F30722E4
:1045200062F30F20C3F3074363F3174004B07047EF
:1045300084B0BDF810200190D21A92B2FF2A28BF91
:10454000FF22C0F30743D24353FA82F2FF2A28BF67
:10455000FF228DF80620019B0020DAB262F30700EB
:10456000C3F3072262F30F20C3F3074363F317403B
:1045700004B0704700B585B0C0F3074C01909DF8BA
:1045800018001B1A6344BAB9C90FC9015B1ADBB220
:104590000CFB03331B128DF80630019B0020DAB2AE
:1045A00062F30700C3F3072262F30F20C3F307434C
:1045B00063F3174005B000BD82EAE270A0EBE27041
:1045C00000B2002901EB000E0DDB091A490191FB35
:1045D000FEF1C1F12001C9B24842C0B231EA220164
:1045E00028BF0146D2E7401A4FEA4E1E9EFBF0FE5E
:1045F000CEF1600E5FFA8EF1EEE700BF84B001905D
:104600009AB9C90FC9010B448DF80430019B0020F1
:10461000DAB262F30700C3F3072262F30F20C3F399
:10462000074363F3174004B0704782EAE270A0EBDF
:10463000E27000B2002900EB010C0DDB091A490100
:1046400091FBFCF1C1F12001C9B24842C0B231EA8C
:10465000220128BF0146D6E7401A4FEA4C1C9CFBBA
:10466000F0FCCCF1600C5FFA8CF1EEE784B09DF8C1
:1046700010C00190A3EB0C039AB9C90FC9015B1AD2
:104680008DF80430019B0020DAB262F30700C3F317
:10469000072262F30F20C3F3074363F3174004B00C
:1046A000704782EAE270A0EBE27000B2002900EBF2
:1046B000010C0DDB091A490191FBFCF1C1F120014C
:1046C000C9B24842C0B231EA220128BF0146D6E74A
:1046D000401A4FEA4C1C9CFBF0FCCCF1600C5FFADA
:1046E0008CF1EEE75308D20984B0194A01901ABF41
:1046F00083F0FF0303F00F0C03F00F0CC3F301135F
:10470000C0F3074102EB430012F81330427818BFA0
:104710000CF1010C12FB0CF203EB12135BB2002B39
:10472000B8BF5B425B00DBB201FB03331B128DF8A9
:104730000630019B0020DAB262F30700C3F30722C0
:1047400062F30F20C3F3074363F3174004B07047CD
:10475000ECFD010884B004B0FFF702BD264B4A7897
:10476000034493F81031134200D1704710B504464A
:104770002248028802EB422343F2196C02EB8302C7
:10478000624402EB422384B002EB8303634402EBF6
:1047900012228DF808200380194A019103EB13239C
:1047A000C3F34603D2788DF80A207F338DF80930A1
:1047B0000298FFF7CFFF0199124BCA781B5D8DF865
:1047C0000C00C0F307219A42C0F307408DF80D108A
:1047D0008DF80E0001D004B010BD0B4A5268019252
:1047E000DDF804C0CAB29DF80C10C3B2204604B074
:1047F000BDE81040604700BF842600202428002028
:104800004899002050990020F4FD01082DE9F04F4F
:10481000037803EBC3046400E4B204F112035FFA0B
:1048200083F9B9F1580FCA4628BF4FF0580A5445CA
:1048300089B080F08F80DFF86881554B98F80420AC
:104840001B88544DCDF81490520802FB033305F237
:104850000F16C3F3072304910746039305EB4405A2
:1048600006EB040919F8012F7B781A426AD095F8F3
:10487000612095F86010203A703902FB02FB01FBC1
:1048800001BB1FFA8BFBBBF1010F7BD9BBF5F75FB7
:104890009DBF4FEA5B1E0EF1080E5FFA8EFE4FF0D1
:1048A000FF0E01204E4606E0BCF1FF0F6DD0013334
:1048B000D8B2704519D800EB0E0C4FEA6C0C0CFB0B
:1048C0000CF91FFA89F9D9456346EDD9013B5FFA26
:1048D00083FE00EB0E035B1003FB03FC70451FFA25
:1048E0008CFC02D8DC45F1D8E1E7431EB146DBB2CF
:1048F0000398009098F802C098F80100049E40EADE
:104900000C2098F803C040EA0C40B047C0F30723DE
:104910008DF81C00C0F307408DF81D308DF81E0087
:104920000798FFF717FF1C4BFA781B5D8DF81800EE
:10493000C0F307219A42C0F307408DF819108DF893
:104940001A000FD00134E3B29A4505F1020589D867
:10495000DDF81490B9F1570F8CBF0020012009B089
:10496000BDE8F08F0D4BCAB25E689DF81810C3B257
:1049700020460134B047E3B29A4505F102053FF6FF
:1049800071AFE5E75FFA8BF3B2E7B146B0E700BF7E
:10499000A89900208426002050990020F4FD0108E9
:1049A000489900202DE9F04F047804EBC40464001A
:1049B000E4B204F112035FFA83FEBEF1580FF2462F
:1049C00028BF4FF0580A544587B05CD2324B334F62
:1049D000B3F80090324D3B79DFF8CCB0029105F28C
:1049E0000F165B0803FB099926448046C9F3072983
:1049F00005EB4405CDF80CE00196019A12F8011F71
:104A0000019298F8012011424B4634D0B978787859
:104A100097F803C095F86120029E40EA012095F8BE
:104A2000601040EA0C407039203AB047C0F30722CA
:104A3000C0F307438DF815208DF816308DF814005B
:104A40000598FFF787FE1BF8043098F803208DF8CF
:104A50001000C0F30721C0F3074C9A428DF812C032
:104A60008DF8111007D10F4BCAB25E68C1B25FFA60
:104A70008CF32046B0470134E3B29A4505F10205B4
:104A8000BBD8DDF80CE0BEF1570F8CBF0020012031
:104A900007B0BDE8F08F00BFA8990020489900201A
:104AA00084260020F4FD0108509900202DE9F04FE4
:104AB000047804EBC4046400E4B204F11203DAB233
:104AC000582A934628BF4FF0580B5C4585B04ED20C
:104AD0002A4E2B4B96F804801B882A4DDFF8ACA099
:104AE00001924FEA980808F1020803FB08F82544F0
:104AF00089460746C8F307280095009B13F8010F65
:104B000000937B7818424246E1B22BD0B07873789C
:104B100043EA0023F07843EA0040C847C0F3072285
:104B2000C0F307438DF80D208DF80E308DF80C0082
:104B30000398FFF70FFE1AF80430FA788DF8080092
:104B4000C0F30721C0F3074C9A428DF80AC08DF8D4
:104B5000091007D10C4BCAB25D68C1B25FFA8CF381
:104B60002046A8470134E3B29B45C6D8019A572A8C
:104B70008CBF0020012005B0BDE8F08F48990020CF
:104B8000A899002093270020F4FD010850990020E7
:104B90002DE9F04F04785D4E04EBC4046400E4B2E8
:104BA00004F11203DAB25A4B1D8833799B0803FBD8
:104BB0000555C5F30723582A03F1400C934628BF37
:104BC0004FF0580B1CF0400F89B04FEA25255FFAD3
:104BD0008CF740F0948007F00F0EBC4617F0800F62
:104BE0004C4FCCF3011C07EB4C0817F81CA098F8AD
:104BF00001C01CFB0EFC0AEB1C1A5FFA8AFACAF110
:104C0000000C5FFA8CFC18BFE24613F0400F4FFA1D
:104C10008AFA70D083F0FF0C0CF00F0E0EF1010E2B
:104C200015F0800FCCF3011507EB450C17F8159024
:104C30009CF8015015FB0EF509EB15195FFA89F97F
:104C4000C9F10005EDB218BFA9465C454FFA89F9D4
:104C50004AD2314DDFF8C8800391254407460493BA
:104C600005920295029810F801CF029078781CEA1C
:104C7000000FE3B24A46514631D0049D707800954A
:104C800096F802C0039D40EA0C2096F803C040EA63
:104C90000C40A847C0F307238DF81C00C0F3074061
:104CA0008DF81D308DF81E000798FFF753FDC0F3F7
:104CB0000723FA788DF8193018F804308DF81800A9
:104CC0009A42C0F307408DF81A0008D1134B9DF8A3
:104CD00019205D689DF81810C3B22046A84701341A
:104CE000E3B29B45BED8059A572A8CBF002001200D
:104CF00009B0BDE8F08F03F00F0E9C4690E787F0F7
:104D0000FF0C0CF00F0E0EF1010E67E74899002022
:104D1000A8990020ECFD010893270020F4FD01086C
:104D2000509900202DE9F04F037803EBC304640091
:104D3000E4B204F11203DAB2582A934628BF4FF0C6
:104D4000580B5C4587B07ED2DFF82481444E98F83A
:104D50000430444DDFF81CA101910133FF2B28BF23
:104D6000FF234FF6FF7CBCFBF3FC1FFA8CF7814658
:104D70002644CDF808C00097039203E00134E0B266
:104D800083455FD916F8012F99F801301A42F5D002
:104D90002B78013B180660D4334A009FDBB21A44DB
:104DA000E0B202E0013B190654D412F8011D814221
:104DB000F8D105EB430191F819C0897E4CEA012135
:104DC000B942EFD2009798F8043098F8022098F88A
:104DD00003000133FF2B28BFFF2303FB011198F8C9
:104DE000013043EA0223C1F30F2143EA0040019B53
:104DF0009847C0F307238DF81400C0F307408DF8DF
:104E000015308DF816000598FFF7A4FC99F80320DB
:104E10001AF804308DF81000C0F307219A42C0F34D
:104E200007408DF811108DF81200A7D10F4BCAB2B0
:104E30005F689DF81010C3B220460134B847E0B255
:104E400083459FD8039A572A8CBF0020012007B0C2
:104E5000BDE8F08F02990097B5E70299B3E700BF6C
:104E600093270020AC990020BE990020F4FD010892
:104E700048990020509900202DE9F04F0B7803EB62
:104E8000C3035B00DBB203F11204E4B2582CA44666
:104E900028BF4FF0580C63458DB080F0DC80744E15
:104EA000744F0890984606F20F1303EB08093B78FD
:104EB000059106EB480603930994CDF818C0CDF888
:104EC00010904546029207E0069A0135EBB29A42ED
:104ED00006F1020640F2BE80049B13F8012F0493F2
:104EE000059B5B781A42EFD0032263490AA809F0B8
:104EF00087FD039A089B9A4240F2B4800795029C72
:104F00005E4D984607EB03094FF0000B19F8013F7F
:104F100096F8612099F80810521A96F8601002FB72
:104F200002FAC91A01FB01AA1FFA8AFABAF1010FA3
:104F300040F28A80BAF5F75F9DBF4FEA5A1C0CF128
:104F4000080C5FFA8CFC4FF0FF0C0120CDF808B084
:104F500007E0FF2B7BD00EF1010E5FFA8EF060456B
:104F600019D800EB0C035B1003FB03FB1FFA8BFB50
:104F7000D3459E46EDD90EF1FF3E5FFA8EFC00EB65
:104F80000C0E4FEA6E0E0EFB0EF360459BB202D87C
:104F90005345F0D8DFE7431EDDF808B0DBB295F8E3
:104FA00004C007EB480E0CF1010C9EF819009EF8A6
:104FB0001AE08DF82AB0BCF1FF0F28BF4FF0FF0CAC
:104FC00040EA0E200CFB0000C0F30F2000900A986E
:104FD000A04708F10108039A8DF828005FFA88F3CA
:104FE000C0F3074B9A42C0F307208DF82AB08DF822
:104FF00029005FFA8BFB89D8AA46079D02949AF88C
:10500000033003FB0BBB4FEA2B238DF82A300A98A1
:10501000FFF7A0FB059B8DF82C00DA78184B5B5D41
:10502000C0F307219A42C0F307408DF82D108DF888
:105030002E007FF449AF134BCAB25C689DF82C1068
:10504000C3B22846A0473FE75FFA8AF3A7E7DDF837
:1050500008B0A4E7099C572C8CBF002001200DB09C
:10506000BDE8F08FDFF814A04FF0000BC7E700BFDA
:1050700084260020AC9900204999002048990020FE
:1050800050990020F4FD01082DE9F04F0478254ADD
:1050900004EBC4046400E4B25378917804F112097B
:1050A00006465FFA89F9D0784F4643EA012383B078
:1050B000582F43EA004028BF5827FFF74BFBBC425C
:1050C000C0F307238DF80400C0F307408DF80530C6
:1050D0008DF806001ED2144DDFF85080DFF850A086
:1050E00005EB040B1BF8012F73781A420ED018F849
:1050F0000430F2789A4209D1DAF804509DF806306B
:105100009DF805209DF804102046A8470134E3B21D
:105110009F42E7D8B9F1570F8CBF0020012003B0A0
:10512000BDE8F08F48990020932700205099002077
:10513000F4FD01080149FFF7B9BC00BFE5460108CD
:105140000149FFF763BB00BF754501080149FFF73F
:10515000ADBC00BF6D4101080149FFF7A7BC00BF0E
:10516000954101080149FFF7A1BC00BFC9410108F1
:105170000149FFF79BBC00BF014201080149FFF74D
:1051800045BB00BF554201080149FFF70BBC00BFFA
:10519000894201080149FFF705BC00BFFD45010830
:1051A0000149FFF733BB00BF6D4601080149FFF716
:1051B000EFBC00BF3D4301080149FFF7E9BC00BF58
:1051C000914301082DE9F0410478C278817882B0DA
:1051D0000546002C3AD1394B1879394B1030FF284D
:1051E0001B8828BFFF2000FB03331B1203EB430087
:1051F00000EB001000EB002003EB80039BB243F2B6
:10520000333083423FD82F482F4F038803EB432688
:1052100003EB860303F558531933038003EB132381
:10522000DBB203EB830003EB4000400927F81200D8
:10523000B84600293BD001271226204601342946D2
:10524000E4B2FFF78BFAB442F7D315E004EBC404E1
:105250006400E4B204F11203DBB2582B1E4628BFEF
:105260005826572B8CBF0027012749B9164B33F816
:105270001200844298460ED9384602B0BDE8F0814B
:10528000B442DAD3F8E70029D5D10F4B33F8120036
:10529000984601271226B042EED22946C0B20192AA
:1052A000FFF75CFA019A592328F81230E4E7122636
:1052B000B0424FF00107DFD2EFE700BF489900206E
:1052C000A89900202428002008280020024B002054
:1052D0000021C3E900017047D86B0020F0B50378C6
:1052E000C67883B00446002B63D0564D2A78002A36
:1052F00055D1554A00211170544D35F8162003EB55
:10530000C3035B00DBB203F112069342F6B240D84E
:10531000582E334628BF582393423AD94C4B134456
:10532000627893F81031134233D04A490B8803EB6B
:10533000432203EB820343F21960034403EB13227D
:1053400092070B8063D50023ADF800308DF8023052
:105350000098FFF7FFF9C0F307238DF80530E378D5
:105360008DF80400C0F307403B4A8DF8060035F87D
:105370001300125C9A4209D1384B9DF805205F68F2
:105380009DF804109DF80630B847E378592225F8B7
:105390001320572E8CBF0020012003B0F0BD03F076
:1053A000F9FB2F4B002243F826002A702378E67879
:1053B0009FE7254A012303FA06F01378034313708D
:1053C000274B53F8260003F087FB264AE67812792C
:1053D0002378C2F5A07282428ED21E4819490288F3
:1053E0001A4D4FF001070F7002EB422102EB8102D0
:1053F00002F558521932028002EB1222D2B202EBAD
:10540000820102EB4102520925F8162077E703EBEF
:10541000432203EB8203034403EB432203EB8202A8
:1054200002440A8002EB122203EB1323C2F346026A
:105430008DF8003002F17F038DF80130094BDB78E5
:1054400084E700BFD76A0020D86A00200428002023
:10545000842600202428002050990020F4FD010813
:10546000D86B0020489900202DE9F04F4E4E06EBF6
:10547000001387B013F801A0BAF1FF0F76D04B4AA2
:1054800002EB00138C460B440AF1300A8146059367
:1054900006EB4A0B34461146002560468C46A6466C
:1054A00000275FFA85F80291039404951EF8011B0A
:1054B000FF294CD0C8455CD0303106EB410316F8CB
:1054C00011105C789BF801301B1B16F81A4003FB87
:1054D00003F3641A04FB0434A4B2012C59D9B4F5C3
:1054E000F75F9DBF61090831C9B2FF210123019710
:1054F00005E0FF2D4FD00132D3B28B4213D85D1897
:105500006D1005FB05F7BFB2A7422A46F1D9013A53
:10551000D1B2CA18521002FB02F58B42ADB202D8CA
:10552000A542F4D8E7E7013BDBB2282B019F0ED858
:10553000A3F1180110292CD8C3F128039CF80010FE
:105540000B449BB2FF2B28BFFF238CF800300137A0
:10555000FFB2102F0CF1010CA8D102A932C90135FC
:10556000062D04F1100401F1100197D107B0BDE838
:10557000F08FB842A0D1059A137801372033FF2B62
:10558000FFB228BFFF23102F13700CF1010C8DD137
:10559000E3E71023D2E7019F0137FFB2102F0CF190
:1055A000010C83D1D9E700BF84260020106B0020B6
:1055B0000149FFF7B7BB00BFE54301080146024AB6
:1055C0000020FFF759BC00BF214401080146024AF0
:1055D0000020FFF751BC00BF69440108044B054A95
:1055E0001B78013B23EAE3730146D8B2FFF744BCC2
:1055F000AC990020E5440108044B054A1B78013BA7
:1056000023EAE3730146D8B2FFF736BCAC99002019
:1056100031450108F8F77CB9F8F700BA08B5034836
:10562000FDF73CFB024B00221A7008BD4899002090
:10563000D96A002009480A4908B51523032200F851
:10564000013B09F0DDF905484FF67F738380FDF7D4
:1056500025FB044B00221A7008BD00BF48990020AA
:105660005CF50108D96A00200020704730B583B08E
:10567000044601911546FFF7F7FF064B019903EB2E
:1056800004135B5CFF2B02D0421C2B54D0B203B03E
:1056900030BD00BF84260020704700BF2DE9F04FC9
:1056A000037803EBC3077F00FFB207F11202D5B204
:1056B00089B082780290582DAB4628BF4FF0580B26
:1056C000002A40F0A880002B00F08F80674B0493E5
:1056D000674E0595D946DFF8B8B14FF00008A6F13E
:1056E000100AA6F110045D46CDF80CB0019614F82E
:1056F000013BBB425BD34B450AEB030108F10102BE
:1057000055D2029E91F81011737819425FFA82F80F
:105710004DD095F800B0ABF155026FF05501002A5D
:10572000A8BF8B1A534AB8BF0B468DF81830937830
:105730008DF819300BF1AA03FF2B28BFFF2303EBD1
:105740004303D2780233DBB202FB03331B128DF822
:105750001A300698FEF7FEFF474B14F8012C96F816
:1057600003C0995C8DF81C00C0F307238DF81D3031
:105770008C45C0F307438DF81E3009D13F4B9DF88F
:105780001C105E689DF81E3010469DF81D20B04725
:105790003B4B1B785BB1029B1A78049B1B780BF187
:1057A000FF3B2BEAEB7B9A4218BF85F800B0019BC8
:1057B000A34205F101059AD11E46324BDDF80CB02B
:1057C000B34206D0B8F1110F06F110060BF1100B21
:1057D00087D9059D029B049A1B781370572D8CBFA7
:1057E0000020012009B0BDE8F08F204B04931B7806
:1057F000002B3FF46DAF244C208803F065F9204B5B
:1058000018288CBF012200221A707FF661AF03F0C6
:10581000FBF920805CE71D4E90F80380DFF85CA068
:1058200001956FF48779A9EB060906F20F1406F2C9
:10583000671601E0B44210D0204614F8013FB8EBDF
:10584000131FF7D14844DAF80450FFF725FF00236F
:105850001A461946A847B442EED10D48019D602270
:10586000002109F081F8029B1B782CE7D66A002002
:10587000942600204899002050990020F4FD01084A
:10588000D06B0020E4260020D26B0020842600206C
:10589000106B00202DE9F04F0178DFF8F4A24A1CCC
:1058A00002EBC20289B05200D2B29AF803500592BC
:1058B000827883462B467AB9002900F0F280DFF81F
:1058C000D4A201238AF80030059B572B8CBF0020FF
:1058D000012009B0BDE8F08FA54EC778DFF8A4928B
:1058E00000956FF48778A8EB060806F20F1401956F
:1058F00006F2671601E0B44210D0204614F8013FCA
:10590000B7EB131FF7D14044D9F80450FFF7C4FE9A
:1059100000231A461946A847B442EED1954E019B82
:10592000009D0396602200213046009309F01CF888
:10593000914A002111709BF80020002ABFD19AF8EB
:105940000340009BA54201D000F281802546DFF88C
:1059500044A203EB43099AF80000FF21B1FBF3F3E3
:1059600004934FEAA90302934FEA990218B18349BD
:105970000B7801330B70DFF8F891DFF8F8C1009570
:105980009046039BCDF804C0ACEB0307FFB266461C
:105990000024E5B280B1784B1B782B4378D0337864
:1059A00053B1009A934207D2744A049912788A42FA
:1059B00004BF03F1FF333370284606AA3946FFF7C8
:1059C00053FE230119F80330FF2B04D00DEB000226
:1059D00001301376C0B2C0B132789DF81800684B20
:1059E0009BF803101B5C424543D999420DD1654B8E
:1059F00002995D68009B521A5B1A01FB02F292FB4E
:105A0000F3F2D3B21946009AA8470134062C9AF84B
:105A1000000006F11006BCD1DDF804C05A4B0CF1B1
:105A2000010C634509F10109ABD1009D68B1534BED
:105A3000049A1978914204BF002119704E490B78DD
:105A40000133DBB21C2B2FD80B7000233AE706F191
:105A500060007036A0F160010A7812FB04F2B2FB1C
:105A6000F5F201F8102B8842F6D10130B042F1D1A5
:105A70006CE79942C9D1009B13FB02F2029BB2FB77
:105A8000F3F2404B5D680023D2B21946A847BCE749
:105A900008F0DCFE3D4B984281DCDDE900231A7002
:105AA0008AE7344A039252E700230B70039B4FF0BE
:105AB0004F086FF03F0C052403F15001A3F10F07CD
:105AC00003F1600E05F1FF395246052C084607EB3D
:105AD0000803164620D10278AA4232D013F8012BCF
:105AE00095420ED901308645F5D1013C14F0FF04F2
:105AF00032460CF1100CA8F11008E6D1B246A4E72A
:105B0000009C03F8019C01300CEB0302864502F86F
:105B10000850EAD0052CDED002469A4600949AF846
:105B200000400133AC4202F1010003EB0C0B12D335
:105B3000704503F8019C02460BF8085016D09A46AF
:105B4000EDE780F8009013F8012B9542D9D9013088
:105B50007045C0D1C9E7704502F1020206D01C7839
:105B6000AC420AF10203CBD27245E8D1009CBCE7FB
:105B700084260020706B0020D56A0020D46A0020A3
:105B800050990020F4FD0108806B00205455550504
:105B9000489900200028002010B5DFF824C084B008
:105BA000DCF80440039102920193FFF775FD019B1D
:105BB000029A0399A44604B0BDE81040604700BFB4
:105BC000F4FD0108014B9B68184700BFF4FD010874
:105BD0008C4611461A460A4B13F80C30834200D00B
:105BE000704700B5074883B0406801909DF81030B9
:105BF0006046DDF804C003B05DF804EB604700BF09
:105C000050990020F4FD01082DE9F04F87B080463F
:105C100089461546FDF7A2F850B165B9494B1A7887
:105C2000082A00F282802A4649464046F8F7F2F8F0
:105C300007B0BDE8F08F04AA49464046FFF714FDBF
:105C4000DFF80CE10EEB0813044613F80930FF2BC4
:105C500004D00DEB000201341374E4B2394B1A780E
:105C60002244082A2ADCF4B11A781444E7B20DF170
:105C70000F060024981816F8011F417401F1300C2A
:105C800003EB420101324C768C760EEB4C01D2B222
:105C90001EF81CC0497880F801C0BA424172E9D1AF
:105CA0001A70002DBFD0284B1B7803F0FC03402B4B
:105CB000B9D149464046FFF7D7FBB4E7C4F108071E
:105CC000620002F1190B7A00009204F11102611CCA
:105CD00004F1090A019202971C4E039319443A46B3
:105CE000304608F08DFE039B3A4603EB0A0106F1AD
:105CF000080008F085FE039B009A009303EB0B015C
:105D000006F1180008F07CFEDDE900133A4619445C
:105D100006F1100008F074FE029B06F8013C002C0E
:105D2000BFD0DFF82CE0009B9EE70827102011224F
:105D3000CDE9000202974FF0190B4FF0090A01213B
:105D40002C46C9E7DC6A002048990020DD6A002063
:105D500084260020704700BF70B5764B1B788342C5
:105D600084B0054636D0744C744801235822002173
:105D7000A37008F0F9FD08220DEB02001721FDF7D2
:105D800075FD6F4B01930322581C0DF1090108F0BA
:105D900037FE019B9DF80C201A715B7962789A425C
:105DA00006D06849637000228B68104611469847F8
:105DB000182D00F2B780DFE805F098948F8A85806F
:105DC0007B76716C67625D58545038342F29473C9C
:105DD0004D251A005A4B5C491A780978564C02F046
:105DE00003028A420CBF00220122A270D5E752486A
:105DF000F7F714FE237801332370002800F0898020
:105E000004B070BD4C48F7F783FDF3E74F4A4A49A9
:105E10000020FFF731F8EDE74D494748FEF782FFD4
:105E2000E8E74548FFF736FDE4E74348FFF736FC6F
:105E3000E0E7484B484A18783F49013820EAE070CB
:105E4000C0B2FFF719F8D5E7444A3B490020FFF7F5
:105E500013F8CFE73F4B424AEDE73748FFF73EFAEA
:105E6000C8E73548FFF7AEF9C4E73E493248FEF7C8
:105E70008FFEBFE73C493048FEF78AFEBAE73B4950
:105E80002D48FEF7C3FCB5E739492B48FEF78AFDDC
:105E9000B0E738492848FEF785FDABE73649264884
:105EA000FEF7B4FCA6E735492348FEF7FFFDA1E75E
:105EB00033492148FEF7FAFD9CE732491E48FEF7B8
:105EC000F5FD97E730491C48FEF7F0FD92E72F49B2
:105ED0001948FEF79BFC8DE72D491748FEF7E6FDB4
:105EE00088E71548FFF7D0F884E7A378B3B1154BDE
:105EF00000229B68114610469847F7F7E9F9237886
:105F0000A2780133237022B9224B03221A7004B005
:105F100070BD204B02221A7004B070BD237801338B
:105F20002370F1E723781B4A01330221237011709B
:105F300066E700BF18280020142800205099002090
:105F400048990020F4FD0108192800202144010887
:105F5000E5430108AC990020E544010869440108C3
:105F600031450108914301083D4301086D46010890
:105F7000FD45010889420108554201080142010816
:105F8000C9410108954101086D41010875450108A5
:105F9000E5460108102800200120704701207047C5
:105FA00000EBC0004300DBB203F11202002063F3F8
:105FB0000700D3B2582B28BF582382B063F30F20B9
:105FC00002B07047012070470120704708B5FFF705
:105FD000FBFF08BD174B70B51B68174D174E984750
:105FE000174800241022FF2100F8194B08F0BCFCD0
:105FF00014481022FF2100F8194B08F0B5FC0123CA
:1060000028463370FCF748FE2B783470032B00D9F8
:1060100070BD2846152300F8013B0B49032208F008
:10602000EFFC4FF67F732846AB80FCF737FE3470E9
:1060300070BD00BFF4FD010848990020D96A002016
:10604000AC990020DC6A00205CF5010838B51C4CD6
:10605000237803F0030282F0010262F3010323704C
:10606000184B00210546197010BB2378164813F011
:10607000030F4FF003024FF0180118D094F803C03B
:106080000CF11003BCF12F0FDBB210D8E37015B187
:10609000FDF7F2FBE9E72F2B09D80CF120020CF1F8
:1060A0003003D2B2DBB22F2A98BF1A46E27038BD55
:1060B000217801F0FC0117201143FDF75BFBD4E7C9
:1060C0004899002010280020499900200020FFF75F
:1060D000BDBF00BF0120FFF7B9BF00BF10B50F4C17
:1060E000237813F0030304BF0D4A13702278E3787A
:1060F000012161F3010222702F2B09D8207810F0C2
:10610000030003F1100304D0DBB22F2BE370F5D9A9
:1061100010BDFFF79BFFE378EEE700BF4899002032
:1061200010280020094A13789B0702D0084B002151
:106130001970137823F00303C3F385018900172036
:1061400001F0FC011370FDF715BB00BF489900205A
:1061500010280020054B1A78920702D0044A00212B
:1061600011701A7822F003021A70704748990020C3
:1061700010280020024B187800F00300704700BF81
:10618000489900200A4B1A78920708D040B901209C
:106190001A78084960F3870200201A700870704767
:1061A000182801D91820F3E700F03F00F0E700BFFE
:1061B0004899002010280020014B1878800870476B
:1061C00048990020DFF838C09CF80020930801337C
:1061D000192B28BF012391070ED063F3870202F029
:1061E000030141EA83018CF80020044A0023C9B26C
:1061F00017201370FDF7BEBA704700BF10280020AB
:106200004899002011480278C2F38503013B13F03E
:10621000FF0302F0030211D1BAB160214FF0180C54
:1062200003780B4A6CF38703037003F003031943ED
:10623000C9B2002317201370FDF79CBA2AB1182B9E
:10624000EBD803F03F0C9900EAE77047489900202B
:1062500010280020044B93F800C01CF0030F02D05C
:1062600058709970DA7070474899002000B583B073
:106270000949032201A808F0C3FB9DF804109DF80A
:1062800005209DF80630002061F3070062F30F201F
:1062900063F3174003B000BD49990020014B5878C3
:1062A000704700BF48990020014B9878704700BFA5
:1062B00048990020014BD878704700BF48990020CA
:1062C000064803789B0707D04378083300F8013F5E
:1062D00003221821FDF7D0BA704700BF489900206B
:1062E000064803789B0707D04378083B00F8013F36
:1062F00003221821FDF7C0BA704700BF489900205B
:106300000A4B1A7892070FD093F802C00CF1100CC8
:10631000BCF1FF0F28BF4FF0FF0C03221821581CBF
:1063200083F802C0FDF7A8BA704700BF4899002063
:10633000084B1A7892070CD093F802C0ACF1100CFD
:106340002CEAEC7C03221821581C83F802C0FDF7CC
:1063500093BA704748990020DFF82CC09CF80030B1
:106360009B0709D09CF803301033FF2B28BFFF2375
:106370008CF8033010B97047FFF768BE032218216C
:106380000CF10100FDF778BA4899002010B5154CC2
:10639000237813F0030304BF134A13702378E278C1
:1063A000012161F301032F2A237008D80020FFF791
:1063B000D3FFE3782F2BF9D9217801F0030123785B
:1063C00003F0FC0319431720C9B2FDF7D3F9E378B2
:1063D0002F2B05D80120FFF7BFFFE3782F2BF9D92A
:1063E00010BD00BF48990020102800200B4B1A78E0
:1063F00092070FD093F803C00CF1100CBCF1FF0F03
:1064000028BF4FF0FF0C03221821581C83F803C04B
:10641000FDF732BA0120FFF719BE00BF48990020EE
:1064200008B50F4B1A78910713D093F803C0ACF15D
:10643000100C03222CEAEC7C581C182183F803C0B2
:10644000FDF71AFA064B1A78920702D0DB78302B48
:1064500000D908BDBDE808400120FFF7F7BD00BF27
:1064600048990020024B1A78920718BF187170479C
:1064700048990020014B1879704700BF48990020C7
:10648000074B1A78920709D019791031FF2928BFD4
:10649000FF21C9B21B201971FDF76CB9704700BF0D
:1064A00048990020064B1A78920708D019791039BC
:1064B00021EAE171C9B21B201971FDF75BB9704780
:1064C00048990020014B1860704700BF0C2800203D
:1064D000FCF718BC08B5034B1B699847024B012217
:1064E0001A7008BDF4FD01080C6B002008B5034BC1
:1064F0005B699847024B00221A7008BDF4FD010841
:106500000C6B0020014B1878704700BF0C6B00200B
:10651000114B12491B78124A70B5124C124E107072
:10652000C3F301030B70237805461BB173699847C9
:1065300000232370F36898470DB923781BB10B4BE8
:1065400003221A7070BDF9F7A1FE0028F7D0336955
:10655000984701232370F2E748990020192800206A
:10656000182800200C6B0020F4FD010810280020E2
:106570002DE9F041544D286802F0AEFA044602F0CD
:1065800009FBDFF85CE128609EF8007027B3C4F5D2
:106590007F4C00210CF1FF0C3E46884606E0234468
:1065A0000131180A8E425370907010D001F10C0224
:1065B0000EEB42025378907843EA00236345EED90C
:1065C00001318E4207F1FF374FF00108EED1B8F1EB
:1065D000000F01D08EF800703C4B1B78002B2ED0A2
:1065E0003B4C2378032B10D8DFE803F0024411174B
:1065F000384A394B2D6839481D60002111703849DF
:10660000292208F0FDF901232370BDE8F08100265E
:106610003046BDE8F041FFF77BBF324D2B7823B108
:106620003148FCF73BFB00232B702B4B186802F022
:1066300053FA0F28E9D900232370BDE8F081FCF755
:106640005BFB2A4B1B689842CAD8274B1E78B307BE
:10665000C6D01F4C2378B608032BD6D801A252F817
:1066600023F000BFF16501087F660108116601088B
:106670001B660108BDE8F0410020FFF76DBB304606
:10668000FFF76AFB002EC0D02378022B16D0114BE7
:106690001B78013B03EBC3035C00E4B204F1120579
:1066A000EDB2582D28BF582529462046FFF78AFC11
:1066B00029462046FFF78AFCBDE8F081FFF76CFC15
:1066C000F5F744FDE3E700BF086B00200D6B0020E9
:1066D0001028002014280020A8990020AC99002040
:1066E000DC6A0020D96A0020489900200C2800208C
:1066F0000A4A034608B1107808B11370704700B514
:1067000085B0039302920190FFF726FB0198FFF7F3
:10671000FFFE039B029A137005B000BD0D6B0020B5
:10672000F0B583B001289DF8204003D90023184616
:1067300003B0F0BD1F46124B1646002253F820004E
:106740000D461023114602F0B9FBB0B1019005F0DF
:106750000F010C4841F0200101700221467002F047
:10676000BFFB50B92146384602F0BAFB28B902F007
:10677000C1FB019B184603B0F0BD02F0BBFBD5E79F
:106780001C280020E06B00202DE9F041434C064618
:1067900054F82000012500F00F01BCB005FA01F10A
:1067A0002A4620F00F0006F047F854F8263023F070
:1067B0000F0203F00F03002405FA03F313830321F0
:1067C0000CAB2246009530468DF83040FFF7A8FF0D
:1067D000AA2303278DF8303000950CAB1322032138
:1067E0003046FFF79DFF0CAB39460095142230462A
:1067F0004FF004088DF83070FFF792FF0CAB39466C
:106800000095152230468DF83080FFF789FF402330
:106810008DF8303039460CAB009516223046FFF724
:106820007FFF0CAB394600951A2230468DF8304078
:10683000FFF776FF182206AB00922146224630462B
:10684000CDE90644CDE90844CDE90A44FFF768FFE5
:106850002146C0220CA808F087F8C02200920CAB99
:10686000224629463046FFF75BFF0D4A07CA0C2334
:1068700000936B4483E80700414622463046FFF709
:106880004FFF00950DF10B032246394630468DF837
:106890000B50FFF745FF3CB0BDE8F0811C280020FD
:1068A0008CF60108572822D870B5DFF858E0144C50
:1068B0001D461EF820300EEB800003F0030EDA2395
:1068C00090F801C003FB0E438478C078064613F8A5
:1068D0000C0088420CD00A48DA2303FB0E00012387
:1068E00000F80C100255855580F8C03070BD704717
:1068F000185D9042EFD19B5DAB42ECD1F6E700BF53
:10690000E86B002080F901082DE9F04FDFF8708076
:106910001A4C81468A469346C4464FF0000EDA2050
:106920000CE003F80290BEF1580F4FF0010203F89B
:1069300006A083F8C02003F807B01CD018F82E304A
:106940009CF801209CF802609CF8037003F003039C
:1069500000FB03410EF1010E8D5C4D450B460CF121
:10696000040CDED18D5D5545DBD1C95D5945D8D1CB
:10697000BEF1580FE2D1BDE8F08F00BFE86B0020F8
:1069800080F901082DE9F0432B4D05EB800415F843
:1069900020C02A4894F803E09046994662780CF0AB
:1069A000030CDA2303FB0C0303EBD203012793F858
:1069B000C160A37802F00704A74003F007050EF0BA
:1069C000070479B33E43DA2101FB0C0101EBD2024B
:1069D00001EBD30182F8C16091F8C1200121A940E7
:1069E000B8F1000F24D042EA0105DA2202FB0C02C2
:1069F00002EBD30102EBDE0281F8C15092F8C13004
:106A00000122A240B9F1000F0FD01343DA2202FB9A
:106A10000C0000EBDE0E01228EF8C13080F8D92088
:106A2000BDE8F08326EA0706CDE723EA0203EDE797
:106A300022EA0105D9E700BF80F90108E86B0020D0
:106A400030B5802183B01848012205F0F5FE164AC2
:106A50008023138302F050F90020FFF795FE0120F8
:106A6000FFF792FE00240123E0B21A4619460134D2
:106A7000FFF788FF582CF6D10C4C0025237E43B934
:106A80006B1C022B04F1DA044FF00105F6D103B0C0
:106A900030BD182300220093114623462846FFF7F5
:106AA0003FFE00232376EBE700040240A96C0020A0
:106AB0000C4A002302F1C00012F8011F82420B446D
:106AC000FAD1094A02F1C00012F8011F90420B44AA
:106AD000FAD107EE903A9FED050AF8EE677A87EE55
:106AE000800A7047E76B0020C16C0020007C834760
:106AF00010B50E4B84B0002493F8C02042B9621C3C
:106B0000022A03F1DA034FF00104F5D104B010BDFD
:106B1000C02200920121002220460393FFF700FECD
:106B2000039B002283F8C020E9E700BFE86B002048
:106B3000014B80225A83704700040240014B80229F
:106B40001A8370470004024001F0A0BDF0B58646EC
:106B50001C4643189E451046214633D200241EF899
:106B6000012B4240CD004FEAC20C1CEB020C45EA5F
:106B7000527541EB05061CEB0C004FEA41154FEA3C
:106B8000421C764145EAD2651CEB000C45EB06053C
:106B9000D701CE011CEB020C41EB050510021CEBEA
:106BA000070C4FEA012146EA526645EB060541EA29
:106BB00012611CEB000C45EB0105411914EB0C00B4
:106BC0007345CCD1F0BD00BF08B5A0F5E8433F2B1D
:106BD00006D84B79C0B22BB900F066F8002008BD8A
:106BE000012008BD00F044F8F8E700BF704700BF7F
:106BF000052806D8044B00EB400003EB8003D8883F
:106C000070470020704700BF4824002010B500EBFB
:106C10004004FFF7EDFF0E4A02EB840203B2D18875
:106C200090885B1AA3EBC313401A93FBF0F0002883
:106C300004DD10895B42401A93FBF0F06FF07E0395
:106C40009842B8BF18467F28A8BF7F2000B210BD69
:106C500048240020054808B5837B03B908BD01F02E
:106C6000E7FC02480023837308BD00BF9C6D002031
:106C70000F2800D9704708B50A4AC1084FF0010C27
:106C800000F0070382F80EC00CFA03F312F801C0FB
:106C9000104643EA0C03535401F0CAFC014A002396
:106CA000937308BD9C6D00200F2800D9704708B56C
:106CB0000A4A4FEAD00C012100F00703917301FA50
:106CC00003F312F80C10104621EA030302F80C300B
:106CD00001F0AEFC014A0023937308BD9C6D0020B7
:106CE0002DE9F843124FDFF84C9000253E462C4624
:106CF0004FF0010859F825300133E0B208D0FFF712
:106D000085FFB6F9023083421CBF708087F80E8081
:106D10000134062C05F1030506F10206EAD1BB7B1E
:106D200023B1034801F084FC0023BB73BDE8F88362
:106D30009C6D002048240020052809D8054B03EB52
:106D40004000B0F902208A4202D0012241809A73A9
:106D5000704700BF9C6D002070B50024074E25468B
:106D600056F824300133E8B201D0FFF73FFF033477
:106D7000122C05F10105F3D170BD00BF482400209D
:106D8000FFF7AEBFFBF772BF08B50020FCF74EFC63
:106D900000F0010008BD00BF08B5FCF76BFC40F631
:106DA000B83003F0A3FCFCF765FCFFF7EDFF00B97A
:106DB00008BDFFF7E7FFBDE8084001F057BF00BF7F
:106DC00008B5FFF7E9FF08BD0120704708B5FFF7D8
:106DD000FBFF08BD0E4B0F4A1B6910B50E4C6FEA46
:106DE000133394F800C003F001018C4582B00B46C8
:106DF000117000D148B100200193FAF7ADF9019864
:106E0000FFF7E4FF034A1378237002B010BD00BF00
:106E100000040240B06D0020AC6D002008B50548AC
:106E200020224FF4805105F007FDBDE80840012005
:106E3000FFF7D0BF000402400E4B0F4A186992F8CA
:106E400000C010B56FEA103000F001010B4C8C450A
:106E500082B0217001D102B010BD00200191FAF77B
:106E60007BF90198FFF7B2FF2378034A137002B051
:106E700010BD00BF00040240AC6D0020B06D0020CA
:106E800010B5044682B000680DF10702012100F040
:106E90000BF923689DF807000133236002B010BD91
:106EA0000420704700F082B800F0A2B82DE9F84342
:106EB00000F078F84FF000095FFA89F74FF000080A
:106EC0005FFA88F60024E2B231463846FAF7E6F96E
:106ED000E2B2034631463846013400F089F8102CFE
:106EE000F1D108F10108B8F1060FE9D109F1010962
:106EF000B9F1040FE0D1BDE8F88300BF00F09AB803
:106F000000F0B4B8032803D8052901D80F2A01D905
:106F10000020704700F04AB81020704708B500F014
:106F2000BFF880B208BD00BF00F0BEB800F0DEB808
:106F300008B500F039F8BDE8084000F0FBB800BF24
:106F40000F2800D9704770B582B0054600F0A8F848
:106F5000012101AA013800F0A7F89DF80440D4B936
:106F600000F09EF80646C5B1A64201AA4FF0010105
:106F7000204610D000F098F89DF804306A1E0134C5
:106F8000002BF1D112F0FF05EED10548019400224B
:106F900001A900F0C1FE02B070BD2C46F5E700BFAC
:106FA000816E0108704700BF704700BF03281CD8DE
:106FB00005291AD80F2A18D810B5520002EB411231
:106FC0004FF0C00382B010FB032303F6225001935D
:106FD000FCF7A2FB019B044603F62350FCF79CFB45
:106FE00040EA042080B202B010BD0020704700BF0C
:106FF00003281DD805291BD80F2A19D800B552001F
:1070000002EB41124FF0C00183B010FB012202F6E7
:107010002250190A00920193FCF7D4FB009A9DF8C4
:10702000041002F6235003B05DF804EBFCF7CABB72
:10703000704700BFC1B1F8B500F622571446561884
:10704000851ABF1A04E0002004F8010BB4420AD0EC
:107050006319B3F5407FF6D2E019FCF75DFB04F845
:10706000010BB442F4D1F8BD704700BFB1B1F8B51F
:1070700000F6225714465618851ABF1A02E001344A
:10708000B4420AD06319B3F5407FF8D22178E019F1
:107090000134FCF797FBB442F4D1F8BD704700BF50
:1070A00040F2DE70704700BFF1B12DE9F84300F502
:1070B000815602360024814688461546B61A234674
:1070C00040F2DD7707E000200134A4B2444505F822
:1070D000010B234606D24B44BB42F4D8A819FCF757
:1070E0001BFBF1E7BDE8F883704700BF09B32DE94A
:1070F000F84300F5815808F10208002407460E46BF
:107100001546A8EB0208234640F2DD7906E001347B
:10711000A4B2B44205F10105234608D23B444B45D5
:10712000F5D8297805EB0800FCF74CFBEFE7BDE844
:10713000F8837047F0B5002385B0CDE90033CDE981
:1071400002337E2740F2DE7641F22205102E3446CD
:1071500028BF1024294622466846FCF717FB013F4A
:107160002544A6EB0406F1D105B0F0BD47F6164361
:10717000984201D00120704700B583B00191FBF720
:10718000D9FB01994B7983B100F0AA0000280B4B81
:1071900013BF01220022292035201A7001F060FB64
:1071A000FBF7BAFC002003B000BD044B1B78002B9A
:1071B0000CBF2920352001F071FBF1E7B16D0020F3
:1071C0004B7933B1A0F5E04291B2222904D9184697
:1071D000704701231846704700B583B09448019268
:1071E000FBF756FD019A501E212800F21A81DFE8B4
:1071F00010F0120108010201FC00F600F000EA00A4
:10720000E400DE00D800CE00C800C200BC00B6001A
:10721000AC00A4009C0090008A00840077007100FC
:107220006B0065005F0059005300480044004000B7
:107230003A00340022007E494B78C3F3C00282F04A
:10724000010262F3C3034B707948FBF723FDFAF7A1
:1072500049FE0023184603B000BD754A537823F059
:1072600008035370F0E7724A537843F008035370F1
:10727000EAE70020FBF714FDE6E70120FBF710FD2D
:10728000E2E76B494B78DA4302F0010262F3000354
:1072900062F341034B70D7E7654A537823F0030349
:1072A0005370D1E7624A537843F003035370CBE73E
:1072B0005F4A537823F002035370C5E75C4A537862
:1072C00043F002035370BFE7594A537823F0010398
:1072D0005370B9E7564A537843F001035370B3E74C
:1072E00053490B78C3F3800282F00102D2B262F3F9
:1072F000820362F3C3030B70A6E74D4A137823F0B1
:107300000C031370A0E74A4A137843F00C03137080
:107310009AE7FAF7E7FD46490B78C3F3C01282F00B
:10732000010262F3C7130B708EE7FAF7DBFD404AE8
:10733000137823F08003137086E7FAF7D3FD3C4AF5
:10734000137843F0800313707EE739490B78C3F359
:10735000801282F0010262F386130B7074E7344AE4
:10736000137823F0400313706EE7314A137843F02B
:107370004003137068E72E4A137823F0200313703C
:1073800062E72B4A137843F0200313705CE7284927
:107390000B78C3F3001282F0010262F304130B7046
:1073A00052E7234A137843F0100313704CE7204A46
:1073B000137823F01003137046E71D4A137823F067
:1073C0000803137040E71A4A137843F00803137058
:1073D0003AE7174A137823F00403137034E7144A8A
:1073E000137843F0040313702EE7114A137843F027
:1073F0000203137028E70E4A137823F00203137078
:1074000022E70B490B78C3F3000282F0010262F31A
:1074100000030B7018E7064A137823F0010313707A
:1074200012E7034A137843F0010313700CE700BF1F
:1074300028990020184B1B78D90707D5174B1878C7
:1074400040007F2809D850B9012070479A0708D515
:10745000124B187880007F28F5D97F207047C0B282
:1074600070475B070AD40E4B1B785BB10D4A0B4982
:1074700012780878934207D3C000E2E7074B1878E8
:10748000C000DEE70820704710FB03F0C000B0FB2F
:10749000F2F080B2D5E700BFB86D00202B280020A5
:1074A000B76D00202A280020144B1B78D90705D57A
:1074B000134B1878800840B9012070479A0706D509
:1074C0000F4B187840080028F6D0C0B270475B0711
:1074D00011D40C4B1B78002BEED00B4A08491278C4
:1074E000087893423CBF10FB03F0B0FBF2F07F281A
:1074F000E1D97F207047024B1878F8E7B86D00207B
:1075000027280020B66D00202628002008B5A0F10D
:10751000CD03122B10D8DFE803F03A40454B101092
:10752000101010101010181D23292E0A3400234AA1
:10753000137843F00203137008BD214AD138517803
:10754000012383400B43537008BDFFF7ADFF1C4B75
:10755000187108BDFFF7A8FF194B4042187108BD0C
:10756000FFF7A2FF164B4042587108BDFFF79CFF82
:10757000134B587108BD114A137843F0010313707F
:1075800008BD0E4A137843F00403137008BDFFF7DB
:1075900051FF0B4B4042D87008BDFFF74BFF084B23
:1075A000D87008BDFFF746FF054B4042987008BDF4
:1075B000FFF740FF024B987008BD00BFB86D002078
:1075C000BC6D00204D4BCD2893F9042093F9021097
:1075D00037D0CE280AD0CF281CD1002935DA002197
:1075E000997093F9031049B16AB1704793F9030098
:1075F00000282ADD0020D8700029F5D1404900205C
:107600000870002AF1D193F90530002BEDD13D4AE5
:1076100013707047D0283AD0D9281DD0DA2831D03D
:10762000DB2826D0DC2842D0D1380E280DD8DFE860
:1076300000F033333333333333330C0C0C0C594EEB
:10764000430093F903000028D4DB0029CCD193F93F
:1076500003100029C8D1D1E7002AF6DD00221A71F3
:107660000029D0D193F90320002ACCD1244A1170EB
:10767000C9E793F905000028E7DA002058710029CE
:10768000B2D1E4E7002AE9DB0029ADD1DFE7002928
:10769000A5DC0029A8D1DAE74FF0010C0CFA00FCB8
:1076A000587820EA0C00587000299DD1CFE793F953
:1076B00005000028E1DCC8E7DFF84CC09CF80000BA
:1076C00020F004008CF8000000298DD1BFE7DFF81E
:1076D00038C09CF8000020F002008CF8000000295F
:1076E00082D1B4E7DFF820C09CF8000020F0010050
:1076F0008CF8000000297FF477AFA8E7BC6D00206C
:10770000B76D0020B66D0020B86D002008B501F0FF
:107710007BFA094B9A78D9780A431CBF074A108034
:107720001A795B791A431CBF054B1880BDE80840E5
:10773000014800F035BF00BFBC6D0020B46D0020D3
:10774000B26D002030B5B14C94E80300030E85B053
:1077500043EA104300225BB20290ADF80C10628045
:10776000A28063B1AA4B188801F0AEF9A9490B7841
:10777000002B68D0A84A1278904200F3CD809DF883
:107780000C309DF80D2013430BD0A44B188801F04A
:107790009BF9A3490B78CBB1A24A1278904200F32F
:1077A000BE809A4802A901F0D7F838B9A378E178E9
:1077B00022790B4313436279134301D0FFF7A6FFED
:1077C000DDE902012060A18005B030BD964A127843
:1077D00002EB8202B0EB420FE3DD01330B709DF947
:1077E0000C209DF90D30002A7FD000930192FFF705
:1077F0005BFE019A009B002A40F3958041B2217103
:10780000002B40F0958094F905C0BCF1000FC8D062
:1078100000EB4003C3EB031300EB830380331A1226
:107820000CEB4C03C3EB03130CEB830003B2002BF4
:10783000227180F29A80803B1BB2002BB8BFFF33CD
:107840001B126371ADE7794A127802EB8202B0EB4A
:10785000420F94DD01330B709DF90A309DF90B50F6
:107860003BB30093FFF7E6FD009B002B40F39480B1
:1078700042B2A270002D40F0A68094F90330002B94
:107880003FF47DAF00EB4002C2EB021200EB82023C
:10789000803203EB4301C1EB011103EB810319B209
:1078A00012120029A270C0F2058180331B12E3700E
:1078B00065E794F90220002D65D00092FFF7BAFD2C
:1078C0004142CBB2002DC8BF0346009A5BB2E370C1
:1078D000002A3FF454AF02EB4201C1EB011102EB6D
:1078E000810211B2002967DBD2E794F90410002B62
:1078F0003FD0CDE90013FFF7D7FD019B009942422D
:10790000D2B2002BC8BF02464FFA82FC84F805C0F1
:1079100000293FF446AFAAE0FF2B9DD09AE7FF2B4A
:107920003FF45DAF59E7404241B22171002B59D07D
:1079300001910093FFF7B8FD009B0199002B40F3E4
:10794000938001EB4103C3EB031301EB83031AB2F2
:10795000002A40B2C0F2B58000EB400280331B1217
:10796000C2EB0212237100EB8200803003126371BC
:1079700017E700293FF415AF94F905C0BCF1000FDB
:107980003FF40FAF73E0002A3FF4F9AE94F90330EF
:10799000002B3FF4F4AE9EE7404242B2A270002DAD
:1079A00046D194F90330002B3FF4E9AE02EB4201DB
:1079B000C1EB011102EB810180390AB2002ABFF646
:1079C00068AFFF3265E70092FFF734FD002D009AA3
:1079D000014657DD02EB4201C1EB011143B202EB5C
:1079E000810255E794F905C0BCF1000F3FF4D9AE10
:1079F00001EB4102C2EB021201EB8202803A12B2A9
:107A0000002AB8BFFF3212120AE700BFBC6D002087
:107A1000B46D0020B76D00202C280020B26D00202E
:107A2000B66D002028280020292800202D280020BD
:107A30000092FFF7FFFC002D009A014622DD02EBC9
:107A40004203C3EB031302EB8303803B1BB2002B07
:107A500041B2B8BFFF3301EB41021B12C2EB02126D
:107A6000A37001EB820320E740424FFA80FC01EB58
:107A70004103C3EB031301EB83031AB2002ABFF6E1
:107A8000CDAEBBE702EB4203C3EB031302EB830370
:107A90001AB24942002A49B221DA803A12B2002AC7
:107AA00001EB4103B8BFFF321212C3EB0313A27004
:107AB00001EB830180390BB2002BBFF6F7AEFF3329
:107AC000F4E6803A12B2002A00EB4003B8BFFF325E
:107AD0001212C3EB0313227100EB830045E701EBA5
:107AE000410280331B12C2EB0212A37001EB820130
:107AF000E0E700BF10B40648064C0749074A0023D8
:107B0000237003700B7010BC13609380704700BF2C
:107B1000B66D0020B76D0020B86D0020BC6D002050
:107B20002DE9F041C308774A774ED55C774C00F0D9
:107B30000702305CE45C07467548C35C134114419E
:107B4000154113F0010382B00E4604F0010405F064
:107B5000010543D1BCB93846F9F750FE002E50D08C
:107B60006C4B40F2E7302146E6FB03014FF47A729A
:107B70000023F0F7F1FA804602F0B8FD002D70D135
:107B800002B0BDE8F081E6200193F9F74FFD002E29
:107B900072D0019B5F4A40F2E730E6FB02031946D0
:107BA0004FF47A720023F0F7D7FA04468046F6F7CE
:107BB00043FE204602F09AFD31463846F9F71EFE94
:107BC000204602F093FDE620F9F7DAFDF6F734FEE1
:107BD000204602F08BFD002DD2D042E0E120F9F7E3
:107BE00025FDE6B9012002F081FD002C73D121466C
:107BF0003846F9F703FE012002F078FDE120F9F79D
:107C0000BFFD012002F072FD002DB9D02C20F9F744
:107C10001DFE012002B0BDE8F04102F067BDF6F79D
:107C20000BFE3C4B40F2E7300021E6FB03014FF432
:107C30007A720023F0F790FA804602F057FD7CBB81
:107C400031463846F9F7DAFD404602F04FFDE120B3
:107C5000F9F796FDF6F7F0FD404602F047FD002DDE
:107C60008ED02C20F9F7F2FDF6F7E6FD404602B083
:107C7000BDE8F04102F03ABD012002F037FD314687
:107C80003846F9F7BBFD012002F030FDE620F9F798
:107C900077FD012002F02AFD002D3FF471AFB5E71A
:107CA000E620F9F7C3FCF6F7C7FD404602F01EFDDB
:107CB00031463846F9F7A2FD404602F017FDE620AE
:107CC000F9F75EFDF6F7B8FD404602F00FFDE12042
:107CD000F9F756FDBEE7E620F9F7A8FC012002F00F
:107CE00005FD31463846F9F789FD012002F0FEFC1A
:107CF000E620F9F745FD012002F0F8FCE120F9F754
:107D00003FFD7EE790FF010810FF0108A0FF01087A
:107D1000B0FF0108A08601002DE9F0479046434AD4
:107D2000DFF80C9140F2E7330E460021E8FB023108
:107D300007464FF47A7218460023F0F70DFA824690
:107D40003046B847002838D0012860D13046B847BF
:107D5000431E0446032B26D8DFE803F04F403102D0
:107D60003046B84719F800305B07044659D500255E
:107D70003046B84719F80010303C05EB850511F086
:107D8000040104EB45050446F2D1002D49D0274BF0
:107D900040F2E730C5FB03014FF47A720023F0F79D
:107DA000DBF902F0A3FCF6F747FDB8F1000F32D083
:107DB000504602F09BFC002CC2D1BDE8F087304653
:107DC000B847F9F7DDFCF6F737FDF6F735FDB8F102
:107DD000000F0ED0504602F089FCB1E73046B8479C
:107DE000F9F724FCF6F728FDF6F726FDB8F1000FA9
:107DF000F0D1012002F07AFCA2E73046B847F9F74B
:107E000025FDF6F719FDB8F1000FF2D0E2E7414683
:107E1000FFF786FE94E7012002F068FC002C8FD16A
:107E2000CBE7012002F062FCBDE700BFA0860100A5
:107E3000C805020810B5417984B09DF8184051B9C1
:107E40003A490978914227D002F12003DBB2072B8F
:107E500018D904B010BD354B01921A7000F0D4FE51
:107E6000019A334902F12003DBB2072B0880F0D8D6
:107E700002F0070201209040C0B204B0BDE81040FB
:107E8000F9F7ECBC02F0070201209040C0B204B048
:107E9000BDE81040F9F7ECBC254801920088039337
:107EA000029100F011FEC728019ACDD8039B0299D8
:107EB00003F120029942D2B20CD001F12000C0B2ED
:107EC000072827D9072A15D9204604B0BDE8104055
:107ED000F9F7BCBC204602910192F9F7B7FC019A70
:107EE0000299072AB5D801F0070101238B40DBB2C4
:107EF0001846CCE7012203F0070302FA03F3DBB2D2
:107F000018460193F9F7AAFC2046F9F79FFC019B5C
:107F10001846BCE701F0070101208840C0B2029377
:107F20000192F9F7A5FC029B019ACBE7C46D0020F2
:107F3000C26D002000B5A0F5F843183B83B0084699
:107F4000062B46D8DFE803F00F18212A333C040043
:107F500028230093E522012347F61E41FFF76AFF1D
:107F6000002003B000BD26230093E022E12347F662
:107F70001841FFF75FFFF3E727230093E422E5238F
:107F800047F61941FFF756FFEAE72622E123009260
:107F900047F61A411A46FFF74DFFE1E72722E5238E
:107FA000009247F61B411A46FFF744FFD8E7262305
:107FB0000093E222E12347F61C41FFF73BFFCFE7A6
:107FC00027230093E622E52347F61D41FFF732FF02
:107FD000C6E74B7913B1024B00221A700120C0E7AB
:107FE000C46D002010B547F67743984282B00DD09B
:107FF00047F67843984202D0012002B010BD4B7979
:10800000FBB100F027F8FAF72FF805E04B799BB9A0
:1080100000F01AF8FAF738F800F016F8044600F005
:1080200019F8019000F01CF8019902462046FAF771
:10803000CBF9002002B010BD00F006F8FAF714F8F2
:10804000EAE700F007F8E5E7014B1878704700BF52
:1080500030280020014B1878704700BF2F280020DF
:10806000014B1878704700BF2E28002000B583B060
:108070000DF107020DF106010DF1050000F00EFAF9
:108080009DF80530262B02D0002003B000BD9DF8DE
:108090000630082BF8D19DF80700A0F10400B0FAD3
:1080A00080F0400903B000BD704700BF704700BFBB
:1080B00008B500F0F1F9FF221146104600F00CFA65
:1080C0000020FFF7F3FF002000F022FAFEF7EEFE9B
:1080D000FEF72EFFBDE8084004220821262000F00C
:1080E000FBB900BF00B583B0FFF7DEFF00F00AFA6E
:1080F000FFF7DCFF0DF107020DF106010DF10500A0
:1081000000F0CCF99DF80530262B18D000F0C4F90A
:10811000FF221146104600F0DFF90020FFF7C6FFEE
:10812000002000F0F5F9FEF7C1FEFEF701FF042282
:108130000821262003B05DF804EB00F0CDB99DF8CE
:108140000630082BE2D19DF80730042BDED103B0B6
:1081500000BD00BFFDF7BABF08B54B792BB1A0F544
:10816000EE427F2A04D9184608BD0123184608BDEF
:10817000C0B2FEF7E5FE0023184608BDFF230370DA
:10818000704700BF10B50378013B0446032B06D8A7
:10819000DFE803F0150D0206FEF76CF9607010BD04
:1081A000FEF77CF86070FEF77FF8A07010BDFDF759
:1081B000E1FF0028F2D0FDF7FFFF6070EFE7FEF768
:1081C00079F8607010BD00BF38B51C4903780446CB
:1081D000012208789A400243013B0A70032B2CD8F5
:1081E000DFE803F018120D026578A478FEF762F854
:1081F000214602462846BDE83840FEF72BB8607895
:10820000BDE83840FEF72EB963787BB9BDE8384049
:10821000FDF7A0BFFEF742F80546FEF745F8627885
:1082200001462846BDE83840FEF714B8FDF756FF72
:108230006078BDE83840FDF7A5BF38BDC56D0020AA
:1082400008B51B4A1378022B08D0042B0FD0102B33
:1082500016D0082B22D00023137008BD154B1A200E
:10826000D978FBF787FA124A1378042BEFD1114B18
:1082700017201978FBF77EFA0D4A1378102BE8D1F6
:108280000C4B18205978FBF775FA0A4B192099788E
:10829000FBF770FA064A1378082BDCD1054B1B203C
:1082A0001979FBF767FA024A0023137008BD00BF73
:1082B000C56D00204899002008B54378032B02D0F3
:1082C000FFF75CFF08BD034613F8022B082A08D00D
:1082D000092A0ED0072A09D11846BDE80840FFF741
:1082E00073BF1846BDE80840FFF74CBFFF2303707B
:1082F00008BDBDE80840FFF7A3BF00BF70B582B05E
:1083000006460C461546F4F721F9B0B92378013B2F
:10831000122B0BD8DFE803F018271D2F4638131354
:10832000130A0A527E73686561563B00FF2323706F
:108330002A4621463046F4F70BF902B070BD2946B3
:108340002046FFF7B9FFF3E700220C236270A37009
:10835000EEE76378022B00F08C80052BE6D1A07845
:10836000FFF7F8FEE4E76378013B032BDED8DFE894
:1083700003F07D735D57E278A1786078FEF792FD97
:10838000030A23716071D3E7FEF790FDD0E76078B0
:10839000A378E17840EA032040BA221D80B2FEF7BC
:1083A000AFFDC5E762792379A178607843EA0223BB
:1083B0005BBAE2789BB2FEF777FDB9E7FEF7ACFD5A
:1083C0006070B5E76078A378E17840EA032040BAAE
:1083D000221D80B2FEF792FDAAE7FEF761FD6070F4
:1083E000A6E7FEF7A5FDA3E76078A378E17840EA69
:1083F000032040BA221D80B2FEF798FD98E760780E
:10840000A378E17840EA032040BA221D80B2FEF74B
:108410008BFD8DE7FEF782FD030A6370A07087E78E
:108420000023A370E3702371637181E7A378052BA8
:108430003FF67EAF2246D8B201920093FBF7F6F8E2
:10844000009B019A01331071062B4FEA1020D07067
:1084500002F10202EFD16BE700F054F8030EA370B3
:10846000030CE370030A2371607161E700F092FB73
:10847000F4E7E378A07840EA0320237940EA034058
:10848000637940EA036000BA0090FFF70FFE00989E
:1084900000F03EF84CE700BF704700BF10B514462F
:1084A00082B040B1019040F61E500091FBF734F9C4
:1084B000019B0099187031B140F61F500091FBF7F5
:1084C0002BF90099087024B14FF45260FBF724F99E
:1084D000207002B010BD00BF10B582B00C4601463E
:1084E00040F61E500192FBF76DF9214640F61F50F1
:1084F000FBF768F901994FF4526002B0BDE81040F3
:10850000FBF760B908B540F62150FBF705F908BD47
:10851000C1B240F62150FBF755B900BF014B1860BE
:10852000704700BFCC6D0020014B1868704700BF3A
:10853000CC6D002008B500F089FAA0F10100B0FA76
:1085400080F0400908BD00BF034B1B6813B11B68D6
:1085500003B1184718467047CC6D002008B5034B8F
:10856000186810B1006800B1804708BDCC6D0020CC
:10857000044B1B6823B15B6813B1012101701847DC
:10858000704700BFCC6D0020044B1B6823B19B6873
:1085900013B1062101701847704700BFCC6D002051
:1085A000044B1B6823B1DB6813B10221017018472B
:1085B000704700BFCC6D00200C4B1A88824213D04C
:1085C0000B4A188013687BB11B696BB100B583B08F
:1085D000020A03218DF805008DF804108DF806209D
:1085E00001A8984703B000BD704700BFC86D0020C8
:1085F000CC6D00200C4B1A88824214D00B4A188094
:10860000136883B11B6973B100B583B00421020AFA
:108610008DF805008DF804108DF806200DEB010093
:10862000984703B000BD7047C66D0020CC6D002098
:10863000154B1B6833B300B5014687B0CA88408824
:10864000B1F804C08DF80D008DF80F2008894A8913
:108650008DF80EC04FF0070EB1F80CC08DF8100069
:108660008DF811200DF1130002228DF80CE08DF829
:1086700012C0019306F0C4F9019B03A85B699847F7
:1086800007B000BD704700BFCC6D0020034B1B68D6
:1086900013B1DB6903B11847704700BFCC6D0020F0
:1086A000094B1B6873B100B583B0811C0C220748CD
:1086B000019306F0A5F9019B05489B6903B05DF89D
:1086C00004EB1847704700BFCC6D0020362800200F
:1086D00034280020034A044B10781B781844C0B299
:1086E000704700BF795200207852002008B900205E
:1086F000704700B583B00190FFF71CFF019A10B1DD
:108700000F4B1B7863B90F4B1868831C083013F8A4
:10871000011F914211D08342F9D1002003B000BD66
:10872000EF2AF0D8084B1B6803EBD20302F00701D5
:108730009B780B41DB07E6D5F0E7012003B000BDD5
:1087400078520020F0270020EC27002090F803C08A
:108750008C452DD0002300B5C21C9E46BCF1000FF5
:108760000DD00133062B4FFA83FE03D012F801CF50
:108770006145F3D100BD12F802CF8C45FAD0052B2C
:1087800003F1020305D092F801C08C45F2D0062B0C
:10879000F1D1DFF824C0074A9CF8003043F0010310
:1087A0008CF80030137870440133C170137000BD31
:1087B000704700BF7952002027990020EF290CD87C
:1087C00000EBD10001F00701837843FA01F2D207F0
:1087D00004D501228A40134383707047DFF81CC020
:1087E0009CF8002042F002028CF80020DFF810C054
:1087F0009CF8002001328CF80020EAE7279900203D
:1088000078520020EF2922D800EBD1034FF0010C61
:108810009A7801F007010CFA01F042FA01F122EA1C
:10882000000211EA0C0014D000B5DFF82CE09A70B9
:108830009EF800106046DFF824C041F002018EF877
:1088400000109CF8001001398CF8001000BD0020C9
:1088500070479A70704700BF279900207852002017
:1088600010B50446FFF766FE18B1094B1B78062BBE
:1088700006D0084B21461868BDE81040FFF766BFD8
:10888000054B21461868BDE81040FFF797BF00BFB1
:1088900079520020F0270020EC270020F8B504468C
:1088A000FFF748FE10B1154B1B78F3B9144B154F69
:1088B000154E186897F800C031784FF0000E831CF1
:1088C0007546083013F8012FA24205D11D704CF0F7
:1088D000010C01394FF0010E8342F3D1BEF1000FBC
:1088E00002D087F800C03170F8BD084B21461868E7
:1088F000FFF788FF0028D9D0F8BD00BF78520020CC
:10890000F02700202799002079520020EC27002032
:1089100038B5FFF70FFE0D4D2C7860B90C4B1B6876
:10892000002244F00104DA701A715A719A71DA71F6
:108930001A722C7038BD074B18681E2200210230B5
:1089400006F012F844F00204E8E700BF279900207F
:10895000F0270020EC27002042784B789A4201D083
:108960000120704790F902301BB191F902209A4220
:10897000F6D190F9033083B990F905301BB191F924
:1089800005209A42ECD190F904000028E9D091F931
:108990000430181A18BF0120704791F903209A4239
:1089A000DED1E9E782B002B0704700BF00B583B006
:1089B000FFF7F8FF03B000BD00B5044B013083B0F2
:1089C000D8701868FFF7F2FF03B000BD48280020F8
:1089D00000B5044B032283B0DA701868FFF7E6FF96
:1089E00003B000BD4828002000B5044B013083B01F
:1089F000D8701868FFF7DAFF03B000BD48280020E0
:108A000000B5044B012283B0DA701868FFF7CEFF7F
:108A100003B000BD4828002000B5044B012283B0FC
:108A2000DA701868FFF7C2FF03B000BD48280020C5
:108A300000B50038044B18BF012083B09870186847
:108A4000FFF7B4FF03B000BD48280020014B987821
:108A5000704700BF4828002000B5044B83B0587011
:108A60001868FFF7A3FF03B000BD00BF482800202F
:108A7000014B5878704700BF4828002000B5044BD0
:108A800083B018701868FFF791FF03B000BD00BFF6
:108A900048280020704700BF704700BF704700BFE4
:108AA000704700BF10B5FFF7F5FFFAF7E3FDFFF7DA
:108AB000F3FF0024E0B2FAF7B9FD18B90134062C2F
:108AC000F8D110BD012010BD10B5044600F09CF88F
:108AD000001B80B210BD00BF10B5044600F05AF86C
:108AE000001B10BD84B00023CDE90033CDE9023373
:108AF000084AD2F8101AD2F8143AD2F8182A029278
:108B0000CDE9001384469DE80F008CE80F00604615
:108B100004B070470070FF1F08B501F06DFFBDE89D
:108B2000084001F0E3BA00BF08B5F8F7E5FCBDE87E
:108B3000084040F2A46001F0D9BD00BF08B5F9F7C4
:108B400027FFF9F75DFFFFF7E3FEFEF7D3FF0020F5
:108B5000FFF732FD0020FFF74DFDBDE80840F8F7B4
:108B6000D9BC00BF08B5302383F3118801F05EFF44
:108B7000DFF81CC00449054ACCF8000000230B6054
:108B8000136083F3118808BDD46D0020D06D0020E0
:108B9000D86D002070B501F0CFFA064601F046FF0F
:108BA000DFF860C0134ADCF800301349C41A1068BB
:108BB0000D68A0420ED905F12375A3F5833305F5A1
:108BC0005635E03B05F5C47504F58334CCF8003028
:108BD000E0340D603046146001F0B8FA0748084AE6
:108BE0004FF47A730021E4FB03010023EFF7B4FA9A
:108BF000284470BDD46D0020D06D00209F860100F8
:108C0000A0860100D86D002008B5FFF7C3FF80B231
:108C100008BD00BFBFF34F8F0549064BCA6802F479
:108C2000E0621343CB60BFF34F8F00BFFDE700BF8F
:108C300000ED00E00400FA05014B024A1A6070479B
:108C4000FCFF0020EFBEADDE034A044B1068C01AE3
:108C5000B0FA80F040097047FCFF0020EFBEADDEA7
:108C6000014B00221A607047FCFF002008B5FFF797
:108C7000E3FFFFF7CFFF00BF08B5FFF7CBFF00BF53
:108C800008B5FFF7E1FF00B908BDFFF7E9FF72B6CD
:108C9000BFF34F8FBFF36F8F15494A6A22F48032BA
:108CA0004A62D1F894C04FF0E02000232CF0010C70
:108CB000C1F894C01A4603614FF0FF3183614361EC
:108CC000930003F1604303F561430132082AC3F8BE
:108CD0008010C3F88011F3D1002383F31488054B6F
:108CE0001A6882F3088862B65B689847FEE700BF9F
:108CF00000ED00E00000FF1F184B10B51C7804B118
:108D000010BD0121197016482246202103F094FD60
:108D100013482246802103F08FFD2246402110484F
:108D200003F08AFD4FF47A7001F0E0FC0C4840F249
:108D30009A22202103F080FD094840F29A228021E6
:108D400003F07AFD064840F29A22402103F074FDB8
:108D5000044802F053F9044B1C7010BDDC6D002078
:108D600000000240DC9B0020F86D002010B5044696
:108D70004F4802F0ABF9DFF840E19EF800309BBBB2
:108D800021684B1C30D0E288022A4FF0020306D93A
:108D90005B009BB29A42FBD89A1EFE2A24D8227905
:108DA000DFF810C1D201ACF814206079022846D057
:108DB000032871D0012847D0202B1AD8032B25D99E
:108DC000043B1C2B22D8DFE803F04B212121592141
:108DD0002121212121215221212121212121212152
:108DE0002121212121216000314802F073F9002066
:108DF00010BD802B2DD0B3F5807F52D0402B05D1F4
:108E0000BCF8143043F02803ACF81430012421F0EE
:108E10000F0001F00F01CCF81010224604FA01F106
:108E2000CCF80C008EF8004003F006FD21492048E4
:108E300002F0D2F81E4802F0F3F8204610BD42F0CE
:108E40000202ACF81420B7E742F00102ACF814209B
:108E5000B2E7BCF8143043F03003ACF81430D5E777
:108E6000BCF8143043F00803ACF81430CEE7BCF87B
:108E7000143043F01803ACF81430C7E7BCF81430D2
:108E800043F01003ACF81430C0E7BCF8143043F0E2
:108E90002003ACF81430B9E742F00302ACF8142018
:108EA0008AE7BCF8143043F03803ACF81430ADE76F
:108EB000DC9B0020E06D0020F86D002000B585B03F
:108EC0004FF0010C019001A88DF808108DF80920D1
:108ED000ADF80A30CDF80CC0FFF748FF05B000BD73
:108EE00008B50246024802F0D5F8002008BD00BFD0
:108EF000DC9B002008B50B4B1A7822B9BDE808406E
:108F0000094802F0E7B8084802F098F8064802F06D
:108F100075F8044B044800221A70BDE8084002F0BE
:108F2000D9B800BFF86D0020DC9B0020704700BF5F
:108F300070B590F8443003F07F02212A05464DD0E9
:108F400003F09F02812A2DD0C02B0ED0514C04F586
:108F5000FC76D4F89C30284613B1984700283BD1C2
:108F6000A834B442F5D1002070BD95F84530042BEB
:108F7000ECD195F84910686895F84830446895F840
:108F8000472043EA0123284695F84610A0470028C9
:108F9000E9D04268002AE6D00368002BE3D0AA6338
:108FA000002417E090F84520062ACDD195F8491005
:108FB000686895F84830446895F8472043EA0123EB
:108FC000284695F84610A0470028CCD04268036890
:108FD000AA630024EB632C64012070BD1A0614D52B
:108FE00090F84520022A30D0032A3FD0012A30D001
:108FF0000A2A32D00B2A1CD0092A0ED003F09F0374
:10900000812BA3D1062AD1D0A0E790F845300A2BB6
:1090100023D00B2B0DD0092B98D195F8483095F81B
:10902000492053EA022391D11B4BAB631B4C022313
:10903000D0E795F8483095F8492053EA022324D028
:1090400000221346AA631446C4E7BDE8704000F04E
:10905000BFBFBDE8704000F06DBE95F84700FFF758
:109060000DFD2846BDE8704000F0E2BF90F84830A2
:1090700090F8492053EA02247FF468AFFFF7E6FC3A
:10908000074BAB6318700123A4E795F84600FFF780
:10909000CFFCD5E7A82A0020086E0020199101080E
:1090A000046E002030B51B4C90F84450002383B070
:1090B000636090F8473090F846C090F848E090F828
:1090C0004A204CEA032C90F849304EEA032E90F8DF
:1090D0004B3042EA032205F0E003C02B0DD0231DE4
:1090E0007146604600F07CFA63680A4A2060002BF3
:1090F0000CBF1846104603B030BD009290F84510E2
:1091000005F01F00251D73466246019500F022FB05
:10911000EAE700BFFC6D002090F84A3090F84B1051
:10912000074A43EA0123022B107807D1012802D015
:10913000062800D070475078FFF78EBCFFF78CBC34
:10914000086E002010B505292AD8DFE801F00329B0
:109150004F03032A4348444B027893F800C0531C42
:1091600003F00F039C4504D0DFF814C103700CF822
:109170000210302383F3118800296ED03B4800F0A1
:10918000B7FB3B4800F0B4FB3A4800F0B1FB3A486B
:1091900000F0C2FB394800F0BFFB002383F31188C5
:1091A00010BD302383F31188304800F0C5FB3048F0
:1091B00000F0C2FB2F4800F0BFFB2F4800F0C0FBBF
:1091C0002E4800F0BDFB002383F31188254A264B6F
:1091D000117818784B1C03F00F039842E0D0284810
:1091E00013704FF0050C00F801C010BD302383F35D
:1091F00011881E4800F0A8FB1D4800F0A5FB1D4883
:1092000000F0A2FB1C4800F0AFFB1C4800F0ACFBD8
:10921000002383F311881B4B124913481B780A78EB
:1092200000785BB9531C03F00F039842B8D0144880
:109230000B704FF0020C00F802C010BD531C03F07D
:109240000F0C6045ACD00E4C81F800C04FF0050CFF
:1092500004F802C003F00F02E4E70120FFF7E8FB87
:109260008CE700BFE8990020E9990020A82A002097
:10927000502B0020F82B0020942900201C2A0020CD
:10928000D89900200A6E002008B510220021044859
:1092900005F06AFB0349044A00230B70137008BDF4
:1092A000D8990020E8990020E99900202DE9F041A3
:1092B000DFF8C8802D4D2E4E2E4F2F4C287898F871
:1092C0000030002183424BD0F25C013303F00F03E6
:1092D0000121052AF6D80FF2080C5CF822F000BF35
:1092E00051930108C59201083D9301082F9301088D
:1092F00015930108F9920108002288F800302270C5
:10930000FFF71CFC97F84F10081E18BF0120FFF74D
:109310006BFBD3E797F84F1088F80030081E4FF02A
:10932000010218BF01202270FFF752FBC6E700219F
:10933000084688F80030FFF73FFBBFE797F84F106B
:1093400088F80030081E18BF0120FFF735FBB5E78D
:1093500088F80030FFF754FB0120FFF769FBADE709
:1093600009B188F80030BDE8F08100BFE89900201D
:10937000D8990020709B00200A6E0020E9990020F7
:1093800070B5134C064604F5FC75204600F05CFAF7
:109390002046A83400F08CFAAC42F6D10D4800F01B
:1093A00071FA0C4800F094FA0B4800F06BFA0A4886
:1093B00000F08EFA304601F0B5FE41F2883001F03F
:1093C00095F930460549BDE8704001F095BE00BFF3
:1093D000A82A0020942900201C2A0020C0FF010890
:1093E00000B5074B83B04FF0A80C0CFB00300023F6
:1093F000009342F2107300F07DFB03B000BD00BF8C
:10940000A82A002010B582B00446FFF71FFB48B918
:10941000009042F210730822611C084800F06AFBB9
:1094200002B010BD00230093092242F210732146BE
:10943000024800F05FFB02B010BD00BFA82A002068
:1094400000B583B0002301460093202242F210733E
:10945000024800F04FFB03B000BD00BFA82A002067
:1094600000B583B0002301460093062242F2107338
:10947000024800F03FFB03B000BD00BFA82A002057
:1094800000B583B0002301460093032242F210731B
:10949000024800F02FFB03B000BD00BFA82A002047
:1094A00000B583B0002301460093092242F21073F5
:1094B000024800F01FFB03B000BD00BFA82A002037
:1094C00000B583B0002301460093142242F21073CA
:1094D000024800F00FFB03B000BD00BFF82B0020D6
:1094E000202900D0704700B583B000230A460093BE
:1094F000014642F21073024800F0FCFA03B000BDCE
:10950000502B002000B589B001E0FEF7F7FE0023E4
:1095100020226946054800F067FB03462022694681
:109520000020002BF1D109B000BD00BF942900201C
:10953000FFF7A6BB704700BF08B5FFF7F9FF04F0BF
:10954000CDFFFFF7F7FF08BD08B505F053F8F7F7B3
:1095500025FE08BDFFF760BA08B5FFF795FE044881
:10956000FFF70EFFBDE8084041F2883001F0BEB8B9
:10957000709B00200148FEF7D1BF00BF4C2800209F
:10958000FFF794BE00F09ABC00B5124B85B00122E3
:1095900068461A70FFF7A6FADFF840C00E490023AC
:1095A0000CF1020E04AA02EB630212F8102C10094F
:1095B00002F00F02085C8A5C2CF813002EF81320CE
:1095C0000233202BEED140F242332CF8023C05B09E
:1095D00000BD00BF0B6E0020D0FF01080E6E002002
:1095E00000B589B04FF0000CADF81EC04FEA102C4A
:1095F0000CF1FF3CBCF1210F12D8DFE80CF0294838
:10960000301111111111111111111111111111112B
:1096100011111111111111111111111111113E1FFF
:109620004FF0000CC3F800C00DF11E0CCDF800C0C7
:10963000EFF754FFBDF81E0009B000BD71B301295A
:10964000EED14FF0220CADF81EC0DFF8D8C0E9E72C
:109650004FF0120CADF81EC0DFF8CCC0E2E710F0FE
:10966000FC0F5FFA80FC4BD10CF1FF3CBCF1020F08
:1096700050D8DFE80CF028212F00B1B10129CFD15B
:109680004FF0090CADF81EC0DFF8A0C0CAE74FF0DC
:109690006A0CADF81EC0DFF898C0C3E74FF4987CA1
:1096A000ADF81EC0DFF88CC0BCE74FF0090CADF878
:1096B0001EC0DFF884C0B5E74FF01E0CADF81EC029
:1096C000DFF878C0AEE74FF0120CADF81EC0DFF83F
:1096D00070C0A7E7DFF86CC09CF800C0BCF1000FB9
:1096E00007D10593049203910290FFF74DFF02A862
:1096F0000FC8DFF854C09CF800E0ADF81EE091E719
:10970000BCF1EE0F8CD14FF0120CADF81EC0DFF89B
:109710003CC087E74FF0040CADF81EC0DFF830C046
:1097200080E700BF440002083000020853290020EF
:1097300028290020680002083A290020F8FF0108C3
:10974000180002080B6E00200C6E0020E4FF0108D8
:109750002C00020830B587B0BDF82840DDF82CC0D9
:1097600020B9042914D08646054602E04FF0000EC9
:109770007546CCF80050CDE9004C0DF1160402946A
:10978000ADF816E0EFF73CFFBDF8160007B030BDAE
:10979000042B07D0052BE6D1002CE4D1034D4FF06C
:1097A000280EE6E7024D4FF0280EE2E76C28002075
:1097B00000290020426BD2F888301978042907D19B
:1097C00092F88CC01889012101FA0CF3034200D0F1
:1097D000704700B585B003A91046019201F00EFA5A
:1097E000844640B1019A039B92F88C10D2F888000D
:1097F000624601F023FD05B000BD00BF436B1A6F48
:109800001178042900D0704793F874C05089012161
:1098100001FA0CF20242F6D100B583B0184601936A
:1098200001F03EF9024660B1019BD3F81CC093F8E9
:109830007410186FACF1040303B05DF804EB01F091
:10984000E1BC03B000BD00BF00B590F8843000F16A
:109850005C0285B0C26413B100F170030365D0F8F7
:109860009010DFF81CC0D0F89430D0F89820029007
:10987000CDE9001C012101F099F905B000BD00BF40
:10988000B597010800B5816FDFF820C0D0F88020BF
:1098900085B000F15C03CDE9001C03650290C36F45
:1098A000012101F0D9F805B000BD00BFFD97010806
:1098B000302383F31188D0F8883090F88C1003EBB4
:1098C00081030022986180F8A02082F311887047FC
:1098D000302383F3118890F87430016F093300222C
:1098E00041F8230080F8842082F31188704700BF7C
:1098F000012310B56FF001010372044600F03AFF36
:10990000204601F06DF9D4F8A43023B1BDE8104031
:10991000DA681868104710BD00B5012383B06FF0F6
:1099200001010372019000F025FF019803B05DF87A
:1099300004EB01F0A9B800BF00230372704700BF19
:1099400000230372704700BF10B500F1380290F891
:109950008C100446D0F8880001F00EFC204601F07F
:109960003FF90023237210BD10B5044601F08CF8B6
:109970000022236F22721A78042A07D194F8740007
:109980005989012202FA00F30B4200D010BD204693
:1099900001F086F802460028F8D0E36994F87410C4
:1099A000206F043BBDE8104001F02CBC00EB8103AC
:1099B0009B69002B5AD070B5302284B00D46044606
:1099C00082F3118819695A690020914283F8A00036
:1099D00048D004EB8502D2685269126882B903AE9E
:1099E0003146184601F00AF938B30246039B29466E
:1099F000204601F023FC002383F3118804B070BDDE
:109A0000D3F8A42003AE6AB103A91846019301F06C
:109A1000F5F8019B039A0146D3F8A4008368006817
:109A20009847019B0193184601F0F8F8019B3146D5
:109A3000184601F0E3F80028D7D104EB8503DA6873
:109A40001368022BD7D1536919680029D3D0138A20
:109A5000013B0B40CFD104F144022946204601F0DE
:109A6000EDFBC8E7DA68002AB3D0B8E7704700BF5B
:109A700001F1090350F82330002B39D000B5302212
:109A800083B082F3118800EB8100C268926952684A
:109A900002BB1A6F1178042917D193F874C050894A
:109AA000012101FA0CF202420FD11846019300F095
:109AB000F7FF024648B1019BD3F81CC093F874101D
:109AC000186FACF1040301F09DFB002383F31188B0
:109AD00003B000BD93F874101A6F019302EB81027A
:109AE0001846D2689269516800F0E6FF019BD0E702
:109AF000704700BF70B582B04FF0300C9DF8185021
:109B00008CF31188D0F8884094F800C0BCF1040FA1
:109B100004D0002080F3118802B070BD90F8A0C07E
:109B2000BCF1000F12D10E460446002181F31188CA
:109B300031462046CDE9002301F084F8009A019BCC
:109B400082420ED845B1012002B070BD01334FF002
:109B5000FF3318BF0023E6E7204601F0DBF80120C1
:109B6000F2E701920093302181F3118894F8A0105C
:109B7000002808BF41F00101012084F8A0102072E4
:109B80006FF00101204600F0F5FD204601F028F8B5
:109B90000021217200F018FD002181F31188009B43
:109BA000019AC5E7302383F31188026943699A4219
:109BB00004D00020002383F311887047C36873B179
:109BC000D0F8883090F88C101A8901238B4013420A
:109BD0000CBF01200020002383F311887047184632
:109BE000002383F31188704710B54FF0300C82B01A
:109BF0008CF31188046F94F800C0BCF1040F04D0FA
:109C0000002080F3118802B010BD90F884C0BCF130
:109C1000000F04D001334FF0FF3318BF0023044678
:109C2000002080F311882046019200F059FF019A2C
:109C3000B0FA80F3101AB0FA80F05B09400984F89A
:109C4000843002B010BD00BF10B5046884B08CB180
:109C500003920291019000F0E9FE019B039A1B68B8
:109C60000299606003F108009A6404B0BDE81040F6
:109C700004F0C6BE04B010BD0168134631B18A6C51
:109C80009A64083103F1080004F0BABE704700BFBF
:109C9000036863B110B504469A6C03F10800002113
:109CA00004F062FE236800221A605A6010BD7047FB
:109CB0000B78082B1AD830B550F8234085B09CB1EA
:109CC000029205460191039300F0B0FE039B029AB5
:109CD00055F823300199606003F108009A6405B0DB
:109CE000BDE8304004F08CBE05B030BD704700BF09
:109CF0000829134609D850F8211031B18A6C9A64AA
:109D0000083103F1080004F07BBE704770B5041FF2
:109D100000F12006002554F8043F002103F108005B
:109D20002BB19A6C04F020FE23681D605D60B44284
:109D3000F1D170BD38B590F84830022B1ED890F89C
:109D4000461008291AD80F4AD35C022B16D80E4A9F
:109D50004FF0A80C0CFB0323D3F8A42082B10546D6
:109D6000D2E90004094AA047084B00219C6CEC632F
:109D700003F108020120AA63296438BD002038BD20
:109D8000104638BDA42A0020A82A002070710020A7
:109D9000016851B1054803784FEA820C002A18BFC8
:109DA00043F00103C1F800C003707047BC7100208C
:109DB000006810B10068C0F387007047036823B3E0
:109DC00010B5302382B083F31188036800211C682A
:109DD0005B6881F3118814B9002002B010BD0193B3
:109DE00000F024FE019B0A4AC01A00214FF47A7346
:109DF000E0FB032110460023064AEEF7ADF984424A
:109E00008CBF0020012002B010BD0020704700BFB1
:109E10009F860100A08601004B1E072B0DD850F82D
:109E2000211051B1054803784FEA820C002A18BF6F
:109E300043F00103C1F800C003707047BC710020FB
:109E4000082906D850F8210020B10068C0F3870027
:109E500070470020704700BF082928D850F82130EB
:109E60002BB310B5302382B083F3118850F8213022
:109E700000211C685B6881F3118814B9002002B0CE
:109E800010BD019300F0D2FD019B0A4AC01A0021C7
:109E90004FF47A73E0FB032110460023064AEEF7E5
:109EA0005BF984428CBF0020012002B010BD00206D
:109EB000704700BF9F860100A08601002DE9F84F82
:109EC000DFF8048198F80030002B76D03D4ED6F8AC
:109ED000A470002F73D0002401254FF0300AA14652
:109EE0008AF311887B693868E9B29847002818BF5F
:109EF00044F0010489F311883248FFF753FEB0B1F2
:109F0000BB693868E9B2984788B18AF31188DFF8ED
:109F1000BCB0D7E90003E9B25A46984789F31188E3
:109F20000020DBF848200BF10801FFF759FA013552
:109F3000092DD5D14FF0000A4FF0300957460AF1EC
:109F4000010ABAF1030F06F1A80634D0D6F8A450DE
:109F5000002DF4D089F3118800216B692868984797
:109F6000002818BF44F0010487F311883046FFF73A
:109F700019FE00210028E2D0AB6928689847002824
:109F8000DDD089F31188DFF844B0D5E900035A46E3
:109F90000021984787F311885FFA8AF0DBF84820A0
:109FA0000BF108010AF1010AFFF71AFABAF1030FDF
:109FB00006F1A806CAD188F80040BDE8F88F3C46F3
:109FC000B8E700BFA82A0020BC710020247100203F
:109FD00090F84830022B22D890F8461008291ED855
:109FE000104AD35C022B1AD80F4A4FF0A80C0CFB76
:109FF0000323D3F8A42092B100B583B05369019034
:10A00000106898470949019B087001224FF0000C25
:10A0100010469963DA63C3F840C003B000BD002066
:10A02000704700BFA42A0020A82A00202071002029
:10A0300090F84830022B20D890F846C0BCF1080FA9
:10A040001BD80F4AD35C022B17D80E4AA82101FB5C
:10A050000323D3F8A41081B110B582B00C6990F835
:10A060004720019008686146A047019B002201201B
:10A070009A63DA631A6402B010BD0020704700BF13
:10A08000A42A0020A82A0020704700BF704700BF04
:10A09000FEE700BF70B5144D05F1800455F80C0CB7
:10A0A00055F8081C88420FD255F8102C0346043A84
:10A0B00052F8046F43F8046B8B42F9D30139091A43
:10A0C00021F003010430084455F8042C824207D9DA
:10A0D000013A121A22F003020432002104F044FC77
:10A0E0001035A542DAD170BDA801020838B5084C78
:10A0F000012300252370656000F050FC05490648E7
:10A1000000F070FA0223237085F3118838BD00BF78
:10A11000F099002018020208F899002072B603494D
:10A12000034BC86503221A70FEE700BFF8990020B0
:10A13000F099002000F016B9EFF3118020B9EFF389
:10A140000583302383F31188704700BF38B9EFF3DC
:10A150000583C3F308031BB180F311887047704770
:10A1600000B583B0019300F02FFA019B83F31188AF
:10A1700003B000BD034A516853685B1A9842FBD88C
:10A18000704700BF001000E0024AD36A0343D36265
:10A19000704700BFF899002070B5154E0D46022A91
:10A1A00082B0F561826038BF0222144632690260D3
:10A1B00006F11001416050603061281900F03AFC4E
:10A1C000022600F033FC421BA24209D2022E01D823
:10A1D00002B070BD012002B0BDE87040FFF7D4BFEF
:10A1E000741C0190281900F033FC2646019DE8E715
:10A1F000F899002070B584B0294E0191044600F012
:10A2000015FC3346054653F8100F019998423BD090
:10A21000F3698268EB1ACB1828BF0B469A4214D810
:10A22000934204D900689B1A82689A42FAD3426822
:10A23000A360C4E90002146082684460D21A4FF03F
:10A24000FF338260B36104B070BD022938BF0221C0
:10A250000222681803930292019100F0F9FB00F0CA
:10A26000E5FB0199029A039B451BA94214D9022AD6
:10A2700002D830698268D3E701200193FFF784FF99
:10A280003069019B8268CBE70A462046294604B024
:10A29000BDE87040FFF780BF013211460546D8E7A0
:10A2A000F899002003610023C2604361FFF7A2BF59
:10A2B00010B52B4B1A69904284B011D002688468A3
:10A2C0009168D0F804C02144CCF800209160C2F815
:10A2D00004C000214FF0FF3201609A6104B010BD4C
:10A2E0001A46016842F8101F4FF0000C4A60C0F88F
:10A2F00000C01969914229D08A68806802448A6046
:10A3000000F094FB164B1969DB6989680246C01A94
:10A310008142E3D90B449B1A022B38BF022302214E
:10A32000D01803910293019200F092FB00F07EFBA3
:10A33000019A029B0399821A93420CD90229CDD922
:10A34000012004B0BDE81040FFF71EBF04B0BDE817
:10A35000104000F077BB01310B460246E0E700BF3A
:10A36000F89900202DE9F0433F4E83B0002706F115
:10A3700010084FF0300909E087F31188E36821697C
:10A380002046984789F311886369ABB9346900F0B6
:10A390004DFBF369A268C11A8A4205462BD8216891
:10A3A00060689D18F5610160486027603369434526
:10A3B000E2D100F047FBDFE700F038FB6369421BA6
:10A3C0009342014630D33069404542D0826893427F
:10A3D00004D900689B1A82689A42FAD34268A36043
:10A3E000C4E90002146082684460D21A4FF0FF335F
:10A3F0008260B361CAE73169414512D013441B1A28
:10A40000022BF0611E46A36038BF02260224A81961
:10A4100000F01EFB00F00AFB451BAE4215D9022CD2
:10A420000DD803B0BDE8F083CDE900020220FFF7AC
:10A43000ABFE30690099404513D0019BC6E701206F
:10A4400003B0BDE8F043FFF79FBE01342646054642
:10A45000DDE72B445A1A204603B0BDE8F043FFF76E
:10A460009BBE0022F7E700BFF8990020302383F35A
:10A4700011880B7D052B0CD8DFE803F0240B0B2093
:10A4800007038A699368013393604A680B68136015
:10A490005A604FF0FF3C00220B698868C1F818C071
:10A4A0000A751B689A688242FBD25A684A600B6040
:10A4B00000201160596080F3118870478B69002279
:10A4C0001A60E6E7002383F31188704700220369CE
:10A4D000816802751B689A688A42FBD25A6842609A
:10A4E0000360106058607047074BD9681A68087598
:10A4F000D2F800C0C3F800C00120CCF804301075B9
:10A500001046DA60EDF70EBEF899002070B5164CD3
:10A510004B1CE56886B0064617D0144A2B466846A1
:10A52000FFF7C0FEE16820680E75036823605C6079
:10A5300001230375E060EDF7F5FD009B13B168465C
:10A54000FFF7B6FEA86906B070BD20682E750368D7
:10A55000236001225C6029460275E060EDF7E2FDB0
:10A56000A86906B070BD00BFF89900206DA401086D
:10A57000044B1A68DB6890689B68984294BF00207F
:10A5800001207047F89900200E4A1068D1680368CE
:10A590004FF0010C10B45A6080F814C013604FF0F3
:10A5A000000CD0600B698A6881F814C01B689C6835
:10A5B0009442FBD85A684A600B6010BC1160596025
:10A5C000EDF7B0BDF8990020044B1A68DB6892687B
:10A5D0009B689A4201D9FFF7D7BF7047F8990020CE
:10A5E00030BFFDE770B51B4B002586B00446856281
:10A5F00001630E46586000F07BF904F11003C4E9D2
:10A6000004334FF0FF320023C4E90623C4E90044B9
:10A61000A560E56200F00AFA2B460246C4E9082369
:10A6200004F134010C4AE5658023204600F01AF855
:10A630000123E060037572680848B168CDE9000243
:10A64000074A6846CDE90213CDE9042500F016F863
:10A6500006B070BDF0990020A0F60108A8F6010828
:10A66000E1A5010800224FF0020C08618B60A1F8FF
:10A6700014C04B620A62CA61084670478368D0F80A
:10A6800014C0C16800B5D0F810E043F848CCA3F17D
:10A690008C0043F81C0C4FF0020C0C4843F82C0CB7
:10A6A00000220B4823F814CC43F84CEC43F8180C68
:10A6B0005DF804EB43F8201C43F8041C43F8082C15
:10A6C00043F80C2CA3F12800FFF700BF3D810008E0
:10A6D000F89900200246302383F31188024BDB688F
:10A6E0000F209A61FFF700BFF899002008B50146D6
:10A6F000302383F311880820FFF708FF002383F33A
:10A70000118808BD034631B1044AD2681A6003209B
:10A710009361FFF7FBBE4FF0FF307047F8990020C0
:10A7200003682BB10022026018469961FFF7CEBE84
:10A73000704700BF024659B1074BD0F804C0DB6830
:10A740000420C3E9002CCCF800305360FFF7DEBED4
:10A750004FF0FF30704700BFF899002003460068B3
:10A76000834205D002681A6053608161FFF7AEBE74
:10A77000704700BF38B504460068844209D00D46D2
:10A78000036823605C608561FFF7A0FE2068A0423B
:10A79000F6D138BD0023006040608360704700BF81
:10A7A0002A4B8168DA6800294BD030B5936804469B
:10A7B0008868984283B005D2087D8B60002834D029
:10A7C000062814D0234603E091689868884202D393
:10A7D0001B689C42F8D159685160062013600A60DA
:10A7E0005A60946103B0BDE83040FFF77DBED1F8F8
:10A7F00018C00B68486803605860634603E08868C7
:10A800009D68854202D31B689C45F8D15868486012
:10A810000B6001605960DCF8081093688868984202
:10A82000D0D2087D8B600028CAD1D1E9003C08460F
:10A83000CCF80030C3F804C00192FFF747FE019A3C
:10A84000C0E7136AC360826010627047F899002005
:10A8500008B5302383F31188FFF7A2FF002383F3A9
:10A86000118808BD08B5194BD3F80CC0302383F309
:10A8700011880268C368CCF8203082421FD0DCF80F
:10A8800024104BB11A68934203D09268914238BFAA
:10A890001146DB68002BF5D1CCF8081003460068A0
:10A8A0000268016A1A605360D96098600362FFF71A
:10A8B0000DFEFFF789FE002383F3118808BD0023F6
:10A8C0009360002383F3118808BD00BFF89900202E
:10A8D000EFF3098305494A6B22F0010268334A63AA
:10A8E00083F30988002383F31188704700EF00E0A9
:10A8F000302080F3118862B60D4B0E4AD9684FF6AE
:10A90000FF0C01EA0C010A43DA60D3F8FC200A4983
:10A9100042F08072C3F8FC200A684FF0200C42F02D
:10A9200001020A6083F81FC083F82200704700BF4D
:10A9300000ED00E00003FA05001000E0302383F38F
:10A940001188124B5B6813F4006302D183F3118802
:10A95000704700B583B0F1EE103AEFF30983683B1E
:10A960004FF080710A4AD961D26B1A6683F3098865
:10A970000193FFF7FDFD019B18B9064A9A6103B0E8
:10A9800000BD054A9A6103B000BD00BF00ED00E0C4
:10A9900000EF00E0528100084F810008024B03499C
:10A9A000034AC3E900127047589A0020189C0020FF
:10A9B0000000012000B5302383F311880D4BD3F83C
:10A9C00000C001F1FF3E6244494272440A405968A6
:10A9D0001044884207D8844505D81860002383F3C3
:10A9E0001188104600BD0022002383F31188104611
:10A9F00000BD00BF589A002008B501F0C3F801F06F
:10AA00000FFF00F0F7F900F045FA00F06DFA00F0E2
:10AA1000D9FA00F063FB00F0C9FAFEF795FDBDE836
:10AA2000084000F001B800BF03F01CBD4FF08043A8
:10AA3000586A70474FF08043002102225863196121
:10AA4000DA6070474FF080430022DA60704700BF41
:10AA50004FF0804358637047DDF800C00172043343
:10AA6000C3610CFB032300214261026183614262E6
:10AA7000029B019A00604060C160C0F820C0816202
:10AA8000C162026343637047416A41610022016110
:10AA9000C2608262C2626FF00101FFF76BBE00BF4D
:10AAA00003694269934201D0181D7047C268002AA9
:10AAB000FAD00020704700BF0369D0F818C01960B1
:10AAC000C169C2680B446345036102F1010228BFFA
:10AAD000436AC26028BF03610021FFF73FBE00BF89
:10AAE0002DE9F84F04460F46904699464FF0300B3B
:10AAF0008BF311880026B24613E04022384603F05B
:10AB00007FFFA36AE26A40339A4207F1400706F1E9
:10AB10004006A3621DD98AF31188464542D28BF3C1
:10AB20001188A16A00292ED0E36AA8EB06055B1AFA
:10AB30009D4228BF1D46402DDFD82A46384603F0E7
:10AB40005FFFA36AE26A2B449A422F442E44A36219
:10AB5000E1D86369E069A169E268C4F828A0034408
:10AB60008B42636124BF636A6361236B013AE260D5
:10AB7000002BD0D020469847CDE7237A7BB9FFF74A
:10AB8000D9FD00280BDBE36849462046002BF4D0B2
:10AB900061690B6804310B44A162E362C5E70023DD
:10ABA00083F311883046BDE8F88F00BFDDF800C0A0
:10ABB0000172043303FB0C21426102618161C361B4
:10ABC0000021029B4262019A00604060C0F80CC004
:10ABD000C0F820C08162C16202634363704700BF56
:10ABE00010B4416A046AC46000224161016110BC72
:10ABF0008262C2626FF00101FFF7BCBD034640698B
:10AC00001A69824203D050F8043B0B607047DB683E
:10AC1000002BF8D000231846F7E700BF10B44369B3
:10AC2000C4698169C26823448B42436102F1010215
:10AC300028BF436AC26010BC28BF43610021FFF7F0
:10AC40008DBD00BF2DE9F84F04460F46904699464A
:10AC50004FF0300B8BF311880026B24613E04022F0
:10AC6000394603F0CDFEA36AE26A40339A4207F107
:10AC7000400706F14006A3621DD98AF311884645B4
:10AC800045D28BF31188A06A002831D0E36AA8EB83
:10AC900006051B1A9D4228BF1D46402DDFD82A46B7
:10ACA000394603F0ADFEA36AE26A2B449A422F4470
:10ACB0002E44A362E1D8E2692369A169043A1A60CB
:10ACC000E069E268C4F828A003448B42236124BFF2
:10ACD000636A2361236B013AE260002BCDD02046EA
:10ACE0009847CAE7237A7BB9FFF724FD00280BDBDE
:10ACF000E36849462046002BF4D02069E369034409
:10AD00000430A062E362C2E7002383F31188304677
:10AD1000BDE8F88F302383F31188836A1BB1026981
:10AD2000043B9B1A03D1002383F31188704710B5AD
:10AD30001360C469C36881692244013B8A42C360CD
:10AD400028BF436A026128BF0361036B002282624D
:10AD500003B19847002383F3118810BD70B50446F2
:10AD600082B00BE001980C4E40F2E73C0021E0FB82
:10AD700006C16046EDF7F0F9FFF7B8FC236801A9BA
:10AD80009B692046984701284FF47A724FF00003E0
:10AD9000E8D002B070BD00BFA086010000B5036816
:10ADA00083B05B6801919847C36801991BB153F860
:10ADB000310003B000BD006901FB00F003B000BD2D
:10ADC000036810B55B680C469847C3681BB103EB7A
:10ADD000C403586810BD006910BD00BF00B503680A
:10ADE00083B05B680191984701994069084403B0BA
:10ADF00000BD00BF01F0F8B80023012202704360DB
:10AE00008360C360036143611830FFF7C3BC00BFB8
:10AE100010B53023044683F31188416001F00CF92A
:10AE200002230020237080F3118810BD00B583B089
:10AE30003023019083F3118801F03CF9019800233D
:10AE400001224360027083F3118803B000BD00BF8C
:10AE500010B5302484F31188044682600322C36055
:10AE6000016104F8142B01F04BF94FF0FF3120463B
:10AE7000FFF748FC002383F3118810BD08B50C30A0
:10AE8000FFF7F0FC002008BD08B50C30FFF7E0FC30
:10AE9000002008BD00F052BF034A02600123037185
:10AEA0000C30FFF777BC00BF2402020810B5302336
:10AEB000044683F31188816000F06CFF02230020B8
:10AEC000237180F3118810BD00B583B03023019049
:10AED00083F3118800F074FF0198012200230271AE
:10AEE00083F3118803B000BD01F02CBF01220023C1
:10AEF000027043600C30FFF74DBC00BF10B530232B
:10AF0000044683F31188416001F02CFF02230020E6
:10AF1000237080F3118810BD00B583B030230190F9
:10AF200083F3118801F0EAFF0198002301224360B6
:10AF3000027083F3118803B000BD00BF70B584B008
:10AF40000446089D4FF0300C8CF311880A9E02963F
:10AF5000099E4FF0030CCDE900560025856080F86E
:10AF600000C002F051F8431C14BF022305232370D4
:10AF700085F3118804B070BD30B583B00446069DDA
:10AF80004FF0300C8CF311884FF0040C0095002525
:10AF9000856080F800C001F0DBFF431C14BF022372
:10AFA0000523237085F3118803B030BD02F016BF6E
:10AFB000014B0360704700BF802F002002F054BF98
:10AFC00002F0ECBF03F03EB900230122027043609F
:10AFD00083600C30FFF7DEBB10B53023044683F3EB
:10AFE0001188416003F046F9002814BF01230223B1
:10AFF0002370002383F3118810BD00BF00B583B018
:10B000003023019083F3118803F0BCF901980023E9
:10B0100001224360027083F3118803B000BD00BFBA
:10B02000302383F3118842681169D26801238B4071
:10B030005383002383F31188704700BF302383F3C9
:10B04000118842681169D26801238B401383002361
:10B0500083F31188704700BF10B54FF0300C0446E1
:10B060008CF311884FF0030C80F800C003F0B8F99E
:10B0700010B92378032B03D0002383F3118810BD6C
:10B080004FF0FF3104F10800FFF73CFB002383F38E
:10B09000118810BD10B53023044683F311880323B3
:10B0A000037003F0BFF910B92378032B03D00023FA
:10B0B00083F3118810BD4FF0FF3104F10800FFF752
:10B0C00021FB002383F3118810BD00BF0C30FFF774
:10B0D000BFBB00BF0C30FFF7C5BB00BF02F06CB8B0
:10B0E0000023012202704360C36183620362C36272
:10B0F000436203638360704710B5302382B083F3EB
:10B10000118800244160C46004614461846101903D
:10B1100002F062F801980223037084F3118820463C
:10B1200002B010BD70B53023054683F311882C465C
:10B1300002F0C4F8002601236E6004F8083B1835BD
:10B1400054F8043F83B15A696FF0010102F10C0019
:10B1500012B1FFF7E5FA23689B696FF0010103F173
:10B160000C000BB1FFF7DCFAAC422660E8D1FFF728
:10B170002BFA86F3118870BD30B51346044600EBF8
:10B180008102586983B00D46D36028B11422002192
:10B19000019303F0E9FB019B986918B11422002187
:10B1A00003F0E2FB2946204603B0BDE8304002F040
:10B1B0001BB900BFF8B5836803F00113054600F121
:10B1C0000C0400F118078360002654F8043F83B193
:10B1D0005A696FF0010102F10C0012B1FFF7A0FAF9
:10B1E00023689B696FF0010103F10C000BB1FFF7BD
:10B1F00097FABC422660E8D12846BDE8F84002F044
:10B200009BB900BF10B500EB81044FF0010CE4685E
:10B21000D4F818E044890CFA01FC4CEA040CA0F8BC
:10B220000AC0CEF808200022CEF80030CEF8042064
:10B23000CEF80C20BDE8104002F0AAB910B500EB22
:10B2400081044FF0010CE468D4F814E004890CFA8E
:10B2500001FC4CEA040CA0F808C0CEF8082000223B
:10B26000CEF80030CEF80420CEF80C20BDE8104017
:10B2700002F036BA0378052B00D07047426D00B556
:10B28000D2F8001E21F0030183B0C2F8001ED2F8EC
:10B290000418019041F00101C2F80418516941F00D
:10B2A00008015161916941F008019161C820FFF7DF
:10B2B0001DFA019B5A6DD2F8043823F00103C2F83D
:10B2C000043803B000BD00BF2DE9F041044600255D
:10B2D00002230370C56444F8085F064600F11807AE
:10B2E0004FF0300854F8043FABB188F3118823685D
:10B2F0005A696FF0010102F10C0012B1FFF710FA68
:10B3000023689B696FF0010103F10C000BB1FFF79B
:10B3100007FA85F31188BC422560E3D186F83450E2
:10B32000304601F0F5FF73681B6823B130460021F9
:10B33000BDE8F0411847BDE8F08100BF0278052A5A
:10B340002CD0F8B5416880F85020052404700A68B4
:10B3500005460AB1042190472C46002644F8086FA0
:10B360001835302754F8043FABB187F311882368B0
:10B370005A696FF0010102F10C0012B1FFF7D0F928
:10B3800023689B696FF0010103F10C000BB1FFF71B
:10B39000C7F986F31188AC42E4D1F8BD704700BF0D
:10B3A0000178052900D0704790F850C0426880F8B5
:10B3B00000C01368002BF6D0184700BF70B590F896
:10B3C0003430044613B1002380F8343004F14402D1
:10B3D000204602F0D5F863689B688BB320469847F7
:10B3E00070B3E16B94F84A2094F84B3042EA0322A0
:10B3F0008A4280F0D58094F844C0E263634619061F
:10B4000000F1B180002A73D0152384F83430302342
:10B4100083F311886289E368E16B9B69D4F838C0D3
:10B4200042F00102628120460024C3E90014C3F8FF
:10B4300008C0DC60214602F0ABF884F3118870BDCF
:10B4400094F8443013F060029C46164628D194F8D4
:10B45000451003F07F0242EA012240F202318A42A3
:10B4600000F051815CD8B2F5807F00F0EF8029D8E0
:10B47000012A00F03481022A00F0098182B904F126
:10B480004C01A1630221E163226494F84A1094F80C
:10B490004B2041EA0222012AAFD9002BB4D063E04D
:10B4A0000021204602F0BEFB0021204602F0B0FB46
:10B4B00063681B6813B1062120469847062384F869
:10B4C000343070BDB2F5817F00F0CF80B2F5407F9F
:10B4D000E6D194F84620012AE2D1B4F84C20A663C4
:10B4E00042F00202A4F84C20E66326641B066FD4E7
:10B4F0000B2384F83430302383F31188E3682289E6
:10B500005B69002142F001022281204699601960A6
:10B510005960D96002F0E4F8002181F3118870BD10
:10B52000B2F5006F40D06BD8B2F5A06F00F0838009
:10B53000A2F5C062012AB3D8626894F84910526833
:10B5400094F84830154643EA012394F8462094F8CD
:10B5500047102046A8470028A2D0D0E9001326644F
:10B56000A363E1633EE79AB3092384F834303023C0
:10B5700083F311882289E368E16B5B69D4F838C0F2
:10B5800042F00102228120460024C3E90014C3F8DE
:10B5900008C0DC60214602F0A3F884F3118870BD76
:10B5A00094F844300A462AE794F84A2094F84B105D
:10B5B000266404F14F00A06352EA01224FF001001B
:10B5C000E06340F0BC8094F94430E263002B8FDAF2
:10B5D000142384F83430302383F31188E3686289BC
:10B5E0009B69002142F00102628120469960196046
:10B5F0005960D96001F0CCFF002181F3118870BD42
:10B60000B2F5106F66D12378042B00F09C8094F87B
:10B6100046304BB1626884F84F30042121701368C2
:10B6200013B1022120469847002294F84430A263C7
:10B63000E26322645AE7B4F84420B2F5A06F00F048
:10B64000A0800022A263E26322644FE794F84620C0
:10B65000012A7FF425AFB4F84C20A66322F0020241
:10B66000A4F84C20E663266440E794F84620002ABC
:10B670007FF416AF94F8482012F00F01E1D01606BF
:10B68000204679D402F0D8FA94F84430D9E794F8F7
:10B69000483003F00F011B06204646D401F054FF4A
:10B6A000012846D002287FF4FBAE94F84A2094F893
:10B6B0004B003D4BA36342EA002202210023012AF2
:10B6C000E16323647FF697AE94F94430002BBFF614
:10B6D0009BAE49E740F602439A427FF4E1AE94F80C
:10B6E0004A2094F84B303149A16342EA03220220F8
:10B6F0000021012AE06321647FF67FAE1CF0800FF9
:10B700003FF482AE30E794F84620002A7FF4C8AEBA
:10B7100094F8482012F00F0193D01506204626D445
:10B7200002F076FA94F844308BE701F01BFF012811
:10B73000B8D194F84A2094F84B001D4BBAE71A068A
:10B740007FF562AE10E7302383F311882046FFF7C0
:10B7500031FD86F311880321636884F84F602170FE
:10B760001B68002B3FF453AF204698474FE702F089
:10B7700059FA94F8443064E702F068FA94F84430D7
:10B780005FE794F8463084F84E30204601F020FE02
:10B7900063681B6813B1012120469847032294F87F
:10B7A000443022704DE700BF5002020854020208E4
:10B7B0004C02020800B590F8343083B0152B2BD81A
:10B7C000DFE803F02C2A2A2A2A2A2C2A2A0B1440E2
:10B7D0002A2A2A2A2A2A2A2A2C2C90F84A3090F837
:10B7E0004B20C16B43EA0223994235D3142380F8DE
:10B7F0003430302383F31188C36842899B69002168
:10B8000042F001024281996019605960D96001F0EB
:10B81000BFFE002181F3118803B000BD002100901C
:10B8200002F000FA0098002102F0F2F90098436853
:10B830001B6813B1062198470098062380F834301E
:10B8400003B000BD036C13B100909847009800232B
:10B8500080F8343003B000BDC3681B8AB1FBF3F23B
:10B8600003FB12110029C1D1302383F31188C3686F
:10B8700002895B6942F00102028199601960596096
:10B88000D960CDE9000101F02BFF019981F3118806
:10B8900000980A2380F83430BEE700BF00B590F866
:10B8A000343083B0152B22D8DFE803F02321212187
:10B8B0002121232121232323212121212121212170
:10B8C000370B0B2380F83430302383F31188C3689F
:10B8D00002895B69002142F00102028199601960CE
:10B8E0005960D96001F0FCFE002181F3118803B09A
:10B8F00000BD0021019002F095F90198002102F0AD
:10B9000087F9019843681B6813B10621984701988D
:10B91000062380F8343003B000BDC3689B695B68C0
:10B92000002BE4D1036C13B10190984701980023D8
:10B9300080F8343003B000BD43099B0000F1604C37
:10B9400003F1604303F561430CF5614C00F01F0007
:10B950000122824009018CF80013C3F880211A608B
:10B96000704700BF43099B0000F1604103F1604351
:10B9700003F5614300F01F0001F56141012282409F
:10B980000020C3F88020C3F8802181F800037047AD
:10B99000074A08B5536903F00103536123B1054A0F
:10B9A00013680BB150689847BDE80840FEF7C6BF62
:10B9B000003C0140B89A0020074A08B5536903F0DB
:10B9C0000203536123B1054A93680BB1D0689847CD
:10B9D000BDE80840FEF7B2BF003C0140B89A002025
:10B9E000074A08B5536903F00403536123B1054ABC
:10B9F00013690BB150699847BDE80840FEF79EBF38
:10BA0000003C0140B89A0020074A08B5536903F08A
:10BA10000803536123B1054A93690BB1D069984774
:10BA2000BDE80840FEF78ABF003C0140B89A0020FC
:10BA3000074A08B5536903F01003536123B1054A5F
:10BA4000136A0BB1506A9847BDE80840FEF776BF0D
:10BA5000003C0140B89A0020164B10B55C6904F414
:10BA600078725A61A30604D5134A936A0BB1D06A5F
:10BA70009847600604D5104A136B0BB1506B98477A
:10BA8000210604D50C4A936B0BB1D06B9847E205A5
:10BA900004D5094A136C0BB1506C9847A30504D523
:10BAA000054A936C0BB1D06C9847BDE81040FEF787
:10BAB00045BF00BF003C0140B89A0020194B10B5AB
:10BAC0005C6904F47C425A61620504D5164A136D20
:10BAD0000BB1506D9847230504D5134A936D0BB1F4
:10BAE000D06D9847E00404D50F4A136E0BB1506E29
:10BAF0009847A10404D50C4A936E0BB1D06E9847B9
:10BB0000620404D5084A136F0BB1506F98472304A1
:10BB100004D5054A936F0BB1D06F9847BDE810402C
:10BB2000FEF70CBF003C0140B89A002008B502F0B7
:10BB3000BFFCBDE80840FEF701BF00BF062108B505
:10BB40000846FFF7F9FE06210720FFF7F5FE06215C
:10BB50000820FFF7F1FE06210920FFF7EDFE062180
:10BB60000A20FFF7E9FE06211720FFF7E5FE062170
:10BB70002820FFF7E1FEBDE8084007211C20FFF761
:10BB8000DBBE00BF08B52B4B1A6962F09F021A6139
:10BB90001A6902F09F021A614FF0FF3C1A695A6954
:10BBA000C3F814C000205A6958615A69196A224AB8
:10BBB00061F080511962196A01F080511962196AA5
:10BBC000596AC3F824C0596A5862596A196C41F01D
:10BBD00080511964196E41F0805119661B6E13680B
:10BBE00043F4807313601368D905FCD5114A136FB1
:10BBF00003F44073B3F5007F04D04FF48031002389
:10BC0000116713670B4B1A6F120407D41A6F42F4B3
:10BC100000721A671A6F42F400421A67064A5368A4
:10BC200023F40073536000F06FFDBDE80840FFF798
:10BC300085BF00BF00380240007000403649374BD6
:10BC40004FF080504FF4004208641A600B6843F0D4
:10BC500001030B600B689B07FCD58B682E4A23F011
:10BC600003038B60936813F00C03FBD110682A491F
:10BC700000F0F90010609360136843F480331360A0
:10BC80000B689803FCD54B6F234A43F001034B67C5
:10BC9000536F9907FCD5224B536013681F4943F03B
:10BCA000807313604B685A04FCD51B4A13689B01D0
:10BCB000FCD51C4B1C4890600321C2F88C101A68FC
:10BCC0001A4B9A421DD01A4B40F202721A60184A5F
:10BCD000136803F00F03022BFAD10F4A936843F065
:10BCE00002039360936803F00C03082BFAD1536CA2
:10BCF00043F480435364536E43F480435366536E5E
:10BD000070470C4A0C4B12689A42DCD1084B4FF436
:10BD100081721A60DBE700BF00380240007000400B
:10BD200008244106002004E0001088381164002037
:10BD3000003C024000ED00E041C20F4108B511484F
:10BD4000FFF7AAF8104A0F49528C104BCB61802A9A
:10BD50000CD09302B3F5802F0FD0B3F5C02F0ED0C7
:10BD6000B3F5002F08BF032301D008BD0023084A04
:10BD700052F82330034A136208BD0123F7E7022378
:10BD8000F5E700BF609A0020007AFF1F003C0240E8
:10BD900058020208C3690749D3F804C0064A074895
:10BDA0004CEA0101596059680A4300215A60016157
:10BDB000704700BF23016745AB89EFCD003C0240CF
:10BDC000C269136943F0004313617047006A70470A
:10BDD00090F804C0BCF1050F18D010B59C4603467E
:10BDE00003201C6A82B018716046D4F814C0DC6964
:10BDF000019361444FF6FF7CC4F80CC002F000FED2
:10BE0000019B022200201A7102B010BD0120704770
:10BE10002DE9F0430479052C83B060D0064699469D
:10BE2000F469376A042333714FF6FF73E3602369C3
:10BE300023F440732361236943F40073236123696E
:10BE400043F0010310462361002A3DD0D7F8148047
:10BE500001F0030EFF257B684FF0000C43B10DEBA2
:10BE60000C020CF1010C5FFA8CFC9C451570F6D3AA
:10BE700021F0030C4B46EE4413F8012B8EF8002002
:10BE800001318A0700F1FF3001F0030E01D00028D4
:10BE9000F1D1009A48F80C20E268D203FCD4E268A1
:10BEA00096F804901FFA82FC12F0100FC4F80CC030
:10BEB00013D112F0620F02D130B19946CBE7B9F13C
:10BEC000040F14BF042003202369022223F001037E
:10BED0002361327103B0BDE8F0830620F4E701204E
:10BEE00003B0BDE8F08300BF0379052B0CBF012030
:10BEF000072070470379052B1FD0C3694FF0050C4D
:10BF00004FF6FF7280F804C0DA601A6942F002024C
:10BF10001A611A6922F0F8021A611A6922F4407251
:10BF20001A611A6942EAC10242F400721A611A697E
:10BF300042F4803200201A6170470120704700BF30
:10BF40000379052B024601D000207047C069D0F864
:10BF50000CC01CF4803F03D001B10B60012070477E
:10BF6000036923F006030361C36892F804C099B221
:10BF7000C160D9060CD413F0620303D11846022322
:10BF800013717047BCF1040F14BF04200320F6E7BF
:10BF90000620F4E70279052A1FD0F8B5036A0446A3
:10BFA0005D690E46FEF7FAFE03230746237131460C
:10BFB0002046FEF705FF80080CD0EB1903EB80004C
:10BFC000021F043B01E0934209D053F8041F0131E2
:10BFD000F9D0052002232371F8BD01207047022308
:10BFE00023710020F8BD00BF10B50F480E4CFEF7BE
:10BFF00003FF0E4BDFF838E05A6ADFF838C042F42E
:10C0000080725A625A6A002122F48072E1625A6296
:10C010005B6AC4F828E0C4F830C00621BDE81040CF
:10C020001220FFF789BC00BF849A0020003802402C
:10C0300000200140162C02000378012B00D070472D
:10C0400000B5174A904283B0034610D015489A6A4B
:10C05000436803F44003002143F440334FF0010CE4
:10C06000436051609160C2F808C003B000BD0E4A41
:10C07000019006210C2000F067FB019B01680B4A30
:10C08000DFF82CC0D862C1F808C0516C41F480714F
:10C090005164516E41F480715166526ED6E700BF13
:10C0A000849A002000230140D9C1010800380240D1
:10C0B0004C2001400378022B00D0704700B583B0BC
:10C0C0000346C06A019300F045FB019B0A48996A48
:10C0D00000228342DA624A608A6001D003B000BD68
:10C0E000064B5A6C22F480725A645A6E22F48072A3
:10C0F0005A665B6EF2E700BF849A00200038024067
:10C1000003691A7810B5046BD0F80CE032B1BEF1B7
:10C11000010F94BF44F4807444F48474C26A1168BB
:10C120005A8802F1FF3C0EFB02FE8268CA60C1F829
:10C1300004E00C600C68826A44F001000860196A2F
:10C140005C69D86841EA0C514FF0000CC2F800C09D
:10C15000D4609C6914619C8B5462DC8B9462D162C4
:10C1600019695C6A9B6A146340F08060536340F411
:10C1700080704B0050600AD521F0804340F20330BC
:10C1800023F00203034301439360916010BD41F427
:10C19000407141F00101916010BD00BFC16A0A68A1
:10C1A000136823F01F0300B51360136813F0010335
:10C1B000FBD191F809E0D1F804C0826A3D2101FA6F
:10C1C0000EF1CCF8001053609168890748BF936066
:10C1D0000123936000BD00BF00B511F00C0F83B0C8
:10C1E00013D102697AB111F0200F2BD011780029F8
:10C1F00036D052683AB10421017000909047009BFC
:10C200001A78042A48D003B000BD0090FFF7C6FF9B
:10C21000009B1A699268F2B10521197001219047BB
:10C22000009B1A78052A16D0302282F311884FF02D
:10C23000FF3103F11400FEF773FA002383F3118832
:10C2400003B000BDCB06DED55368002BDBD003B0B6
:10C250005DF804EB18470221002219701A61E3E728
:10C26000CDE90020FFF79AFF009A019B5268B2B116
:10C270000421197000939047009B1A78042A0ED06D
:10C28000302282F31188002103F11400FEF748FAEE
:10C29000002383F31188B6E703221A70B3E7022163
:10C2A000002219701A61EBE71F4B204A19691068C8
:10C2B0004FF0000CC2F800C051B310B500F00102FD
:10C2C000800682B002D51878032828D0DAB1042479
:10C2D00015480191FFF762FF01998A680346CAB1C8
:10C2E00005210170214690470F4B1A78052A11D07D
:10C2F000302383F311880E484FF0FF31FEF710FA18
:10C30000002383F3118802B0BDE81040FEF716BB8E
:10C31000FEF714BB0221002219701A61E8E7002A17
:10C320000CBF02240624D3E7849A00200020014099
:10C33000989A002030B5DFF8E8E04FF0010C1C4679
:10C34000DEF800300CFA00FC1CEA030F83B018BFC3
:10C35000002302D0184603B030BD4CEA0303CEF8E8
:10C3600000300EEBC00E00EB4003CEF808402B4C23
:10C37000CEF804205FFA8CFE04EB8303BEF1000FBD
:10C3800038D1DFF8A0C0DCF830E04EF4800ECCF8F5
:10C3900030E0DCF850E04EF4800ECCF850E0DCF8F1
:10C3A00050C01E4C00EB400C54F82CE0DEF800C0EE
:10C3B0002CF01F0CCEF800C0DEF800C01CF0010C01
:10C3C000FAD1164C00EB400004EB80003D25447A86
:10C3D00005FA04F445682C60CEF800C04FF0210C3B
:10C3E000CEF814C0002AB5D0C07A0193FFF7A4FAA2
:10C3F000019BAFE7DFF82CE0DEF8304044F4001496
:10C40000CEF83040DEF8504044F40014CEF85040EE
:10C410001CF47F4FDEF850E0C3D0B2E7A803020857
:10C42000A07300200038024008B5074B0748196880
:10C43000426801F03D0199600AB180689047BDE80B
:10C440000840FEF77BBA00BF00600240A0730020E6
:10C4500008B5094B09481968C26801F4746CC3F83F
:10C4600008C022B18909006901F03D019047BDE88B
:10C470000840FEF763BA00BF00600240A0730020CE
:10C4800008B5094B09481968426901F4741CC3F8DE
:10C4900008C022B1090C806901F03D019047BDE858
:10C4A0000840FEF74BBA00BF00600240A0730020B6
:10C4B00008B5094B09481968C26901F0746CC3F8E2
:10C4C00008C022B1890D006A01F03D019047BDE826
:10C4D0000840FEF733BA00BF00600240A07300209E
:10C4E00008B5074B07485968426A01F03D01D96019
:10C4F0000AB1806A9047BDE80840FEF71FBA00BF46
:10C5000000600240A073002008B5094B0948596833
:10C51000C26A01F4746CC3F80CC022B18909006BC3
:10C5200001F03D019047BDE80840FEF707BA00BFA3
:10C5300000600240A073002008B5094B0948596803
:10C54000426B01F4741CC3F80CC022B1090C806B5F
:10C5500001F03D019047BDE80840FEF7EFB900BF8C
:10C5600000600240A073002008B5094B09485968D3
:10C57000C26B01F0746CC3F80CC022B1890D006C61
:10C5800001F03D019047BDE80840FEF7D7B900BF74
:10C5900000600240A073002008B5074B07481968E7
:10C5A000426C01F03D0199600AB1806C9047BDE892
:10C5B0000840FEF7C3B900BF00640240A07300202A
:10C5C00008B5094B09481968C26C01F4746CC3F8CA
:10C5D00008C022B18909006D01F03D019047BDE816
:10C5E0000840FEF7ABB900BF00640240A073002012
:10C5F00008B5094B09481968426D01F4741CC3F869
:10C6000008C022B1090C806D01F03D019047BDE8E2
:10C610000840FEF793B900BF00640240A0730020F9
:10C6200008B5094B09481968C26D01F0746CC3F86C
:10C6300008C022B1890D006E01F03D019047BDE8B0
:10C640000840FEF77BB900BF00640240A0730020E1
:10C6500008B5074B07485968426E01F03D01D960A3
:10C660000AB1806E9047BDE80840FEF767B900BF89
:10C6700000640240A073002008B5094B09485968BE
:10C68000C26E01F4746CC3F80CC022B18909006F4A
:10C6900001F03D019047BDE80840FEF74FB900BFEB
:10C6A00000640240A073002008B5094B094859688E
:10C6B000426F01F4741CC3F80CC022B1090C806FE6
:10C6C00001F03D019047BDE80840FEF737B900BFD3
:10C6D00000640240A073002008B5094B094859685E
:10C6E000C26F01F0746CC3F80CC02AB1890DD0F888
:10C6F000800001F03D019047BDE80840FEF71EB9FB
:10C7000000640240A07300200B4ADFF838C000210B
:10C710000B4611605CF8230008320333302B0160B4
:10C7200042F8041CF6D10549054A4FF0FF338B60EF
:10C73000CB609360D3607047A0730020006002401C
:10C7400000640240A80302080F2801D8FFF7F2BDD9
:10C750000020704710B50446C07AFFF703F911496D
:10C76000A07A0B680122824023EA0203DAB20B604E
:10C770004AB90D4A116B21F400111163116D21F4B6
:10C7800000111165126D13F47F4F09D1064B1A6B1E
:10C7900022F480021A631A6D22F480021A651B6D5E
:10C7A00010BD00BFA0730020003802408B0712D1DB
:10C7B0001A4B1A6822EA00021A605A6822EA00023A
:10C7C0005A609A6822EA00029A60DA6822EA000255
:10C7D000DA6058617047114A936811F0010F14BF75
:10C7E0000343834393600D4AD36811F0020F14BFD3
:10C7F00003438343D3604A07084B07D41A680243B4
:10C800001A605A6822EA00025A6070475A68024366
:10C810005A601A6822EA00021A607047003C014020
:10C82000044B002203F180011A605A6008338B42E6
:10C83000FAD17047B89A00202DE9F04711F00103B2
:10C8400002F003099046C2F38005C2F3C106C2F3A9
:10C8500041174C4639D0002342684FF0010C0CFAC6
:10C8600003FC22EA0C022A43426082684FEA430C2E
:10C870004FF0030E0EFA0CFE22EA0E0232438260E3
:10C88000C26822EA0E023A4303F0070C4FEA8C0C0E
:10C89000C2604FF00F0AC8F3C312B9F1020F0AFACF
:10C8A0000CFA02FA0CF220D0D0F800C02CEA0E0CE0
:10C8B0004CEA040C072BC0F800C028D8D0F820C0E0
:10C8C0002CEA0A0C4CEA0202026249081DD0CA078F
:10C8D0004FEA45054FEA86064FEA87074FEA840488
:10C8E00003F10103B8D44908F1E7072B17D8D0F8B2
:10C8F00020C02CEA0A0C4CEA02020262026822EA18
:10C900000E02224349080260E1D1BDE8F087D0F869
:10C9100024C02CEA0A0C4CEA02024262D5E7D0F8A5
:10C9200024C02CEA0A0C4CEA02024262E6E700BF8D
:10C9300021F0030303F1804303F59C3310B501F0AC
:10C94000030C0124D3F808E004FA01F14FEA8C0C3F
:10C950001446C0F383200F2200FA0CF002FA0CFCFC
:10C960002EEA0C0C0C4A40EA0C0098609368E00731
:10C970004CBF0B438B439360074AD368A0074CBF5F
:10C980000B438B43D360044B1A680A431A605A68FE
:10C9900022EA01025A6010BD003C0140174BD3F857
:10C9A00008C0D868012210B58A404CEA000E1EEA81
:10C9B000020F22D04FEA910E114C0EF1020E2CEA1A
:10C9C000020C54F82EE0D3F800E02EEA020EC3F871
:10C9D00000E0D3F804E02EEA020EC3F804E0C3F846
:10C9E00008C0DFF820C020EA0200D8605A610023A6
:10C9F0000CEBC1024CF83130536010BD003C0140DB
:10CA000000380140B89A0020D0F830C0436B4FF492
:10CA1000004200B500211A60DCF80020196059605E
:10CA20005961136823F01F0313601368D907FCD4FE
:10CA30009CF809E0C16ADCF804000A683D2303FAA7
:10CA40000EF30360136823F01F0313601368DB0702
:10CA5000FCD4487A4A683D238340136000BD00BF80
:10CA600010B511F00C0F446B82B0034613D1196B53
:10CA70000A68136823F01F0313601368DB07FCD4F4
:10CA8000487A4A683D2383401360636843F4007327
:10CA9000636002B010BD01900248FDF73FFB019BAF
:10CAA000E5E700BFB0F6010810B511F00C0F426BBE
:10CAB00082B0044629D1E06A0368196821F01F0199
:10CAC0001960196811F00101FBD1D0F804C0407A57
:10CAD0003D238340CCF80030536823F480535360E7
:10CAE000136823F480631360136843F400733020E9
:10CAF000136080F3118804F11C000191FDF710FE12
:10CB0000019981F3118802B010BD03480192FDF72D
:10CB100005FB019ACFE700BFB0F601084848494934
:10CB2000426B10B59369546944EA034303F0FF1361
:10CB30008B4282B01FD8B3F5403F31D9A3F54033C3
:10CB4000013B102B0ED8DFE803F02E440D0D0D0D28
:10CB50000D090D0D0D0D0D0D0D0D3A00038CC3F3D8
:10CB60004703136114F00A0F18BF936902B0BDE8C0
:10CB70001040FDF7E3BE34498B4240D002318B4276
:10CB8000F0D1C36A11691B685968002942D0018C31
:10CB9000136841F0010143F4A06301841360E5E7E9
:10CBA000B3F1011FDED1038C190ADAD001F00601BE
:10CBB00003F00103194341F0F0011161D2E720486D
:10CBC0000092FFF721FF009A536823F4007353602B
:10CBD000C8E75168C06A21F40071036851601968A0
:10CBE00041F001011960516841F4805151605B6866
:10CBF000012BB7D8136823F480631360B2E753683E
:10CC0000016B23F40073096853600B6843F0010360
:10CC10000B60A7E75368019223F400735360136815
:10CC200043F400731360302383F311881C300091A8
:10CC3000FDF776FD009981F31188019A92E700BF14
:10CC4000389B002011000300820007003B4938B5E3
:10CC5000D1F834E00C6BDEF814C022680CF45F43AA
:10CC6000DB43CEF81430136823F01F031FFA8CF057
:10CC700013601368DB07FCD4657A6268CC6A3D23D5
:10CC8000AB4013602268136823F01F03136013681E
:10CC9000DD07FCD4657A62683D23AB4013608405F0
:10CCA000C0F3002348BF43F0020342058B600ED55A
:10CCB000DEF8042022F40072CEF80420DEF8002012
:10CCC00043F0040342F40072CEF800208B600505A7
:10CCD00044BF43F008038B6044041ED543F0200397
:10CCE000C0048B600FFA8CFC24D543F01003BCF118
:10CCF000000F8B6002DA43F040038B60302383F334
:10CD000011880F486FF00101FDF70AFD002383F33E
:10CD10001188BDE83840FDF711BEC2040FFA8CFC43
:10CD2000E3D4BCF1000FE6DB002BE7D1BDE83840CF
:10CD3000FDF704BEBCF1000FE0DADCE7389B002011
:10CD4000549B002008B50548FEF7D0F80349044A73
:10CD50004A630023CB61CB620B6308BD389B002084
:10CD6000005C004030B50278446B012A83B0034672
:10CD700053D02246D96AD3F830C0096804F11000B4
:10CD800088605968DCF8003098604FF400402060FB
:10CD900000234FF4106023606060D2F804C048683C
:10CDA0004FF6C07E0CEA0E0C91F808E0C2F804C001
:10CDB000D2F804C04CF0240CC2F804C0DFF834C12F
:10CDC00060451BDC252340001362454B93FBF0F3C9
:10CDD000C3F30B03D3610978136802299BB261D0B6
:10CDE00003295CD023F00A00012908BF0346136021
:10CDF000236843F00103236003B030BDDFF8F8C0BF
:10CE00006045E7DCBEF1020F52D0BEF1030F5AD0ED
:10CE100048F6FF730B201062DCE7324A40F25640BE
:10CE200040F21641934298625962A2D12E4D2F4A88
:10CE3000296A41F400012962296A21F4000129626A
:10CE4000296A019305210220FFF77EFC019B284AF5
:10CE5000D86205210420FFF777FC2A6C019B42F47D
:10CE6000000218632A642A6E42F4000205212A6631
:10CE700048202A6EFEF760FD05214920FEF75CFD83
:10CE8000019B586A996A5A6B40F0C06041F0C061DA
:10CE900040F4403041F44031586299626AE743F00F
:10CEA0000A03A4E723F0080343F002039BB29EE7C2
:10CEB0000B4B00EB4000B3FBF0F36FEA43436FEA28
:10CEC00053439BB2A6E700EB8000054B00EB8000CC
:10CED000B3FBF0F36FEA83436FEA93439BB299E7A6
:10CEE00000512502389B002000380240A9CA0108E1
:10CEF00061CA0108A0860100801A06000378012B90
:10CF000000D1704710B50446FFF77EFD206BFFF798
:10CF100021FCE06AFFF71EFC0B4A002394422363C6
:10CF2000E36200D010BD4820FEF71CFD4920FEF74B
:10CF300019FD064B1A6C22F400021A641A6E22F4D0
:10CF400000021A661B6E10BD389B0020003802409C
:10CF500049002DE9F84341F001010025446B0184AB
:10CF60008146856085F31188C16A406A0968086056
:10CF7000CA604B60FDF75AFD3026804641F2873784
:10CF800001E085F3118886F31188A3699A0702D41A
:10CF900023689B0518D5FDF749FDA0EB0800B842B2
:10CFA000EFD9D9F82C100A68136823F01F03136017
:10CFB0001368D807FCD4487A4A683D23834013603D
:10CFC0004FF0FF30BDE8F8836368089943F40073BD
:10CFD0006360236843F4A06309F11C002360FDF73C
:10CFE00091FB0028EED0D9F82C100A68136823F0C2
:10CFF0001F0313601368DB07FCD44C7A4A683D2397
:10D00000A3401360BDE8F8832DE9F84349000025EB
:10D01000089F446B01848146856085F31188016B0C
:10D02000D9F828600868D9F82C1009680660C26031
:10D030004360D9F824300B60099BCF604B60FDF74B
:10D04000F5FC3026804641F2873701E085F31188F0
:10D0500086F31188A3699A0702D423689B0527D514
:10D06000FDF7E4FCA0EB0800B842EFD9D9F8300096
:10D070000268136823F01F0313601368DC07FCD4F5
:10D08000447AD9F82C1040680A683D23A340036015
:10D09000136823F01F0313601368D807FCD4487A81
:10D0A0004A683D23834013604FF0FF30BDE8F883AA
:10D0B00063680A9943F400736360236843F48073E0
:10D0C00009F11C002360FDF71DFB0028EED0D9F804
:10D0D00030402268136823F01F0313601368D907D8
:10D0E000FCD4627AD9F82C1064683D2393400A6816
:10D0F0002360136823F01F0313601368DB07FCD45D
:10D100004C7A4A683D23A3401360BDE8F88300BF12
:10D1100012498A6DD1F854C070B595680023083162
:10D12000012451F804EFDEF8186003F1100204FA4C
:10D1300003F0013336B1DCF81C6804FA02F2324322
:10D14000CCF81C28DEF8142022B1DCF81C2810438F
:10D15000CCF81C08AB42E4D970BD00BF709B002026
:10D1600010B50022D1F808E04FF0FF3400E00132A2
:10D1700000EB42110B46D1F800C9BCF1000F05DAF3
:10D18000D1F800C94CF0804CC1F800C9D1F800CBEF
:10D19000BCF1000F05DAD1F800CB4CF0804CC1F89F
:10D1A00000CB9645C3F80849C3F8084BDFD14FF0D0
:10D1B0000113C0F81C3810BD08B50548FDF790FFF5
:10D1C0000349044B8B654FF0A0424A6508BD00BF80
:10D1D000709B0020680402080378012B00D0704780
:10D1E00030B5304B446D984283B005463BD0234662
:10D1F000C0220021C4F8001E22604FF40412A26372
:10D200001A69002AFCDA01221A610C200193FCF74A
:10D21000B1FF019B1A69D207FCD412200193FCF7DD
:10D22000A9FF019B1A69002AFCDA0023A96D686D29
:10D23000A360FFF795FF6A68D2680023C4F810382E
:10D24000C4F81438C4F81C3852B1174BA3614FF01E
:10D25000FF336361A36843F00103A36003B030BDF3
:10D26000124BA361F3E7124B5A6B42F080025A63F0
:10D270005A6D42F080025A655A6D5A6942F0800236
:10D280005A615A6922F080025A610E2143205B697B
:10D29000FEF752FB074B084AE3606B6DC4F80028A9
:10D2A000A6E700BF709B0020083C30C0003C30C0A7
:10D2B0000038024040140040030020020378012B94
:10D2C00000D1704700B583B00346816D406D019376
:10D2D000FFF746FF0C49019B00228B42C0F81C2837
:10D2E0008260826301D003B000BD4320FEF73AFBA9
:10D2F000064B5A6B22F080025A635A6D22F080026C
:10D300005A655B6DEFE700BF709B0020003802405C
:10D3100070B5456D202306462B612C6914F020045E
:10D32000FBD11220FCF726FFD6F858C0C5F83448C8
:10D33000DCF808004FF00113C5F81C3801304FF03D
:10D3400000614FF0FF3205EB441301348442C3F80F
:10D350000019C3F8001BC3F80829C3F8082BF2D141
:10D36000726DDCF80030F36510216B621161146995
:10D3700014F01004FBD11220FCF7FCFED5F80038A5
:10D38000114823F4FE63C5F80038AB6943F4402329
:10D3900043F01003AB61F36D09224FF0C041C5F8B3
:10D3A0001028C5F81428F060084AC5F8101B03F1CE
:10D3B000100143F48013C5F8002BC5F81049C5F8D7
:10D3C0000029F165AB6270BD740402084080001052
:10D3D000426D90F84E10D2F8003823F4FE6343EA11
:10D3E0000113C2F80038704700EB810370B5DB68A9
:10D3F000446D1A68D3F818E002F003020546501E87
:10D40000022804EB411C98BF92044FF0000082B048
:10D4100098BF02F18052CCF8100B4FF0010601F1D9
:10D4200010008CBF424A02F5004206FA00F0BEF13D
:10D43000000F4ED0B3F812E001F1580C4FEA4C1C2B
:10D440004EEA020644F80C60D4F81C683043C4F875
:10D450001C0804EB41104FF0000C5E69C0F810C9C5
:10D460004FEA811C4CF0200C002E3FD0B3F81CE09A
:10D47000188ABEF1010F4FEA9003E86D88BF0EFBDA
:10D4800003F304EB810E1E1840EA0340EE65CEF86C
:10D490000001C4F810C023699806FCD41220019141
:10D4A0000092FCF767FE0199009A05EB810001F1FB
:10D4B0004805C068008A6D0140EA81501043605100
:10D4C0000123D4F81C288B401343C4F81C3802B045
:10D4D00070BDDCF8006B26F40046CCF8006BD4F885
:10D4E0001C6826EA0000C4F81C08B2E704EB8103BC
:10D4F000104AC3F80021C4F810C023699B06FCD46D
:10D5000012200091FCF736FE009904EB4110012334
:10D5100003FA01F2D0F8003923F40043C0F80039CF
:10D52000D4F81C3823EA0203C4F81C3802B070BDDA
:10D530000080001000040002816D03460A68406DFF
:10D54000DA65FFF70DBE00BF5831436D49015B58E6
:10D5500013F4004004D013F4001F14BF0120022074
:10D56000704700BF4831436D49015B5813F40040D8
:10D5700004D013F4001F14BF01200220704700BF25
:10D5800000EB81011046CB680822196A01F038BA15
:10D5900000EB810300B5DA68D2F818E0DEF800C0CD
:10D5A000CEF810C011B9BCF1400F2ED8538A1268C2
:10D5B000406D02F0030E5A1E6244B2FBF3F202FB0E
:10D5C00003F3033323F0030343EAC24300EB4112A6
:10D5D00043F0C043BEF1010FC2F8103B0CD1D0F8AC
:10D5E000083813F4807FD2F8003B14BF43F0805317
:10D5F00043F00053C2F8003B00EB4110D0F8003B71
:10D6000043F00443C0F8003B00BD4023CEF8003097
:10D610009C46CBE7314A30B5546D014604EB4010CF
:10D6200083B0D0F8083BC0F8083B180703D5D4F8FE
:10D630001408050738D4D80734D5D4F81438DB07D4
:10D6400030D58C1C02EB84035B6891B9D3F818C009
:10D65000B3F812E0DCF80450DCF80400B0FBFEF094
:10D660000EFB105028B9DCF800E0DCF8100086450D
:10D6700026D3DD6853890120884023EA00035381C3
:10D6800015B11648A847154A302383F3118802EBD9
:10D6900084025368986941680C30FDF741F8002313
:10D6A00083F3118803B030BD02EB81000193C068A1
:10D6B0000091436810469847DDE90013074ABAE72E
:10D6C000A0EB0E00CCE90001302383F3118803485E
:10D6D000FFF75EFF81F31188E4E700BF709B002035
:10D6E00000EB8103426DD3F80CC0DCF81400036832
:10D6F00000B5036153BB02EB41134FF4002E480108
:10D70000C3F810E9DCF8003003F00303012B0ED15D
:10D71000D2F8083802EB000C13F4807FDCF80039F3
:10D7200014BF43F0805343F00053CCF80039104449
:10D730000123D0F800C98B404CF00441C0F8001917
:10D74000D2F834180B43C2F8343800BD19B9402B55
:10D7500084BF40230360BCF810E00EF1FF30184492
:10D76000B0FBFEF043EAC04302EB411043F000532C
:10D77000C0F810394801C5E72DE9F0474C4D6E6DF2
:10D7800006EB40120346D2F80849E00782B0C2F81F
:10D79000084903D5D6F81028D1070BD4220606D5A0
:10D7A000D6F83428012199400A4289462FD102B087
:10D7B000BDE8F0879A1C05EB8201D1F804C0DCF8C3
:10D7C0001410D1F800E0086986455FD32989DCF898
:10D7D00008700120984021EA0001298137B11946DB
:10D7E000284601920093B847019A009B009330218C
:10D7F00081F3118805EB82020021526850690C30D8
:10D80000FCF78EFF002282F31188009BC6E705EB30
:10D810008302D5F854A0D26855696C682E68A64278
:10D820002DD9128A581CC0B217460AEB00300AEBF9
:10D830004318A6EB040CD8F81839BC459BB228BF96
:10D84000BC46BCEB830FB2D8D5F808E0BCF1040F9E
:10D85000DEF8003003600BD9ACF1050121F00301C3
:10D8600004317144734653F8042F02608B42FAD19D
:10D8700064440EEB0C03A642AB606C60D9D8DAF8B6
:10D88000343823EA0903CAF8343890E7A0EB0E00D5
:10D89000002208604A60302181F311881946284629
:10D8A0000093FFF71DFF002282F31188009B75E7AC
:10D8B000709B00202DE9F04FAD4E83B0776D4FF097
:10D8C000400B4FE028056ED4A9040CD5D7F80838D2
:10D8D00013F0060FFB6823F470530CBF43F410538E
:10D8E00043F4A053FB602A070ED57468E368002B4D
:10D8F00000F042813378052B00F04681FFF708FCE9
:10D90000E3680BB130469847EB0200F18F80AC0220
:10D9100051D42903D7F818480BD5E20300F123812D
:10D92000A30300F11C81600300F11581210300F1C4
:10D930000E816A030BD5E30700F10581A00700F112
:10D94000FE80610700F1F780220700F1F080EB060E
:10D9500000F1BB80874B1D4200F0E480BBF1010B5E
:10D9600000F0E0807D69BB691D4015F480587D6141
:10D9700040F04381002DA5DAD7F8003E9C0705D082
:10D98000D7F8003E23F00303C7F8003EFFF7C0FBC3
:10D99000D7F8043823F001033046C7F80438FDF700
:10D9A000FFFC280590D5706DB16DFFF7D9FB3046AF
:10D9B000FDF7C4FC88E7D6F8549000244FF0010A24
:10D9C00005E0B36D01349B68E4B29C42A1D809EB39
:10D9D0004412D2F8003B03F44023B3F5802FF0D17A
:10D9E000D2F8002BA31C002A06EB83000AFA04F1EC
:10D9F000E7DA4268B6F80AC0D2682CEA010C304671
:10DA00002146A6F80AC012B101939047019B30222B
:10DA100082F3118806EB83035B68986941680C30D8
:10DA2000FCF77EFE002383F31188CAE70021D6F8B5
:10DA300054900C4607E0B36D01349B68E4B29C42FD
:10DA400021463FF664AF09EB4412D2F8003903F4E3
:10DA50004023B3F5802FEED1D2F80039002BEADA5B
:10DA6000D2F8003943F09043C2F80039D2F80039B7
:10DA7000002BFBDB726D890141F0200111611369FC
:10DA80009806FCD41220FCF775FB33890122A240D2
:10DA900023EA020304F1020A338106EB8A035B687E
:10DAA0009B6813B1214630469847302383F3118891
:10DAB00006EB8A0A0021DAF8043058690C30FCF7CA
:10DAC0002FFE002383F31188B5E7726D136A03F408
:10DAD000F011B1F5802FC3F30A1003F00F035ED0ED
:10DAE000B1F5402F7FF43AAF00283FF437AF06EB93
:10DAF000830302F58054DB684546196A002313F05E
:10DB0000030F08BF2568072B0A4603F1010303D85A
:10DB100002F8015B2D0A11469842F0D1BBF1010BCE
:10DB20007FF420AF03B0BDE8F04FFCF707BF032040
:10DB3000FFF722FE0BE70220FFF71EFE04E701209D
:10DB4000FFF71AFEFDE60020FFF716FEF6E60320BB
:10DB5000FFF760FDEDE60220FFF75CFDE6E6012041
:10DB6000FFF758FDDFE60020FFF754FDD8E600BFC1
:10DB7000709B002030000004BB6923F00803BB61E8
:10DB80003378052B7FF4BAAED7F8003E23F00303B9
:10DB9000C7F8003E3046FDF703FC7468AEE6991CFA
:10DBA00006EB81035B689D692C686B68A4EB030C32
:10DBB000AC68C8B1A64602F580550023444613F070
:10DBC000030F08BF2C689C45724603F1010303D97B
:10DBD00002F8014B240A96469842F0D106EB8103E5
:10DBE0005B689D69AC686B68604539BF24181B1879
:10DBF00064446344AC606B60B0E60448FDF764FBCA
:10DC000003B0BDE8F04FFCF799BE00BF709B002049
:10DC1000436D03EB4111D1F8003B43F40013C1F80D
:10DC2000003B7047436D03EB4111D1F8003943F4D9
:10DC30000013C1F800397047436D03EB4111D1F86F
:10DC4000003B23F40013C1F8003B7047436D03EB26
:10DC50004111D1F8003923F40013C1F8003970479D
:10DC600050207047BAB110B544689C4650341344F4
:10DC7000A1EB0C010CEB01004FEA900E00F0030049
:10DC800054F82E20C00022FA00F00CF8010B9C453D
:10DC9000F0D1002010BD0020704700BFF2B1F0B5F8
:10DCA0000D4641689E4650319C18ED1AFF260EEB3A
:10DCB0000500820800F003001EF801CB51F8223065
:10DCC000C00006FA00F723EA07030CFA00F0184335
:10DCD000A64541F82200EAD10020F0BD002070479F
:10DCE000184A194938B553689568DC6824F4F0403F
:10DCF000D8604FF40010486105B3996809040DD548
:10DD0000230503D510460221A8470E4AE50404D591
:10DD100093680C48032198470A4A53681B6C5807BC
:10DD20000CD5A10404D59368064804219847054AF8
:10DD3000630403D59368034805219847BDE838403C
:10DD4000FCF7FCBDD09B0020003C01400B480C4977
:10DD50004368DA6810B522F48064DC604FF4800414
:10DD60004C61846834B19B68590403D5530501D5CF
:10DD70000721A047BDE81040FCF7E0BDD09B002084
:10DD8000003C014013481449436810B5DA6822F496
:10DD9000407482B0DC604FF400344C6184689CB104
:10DDA0009B68D90408D5D10506D50021CDE900230B
:10DDB000A047DDE900230748990405D5930503D55D
:10DDC000836804480121984702B0BDE81040FCF781
:10DDD000B5BD00BFD09B0020003C014008B51F48E6
:10DDE000FDF7E6F81E4BCA21532259625A62DA68DF
:10DDF0001A4912F0100F4B60DA6818D022F0200296
:10DE0000DA60164A002301214FF4C4009360FEF744
:10DE1000CDFC0F210220FDF78FFD0F210320FDF720
:10DE20008BFDBDE808400F212920FDF785BD42F09C
:10DE30008002DA60DA685206FCD520200021986062
:10DE4000084A1964802040F2FF31D86019611A61D4
:10DE5000DA6822F08002DA60D3E700BFD09B0020AE
:10DE600000280040FF031F002DE9F04F0F464749EF
:10DE70007B68474A474EBC7897F80190C3F31A0372
:10DE8000A1FB03139B09A2FB031583B0ED080190CE
:10DE9000A6FB05018908A2FB01CE4FEADE0E04F0C5
:10DEA0001F04A6FB0E6C3878A2FB04684FEAD80862
:10DEB000A2FB00B608EB880B09F00F0AA4EB4B0499
:10DEC0004FEA591944EA4934A2FB0AB901EB410B64
:10DED000F608A5EB4B0B05EB8505A3EB450306EB1D
:10DEE0008605A0EB450044EA00400EEB8E04A1EB52
:10DEF00044014FEA9C0C4FEAD90943EA0B1343EA69
:10DF00000123A2FB0C41A2FB064209EB8904AAEB08
:10DF1000440A40EA0A24D20802EB820244EA0934A5
:10DF2000A6EB420244EA081444EA02540CEB4C0209
:10DF3000C908AEEB420E43EA0E3501EB8103ACEBB0
:10DF4000430C45EA0C4545EA0155FCF7F5F8124B40
:10DF50005A68D36843F08003D360D3685B06FCD56E
:10DF6000019B59680D604C608B687C7823F480239A
:10DF7000C4F3001443EA84438B60D36823F0800326
:10DF8000D36003B0BDE8F04FFCF7E0B8D34D6210AA
:10DF9000CDCCCCCCABAAAAAAD09B0020F0B505462C
:10DFA000002483B00F462646FCF7C6F86B6825466A
:10DFB00022469C6AA242AC46B6461D685E68F7D10E
:10DFC000AC45F5D1B645F3D19B680193FCF7BEF89B
:10DFD000019B2F489B0903F480512E4BC5F303424C
:10DFE00003FB02F2C5F3015300FB03224FF47A7CDA
:10DFF00005F00F030CFB0322C6F3035303EB830E60
:10E00000C6F3003303EB830C234B244804FB03F3D8
:10E01000C5F3023400FB0420C6F3034202EB4E02B8
:10E020003A70C6F3032202EB4C0202F00F0241EAFF
:10E0300002224EF66024C5F3032104FB0101C6F35E
:10E04000011000EB800406F00F0000EB440006F422
:10E050006046324300F01F0042EA0042C5F3021559
:10E0600042F2107000FB051103F5792321F078418D
:10E0700003F6184301EB9323796863F31A013B68B5
:10E0800079606FF3142313433B6003B0F0BD00BF0E
:10E090000051250280EE360018FCFFFFC027090062
:10E0A000D0F804C0416A9CF801200B68F2B91A68E4
:10E0B00022F01F021A601A68D207FCD44A7A496813
:10E0C0003D239340C2690B6093681B06FCD4016A30
:10E0D0000A68136823F01F0313601368D807FCD481
:10E0E000487A4A683D238340136070471A6822F0DB
:10E0F0001F0200B51A601A68D207FCD491F809E033
:10E100004A68016A3D2303FA0EF313600A68136834
:10E1100023F01F0313601368DB07FCD44A7A4968B5
:10E120003D239340104A0B60904212D0BCF814205B
:10E13000BCF81610C36922F044024FF0000C41F005
:10E14000030142F04000C3F800C059601A60186033
:10E1500000BD064B5A6A42F480525A625A6A22F44F
:10E1600080525A625B6AE1E7DC9B00200038024083
:10E1700010B511F00C0F82B0044629D143681A780B
:10E18000B2B1CA0604D55B6883B101919847019981
:10E190008B060BD563685B6843B10422227020466E
:10E1A00098472378042B01D10323237002B010BDBC
:10E1B0000193FFF775FF019B5B6833B10422227066
:10E1C000204698472378042B0DD1022323700AE0C0
:10E1D0000B48FBF7A3FF2046FFF762FF63689B68CD
:10E1E0000BB120469847302383F31188002104F1B6
:10E1F0000800FCF795FA002383F3118802B010BDE4
:10E20000B0F6010811F00C0F00D1704710B50446AC
:10E210000B48FBF783FF2046FFF742FF63689B68CC
:10E22000204603B19847302383F31188002104F17D
:10E230000800FCF775FA002383F3118810BD00BFB6
:10E24000B0F6010810B50748064CFCF7BDFE0023E8
:10E2500005480649064AE06123626362A162E26200
:10E2600010BD00BFDC9B00200030014016000106FD
:10E270004600010610B502784FF0FF31012A82B046
:10E28000034641633BD0D0F81CC0D3F804E0996A40
:10E29000BEF81420D86A14059EF8004021F4F0411D
:10E2A00020F4F04044BF41F4205140F42050E4B940
:10E2B00021F4847120F48470D8629EF80100996280
:10E2C0000023BEF81610CCF8003022F0440388B1C9
:10E2D00041F0030243F04001CCF804200020CCF8C8
:10E2E0000030CCF8001002B010BD41F4847140F44D
:10E2F0008470E1E743F4417341F00702EAE71D4A05
:10E3000090420AD0196A5A6AD3F81CC0086811688A
:10E310000CF10C0282608A60B7E70190164A0A216C
:10E320000820FEF711FA019B1862F8B1134A019315
:10E330000A210B20FEF708FA019B586298B1104A97
:10E34000516C41F480515164516E41F480515166D9
:10E35000516E516A41F480515162516A21F48051E9
:10E360005162526ACEE7186AFEF7F4F96FF01000B6
:10E37000B9E700BFDC9B002071E1010805E201085C
:10E38000003802400278022A00D0704700B583B0FE
:10E390000190FFF785FE019BD969586A00220A6047
:10E3A0004A60FEF7D7F9019B186AFEF7D3F9019B83
:10E3B000094900228B421A625A6201D003B000BDA3
:10E3C000064B5A6C22F480525A645A6E22F48052E0
:10E3D0005A665B6EF2E700BFDC9B0020003802400B
:10E3E00010B4046AD4F800C0CCF80C30836ACCF8BE
:10E3F000041043F48063CCF80030436AC06A1B68A1
:10E4000040F48060DA6059601860DCF8002042F067
:10E410000102CCF800201A6842F00102002010BC72
:10E420001A607047036AD3F800C000F13003CCF8DB
:10E430000C30836ACCF80410CCF80030436AC06A10
:10E440001B6840F48060DA6059601860DCF80020D6
:10E4500042F00102CCF800201A6842F001020020CC
:10E460001A607047104A1148116C41F001011164A3
:10E47000116E41F001011166126E82684FF0804307
:10E4800042F0010282600121002240F2CF2C4FF0C5
:10E49000FF30C3F828C0D8629A615A63DA605A60C4
:10E4A00059611960704700BF00380240002004E045
:10E4B0004FF0804208B51169D3680B40D9B2C94307
:10E4C0009B07116100D408BD302383F31188FBF74B
:10E4D00031FE002383F3118808BD00BF3A4A3B494F
:10E4E000106940F09F0070B510611069384D20F040
:10E4F0009F0010611069106B40F09F001063106D59
:10E5000040F09F001065126D3248334A00234FF0EF
:10E51000FF3C4FF6FF7E4B60C1F808C0C860C1F8F1
:10E5200014E00A622D4A4A6202F1854202F5B012F5
:10E530000A602B4A2B4853604FF0AA31C2F808C03A
:10E54000D1604FF08051C2F814E013625362116041
:10E550002549C2F80434C2F808C4C2F80C1423498F
:10E56000C2F814E4C2F820142149C2F824144FF46C
:10E57000A031C2F8001401F1804101F5504102F5CB
:10E58000C0524FF0553440F6FF764360C0F808C0E3
:10E59000C46046610362436203604B60C1F808C017
:10E5A000CC60C1F814E00B624B620B605360C2F8A0
:10E5B00008C0D560C2F814E01362BDE87040536231
:10E5C0001360FDF73BBB00BF003802400000024073
:10E5D00050555555645001A40000565500AA0A0034
:10E5E00000040240000C024055695555005000607F
:10E5F00000060600704700BF162303604FF0FF308F
:10E60000704700BF002070471846704700207047D1
:10E6100010B50022044608460121FCF7CBF900B1F1
:10E6200010BD0C2323604FF0FF3010BD08B5002152
:10E630001046582200F098F903464FF4005200208B
:10E640005A6008BD0120704708B50248FBF766FD17
:10E6500000F00EF8BCF6010808B50248FBF75EFDB5
:10E6600000F006F8C4F6010801207047704700BFAB
:10E6700008B5062000F0A8F90120FFF7E5FF00002B
:10E68000024B0A460146186800F002B8902F00209D
:10E6900070B5A1FB026535B9314600F059F8044662
:10E6A00028B9204670BD0C2303600024F9E73246E8
:10E6B000294600F059F9F4E7931E222B10B50C46B9
:10E6C00004D900230B701C46204610BD0A2A09D12C
:10E6D000002807DA2D230B7040420121214400F06D
:10E6E000F3F8F1E70021F9E7FFF7E6BF024B014637
:10E6F000186800F02DB800BF902F0020024B014693
:10E70000186800F0A9B900BF902F002070B50F4C19
:10E710000E462168054611B9FFF77AFF20603146A1
:10E720002846FFF775FF431C03D14FF0FF34204606
:10E7300070BDC41C24F00304A042F8D0211A28465E
:10E74000FFF766FF0130F2D1EFE700BF4074002011
:10E750002DE9F843CD1C25F0030508350C2D38BFF5
:10E760000C25002D064601DBA94204D90C23336099
:10E770000020BDE8F883334F00F066F83B681C4684
:10E780003CBB29463046FFF7C1FF431C044656D127
:10E790003C68A046B8F1000F40D1002C49D0236856
:10E7A0004146304604EB0309FFF732FF814540D173
:10E7B00021686D1A29463046FFF7A8FF013038D08E
:10E7C00023682B4423603B685A685ABBC7F8008013
:10E7D0000EE02268521B1ED40B2A16D96119A342DF
:10E7E000256018BF5960636808BF396062514B608B
:10E7F000304600F02AF804F10B00231D20F007003A
:10E80000C21A1CBF1B1AA350B3E76268A3420CBF15
:10E810003A605A60ECE723466468B1E74446D8F8AA
:10E820000480B7E71A465B68A342FBD1002353601C
:10E83000DEE70C233360304600F007F898E7056008
:10E84000D6E700BF4474002070477047164B10B5E0
:10E850001C68226BB2B91820FFF748FF02462063FC
:10E8600020B9124B1248522100F0D8F81149124B2E
:10E87000C0E90013114B83600B2383810021012029
:10E88000C2E9040113690E4854690E49584301FB5B
:10E890000400A3FB0131013340EB0100C2E9043065
:10E8A00020F0004010BD00BF902F00209804020807
:10E8B000AF0402080E33CDAB34126DE6ECDE05007A
:10E8C0002DF451582D7F954CF0B51E4C8BB005465C
:10E8D0000B466E4604F1200C20686168374603C77A
:10E8E000083464453E46F7D121793971911E20687C
:10E8F000386022294FF0000104D919700B461846E0
:10E900000BB0F0BD581E8446B5FBF2F702FB17565C
:10E9100028366E44AA4216F8286C0CF8016F0C4693
:10E920003D4601F10101EFD900225A541919A51AE7
:10E93000AA42E4DA10F8015F0E780670013201F89D
:10E940000159F4E73305020810B501390244904239
:10E9500001D1002005E0037811F8014FA34201D056
:10E96000181B10BD0130F2E702440346934200D168
:10E97000704703F8011BF9E71F2938B505460C4617
:10E9800004D9162303604FF0FF3038BDC26B12B1BB
:10E9900052F821304BB9284600F030F822460146A3
:10E9A0002846BDE8384000F017B8012B0AD0591CA2
:10E9B00003D1162303600120E7E7002142F8241069
:10E9C000204698470020E0E7024B01461868FFF711
:10E9D000D3BF00BF902F002038B5074C0023054659
:10E9E000084611462360FFF737FE431C02D1236817
:10E9F00003B12B6038BD00BF48740020FFF734BE60
:10EA00000A44914200F1FF3300D1704710B511F86C
:10EA1000014B03F8014F9142F9D110BD1FB51D46BE
:10EA2000094B1B680646D86852B1084C0091CDE9E5
:10EA30000142074933462A4600F05AF8FFF718FE0C
:10EA4000044C2246F2E700BF902F00205805020830
:10EA5000650502089305020837B5002944D051F82E
:10EA6000043C0190002BA1F10404B8BFE418FFF7A7
:10EA7000EBFE1E4A0198136833B96360146003B05B
:10EA8000BDE83040FFF7E1BEA34208D9256861190F
:10EA90008B4201BF19685B6849192160EDE71A468E
:10EAA0005B680BB1A342FAD911685518A5420BD186
:10EAB000246821445418A3421160E0D11C685B68AB
:10EAC00053600C441460DAE702D90C230360D6E7E4
:10EAD000256861198B4204BF19685B68636004BFD5
:10EAE000491921605460CAE703B030BD4474002066
:10EAF0000EB403B5014603AB054853F8042B006878
:10EB0000019300F02FF802B05DF804EB03B07047FA
:10EB1000902F00209368013B002B10B4936007DA1C
:10EB20009469A34201DB0A2902D110BC00F07BBB2F
:10EB30001368581C10601970084610BC7047F8B56F
:10EB400006460F461446D518AC4201D1002007E016
:10EB500014F8011B3A463046FFF7DCFF431CF3D1A3
:10EB6000F8BD00002DE9F047064696B00D46144664
:10EB70001F4618B1036A0BB900F0E6FAAB891B0710
:10EB800059D52B69002B56D00023099320238DF8EB
:10EB9000293003973023604F8DF82A304FF0010859
:10EBA00023461A7899461AB1252A03F10103F8D1B0
:10EBB000B9EB040A0BD05346224629463046FFF7EC
:10EBC000BEFF013000F0A380099A5244099299F8DF
:10EBD0000030002B00F09B8000224FF0FF33CDE986
:10EBE000053209F10109049207928DF853204C4631
:10EBF000052214F8011B4848E9F72AFC049A28BBAF
:10EC0000D00644BF20238DF85330110744BF2B2377
:10EC10008DF8533099F800302A2B1ED007994B46B7
:10EC200000204FF00A0C1A78303A092A1C4655D9B0
:10EC300000B307911EE02946304600F031FB002862
:10EC4000A2D04FF0FF3016B0BDE8F087C01B08FA25
:10EC500000F010430490A146C9E7039B191D1B68EF
:10EC60000391002BBBBF5B4242F002020793079364
:10EC7000B8BF049223782E2B0AD163782A2B32D185
:10EC8000039B1A1D1B68039243EAE3730234059346
:10EC9000DFF89090217803224846E9F7D9FB38B194
:10ECA000049BA0EB090040228240134301340493EB
:10ECB00021781A488DF828100622E9F7C9FB03AB22
:10ECC00000932A46164B04A9304600F0A3F8421CD4
:10ECD0001DD0099B03440134099361E701330CFB08
:10ECE000012101209FE700230593611C18464FF086
:10ECF0000A0C0A78303A092A0C4603D9002BC7D0EF
:10ED00000590C5E701310CFB00200123F1E7AB8939
:10ED10005B0696D4099896E7940502089E050208BA
:10ED20003FEB01089A0502082DE9F0479146984605
:10ED30008A680B69089E9342B8BF1346C9F8003031
:10ED400091F8432007460C4612B10133C9F8003050
:10ED50002368990642BFD9F800300233C9F8003061
:10ED6000256815F0060507D104F1190AE368D9F8FA
:10ED700000209B1AAB4229DC94F843302268003B08
:10ED800018BF012392062ED404F1430241463846AF
:10ED9000B047013021D02368A168226903F006033F
:10EDA000042B01BFE568D9F80030ED1A25EAE575B6
:10EDB00018BF00258B1A2B449142C8BF1D464FF047
:10EDC00000091A344D451AD1002008E001235246AB
:10EDD00041463846B047013003D14FF0FF30BDE81F
:10EDE000F0870135C2E7E1185A1C302081F8430052
:10EDF000224494F8451082F843100233C4E70123FB
:10EE0000224641463846B0470130E6D009F10109B3
:10EE1000D8E700002DE9F04398460B7E85B0782BAB
:10EE2000174606460C9A0C4609D8622B01F143019D
:10EE300008D8002B00F0DC80582B00F0BD8004F1D6
:10EE4000420539E0A3F163001528F8D801A555F86B
:10EE500020F000BFADEE0108C1EE01083FEE010851
:10EE60003FEE01083FEE01083FEE0108C1EE010848
:10EE70003FEE01083FEE01083FEE01083FEE0108BA
:10EE8000D1EF0108EDEE01087FEF01083FEE010828
:10EE90003FEE0108F9EF01083FEE0108EDEE010831
:10EEA0003FEE01083FEE010887EF01081368191DC6
:10EEB0001B68116004F1420584F842300123A8E088
:10EEC00013682568181D1060280601D51B6803E02B
:10EED0006A06FBD5B3F90030002B03DA2D225B4222
:10EEE00084F84320DFF878C10A2213E0256810680F
:10EEF00015F0800F50F8043B02D16D0648BF9BB25D
:10EF00001060227EDFF858C16F2A5DD108220020F0
:10EF100084F843006568A560002D05DB20681D436B
:10EF200020F00400206051D00D46B3FBF2F002FB4C
:10EF3000103E9A421CF80EE005F801ED0346F4D9A4
:10EF4000082A0BD12368DA0708D5236962689A4238
:10EF5000DEBF302305F8013C05F1FF35491B216177
:10EF6000CDF800803B4603AA21463046FFF7DCFE81
:10EF7000013053D14FF0FF3005B0BDE8F083236876
:10EF800043F020032360DFF8DCC0782384F84530A9
:10EF90002068156810F0800F55F8043B03D110F07D
:10EFA000400F18BF9BB21560C50744BF40F020005A
:10EFB000206023B11022AAE7DFF8A4C0E6E72268A8
:10EFC00022F020022260F5E70A22A0E70D46B7E70B
:10EFD0001368D4F800C060691D1D15601CF0800F17
:10EFE0001B6801D0186003E01CF0400FFAD01880B5
:10EFF000002323610D46B3E71368191D11601D68D6
:10F00000626800212846E9F723FA08B1401B6060D6
:10F0100063682361002384F84330A1E723692A460B
:10F0200039463046C0470130A4D023689B0714D42A
:10F03000E068039B9842B8BF18469DE7012304F19E
:10F04000190239463046C047013093D00135E36894
:10F0500003995B1AAB42F1DCEAE70025F7E700BF52
:10F06000A5050208B6050208002310B50446C0E94C
:10F070000033C0E90433836081814366C2818361C8
:10F08000194608225C30FFF76FFC054B6362054BA5
:10F09000A362054BE362054B2462236310BD00BFEE
:10F0A0009FF10108C1F10108F9F101081FF20108FF
:10F0B000024A0349034800F055B800BFE02F002082
:10F0C00049F40108942F002041680C4B994210B577
:10F0D000044601D000F0B8F9A168094B994202D06A
:10F0E000204600F0B1F9E168064B994204D0204671
:10F0F000BDE8104000F0A8B910BD00BF4C7400205E
:10F10000B47400201C75002010B50A4B0A4A1A601E
:10F110000A4800220421FFF7A7FF0948012209211C
:10F12000FFF7A2FFBDE81040064802221221FFF7B8
:10F130009BBF00BF84750020B1F001084C74002013
:10F14000B47400201C750020036A33B9034B0362BA
:10F15000034B1B680BB9FFF7D7BF7047C9F0010815
:10F16000847500202DE9F843804689461446002620
:10F17000D4E90175013F05D52468002CF8D130464B
:10F18000BDE8F883AB89012B07D9B5F90E300133FF
:10F1900003D029464046C84706436835EAE710B51C
:10F1A0000C46B1F90E10FFF727FA0028ABBF636DCC
:10F1B000A3891B1823F48053ACBF6365A38110BDE2
:10F1C0002DE9F0411F468B89DB0505460C461646A6
:10F1D00005D5B1F90E1002230022FFF713FAA38917
:10F1E000B4F90E1023F48053A38132463B462846DF
:10F1F000BDE8F041FFF708BA10B50C46B1F90E10A2
:10F20000FFF700FAB4F90C30421C0BBF23F4805313
:10F2100043F48053A381A38118BF606510BDB1F989
:10F220000E10FFF7F3B9F8B505460F46144618B1AE
:10F23000036A0BB9FFF788FFA369A360A3891A07C4
:10F2400001D5236943B92146284600F029F818B1B1
:10F250004FF0FF363046F8BD23692068C01A636955
:10F26000834205DC2146284600F0EEF80028EFD165
:10F27000A368013BA36023685A1C22601F70636966
:10F2800001308342FEB204D0A389DB07E2D50A2E07
:10F29000E0D12146284600F0D7F80028DAD0D7E799
:10F2A00038B5284B054618680C4618B1036A0BB9E7
:10F2B000FFF74AFFB4F90C30190720D4DA0607D457
:10F2C00009222A6043F04003A3814FF0FF3031E070
:10F2D000580711D5616B41B104F14403994202D042
:10F2E0002846FFF7B9FB002363630022A38962600D
:10F2F0002269226023F0240343F00803A3812369D9
:10F300004BB9A38903F42073B3F5007F03D02146E2
:10F31000284600F0D2F8B4F90C3013F001020AD0FC
:10F320000022A26062695242A261226942B913F0CE
:10F330008000C7D138BD990758BF6269A260F4E761
:10F340000020F7E7902F0020B1F90C202DE9F041C3
:10F35000160705460C4651D44B68002B02DC0B6C9B
:10F36000002B49DDE66A002E46D0002312F48052BD
:10F370002F682B6031D0626DA389590705D563686A
:10F38000D21A636B0BB1236CD21A0023E66A216A8E
:10F390002846B047421CB4F90C3006D129681D2913
:10F3A00045D8284ACA40D60741D500226260D90410
:10F3B0002269226004D5421C01D12B6803B9606523
:10F3C000616B2F60C1B104F14403994202D0284619
:10F3D000FFF742FB002363630EE0216A0123284606
:10F3E000B0470246501CC7D12B68002BC4D01D2B40
:10F3F00001D0162B1AD12F6000201DE00F69002FBD
:10F40000FAD093070E6808BF4B690F6018BF00233E
:10F41000A6EB07088B60B8F1000FEDDD216AA66A44
:10F4200043463A462846B047002807DCA38943F004
:10F430004003A3814FF0FF30BDE8F0810744A8EB03
:10F440000008E8E70100402038B50B6904460D4686
:10F450006BB118B1036A0BB9FFF776FEB5F90C3042
:10F460002BB129462046BDE83840FFF76DBF18464E
:10F4700038BD70B50E46B1F90E10002996B014468D
:10F480001D460ADAB28912F0800213D14FF480616E
:10F4900000202A60216016B070BD6A46FFF7C6F8EA
:10F4A0000028EFDB019A02F47042A2F500535A42A1
:10F4B0005A41EBE700224021EAE78B8973B59E07AA
:10F4C00005460C4607D504F1470323602361012359
:10F4D000636102B070BD01AB6A46FFF7CAFF009ED0
:10F4E00028463146FFF734F9B4F90C3038B99A059B
:10F4F000EFD423F0030343F00203A381E3E743F0D7
:10F500008003A381019B2060C4E90406002BE0D0A6
:10F51000B4F90E102846FFF795F80028D9D0A38932
:0CF5200023F0030343F00103A381D2E7B2
:10F52C0000080240010802400208024003080240A1
:10F53C000000024001000240000000000301000036
:10F54C0000000000080802400808024008080240B9
:10F55C0000FFFF0001000000A08601000100000078
:10F56C00414243000080FF7F0080FF7FFF00FF00CF
:10F57C000080FF7F0080FF7F0080FF7F0C0D0E0F4F
:10F58C00080905040607000102030A0B02E32B001D
:10F59C0002E3080003E1E32102E30600E2E6E3E70D
:10F5AC00323032362D30382D30342D31373A343626
:10F5BC003A31350053544D3332463430310000006B
:10F5CC000407080B0E00000011121314151617185F
:10F5DC00191A00004B65796368726F6E204B3820E6
:10F5EC00484500004C61737420736563746F72201E
:10F5FC00696E74656E64656420746F206265207535
:10F60C00736564207769746820776561725F6C65D7
:10F61C0076656C696E67206973206265796F6E64BC
:10F62C0020617661696C61626C6520666C617368DF
:10F63C002064657363726970746F722072616E6797
:10F64C0065000000496E76616C69642073656374B3
:10F65C006F7220636F756E7420696E74656E64656D
:10F66C006420746F206265207573656420776974FB
:10F67C006820776561725F6C6576656C696E670092
:10F68C0026262626262626262626262600000000A6
:10F69C00633000006D61696E0000000069646C6588
:10F6AC0000000000444D41206661696C7572650074
:10F6BC0065786974000000006B696C6C00000000D8
:10F6CC00003131295A1B750A0000000000000000AF
:10F6DC000000000000000240040000001C000000BC
:10F6EC0011121300006400000064000000580200B6
:10F6FC000000000000000000046400000064000032
:10F70C0000580200000100000000000003D00700B8
:10F71C0000FA000000D0070000010000000000000B
:10F72C0004E8030000E803000000000000010000F2
:10F73C0000000000000000000000000000000000BD
:10F74C0000000000000000000000000000000000AD
:10F75C00000000000000000000000000000000009D
:10F76C00000000000000000000000000000000008D
:10F77C00000000000000000000000000000000007D
:10F78C00000000000000000000000000000000006D
:10F79C00000000000000000000000000000000005D
:10F7AC00000000000000000000000000000000004D
:10F7BC00000000000000000000000000000000003D
:10F7CC00000000000000000000000000000000002D
:10F7DC00000000000000000000000000000000001D
:10F7EC00000000000000000000000000000000000D
:10F7FC0000000000000000000000000000000000FD
:10F80C0000000000000000000000000000000000EC
:10F81C0000000000000000000000000000000000DC
:10F82C0000000000000000000000000000000000CC
:10F83C0000000000000000000000000000000000BC
:10F84C0000000000000000000000000000000000AC
:10F85C00000000000000000000000000000000009C
:10F86C00000000000000000000000000000000008C
:10F87C00000000000000000000000000000000007C
:10F88C00000000000000000000000000000000006C
:10F89C00000000000000000000000000000000005C
:10F8AC00000000000000000000000000000000004C
:10F8BC00000000000000000000000000000000003C
:10F8CC00000000000000000000000000000000002C
:10F8DC0000000000700200000000000000000000AA
:10F8EC00000000000000000000000000000000000C
:10F8FC009002700300000000700030020000000055
:10F90C005002300100000000000010020000000056
:10F91C00000000000000100050003000000000004B
:10F92C00D0001001F0000000F001D0010000000038
:10F93C0000000000B0020000000000000000000009
:10F94C0000000000000000000000B0010000D00228
:10F95C000000F00290000000000000000000000019
:10F96C00000000000000000000000000B0003003A8
:10F97C0010035003006F8F7F006E8E7E006D8D7DA7
:10F98C00006C8C7C006B8B7B006A8A7A00698979AD
:10F99C0000688878006787770066867600658575CD
:10F9AC0000648474006383730062827200618171ED
:10F9BC0000608070000F2F1F000E2E1E000D2D1DDD
:10F9CC00000C2C1C000B2B1B000A2A1A00092919ED
:10F9DC00000828180007271700062616000525150D
:10F9EC00000424140003231300022212000121112D
:10F9FC000000201001012111003F5F4F003E5E4EC0
:10FA0C00003D5D4D003C5C4C003B5B4B003A5A4A60
:10FA1C000039594900385848003757470036564680
:10FA2C0000355545003454440033534300325242A0
:10FA3C00003151410030504001002010010F2F1FA8
:10FA4C00010E2E1E010D2D1D010C2C1C010B2B1B50
:10FA5C00010A2A1A01092919010828180107271770
:10FA6C000106261601052515010424140102221293
:10FA7C00016F8F7F016E8E7E016D8D7D016C8C7C94
:10FA8C00016B8B7B016A8A7A0169897901688878B4
:10FA9C0001678777016686760165857501648474D4
:10FAAC000162827201608070013F5F4F013E5E4EC9
:10FABC00013D5D4D013959490136564601355545D3
:10FACC000134544401335343013252420131514108
:10FADC0001305040FFFFFFFFFFFFFFEFFFAF47FE7E
:10FAEC002900BE00BD00047E057E28782778AC0076
:10FAFC00AE00AB00A800AA00A900087E0A7E2178FF
:10FB0C0035001E001F0020002100220023002400CD
:10FB1C002500260027002D002E002A0049004A004F
:10FB2C002B0014001A000800150017001C00180008
:10FB3C000C00120013002F00300028004C004D0068
:10FB4C00390004001600070009000A000B000D0024
:10FB5C000E000F0033003400000032004B004E004A
:10FB6C00E10064001D001B000600190005001100D7
:10FB7C0010003600370038000000E500000052008D
:10FB8C00E000007E027E0000000000002C0000005F
:10FB9C000000037E017E2152E400500051004F0012
:10FBAC0001003A003B003C003D003E003F0040009D
:10FBBC004100420043004400450001000100207850
:10FBCC0001000B7E0C7E0D7E0E7E010001000100FB
:10FBDC000100010001000100010001000100010011
:10FBEC00207821782778237825782978010001005E
:10FBFC0001000100010001000100010001000100F1
:10FC0C00010022782878247826782A7801000100CF
:10FC1C0001000100010001000000010001000100D1
:10FC2C000100010001000100010001000F7E010034
:10FC3C0001000100010001000000010000000100B2
:10FC4C0001000100010000000000000001000000A4
:10FC5C000000010001000100010001000100010091
:10FC6C0029003A003B003C003D003E003F004000B4
:10FC7C00410042004300440045004600097E2178C3
:10FC8C0035001E001F00200021002200230024004C
:10FC9C002500260027002D002E002A0049004A00CE
:10FCAC002B0014001A000800150017001C00180087
:10FCBC000C00120013002F00300028004C004D00E7
:10FCCC00390004001600070009000A000B000D00A3
:10FCDC000E000F0033003400000032004B004E00C9
:10FCEC00E10064001D001B00060019000500110056
:10FCFC0010003600370038000000E500000052000C
:10FD0C00E000E300E2000000000000002C00000016
:10FD1C000000E600E7002352E400500051004F00C1
:10FD2C000100BE00BD00067E077E28782778AC0057
:10FD3C00AE00AB00A800AA00A900010001002078C9
:10FD4C0001000B7E0C7E0D7E0E7E01000100010079
:10FD5C00010001000100010001000100010001008F
:10FD6C0020782178277823782578297801000100DC
:10FD7C00010001000100010001000100010001006F
:10FD8C00010022782878247826782A78010001004E
:10FD9C000100010001000100000001000100010050
:10FDAC000100010001000100010001000F7E0100B3
:10FDBC000100010001000100000001000000010031
:10FDCC000100010001000000000000000100000023
:10FDDC000000010001000100010001000100010010
:10FDEC00003131295A1B750A416A0108A5680108BE
:10FDFC0009690108F16A0108316B01083D6B0108C2
:10FE0C00B16A0108000101010101010101010202B5
:10FE1C0002020202020202030303030303030304AC
:10FE2C000404040404040505050505060606060677
:10FE3C00070707070708080808090909090A0A0A31
:10FE4C000B0B0B0C0C0C0D0D0D0E0E0E0F0F0F10D3
:10FE5C00101111111212131314141515161617175D
:10FE6C00181819191A1A1B1B1C1D1D1E1E1F2020C9
:10FE7C00212222232424252626272829292A2B2C13
:10FE8C002D2D2E2F30313232333435363738393A36
:10FE9C003B3C3D3E3F404142434445464748494A2E
:10FEAC004C4D4E4F50515354555658595A5B5D5EFC
:10FEBC005F616264656668696B6C6D6F7072737597
:10FECC0077787A7B7D7E8082838587888A8C8E8FFB
:10FEDC0091939596989A9C9EA0A2A3A5A7A9ABAD29
:10FEEC00AFB1B3B5B7BABCBEC0C2C4C6C9CBCDCF17
:10FEFC00D1D4D6D8DBDDDFE2E4E7E9EBEEF0F3F5C5
:10FF0C00F8FAFDFF00000000000000002A2B28007A
:10FF1C0000000000000000000000000000000029AC
:10FF2C00000000002C1E3420212224342627252EEC
:10FF3C00362D3738271E1F20212223242526333324
:10FF4C00362E37381F0405060708090A0B0C0D0E50
:10FF5C000F101112131415161718191A1B1C1D2F1C
:10FF6C003130232D350405060708090A0B0C0D0E3C
:10FF7C000F101112131415161718191A1B1C1D2FFC
:10FF8C003130354C00000000000000000000000083
:10FF9C000000000000000000000000000000000055
:10FFAC0000000000000000007E0F00D4FFFFFFC720
:10FFBC000000007845910108A5900108318F0108D7
:10FFCC002D8F0108303132333435363738394142D0
:10FFDC00434445460000000012034D005300460008
:10FFEC005400310030003000040000001E034B00B0
:04FFFC006500790023
:020000040802F0
:100000006300680072006F006E0020004B00380033
:10001000200048004500000012034B0065007900F5
:100020006300680072006F006E00000004030904A2
:1000300012010002000000403434810E110101025F
:10004000030100000660FF0961A101096215002695
:10005000FF009520750881020963150026FF0095B1
:100060002075089102C0000005010906A101850163
:10007000050719E029E7150025019508750181029A
:100080009501750881010507190029FF150026FF54
:100090000095067508810005081901290515002538
:1000A00001950575019102950175039101C0050146
:1000B0000902A10185020901A10005091901290808
:1000C00015002501950875018102050109300931E6
:1000D0001581257F95027508810609381581257FD0
:1000E000950175088106050C0A38021581257F9552
:1000F0000175088106C0C005010904A1018507A199
:10010000000501093009310932093309340935156F
:1001100081257F95067508810205091901291015A9
:10012000002501951075018102C0C005010980A15B
:1001300001850319012AB700150126B7009501753D
:10014000108100C0050C0901A101850419012AA034
:1001500002150126A002950175108100C005010954
:1001600006A1018506050719E029E7150025019577
:1001700008750181020507190029EF150025019571
:10018000F075018102050819012905950575019190
:1001900002950175039101C0BC120208149C002055
:1001A000149C0020149C0020BC12020800000020B7
:1001B0000000002000000020BC1202080000012006
:1001C0000000012000000120BC1202080000000015
:1001D0000000000000000000BC1202080000001037
:1001E0000000001000000010BC1202080040024095
:1001F0000040024000400240BC1202080000000023
:100200000000000000000000BC1202080000000016
:1002100000000000000000009CF60108C0710020F2
:10022000A073002000000000CDBD0108D1BD010871
:1002300011BE0108E9BE0108F5BE010841BF010871
:1002400095BF010889AE01087DAE010801000000DC
:100250000000000000000000BC020208A00202082A
:100260008402020868020208030000000400000083
:1002700008000000D802020800000000000000088A
:100280000000080003000000040000000700000058
:10029000180302080000000000000008000006002B
:1002A00003000000040000000600000050030208E4
:1002B000000000000000000800000400030000002F
:1002C0000400000005000000800302080000000098
:1002D00000000008000002000000000000400000D4
:1002E00000400000004000000080000000400000CE
:1002F00000C00000004000000000010000000100FC
:1003000000000200000002000000040000000200E3
:100310000000060000000200000000000040000095
:10032000004000000040000000800000004000008D
:1003300000C00000004000000000010000000100BB
:1003400000000200000002000000040000000200A3
:1003500000000000004000000040000000400000DD
:10036000008000000040000000C0000000400000CD
:100370000000010000000100000002000000020077
:1003800000000000004000000040000000400000AD
:10039000008000000040000000C00000004000009D
:1003A00000000100000001001060024008600240EF
:1003B0000000000B28600240086002400006010CAB
:1003C00040600240086002400010020D5860024088
:1003D000086002400016030E706002400C6002408C
:1003E0000000040F886002400C6002400006051007
:1003F000A06002400C60024000100611B86002408C
:100400000C6002400016072F10640240086402408E
:1004100000000838286402400864024000060939D8
:10042000406402400864024000100A3A58640240E6
:100430000864024000160B3B706402400C640240EA
:1004400000000C3C886402400C64024000060D442D
:10045000A06402400C64024000100E45B8640240E3
:100460000C64024000160F468000000040010000AE
:100470000300000000000000BDB30108B5B701088B
:100480009DB80108400040002C7400202C7400200E
:1004900001000000247400205245454E54206D6137
:1004A0006C6C6F6320737563636565646564002FAE
:1004B000742F6275696C642F686F73745F77696EEF
:1004C000646F77735836342D7461726765745F6238
:1004D0006172656D6574616C41524D2F2E62756954
:1004E0006C642F484F53542D7838365F36342D774F
:1004F00036342D6D696E677733322F61726D2D6ED4
:100500006F6E652D656162692F7372632F6E6577FB
:100510006C69622D6E616E6F2F6E65776C69622FEC
:100520006C6962632F7374646C69622F72616E64AC
:100530002E630030313233343536373839616263F7
:100540006465666768696A6B6C6D6E6F70717273F3
:100550007475767778797A002C2066756E63746985
:100560006F6E3A2000617373657274696F6E20223A
:10057000257322206661696C65643A2066696C6542
:1005800020222573222C206C696E6520256425733A
:1005900025730A00232D302B2000686C4C00656603
:1005A00067454647003031323334353637383941C4
:1005B00042434445460030313233343536373839DA
:1005C00061626364656600002020202020202020D6
:1005D00020282828282820202020202020202020F3
:1005E0002020202020202020881010101010101013
:1005F000101010101010101004040404040404045B
:1006000004041010101010101041414141414101EB
:1006100001010101010101010101010101010101CA
:1006200001010110101010101042424242424202D9
:10063000020202020202020202020202020202029A
:100640000202021010101020000000000000000044
:10065000000000000000000000000000000000009A
:10066000000000000000000000000000000000008A
:10067000000000000000000000000000000000007A
:10068000000000000000000000000000000000006A
:10069000000000000000000000000000000000005A
:1006A000000000000000000000000000000000004A
:1006B000000000000000000000000000000000003A
:0806C000000000000000000032
:0806C800C07AFE7F0100000072
:1006D0000000060000000000F58600080000000091
:1006E00000000040000000000000000000000000CA
:1006F00000000000000000000000000000080240B0
:1007000001080240020802400308024000000240C3
:100710000100024014300020FFFFFFFF00003F00F7
:100720007F000000FFFFFFFF00003F007F00000090
:10073000FFFFFFFF00003F007F000000FFFFFFFF03
:1007400000003F007F000000FFFFFFFF00003F00B0
:100750007F000000FFFFFFFF00003F007F00000060
:10076000FFFF000065E00008EDE1000859E2000825
:10077000C5E2000885E40008FDE2000835E3000852
:100780006DE30008201C58020101FF01ADEB0008D9
:1007900049F0000889EF0008D1F0000849ED000891
:1007A0008DED0008D1ED000811EE0008A1EE000863
:1007B000E9EE00081DEF000851EF000825F10008E0
:1007C000E9F30008010016FF07080240080802408C
:1007D000080802400808024001000000B80B0000B1
:1007E000041001000102020108080240080802404A
:1007F00008080240000000000000000000000000A7
:1008000000000000000000000000000000000000E8
:1008100000000000000000010000000000000000D7
:1008200000000000000000010101000000000000C5
:1008300000000000000000000000000000000000B8
:1008400000000000000000000000000000FFFF2B7F
:10085000FFFF2BFFFF2BFFFF2BFFFF2BFFFF2BFFCC
:10086000FF2BFFFF2BFFFF2BFFFF2BFFFF2BFFFFBC
:100870002BFFFF2BFFFF2BFFFF2BFFFFAAFFFFAA82
:10088000FFFFAAFFFFAAFFFFAAFFFFAAFFFFAAFF21
:10089000FFAAFFFFAAFFFFAAFFFFAAFFFFAAFFFF11
:1008A000AAFFFF2BFFFF2BFFFF2BFFFF2BFFFF2BD1
:1008B000FFFFAAFFFFAAFFFFAAFFFFAAFFFFAAFFF1
:1008C000FFAAFFFFAAFFFFAAFFFFAAFFFFAAFFFFE1
:1008D000AAFFFFAAFFFF00FFFF2BFFFF2BFFFF2B4D
:1008E000FFFF2BFFFFAAFFFFAAFFFFAAFFFFAAFF40
:1008F000FFAAFFFFAAFFFFAAFFFFAAFFFFAAFFFFB1
:10090000AAFFFFAAFFFFAAFFFF2BFFFFAAFFFFAA74
:10091000FFFFAAFFFFAAFFFFAAFFFFAAFFFFAAFF90
:10092000FFAAFFFFAAFFFFAAFFFFAAFFFF2BFFFFFF
:100930002BFFFF2BFFFF2BFFFF2BFFFFAAFFFF2B40
:10094000FFFF2BFFFF2BFFFF2BFFFF2BFFFF2BFFDB
:10095000FF2BFFFF000102030405060708090A0B2D
:100960000C0D0E0F101112131415161718191A1B4F
:100970001C1D1E1F2122232425262728292A2B2C33
:100980002D2E2F3032333435363738393A3B3C3D13
:10099000FF3E20313F404142434445464748494A93
:1009A000FF4BFF4C4D4E4FFFFFFF50FFFF51525387
:1009B00054555657010019002600330040005400DA
:1009C00061006E007B0090009B00A800B500C6008F
:1009D000D300E000010E0C0E190E260E330E400E51
:1009E0004D0E5A0E670E740E810E8E0E9B0EAF0EBC
:1009F000C60ED30EE00E031A131A201A2D1A3A1A35
:100A0000471A541A611A6E1A7B1A881A951AA21A72
:100A1000B220C61AD31AE01A042716272327302734
:100A20003D274A275727642771277E278B2798273A
:100A3000A72703330F331D332A333733443351335E
:100A40005E336B33783384339433AF33D333014025
:100A500011402240584089409640A740B440C640CB
:100A6000D340E04001010101010101010101010147
:100A70000101010101010101010101010101010166
:100A80000101010101010101010101010101010156
:100A90000101010101010101010101010101010146
:100AA0000101010101010101010101010101010136
:100AB0000101010101010101010101017C5200203C
:100AC0009C52002005360108FFFF0000FFFFFFFFDA
:100AD000010000005900590059005900FFFFFFFFB5
:100AE0000300000000FF0000FFFF000008040240B8
:100AF000090402403905280850011E0A14010302A6
:100B000001000000001400000000000000000000D0
:100B1000000000000000000000000100718A0108D0
:100B20000594010841940108619401088194010829
:100B3000A1940108C1940108E19401089200000009
:100B400000010500010088000000070000002A00E5
:100B500044006500760069006300650049006E008E
:100B60007400650072006600610063006500470064
:100B700055004900440073000000500000007B0055
:100B80003900390063003400620062006200300006
:100B90002D0065003900320035002D00340033008F
:100BA000390037002D0061006600650065002D00EA
:100BB0003900380031006300640030003700300035
:100BC00032003100360033007D00000000000000DC
:100BD00028000000000104000100000000000000E7
:100BE000020158555342313000000000000000005F
:100BF000000000000000000009026A00030100A0DC
:100C0000FA0904000001030101000921110100019A
:100C100022300107058303200001090401000203BB
:100C200000000009211101000122220007058203B2
:100C3000200001070502032000010904020002FF51
:100C40005D01001121000101258114000000001345
:100C500001080000070581032000010705010320AA
:100C60000001000000000000000000000000000083
:100C70000000000000000000000000000000000074
:100C80000000000000000000000000000000000064
:100C90000000000000000000000000000000000054
:100CA0000000000000000000000000000000000044
:100CB0000000000000000000000000000000000034
:100CC0000000000000000000000000000000000024
:100CD00000000000709B00200200000004000000E3
:100CE00020000000E06E0020000000000000000076
:100CF00000000000000000000000000000000000F4
:100D000000000000000000000000000000000000E3
:100D100000000000000000000000000000000000D3
:100D200000000000000000000000000000000000C3
:100D300000000000000000000000000000000000B3
:100D400000000000000000000000000000000000A3
:100D5000000000000000000000000000709B002068
:100D6000010000000400000020000000506E002080
:100D70000000000000010200000000000000000070
:100D80000000000000000000000000000000000063
:100D90000000000000000000000000000000000053
:100DA0000000000000000000000000000000000043
:100DB0000300000000000000AD99010800000000E1
:100DC0002000000000000000000000000200000001
:100DD0000000000000000000000000000000000013
:100DE0000000000000000000000000000000000003
:100DF00000000000000000000000000000000000F3
:100E0000709B002003000000040000002000000090
:100E1000907000200000000000000000782D0020ED
:100E200000000000000000000000000000000000C2
:100E300000000000000000000000000000000000B2
:100E400000000000000000000000000000000000A2
:100E5000000000000000000003000000000000008F
:100E6000AD990108719A01082000200000000000DF
:100E70000000000002000000000000000000000070
:100E80000000000000000000000000000000000062
:100E90000000000000000000000000000000000052
:100EA0000000000001000000709B00200200000014
:100EB000040000002000000000700020000000007E
:100EC000000000000C2D00200000000000000000C9
:100ED0000000000000000000000000000000000012
:100EE0000000000000000000000000000000000002
:100EF00000000000000000000000000000000000F2
:100F00000300000000000000AD990108719A01087B
:100F1000200020000000000000000000020000008F
:100F200000000000000000000000000000000000C1
:100F300000000000000000000000000000000000B1
:100F400000000000000000000000000001000000A0
:100F5000709B002001000000040000002000000041
:100F6000706F00200000000000000000A02C002096
:100F7000BC2C0020799C0108499C0108919C010827
:100F8000919D0108B19D0108BD9D0108C02C002064
:100F90000000000000000000000000000000000051
:100FA0000000000000000000000000000000000041
:100FB0000000000000000000000000000000000031
:100FC0000000000000000000000000000000000021
:100FD000000000000000000020000000282D00207C
:100FE000799C0108499C0108919C0108919D010888
:100FF000B19D0108BD9D01082C2D002000000000BE
:1010000000000000000000000000000000000000E0
:1010100000000000000000000000000000000000D0
:1010200000000000000000000000000000000000C0
:1010300000000000000000000000000000000000B0
:101040000000000020000000942D0020F19C010809
:10105000B19C01080D9D0108199E0108419E0108DF
:10106000599E010800000000342F0020E82E0020C7
:101070009C2E0020502E002000000000042E002096
:10108000B82D00200000000000000000000000005B
:101090000700000000000000000000000000000049
:1010A0000000000000000000000000000000000040
:1010B0000000000000000000000000000000000030
:1010C0000000000000000000000000000000000020
:1010D0000900000000000000000000000600000001
:1010E0000000000000000000000000000000000000
:1010F00000000000000000000000000000000000F0
:1011000000000000000000000000000000000000DF
:1011100000000000000000000000000020000000AF
:1011200000000000000000000400000000000000BB
:1011300000000000000000000000000000000000AF
:10114000000000000000000000000000000000009F
:10115000000000000000000000000000000000008F
:10116000000000000000000003000000000000007C
:10117000000000000300000000000000000000006C
:10118000000000000000000000000000000000005F
:10119000000000000000000000000000000000004F
:1011A000000000000000000000000000000000003F
:1011B000000000000300000000000000000000002C
:1011C000020000000000000000000000000000001D
:1011D000000000000000000000000000000000000F
:1011E00000000000000000000000000000000000FF
:1011F00000000000000000000000000000000000EF
:1012000006000000000000000000000001000000D7
:1012100000000000000000000000000000000000CE
:1012200000000000000000000000000000000000BE
:1012300000000000000000000000000000000000AE
:101240000000000000000000000000000900000095
:101250000000000061DC010865DC01089DDC01087C
:10126000942F0020000000004C740020B474002073
:101270001C750020000000000000000000000000BD
:10128000000000000000000000000000000000005E
:10129000000000000000000000000000000000004E
:1012A000000000000000000000000000000000003E
:0C12B00000000000030000004C7400204F
:040000050800811D51
:00000001FF
