:020000040800F2
:10000000000400201D8100081F8100081F810008D6
:100010001F8100081F8100081F8100081F81000840
:100020001F8100081F8100081F81000805A9010821
:100030001F8100081F8100081F8100081F81000820
:100040001F8100081F81000815DD010881DD0108FE
:100050001F8100081F810008C5B90108EDB901081A
:1000600015BA01083DBA010865BA01085DC4010866
:1000700085C40108B5C40108E5C4010815C5010817
:100080003DC501086DC50108DDC201081F810008DA
:100090001F8100081F8100081F8100088DBA010818
:1000A0001F8100081F8100081F8100081F810008B0
:1000B00061BB01081F8100081F8100081F81000823
:1000C0001F8100081F8100081F8100081F81000890
:1000D0001F8100081F8100081F8100081F81000880
:1000E000F1BA0108B9DD01081F8100081F8100086D
:1000F0001F8100081F8100081F8100089DC501089D
:100100001F8100081F8100081F8100081F8100084F
:100110001F8100081F8100081F8100081F8100083F
:10012000CDC50108F5C5010825C6010855C6010859
:1001300085C601081F8100081F8100081F81000873
:100140001F8100081F8100081F810008E9D80108ED
:10015000ADC60108DDC601080DC701081F810008F2
:1001600051CB010881CC01081F8100081F810008C4
:100170001F8100081F8100081F8100081F810008DF
:100180001F8100081F8100081F8100081F810008CF
:100190001F8100081F8100081F8100081F810008BF
:1001A0001F8100081F8100081F8100081F810008AF
:1001B0001F8100081F8100081F8100081F8100089F
:1001C0001F8100081F8100081F8100081F8100088F
:1001D0001F8100081F8100081F8100081F8100087F
:1080000072B6374880F30888364880F309883648C6
:108010003649086040F20000CCF200004EF63471A0
:10802000CEF200010860BFF34F8FBFF36F8F40F2B5
:108030000000C0F2F0004EF68851CEF20001086058
:10804000BFF34F8FBFF36F8F4FF00000E1EE100AC8
:108050004EF63C71CEF200010860062080F31488D1
:10806000BFF36F8F12F02AF811F080FA4FF05530FD
:108070001F491B4A91423CBF41F8040BFAE71D49D6
:10808000184A91423CBF41F8040BFAE71A491B4ACF
:108090001B4B9A423EBF51F8040B42F8040BF8E721
:1080A00000201849184A91423CBF41F8040BFAE7F6
:1080B00012F00AF812F004F8144C154DAC4203DA31
:1080C00054F8041B8847F9E70BF00EFB114C124DD6
:1080D000AC4203DA54F8041B8847F9E711F0F2BF09
:1080E00000040020002400200000000808ED00E04B
:1080F00000000020000400201007020800240020D7
:1081000008300020083000203C9C0020008000083F
:1081100000800008008000080080000870E700F080
:1081200000F8FEE72DE9F04F2DED108AC1F80CD0D4
:10813000C3689D46BDEC108ABDE8F08F002383F331
:1081400011882846A047002012F0DEFAFEE712F060
:1081500035FA00DFFEE7000053B94AB9002908BF2D
:1081600000281CBF4FF0FF314FF0FF3000F062B924
:10817000ADF1080C6DE904CE00F006F8DDF804E07E
:10818000DDE9022304B070472DE9F047089F15464A
:1081900004468C461E46002B40F0CB808A4248D9CC
:1081A000B2FA82F149B1C1F120030CFA01FC20FAC4
:1081B00003F38D4043EA0C0C8C404FEA154EA8B2F5
:1081C000BCFBFEF8230C0EFB18CC08FB00F943EABD
:1081D0000C43994529D9EB1808F1FF3204D299458F
:1081E00002D9A8F102022B44A3EB0903A4B2B3FB0A
:1081F000FEFC0EFB1C330CFB00F044EA0344A042DF
:1082000015D92C190CF1FF3304D2A04202D9ACF1DC
:1082100002032C44241A43EA02401FB1CC4000233D
:108220003C607B603146BDE8F0874246DCE7634650
:10823000F0E7002A73D0B2FA82F3DBB31E46C6F130
:10824000200302FA06F521FA03F2B14020FA03F303
:108250000B434FEA154E00FA06F4B2FBFEF1A8B24A
:108260000EFB112C1A0C01FB00F842EA0C4290455F
:1082700057D9AA1801F1FF3C04D2904502D9A1F1C7
:10828000020C2A44A2EB08029BB2B2FBFEF10EFBE9
:108290001122484343EA0243984244D9EB1801F1C2
:1082A000FF3203D2984201D98A1E2B441B1A42EA9C
:1082B0000C4201E08B1A01224FEA154EA8B2B3FB23
:1082C000FEFC210C0EFB1C330CFB00F841EA0343BF
:1082D00098452AD9EB180CF1FF3104D2984502D900
:1082E000ACF102012B44A3EB0803A4B2B3FBFEFCE8
:1082F0000EFB1C330CFB00F044EA0344A04216D9E9
:108300002C190CF1FF3304D2A04202D9ACF10203C4
:108310002C44241A43EA0140314616467DE71F26C5
:108320008DE78C46AEE70A46C0E76146DBE7634669
:10833000EFE78B4206D917B90026304672E7C7E946
:108340000001F9E7B3FA83F686B98B4201D3824282
:1083500007D8841A61EB030301209C461FB900264D
:1083600060E73046FAE7C7E9004CF8E7C6F1200CB1
:10837000B34022FA0CF41C4320FA0CF521FA0CF35A
:10838000B14029434FEA144900FA06F5B3FBF9F866
:108390001FFA84FE09FB18300B0C08FB0EFA43EAA7
:1083A00000439A4502FA06F240D9E31808F1FF307B
:1083B00004D29A4502D9A8F102002344A3EB0A0390
:1083C00089B2B3FBF9F809FB183308FB0EFE41EA4A
:1083D00003418E452CD9611808F1FF3304D28E4534
:1083E00002D9A8F10203214443EA0040A0FB02980D
:1083F000A1EB0E014145CE46434602D306D14D4581
:1084000004D2B9EB020E68EB04030138002FA6D0AA
:10841000B5EB0E0261EB030101FA0CFC22FA06F344
:108420004CEA0303F140C7E9003198E74046C5E74D
:108430004346D9E7704700BF034613F8012B002AD3
:10844000FBD1181A0138704700000000000000003E
:1084500001F0FF01102A2BDB10F0070F08D010F8F5
:10846000013B013A8B422DD010F0070F42B3F6D1F9
:10847000F0B441EA012141EA014122F007047FF012
:1084800000070023F0E80256083C85EA010586EA69
:10849000010685FA47F5A3FA87F586FA47F6A5FAA5
:1084A00087F68EB9EED1F0BC01F0FF0102F00702B1
:1084B00032B110F8013B013A83EA010313B1F8D15C
:1084C0000020704701387047002D06BF354603383D
:1084D000073815F0010F07D1013015F4807F02BF76
:1084E000013015F4C03F0130F0BC0138704700BFC7
:1084F000F0B587B00F464508144915480593002488
:10850000164612F015FD059B124A214640F2E7304F
:10851000E3FB02014FF47A720023FFF71DFE019482
:10852000029000940A4833463A46294612F020FD4C
:10853000044640B1064812F009FD013414BF4FF063
:10854000FF306FF0010007B0F0BD00BF94F50108E7
:10855000609B0020A086010070B584B004460E46E2
:10856000134814490393154612F0E2FC124A039B88
:1085700040F2E7300021E3FB02014FF47A7200235E
:10858000FFF7EAFD2B46009032460948610812F0D9
:108590000DFD50B10390064812F0D8FC039B013347
:1085A00014BF4FF0FF306FF0010004B070BD00BF8A
:1085B000609B002094F50108A086010008B51048D2
:1085C00000224FF4807114F051F900224FF4007131
:1085D0000C4814F04BF94FF47A7012F0A1F80848E7
:1085E00040F206224FF4807114F040F9BDE80840D3
:1085F000044840F206224FF4007114F037B900BF6E
:10860000000002400008024008B5FFF7D7FF054B05
:108610004FF48061198318462022BDE8084014F009
:1086200025B900BF0004024030B583B049BA054601
:108630001446ADF80410642301A90222A220FFF71A
:1086400057FF6423A2B22946A220FFF785FF03B09B
:1086500030BD00BFF0B515468BB001220E4607466F
:108660004FF48061184814F001F9174A4FF4806301
:108670005383F5B106F01F04C4F12004AC4228BFB7
:108680002C4673BA394622460DF10600ADF8043087
:1086900016F0D0F9A21C642392B201A9A220FFF720
:1086A00027FF4FF4FA7012F03BF82D1B27442644A5
:1086B000E0D1054B4FF4806119832022184614F055
:1086C000D5F80BB0F0BD00BF0004024010B588B073
:1086D00020220021684616F061F90024214620225C
:1086E00068462034FFF7B6FFB4F5806FF6D108B0C6
:1086F00010BD00BF704700BF302383F31188134BB8
:10870000082208B31A83322300BF013B9BB2002B1F
:10871000FAD103F1804303F5013320221A83322377
:1087200000BF013B9BB2002BFAD103F1804303F55C
:10873000013320225A83322300BF013B9BB2002B1E
:10874000FAD183F3118870475A83DCE700040240B2
:10875000234B98423AD00FD800F13F4303F57E03F4
:10876000072B37D81F4BC318062B37D8DFE803F089
:10877000202C2A28262422001B4B984228D000F1C6
:108780004043A3F50233052B24D8184BC318042B00
:1087900022D8DFE803F0090705030B000E2070471D
:1087A0000D2070470C2070470B2070470F2070473A
:1087B000012070470720704706207047052070474A
:1087C000042070470320704702207047082070473C
:1087D00009207047FF2070470A207047002070472B
:1087E00000040240FFFFFDBF01040240FFF7FDBF90
:1087F0002DE9F04F074685B00C46A0B9574B04222F
:108800005A83142300BF013B9BB2002BFAD1534B78
:1088100004221A83142300BF013B9BB2002BFAD120
:108820000120FFF769FF4FF4346011F0BDFC012314
:108830004FF0000B03FA07FA0323CDF804B00093BE
:108840005D460394464E47494748484ADFF81CB105
:10885000B046012312F016FB4FF0000902962E4697
:1088600045464FF0000812E0012303FA08F1009B8F
:10887000002A08BF46F00106032B49EA01022FD067
:108880005FFA82F908F10108B8F1060F1AD03BF837
:10889000022B39465FFA88F002F07CFD39465FFA18
:1088A00088F002F05DFE35F8022B0AEA0202002889
:1088B000DAD108F10108824218BF46F00106B8F18A
:1088C000060FE4D1009B032B3546029E0ED0019B80
:1088D0004B4510D0002005B0BDE8F04FFFF70CBFAE
:1088E000019B43EA0102D3B20193CBE70223009339
:1088F000002DA7D1EEE7009B03F1FF3B1BF0FF0328
:108900000093F5D1AB46039C3546BBF1000FE1D097
:10891000174BDDF800801749019E01221A700DE007
:1089200010B90A8822430A80234308F10108B8F1EC
:10893000060F25F8023C01F10201CBD035F8023BCD
:1089400046FA08F2D20704EA0300E9D410B10A8813
:1089500022430A8023EA0403E7E700BF000C024039
:10896000BC75002000240020AC9A002008300020B4
:1089700014300020B07500202DE9F04F85B000259F
:108980005448019501224FF400510295039513F0CC
:108990006DFF50494F48DFF85CB1DFF85CA14FF440
:1089A000005320220B83114613F060FF4A48012236
:1089B000082113F05BFF48480122202113F056FFE5
:1089C00001224648042113F051FF444A04235383F3
:1089D0000BF118072C46A94601264FF003085BF857
:1089E000043B03F00F01B3F1FF3F4FF0030206FA1F
:1089F00001F123F00F000BD013F038FF5BF8043CBB
:108A000003F00F02103223F00F0106FA02F28A611E
:108A10001846FFF79DFEFF2827D0A0F10A0309287A
:108A200002B21BB298BF02EB420203EB430308FA07
:108A300003F396BF08FA02F21D4349EA0209AAFBB2
:108A40000432930803EB430302F0FC02A4EB43035C
:108A500010326A44DBB203EB8303984052F80C3CBB
:108A60000134184342F80C0CE4B25F45B7D11C4BFB
:108A7000019A03999A621962029A1A485D6100216B
:108A80005A62C3F8189012F0DDF9174A536843F49C
:108A90008033052553600024E0B200210134FFF744
:108AA000A7FE102CF8D1013D15F0FF05F3D10F4AB8
:108AB0000F4B158055809580D580158155811D807F
:108AC0005D809D80DD801D815D8105B0BDE8F04F3A
:108AD00002F046BC0008024000040240000C0240C4
:108AE00000240020AC9A002000380140BC75002012
:108AF000B07500202C240020ABAAAAAA70B584B0BF
:108B00002549264E0C2201A815F094FF244925483A
:108B10000C2215F08FFF244B00251D805D809D8069
:108B2000DD801D815D81357001242146E8B201356B
:108B3000FFF75EFE6400102DA4B2F6D102F002FE33
:108B4000154B1A4903F10C041A8831F8020B024044
:108B500023F8022BA342F7D1124B154C154803F111
:108B60000C0C198834F8025B30F8022B29430A43B5
:108B700023F8022B6345F4D10C2201A9064815F015
:108B8000FDFE04460AF04EFD3078002C18BF40F080
:108B9000010004B070BD00BF5499002014300020C3
:108BA0006099002018300020B075002020FB0108DB
:108BB0000C3B00204C3A002030B5204887B012F022
:108BC0004FF91F484022082113F050FE1C48402254
:108BD000202113F04BFE1B484022042113F046FED7
:108BE000194A4FF400535383302383F311881648F6
:108BF0000222052113F0B6FE002383F31188134CE3
:108C00000FCCEC46ACE80F0094E803008CE80300BE
:108C10006C46012554F8040B00F00F01431C4FF083
:108C2000400205FA01F120F00F0001D013F01EFE02
:108C300006AB9C42EED107B030BD00BFAC9A00201D
:108C400000040240000C02400008024060F50108E8
:108C50002DE9F04F4FF45772324D02FB00F805EB4F
:108C60000804064683B00021204615F097FE2E4BDF
:108C700001949B5D03F0030343F48A6325F80830F5
:108C8000A37823F00F0343F00103A370274B06EBF7
:108C9000460203EB821EEF1DD72303FB06F1474478
:108CA0004046002688467146BE4600228A4608EBAA
:108CB000061B0BEB02033AF8024F05EB8303C4F3E8
:108CC000820993F804C09F79B9F1040F64F3010C91
:108CD00069F3071708BF640983F804C09F7108BFD0
:108CE0000EF822400132102AE3D10136062E0EF191
:108CF000400E01F12001D8D1019C804609F0D2FF3D
:108D000050B120464FF4577208F2211101F092FF42
:108D1000012003B0BDE8F08F05490F200AF08AFD5D
:108D2000EFE700BF2C3000201425002072F7010867
:108D300004003434F8B550B10020FFF789FF01205A
:108D4000FFF786FFBDE8F8400220FFF781BF054628
:108D5000012140F63E3015F0ADFC0446262140F6D8
:108D60003E3207460AF082FD63782F4A2F4C2F4887
:108D7000022B96BF4FF457712B4601FB0341137032
:108D80002B4B88BF2146196040F6142207F22111AF
:108D900015F050FE00234FF4577000FB03F500FB65
:108DA000034C625D910705D1224E16F803E06EF385
:108DB00001026255615DC1F385023F3202F03F025C
:108DC000272A03D9142262F3870161559CF80120F8
:108DD00002F13F0101F03F0126294FF0040161F348
:108DE000050201D98CF8012000FB03F2A518A25856
:108DF00012F47C2F0FD16978AA7801F0030E01F0EC
:108E00003F0C22F00F02C1F383014CEA8E1C0A438F
:108E100085F801C0AA700133032BBED13846BDE8E6
:108E2000F84015F085BC00BF2A3000202C3000200F
:108E30004424002014250020014B1868704700BF0F
:108E400044240020014B1878704700BF2A300020CE
:108E500000B583B002288DF8070030D80B461B49B7
:108E6000C2B20878904203D1F3B9012003B000BD2B
:108E700017480A7000934FF45771164B01FB02021A
:108E80001A6003F009F901F0C5FE13490F200AF03A
:108E9000D1FC012211460DF1070001F0CBFE03F0D9
:108EA00003F9009B002BE0D00DF07EF950B10FF0DC
:108EB0008BFE0A490A4B086086221A70D5E700200B
:108EC00003B000BD0DF024F9F1E700BF2A30002007
:108ED0002C300020442400200400343424300020AE
:108EE0002830002002281FD8F8B58C1840F6142E20
:108EF000744501DD0020F8BD0D46064600211846E8
:108F0000174615F04BFD094BC5F15C024FF4577144
:108F100001FB0651D2B2B4F5577FD8BF3A46194487
:108F200015F088FD0120F8BD002070472C3000208E
:108F30002DE9F04F85B002289DF838809DF83C500F
:108F400050D802294ED8272A4CD817461A4603462D
:108F5000002D4BD14FF0D709DFF8E0A0109E09FBA0
:108F600000F983460B46E9B20391002402E0013484
:108F7000102C31D030684FF0010C09EB05110CFAC0
:108F800004FC21441CEA000F0AEB810107F03F0EAC
:108F9000EDD003F0030040EA8E0002F03F0E91F89E
:108FA00006C040EA0E2040EA883088802CF00F0C82
:108FB000C8F3830040EA0C0088711F4909785945BD
:108FC000D5D1E1B2039802920134019301F074FD0E
:108FD000102C029A019BCDD10135062D06F1040615
:108FE000C1D124E0002005B0BDE8F08F09B301F045
:108FF000030007F03F0702F03F024FF4577440EAC6
:10900000870004FB03F340EA02200C4C40EA88305E
:10901000E0521C44C8F38308A378109823F00F0390
:1090200048EA03031822FF21A37015F0B7FC0120C2
:10903000D9E70846D7E700BF2A3000202C300020AF
:109040002DE9F0410478022C88B01AD88378052BDA
:109050001F4616D8C3780F2B984612D800224178A5
:109060000392049205920692ADF81C208DF81E2002
:10907000027903461046032903D8DFE801F01B28D4
:109080006E06002008B0BDE8F081D72304FB03F38F
:109090003D4A03EB0713434402EB8302D38803F0FA
:1090A0000F0343F05003D380384B1B78A34266D0A4
:1090B0000120E7E7D7223B0102FB0433324A434455
:1090C00002EB8303DA8802F00F02DA80ECE7132860
:1090D0000546D6D899795A79019301F03F0102F0FB
:1090E0003F0242EA8112D979274E42EA0132ADF8B5
:1090F0000C201A7AC1F3011141EA82018DF80E1099
:10910000082203F109010DF10F0015F093FC019BFA
:10911000082203F111010DF1170015F08BFC05EB8E
:10912000C5004FF4577305EB400003FB04003044C7
:1091300003A9132200F5C27015F07CFCD72304FBB1
:1091400003F303EB0713434406EB830303219A79EC
:10915000DD7161F307129A71A6E72C2891D8D72305
:1091600004FB03F3084A03EB0713434402EB8303B6
:1091700004219A79D87161F307129A7194E74146F4
:10918000384601F099FC93E72C3000202A3000206B
:109190000378022B31D84278052A2ED8C1780529C8
:1091A0002BD810B5847890F804E044EA0E0CBCF19A
:1091B0000F0F26D890F805C0BCF1130F21D8807985
:1091C00006281ED8F8B18A4219D002F0070201F031
:1091D000070142EAC40241EACE01124C0CEB4C0CEE
:1091E0004FF4577E0EFB03C3234483F8002383F818
:1091F000011383F80203012010BD0020704774455D
:10920000E3D1002010BD4FF457720CEB4C0C054914
:1092100002FB03C303F540735A18C8545070907092
:10922000E9E700BF2C300020022801D90020704758
:1092300010B50E4A82B04FF45771019001FB002423
:1092400009F030FD019B58B14FF4577202FB03F354
:10925000204603F2211101F0EDFC012002B010BD07
:1092600003490F200AF0E6FA019BEDE72C300020BD
:1092700004003434022801D900207047FFF7E8BC0D
:10928000134A1378D9070CD51248818813F0020FBE
:1092900001F4806104D041B923F0020313707047D8
:1092A00001B9704743F0020313700389590707D4CB
:1092B0001A0709D4DB06F4D501210220FFF7C8BD47
:1092C00001210020FFF7C4BD01210846FFF7C0BD02
:1092D0002930002018300020022801D81C2901D98B
:1092E0000020704738B5084B15464FF4577202FB03
:1092F00000300C461E22002115F050FB2246294664
:1093000015F098FB012038BD6833002008B545F200
:109310002F23984208D9A0F5FC43103B022B0ED80E
:109320004B799BB9002008BD45F21F23984206D90E
:10933000094A4979137821B923F0010313700120F8
:1093400008BD43F0010313700120F9E71038012133
:10935000C0B2FFF77DFDE5E72930002008B50FF02A
:1093600033FC034B034901221A70086008BD00BF9B
:10937000283000202430002008B5184B186800B9A8
:1093800008BD0FF0C3FBB0F5FA7FF9D91449134BB0
:109390000A78501C02F00F02062A087016D94FF006
:1093A000000C104881F800C008221721C3F800C043
:1093B0000AF05CFA0B480378032B0CD90CF0F4FE8E
:1093C0000028DDD1BDE808400CF0DEBE0FF0FCFB4C
:1093D000024B186008BD0CF03FF9EFE72430002085
:1093E0002830002070990020104B187800B9704781
:1093F000C043002240F30000114610B5C0B20CF08B
:10940000F9FB0A4B93F900201B78002A00DB10BD02
:10941000074A08491278DB4343F30003DBB2885C58
:10942000BDE810401A4619460CF0CEBB283000208B
:109430002A300020A0F50108F0B5254B5C7E9B7E0C
:1094400083B044EA0324042C224B01933CDD0646FE
:1094500021480F46251F0346002203E00132AA429D
:10946000634631D019789DF804E0714503F1010C91
:10947000F4D193F801E09DF805108E45EED19CF8EB
:1094800001109DF806309942E8D19CF802109DF831
:1094900007309942E2D1A11E9142134614DD02EB3E
:1094A000000C02E001338B420EDA1CF801EBBEF136
:1094B000C00FF7D19CF80000C028F3D1023301207F
:1094C00032803B8003B0F0BD002003B0F0BD00BF90
:1094D0004429002005010904A8000208F0B5414C08
:1094E0000546208883B02A0A40B9DFF800C19CF8FD
:1094F00019009CF81AC040EA0C202080032A27D0CB
:10950000222A0DD0022A09D1019201F0F7F9019A1D
:1095100000282AD0344C2378002B2FD003B0F0BD84
:109520000029FBD1314A324D1D600193517E927E5C
:1095300041EA022601F0E2F90028EFD02D49019B13
:109540000A681746002A30D01F60089B1E80E5E796
:10955000019301F0D3F90028E0D1EDB2EE2D019B8B
:10956000DCD11860089B1880D8E7204B42211A7183
:109570009970D870089B198003B0F0BD1E491F4830
:10958000FFF75AFF0028C9D0184A1C4B957E18884F
:109590001949537E098843EA052303445B1A180AD4
:1095A0000121537690762170B8E72488204615F083
:1095B000B7F81049224608602946074615F03AFADE
:1095C0000E4A019B1088221F9042BDDA0A4A118878
:1095D000A21E9142B8DA621A3818791815F02AFAE0
:1095E000019BB1E74A3A0020483A00204429002074
:1095F000A8000208403A0020443A0020463A0020E1
:1096000008B501F07BF918B9039B1860049B18801A
:1096100008BD00BF4378012B06D01BB98178C27A00
:1096200091420AD200207047837813B1027B9A429C
:10963000F8D90023437001207047012343700120B3
:10964000704700BF42780346032A06D8DFE802F0DD
:10965000152207028278F02A1DD9002070478278EF
:10966000017B91422BD2417B91422CD8C17A91420D
:1096700029D803214170012005E08278C17A914206
:10968000EBD801205870197C5A73521A22EAE27200
:109690009A7370478278197B91420CD2997B9142E0
:1096A00004D3197CC1F1E4018A4215DB597B914254
:1096B000D3D20020E7E700225A7001207047002231
:1096C000427000207047997B9142C6D90020D97B17
:1096D0009A730A445A737047022159700120F6E7C1
:1096E00000B50B1F83B09BB278B1A02B22D9A1F19A
:1096F000E003072B0FD801F0070101208840C0B21A
:1097000003B05DF804EB09F01BB9A02B05D9A1F15A
:10971000E003072B1BD903B000BDC9B20846019175
:109720000EF0FEFF0028F6D0019803B05DF804EBC0
:109730000FF0CEB8C9B2084601910EF0F1FF002833
:10974000E9D1019803B05DF804EB0FF0A3B801F084
:10975000070101208840C0B203B05DF804EB09F0B6
:1097600003B900BF10B5002282B0044604EB4201E9
:10977000CB78097953EA012307D10132042AF5D1C4
:1097800002B0BDE8104009F0C7B9191FA029A3F124
:10979000E0000BD90728F0D803F007030120984018
:1097A000C0B2009209F0E0F8009AE6E7DBB2184692
:1097B000019200930EF0B4FF019A0028DDD00098CA
:1097C00000920FF085F8009AD7E700BF2DE9F0432B
:1097D000044683B0FFF730FB6178E37B024604293F
:1097E00035D8DFE801F08503BDCE380003EBC300B8
:1097F00003EB40001518A67895F8851195F884516B
:1098000001F00F01890041EA951101EB4101B6EB2E
:10981000410F08DA05F03F05013D05EB4505B6EBC4
:10982000450FC0F27E8103EBC30103EB41055119E3
:1098300091F8863191F8851103F003031B0143EA87
:10984000111303EB4303B6EB430F80F22981002091
:1098500003B0BDE8F08303EBC30103EB41055119ED
:10986000A07891F8853191F8841103F00F039B00E3
:1098700043EA911303EB4303B0EB430FE7DC01F042
:109880003F01013901EB4101B0EB410FDFDA00216B
:1098900005F5C273617002EB03090F460026012132
:1098A00001FA07F8B44605EB46001044331D90F862
:1098B000871190F8880105EB430351EA0021134416
:1098C00005D093F8873118EA131340F01981013657
:1098D000042EE8D1BCF1000F40F02B817B1C032B40
:1098E0001F46DBD109F018F94846FFF73BFF7CE043
:1098F00003EBC30103EB41055319A17893F88431BD
:1099000003F03F0303EB4303B1EB430F9FDB4FF047
:109910000103637000260023012101FA06F79C462B
:1099200005EB43001044191D05EB410102EB010E4C
:1099300090F8871190F8880151EA002105D09EF82F
:10994000870100F00F00384262D10133042BE7D1C8
:10995000BCF1000F40F09C800136032EDBD144E0C7
:1099600003EBC30103EB41015018A57890F8863151
:109970009B0803EB4303B5EB430F5FDD03236370E9
:1099800065E703EBC30103EB4103D118A07891F81D
:109990008611890801EB4101B0EB410F3FF757AF4A
:1099A0000421617000270025012000FA07F8AE4667
:1099B00003EB450C9444291D03EB41019CF888619D
:1099C00050189CF8871151EA062104D090F88801BC
:1099D00018EA101027D10135042DE9D1BEF1000F8E
:1099E0004CD1791C03290F46DDD165795548627841
:1099F000A67930F81510013A0123B340022A94BF2A
:109A00001943994320F81510012003B0BDE8F083F5
:109A100006F0010001920093FFF762FE019A009B9D
:109A20004FF0010C91E707F0010001920093FFF75E
:109A300057FE019A009B4FF0010ECCE790F885315C
:109A400090F8840103F00F039B0043EA901303EBAB
:109A50004303B5EB430FBFF6FAAE00F03F00013809
:109A600000EB4000B5EB400FBFF6F1AE002301F56F
:109A7000C27163705018FFF775FEB6E7019200934C
:109A800009F04AF8642010F04BFE019A009BA8E709
:109A9000009209F041F8642010F042FE009A5BE762
:109AA000022363704FF000080026012101FA08F735
:109AB000304605EB46031344311D05EB410102EB33
:109AC000010C93F8871193F8883151EA032105D0EE
:109AD0009CF8883103F00F033B4209D10136042E74
:109AE000E7D1B0B908F10103032B9846DCD17CE73C
:109AF00008F001000092FFF7F3FD009A0120EDE766
:109B000007F001000092FFF7EBFD009A4FF0010C07
:109B1000DDE6009209F000F8642010F001FE009AE2
:109B2000E0E7002300F5C27063701044FFF71AFEEF
:109B30005BE7009208F0F0FF642010F0F1FD009A5E
:109B4000CCE600BF4C3A0020024B00221A605A605B
:109B50009A6070474C3A00204378012B06D01BB91D
:109B60008278C37A9A420BD80020704783781BB959
:109B70000023437000207047027B9A42F4D9F7E734
:109B8000C27BB2FA82F2012352094370C2731846B3
:109B9000704700BF3A4A3B4BA2FB002099798008EE
:109BA00007EE101A07EE900AB8EEC77AF8EEE77AD9
:109BB000F4EEC77AF1EE10FA21DC1A7907EE102ADA
:109BC000B8EEC77A82B0F4EEC77AF1EE10FA1BDD78
:109BD0005B792D4A77EEC77A07EE103AD2ED026A2A
:109BE000B8EEC77AA6EEA77AFCEEC77ACDED017A79
:109BF0009DF804007F2828BF7F2002B07047D879E5
:109C00007F2828BF7F2070479A7807EE102AB8EE89
:109C1000C77AF4EEC77AF1EE10FA1CDC1A7807EE78
:109C2000102AB8EEC77AF4EEC77AF1EE10FA25DD05
:109C30005B78154A77EEC77A07EE103AD2ED006AE4
:109C4000B8EEC77AA6EEA77AFCEEC77ACDED017A18
:109C50009DF80400CEE7DB780B4A77EEC77A07EE73
:109C6000103AD2ED016AB8EEC77AA6EEA77AFCEEFA
:109C7000C77ACDED017A9DF80400BBE70020BCE770
:109C8000ABAAAAAAD4750020E075002010B583788D
:109C9000052B9CBF00238370C37B0B2B044605D888
:109CA0001B4980781B4AC8540121D1542046FFF734
:109CB000B1FCB0B1E07B63780D38012BC0B211D09C
:109CC0001F281FD960791449A47931F81030012276
:109CD000A24023EA0203BDE8104021F8103000F052
:109CE00015BE10BD1F2810D961790B4AA47932F82E
:109CF00011000123A3400343BDE8104022F81130B6
:109D000000F004BE0CF0EAFFDCE70CF0CBFFEBE761
:109D1000843A0020783A00200C3B0020124B134973
:109D2000134A144810B500240C604C608C60146019
:109D300054609460046084801C605C609C60DC60A3
:109D40001C615C61E0B201340CF0C8FF102CF9D149
:109D50000024E0B2002101340DF008F8062CF8D1FF
:109D6000BDE810400CF090BF583A0020843A002023
:109D7000783A0020703A00202DE9F04782B000F0D8
:109D8000BDFD10B102B0BDE8F087944E944CDFF8F1
:109D90005C82944D944FB1466FEA040A14F8013B7B
:109DA00013B91AF81430E3B13B78062B0CD9787844
:109DB000062869D900F10C02934270DC03F10C0211
:109DC000904270DD012305E0002B5DD17878C31A45
:109DD00018BF012388F80030FFF7DCFEC9F8000047
:109DE0000120A54209F1040908F1010807F1020761
:109DF000D4D10028C6D07D4B7C4A93F9003092F92B
:109E00000120002B784BB4BF1B785B78002A764A80
:109E1000B4BF9078D07803FB03F300FB00304EF61C
:109E20006443984200F28180704B704A93F903308A
:109E300092F90420002B6C4BB4BF9B79DB79002A8C
:109E4000694AB4BF107A507A03FB03F300FB003079
:109E50004EF6644398422BD80024122556F8042B62
:109E600025FA04F313F0010F11B218BF5142E0B20A
:109E700018BF09B201340CF079FF062CEED102B004
:109E8000BDE8F0470CF000BF4FF0FF3288F800202B
:109E90001846FFF77FFE4042C9F80000A0E7FF2206
:109EA00088F80020F4E798F90020002A94DAEFE718
:109EB00000F050FC07EE900A9FED4D7A474BF8EE0C
:109EC000677ADA680092C7EE276A1A690192184623
:109ED000DDED007AB8EEE77A07EE902AF8EEE77A41
:109EE000424A27EE267A67EEA67A92F90310BDEE73
:109EF000C77AFDEEE77A002983ED037A17EE102A80
:109F000017EE903AC0ED047A51DB7F2A02DD334927
:109F10007F22CA60354A92F90420002A4DDB7F2B4C
:109F20009ADD2E4A7F23136196E700F013FC07EEBB
:109F3000900ADFED2F6A2948F8EE677A036886EE0B
:109F4000A77A07EE903AF8EEE77A4368009367EE57
:109F5000877AFDEEE77A17EE902AC0ED007A07EED9
:109F6000903AF8EEE77A214B67EE877A93F9001082
:109F7000FDEEE77A002917EE903AC0ED017A10DB8A
:109F80007F2A02DD15497F220A60184A92F90120D2
:109F9000002A1ADB7F2B7FF747AF104A7F235360DD
:109FA00042E77F32F1DA6FF07E020260EDE77F3246
:109FB000B0DA6FF07E02C260ACE77F33BFF64CAF21
:109FC000064A6FF07E03136146E77F33BFF62CAF7E
:109FD000024A6FF07E03536026E700BF583A002024
:109FE000783A00207E3A0020843A0020703A00201F
:109FF00000008A43031F012B3AD981B9384A394BF3
:10A0000032F8102002FB01F1A3FB0103C91A03EB94
:10A0100051008009904228BF104680B27047324AF2
:10A02000937903EB4303B1EB430F28DA137903EB86
:10A030004303B1EB430F24DBA1EB430307EE903A5C
:10A04000DFF8ACC05379B8EEE77ADCED027A27EEA0
:10A05000277AF1EE086AC7EE267A07EE103AB8EED4
:10A06000C77A77EE877AFCEEE77A17EE901AC5E7A3
:10A070001E4BC1EBC111A3FB0131C909BEE7D17968
:10A08000BCE7937803EB4303B1EB430F15DA137886
:10A0900003EB4303B1EB430F1FDBA1EB430307EEDD
:10A0A000903ADFF84CC05378B8EEE77ADCED007AEE
:10A0B000F1EE086A27EE277ACDE7A1EB430307EE1E
:10A0C000903ADFF82CC0D378B8EEE77ADCED017A6D
:10A0D000F1EE086A27EE277ABDE700218EE700BF80
:10A0E000A4F5010811080402D47500208988888825
:10A0F000E075002008B50E490E48142214F03EFC0D
:10A1000018B90D4B00221A7008BDDFF828E0DFF8FF
:10A1100020C0BEE80F00ACE80F00704650F81039C0
:10A12000CCF800300EF0D6FA034B00221A7008BDAE
:10A13000903A0020E43A0020E03A002010B58378FD
:10A14000052B9CBF00238370C37B0B2B044605D8D3
:10A1500024498078244AC8540121D1542046FFF76D
:10A1600059FAB0B1E37B62780D3B012ADBB211D022
:10A170000F2B29D960791D49A47931F810300122BB
:10A18000A24023EA0203BDE8104021F8103000F09D
:10A19000BDBB10BD0F2B09D815481649C35C4888B4
:10A1A00002FA03F3034314484B80027061790F4AAB
:10A1B000A47932F811000123A3400343BDE8104005
:10A1C00022F8113000F0A2BB094A0A48D25C438849
:10A1D000012101FA02F223EA0203074A43801170C7
:10A1E000C8E700BFD43A0020C83A00200C3B00204A
:10A1F000BCF50108E43A0020E03A00202DE9F04FD8
:10A20000A14FA24C3A79A249DFF8A0B2A14EDFF8E3
:10A210009092DFF890A2C2EBC212A4FB0202D20914
:10A22000C2EB0222A1FB0250121A00EB52007A7913
:10A23000994DC2EBC212A4FB0242D209C2EB022228
:10A24000A1FB0241521A800901EB52018909FF2842
:10A2500083B028BFFF200024FF2928BFFF21022C44
:10A26000009001914FF0010824D0315D99B1600058
:10A2700039780629C0B22AD997F801C0BCF1060F77
:10A280005ED90CF10C0E714562DC01F10C0EF44547
:10A2900063DD012123E0814B13F8141060000029D5
:10A2A000E6D10134062C28D0022C0BF1010B07F16A
:10A2B0000207DAD1009B8AF80430019B8AF8053046
:10A2C00085F800800BF1010B02370324CDE700294C
:10A2D00036D197F801C0BCEB010118BF01218BF802
:10A2E000001001306146C0B2FFF784FE49F8240037
:10A2F0000134062C85F80080D6D12B78EBB1684C60
:10A30000D4E900301B12001203FB03F300FB003002
:10A31000B0F5804F60D8E2682369111201FB01F1AA
:10A32000181200FB0010B0F5804F1CD8D4E9005083
:10A330005C49CD8008814A818B8103B0BDE8F08FF4
:10A340004FF0FF338BF80030FFF754FE4042CDE76B
:10A350004FF0FF0C8BF800C0F6E79BF900E0BEF170
:10A36000000FBEDAF0E700F0F5F907EE900A9FED76
:10A370004E7A4E4BF8EE677A93F90310C7EE276AD0
:10A380000029D4ED037AB8EEE77AD4ED047AF8EE3A
:10A39000E77A27EE267A67EEA67ABDEEC77AFDEE5B
:10A3A000E77A17EE102A17EE903A84ED037AC4ED9F
:10A3B000047A53DBB2F5004FA4BF47F6FF72E260A8
:10A3C0003A4991F9041000293FDBB3F5004FA4BFCF
:10A3D00047F6FF732361A9E700F0BCF907EE900A86
:10A3E0009FED317A314BF8EE677A93F90010C7EEA2
:10A3F000276A0029D4ED007AB8EEE77AD4ED017A25
:10A40000F8EEE77A27EE267A67EEA67ABDEEC77AEF
:10A41000FDEEE77A17EE102A17EE903A84ED007AF7
:10A42000C4ED017A29DBB2F5004FA4BF47F6FF72F5
:10A4300022601E4A92F90120002A17DBB3F5004F73
:10A44000A4BF47F6FF73636065E713F5004FBFF6DF
:10A450006DAF174B23614FF4004367E712F5004FD0
:10A46000AEDA134AE2604FF40042A9E713F5004F59
:10A47000BFF651AF0E4B63604DE712F5004FD8DACF
:10A480000B4A2260D5E700BFD43A0020898888882B
:10A4900011080402C83A0020E03A0020C93A00201E
:10A4A000A83A0020E43A002000000C43C03A002003
:10A4B0000080FFFF30B40F4A0F49104C1048114D77
:10A4C0000023C2E90033C2E90233C2E90433036066
:10A4D0004360836023600C486360A3602B60AB80A3
:10A4E0000B604B608B60CB600B61012230BC027053
:10A4F000FFF700BEA83A0020E43A0020D43A00203A
:10A50000C83A0020C03A0020E03A002008B500F028
:10A51000F5F900B908BDFFF771FE044B1B78002B5D
:10A52000F8D0BDE80840FFF7E5BD00BFE03A0020E5
:10A530002DE9F04F89B0002305930693079305ABEF
:10A540001A68D24343F8042B08AA9342F8D1FEF7C5
:10A5500073FCDFF8FC917B4E4FF0020B4FF0010AC9
:10A5600000F54074002509E009B186F800B0013516
:10A57000142D06F1010604F103043ED0A078002852
:10A58000F5D02778627807F0070802F0070339F85A
:10A5900018C039F81310FF08D2084CFA07FC114113
:10A5A0001CF0010F01F00101DED0002937D0013885
:10A5B0000528DCD8DFE800F03636036D0F786249F5
:10A5C00031F818103941C80757D5604931F81310D0
:10A5D0001141C90751D50DEB480301219A8AB940B1
:10A5E00022EA010201359A82142D4FF002033370E2
:10A5F00004F1030406F10106C0D1554A524805A9E9
:10A6000002F10C0532F8023B31F8024B954203EAA5
:10A61000040320F8023BF5D109B0BDE8F08F86F8BD
:10A6200000A0A4E7394640460292019300F038FAB0
:10A63000E628019B029A6ED8317802294CD0012974
:10A6400095D1394640460392029300F029FA0399C6
:10A650000190029800F024FA019B039A8342029B26
:10A6600050D33849495D012949D10DEB430391404D
:10A670009A8A22EA01029A8279E7334931F8131063
:10A680001141C807EDD5314931F818103941C907D2
:10A69000E7D50DEB43010123337003FA02F28B8AF5
:10A6A00023EA02038B8262E708A901EB480E01EB63
:10A6B000430C3EF80C0C012101FA07F720EA0700D1
:10A6C0002EF80C0C3CF80C3C914023EA01032CF8CA
:10A6D0000C3C002333704AE739464046039202930C
:10A6E00000F0DEF903990190029800F0D9F9019B7E
:10A6F000039A8342029B1BD831780129A1D00229F9
:10A700007FF435AF0DEB480301219A8AB94022EA64
:10A7100001029A822BE71146184600F0C1F9E6289B
:10A72000019B029A88D9A17802297FF420AF98E78B
:10A730000DEB4301012303FA02F28B8A23EA0203A1
:10A740008B8214E7F83A002054990020B07500205D
:10A75000BC750020431CB0EB530F4FEA53020AD9DB
:10A76000B0FBF2F311461344B1EB530F4FEA53021F
:10A77000F6D80846704701460846704710B5114C98
:10A7800001460822204614F055F9E2786378617991
:10A790001343E2790B43134312D10A2023706370F1
:10A7A0001F23094AA070E3701E205F230749207110
:10A7B000637128207F23A071E37191605160116063
:10A7C00010BD00BFD4750020E075002033334B402E
:10A7D000014B1870704700BFDC750020024B1B78DE
:10A7E00043700120704700BFDC75002008B50B4B9B
:10A7F0001A78824210D0187008F054FA38B107481D
:10A80000012240F63D3100F015FA012008BD04494F
:10A810000F2009F00FF8F2E7002008BDDC750020DA
:10A820000400343408B52E4B9A7893F800C0944550
:10A8300054D819798A4251D89A798A424ED301461E
:10A840000822184614F0F6F80178827891420346FF
:10A8500012D0C07893F801C0A0EB0C0007EE900A6C
:10A86000511AB8EEE77A07EE901AF8EEE77A1D492A
:10A87000C7EE276AC1ED006A19798A4212D0587969
:10A8800093F803C0A0EB0C0007EE900A8A1AB8EE0A
:10A89000E77A07EE902AF8EEE77A124AC7EE276ABF
:10A8A000C2ED016A9A79914210D0521AD9795B7936
:10A8B000C91A07EE902A07EE101AF8EEE77AB8EEFA
:10A8C000C77A084BC7EE276AC3ED026A044808221C
:10A8D00040F6353100F0AEF9012008BD002008BD7A
:10A8E000D4750020E075002008B50349082214F053
:10A8F000A1F8012008BD00BFD4750020024B1878D4
:10A9000000F00100704700BFDC750020024B187892
:10A91000C0F34000704700BFDC75002008B50A494D
:10A920000A4B087800221A605A609A60C20703D561
:10A93000BDE80840FFF7BEBDFFF7F0F902490B780C
:10A94000DB07F5D408BD00BFDC7500200C3B002000
:10A950002DE9F04F2248234E00256FF0470436F8CA
:10A9600002EB002305EB450C03EB43014EFA03F227
:10A9700001EB0C1100EB010912F0010F4F460A46E2
:10A9800003F1010325D099F8018010F801A008F027
:10A990000F0B5AEA0B2A06D128F00F0848F00B08D3
:10A9A000445489F80180B97897F80190090151EA77
:10A9B000191109F00F080CD1825C42EA0822A2F5B5
:10A9C000617202F00F0148EA0118120987F801804C
:10A9D000BA70102BC8D10135062DC0D1BDE8F08F5B
:10A9E000E84C002020FB010870B5DFF8B0C0244D12
:10A9F0009FED243ADFED243A9FED244ADFED244A0F
:10AA00009FED245ADFED245A00242846002204EB4F
:10AA1000440E02EB420303EB0E130CEB03011CF894
:10AA200003608B7849781B0143EA111301F00F0191
:10AA300003F6314346EA01215B1A9BB207EE903AD6
:10AA4000F8EEE77AB0EE647AA7EE847A0132102A43
:10AA500027EEA36A67EE836AA7EE867A66EEA76A98
:10AA6000A7EEA67A77EE457A85EEA77AA0EC017A72
:10AA7000CFD10134062C05F14005C6D170BD00BF11
:10AA8000443B0020DC9300B3D4935639CC97F7BEF7
:10AA9000DF71D5430054563F00002042084E00208D
:10AAA00000EB0010034B01EB011101EB00110B4413
:10AAB00098787047884600202DE9F04182B004461E
:10AAC0000191FEF7B9F90199DFF844E104EB0412B2
:10AAD00001EB011303EB0213734404EB04165C71E6
:10AAE000997101EB041300EB830301EB04171D794B
:10AAF000AA0708BF027801EB011303EB061314BF8A
:10AB000005F0030202F003020EF8032001EB041229
:10AB100000EB820200EB870792F806C0BCF10F0F32
:10AB200084BFCCF303120EF80320032D85BF01EB85
:10AB3000041300EB830305781D7901EB041300EB8C
:10AB40008303AD085A79032D2E4638BF032693069A
:10AB5000BB797F7908BF427803F00F039B0053EA6B
:10AB60009713A6F1030602F03F0209D183784778D4
:10AB700003F00F039B0053EA971308BF07F03F034E
:10AB800006EB460602EB4202770004EB041856007F
:10AB900001EB011202EB0812964405EB450503EBAD
:10ABA00043030CF0F00C6D005B00BCF1300F8EF82D
:10ABB0000B508EF80C708EF80F608EF810301FD08E
:10ABC000BCF1400F08D0BCF1500F0ED100238EF81D
:10ABD0000F3002B0BDE8F08101EB041300EB8303FA
:10ABE000DB792C2B01D80C2BF1D101EB041100EBFC
:10ABF0008100837923F0F003837102B0BDE8F08116
:10AC000001EB041300EB8303DB79132BEDD8DEE7B4
:10AC10008846002038B500250024E1B228460134DA
:10AC2000FFF74AFF102CF8D10135EDB2062DF3D114
:10AC300038BD00BF263108F0A9BD00BF2DE9F0479F
:10AC4000DFF868C0DFF868904FF0000840F6033581
:10AC50006FF047076FF07C0639F8024B002308EBD2
:10AC6000480E03EB430244FA03F102EB0E1211F01B
:10AC7000010F0CEB020003F101030ED090F801A0CC
:10AC80001CF802100AF00F0A41EA0A21A94204D86E
:10AC90004B210CF8027041708670102BE1D108F145
:10ACA0000108B8F1060FD7D1BDE8F087E84C0020C5
:10ACB00020FB01082DE9F043044604EB840301EB7B
:10ACC00081005B010D4603EB40039F49CB5C1B09F0
:10ACD00083B0042B2AD8DFE813F03F0005006000A2
:10ACE00012012C0040F697039A421FD804EB84030C
:10ACF00005EB85055B0103EB4503CC1802F00F0063
:10AD000012092271E27802F00F0242EA0012E270A8
:10AD1000CA5C032060F30712CA540DF055FF010A04
:10AD2000020C030E6071A171E271237203B0BDE8E1
:10AD3000F08304EB840305EB85055B0103EB45031E
:10AD4000C8184088C0F30B0032308242EEDDCA5C86
:10AD500022F0F002CA54E9E704EB840305EB850016
:10AD60005B0103EB4003C85C860706D540F6043C54
:10AD70006245DBD920F00200C85405EB850304EBE3
:10AD800084045B0003EB4413CA5A02F00F0242F042
:10AD90001002CA5203B0BDE8F08304EB840305EB54
:10ADA00085005B0103EB400301EB030EBEF802C01C
:10ADB000CCF30B00904280F0CD8062F30B0C0023AB
:10ADC000AEF802C08EF8093004EB840305EB85026F
:10ADD0005B0103EB4203C81842780B2AA6D9CA5C70
:10ADE000DFF86CC14FF0040E6EF30712CA5404EB87
:10ADF000440105EB450202EB01120CEB02010E4689
:10AE000091F801E001794388C0781CF8022009011B
:10AE100041EA10110EF00F00C3F30B0342EA0022C7
:10AE20009A1A002AB8BF52420A2A00F30A81B2785D
:10AE3000120142EA1E1201F15000821A002AB8BF24
:10AE400052421E2A7FF772AF04EB440E05EB450217
:10AE500002EB0E120CEB020E0CF8023000F00F06A3
:10AE60001B0A43EA06138EF80130C0F307138EF86D
:10AE70000230C0F30B0098461CF8023001903348B2
:10AE80009EF801C0B1468618825C70780CF00F0CF9
:10AE900000F00F0743EA0C2342EA0722D21A002AE5
:10AEA000B8BF52420F2A00F3CF80B278120142EAB3
:10AEB00010120198121A002AB8BF5242322A00F327
:10AEC000C3800F3901F00F034CEA031C09098EF807
:10AED00001C08EF80210FFF73BFD00250024E1B20F
:10AEE00028460134FFF7E8FD102CF8D10135EDB20A
:10AEF000062DF3D103B0BDE8F043FFF775BD04EBB9
:10AF0000840005EB8505400100EB45000C18237912
:10AF1000E5781B0143EA1513934200F28280D31AAD
:10AF2000642B7FF7FAAEB3F5487F7FF7FFAE6588F5
:10AF30000B5C62F30B05022262F3071300220B5431
:10AF400065806272F2E600BFC83C0020E84C002039
:10AF5000084E0020801A323064286CD89EF8090010
:10AF600005EB0416431CDBB200EBC6003746664E09
:10AF70008EF80930072B26F810207FF625AF9EF8B3
:10AF80000530BEF806209EF8080043EA022343EA93
:10AF900000600DF0BBFDB0F57A7F5C4934D2B31E82
:10AFA00006F10E0203EB071302EB0712002033F841
:10AFB00002CF9A426044FAD104EB840305EB850288
:10AFC0005B0103EB420301EB030CC008BCF8022059
:10AFD000143860F30B02ACF802209CF804209CF8B3
:10AFE0000360120142EA161240F24C4E821A724578
:10AFF0006AD9CB5C13F0010F9CF801300CBF06221C
:10B000000C2213448CF8013004EB840305EB850219
:10B010005B0103EB42030120CA5C60F30712CA54D0
:10B02000D2E602F00F0105F00F0343EA0113120903
:10B03000E370227171E6CA5C012060F30712CA5402
:10B04000C2E601F15000FFE605EB450204EB440CBB
:10B050002F4E3048304902EB0C12B35432441B0AD5
:10B0600043EA0913537082F8028003780A789A42FF
:10B0700004D00B7001220421FDF7ECFA05EB450228
:10B080004FF0300314FB0323214904EB440402EB8B
:10B0900004128C1820460322591D5D1CFDF7DAFAB4
:10B0A00007F000FE58B11B480122262108F06EFB74
:10B0B000032205F12601204608F068FB0BE717493B
:10B0C0000F2008F0B7FBEEE7B2F57A7F09D9CB5C29
:10B0D0009CF8012003F00103033213448CF8013083
:10B0E00092E7B2F5617F8FD9A0230A2204FB03F314
:10B0F00002FB0533C818CB5C427803F0010302322F
:10B100001344437080E700BF88400020C83C002003
:10B11000E84C0020ED750020203B00200400343472
:10B120002DE9F04F89B007F0A3FD002800F0D18091
:10B130000020FDF7FFFD012140F63E3013F0BAFA82
:10B1400040F63E328046262108F090FB082208F6A1
:10B15000353106A813F06EFC06A8FFF70FFB794EF9
:10B1600098F83D0B784CFFF733FB98F80050774880
:10B1700035704FF49072002113F010FC4FF4907270
:10B180000021204613F00AFC002D00F0AB804FF4A4
:10B19000907208F10101204613F04CFC6C4F0395AE
:10B1A000414640F214596FF0470A4FF0000EB8467E
:10B1B00038F8026BCDF804E000230EEB4E0CCDF80E
:10B1C000088003EB430526FA03F205EB0C1504EBAC
:10B1D000050812F0010FC6462A4603F1010332D0DA
:10B1E00098F80170605D07F00F0B40EA0B2000F249
:10B1F0007450C0F30B00B0F5487F07D927F00F0754
:10B2000047F00B0704F805A088F801709EF80200CB
:10B210009EF80150000140EA151000F53560C0F3BA
:10B220000B00484505F00F050DD9A25C42EA052246
:10B23000A2F5617202F00F0045EA001512098EF8BE
:10B2400001508EF80220102BBBD1DDF804E0DDF8B0
:10B2500008800EF1010EBEF1060FA9D1039D8846AC
:10B26000002D3AD1384939484FF4907213F0E2FB7F
:10B2700038484FF4CC62002113F090FB00250024E5
:10B28000E1B228460134FFF717FC102CF8D1013544
:10B29000EDB2062DF3D1FFF7A7FB00202E490246A1
:10B2A000A1F1A0031A805A809A80DA801A810A33A9
:10B2B0008B42F7D1A030B0F5707F03F1A001EFD140
:10B2C000264B012240461A7009B0BDE8F04F13F03A
:10B2D0002FBA07F00FFD01202BE7FFF7AFFCFFF7B8
:10B2E00037FBBFE70422294605A8FDF79DF9059B1A
:10B2F00043F23447BB4209D0FDF7E8F9294605A8D7
:10B3000004220597FDF7A6F9357847E701220421C5
:10B310003046FDF789F93578002D3FF43FAF4FF403
:10B32000907205212046FDF77FF901222621304643
:10B3300008F02CFA4FF490722721204608F026FAE4
:10B3400035782BE7ED750020E84C0020084E0020F2
:10B3500020FB010888460020683D0020C63C0020F4
:10B3600010B5FDF751F9FFF7DBFE084B0848002147
:10B370004FF4C062197013F011FB082408F07AF939
:10B38000631E13F0FF04F9D110BD00BFC43C0020C0
:10B390008840002070B5A2F596639BB240F6FC048D
:10B3A000A34282B01AD8634B1D7806469646C5B1B3
:10B3B000614A127801EB001301EB011C00EB00164F
:10B3C00002EBC3025D4B5E480CEB061C63444FEA84
:10B3D0001E2120F812E083F807E01972002002B065
:10B3E00070BD0C460192FFF765FC06EB0611534851
:10B3F000019B04EB041202EB01120244517A92F811
:10B400000AC041EA0C21C91A04310829E6D9DFF83B
:10B410004CC1537206EB460E04EB440101EB0E11D6
:10B420004FEA132E82F80AE082F808E00CEB010ED6
:10B43000D3711CF801209EF8011001F00F0142EABF
:10B44000012203F631439B1A9BB240F631429342EC
:10B4500033D807EE903ADFED3B6A9FED3B7A9FEDE4
:10B460003B6A3B4BDFED3B5AF8EEE77A04EB061202
:10B47000A7EEA67A03EB820327EE866ADFED366A33
:10B48000A7EE867A67EEA66A93ED006A66EEA76A73
:10B49000A7EEA67AF1EE086A77EE657AB6EE007A44
:10B4A00067EE867AA7EEA67AFCEEC77A17EE903A98
:10B4B0009DB2F52D28BFF525EDB204EB041C06EB7B
:10B4C00006160CEB061C00EB0C04E378A570AB42EF
:10B4D00084D010F80C30E570023B032B24D8DFE851
:10B4E00003F017110802204602B0BDE87040FEF7D5
:10B4F00033BBFFF703FA88B1204602B0BDE87040C5
:10B50000FEF71CBE204602B0BDE87040FEF75EB9F3
:10B51000204602B0BDE87040FEF794B8204602B065
:10B52000BDE87040FEF7B2BB204602B0BDE87040F7
:10B53000FEF770B8C63C0020C43C002088460020BE
:10B5400088400020CC97F7BEDF71D543D49356399D
:10B55000443B00200054563FDC9300B3084E0020CB
:10B5600001EB011200EB001C284B02EB0C129A5C61
:10B57000013A042A47D8DFE802F03828460F0300D2
:10B5800000EB001001EB011101EB00110B44D87B23
:10B59000003818BF0120704700B583B0CDE9000125
:10B5A000FFF7B4F978B10199009A184B02EB021039
:10B5B00001EB011101EB001119444878A0F10100E1
:10B5C000B0FA80F0400903B000BD00EB001001EBC1
:10B5D000011101EB00111944487800F0FD00A0F1C1
:10B5E0000100B0FA80F04009704700EB001001EB59
:10B5F000011101EB001119444878A0F10100B0FAE3
:10B6000080F0400970470020704700BF8846002046
:10B6100008B50378022B0AD0042B01D0002008BD06
:10B6200014490A78901E012820D9012008BD12482B
:10B63000DFF840C0002101704FF4C0620F488CF861
:10B64000003013F0ABF90E4B0E4800214FF490720E
:10B65000196013F0A3F90C4A0C4B002111605160E2
:10B6600091601960596099600120DFE708480B700C
:10B670000270DAE7C63C0020C43C0020884000206D
:10B68000243B0020084E0020383B0020283B0020AF
:10B69000C53C00200278052A4AD841780F29034684
:10B6A00046D800B501EB011C02EB021E21485A707E
:10B6B0000CEB0E1C6044997090F802C0DFF878E043
:10B6C000AEFB0CEC4FEA9C0C83F803C090F802C070
:10B6D00083F804C090F807C083F805C0007A987119
:10B6E00001EB410C02EB4200DFF850E00CEB0010E4
:10B6F0000EEB000C1EF80000D8719CF8010000F061
:10B700000F0018729CF802009CF801E0000140EA6A
:10B710001E1058729CF80200DFF824C000099872CD
:10B720003CF8122001200A4102401032DA7200BDBA
:10B730000020704788460020ABAAAAAA084E002025
:10B74000BC7500202DE9F04F8A4B93F800C087B0FC
:10B75000BCF1040F0ED8DFE81CF00D00EE00EE0087
:10B7600018000500844B1B78032B00F0E581814A0B
:10B7700000231370FDF700FEFEF7DAFEFEF7FCFA79
:10B7800007B0BDE8F04FFEF7C1BE7C4BDFF814A256
:10B7900093F8009000250127794B3AF8026B019548
:10B7A00003EB450300244FEA45080293CDF80CA0B3
:10B7B00002E00134102C7DD046FA04F3DA07F8D504
:10B7C00004EB05136F4A09EBC30332F81310B1F50C
:10B7D000966F40F2A28008220023023A12F0FF0284
:10B7E00003EB4103F9D108EB0502674804EB440180
:10B7F00001EB021100EB010C4FEA440E9CF8022011
:10B800009CF801A0120142EA1A12002B4AD04FEA1A
:10B81000D30BC3F3CF03002A74D05033934241DAE1
:10B820009CF800100AF00F0A41EA0A2108EB050310
:10B83000A6440EEB031E00EB0E09544B99F80120B1
:10B8400003F80E10734402F00F0E029A0120B2F8B2
:10B8500000C0A04040EA0C000BF1500B1080090A18
:10B860000BF00F004EEA0012CBF3071B41EA001168
:10B8700089F80120597083F802B089F802B00DF000
:10B88000A3F9434B019A1860424B1A70424B1C704B
:10B8900099F8022099F80130120142EA1312374B4D
:10B8A00093F800900134002A0CBF002707F001072D
:10B8B000102C81D10135062DDDF80CA07FF46CAF82
:10B8C00009F10103DBB2354C2C4A2068082B28BF54
:10B8D00000231370002F00F0EC80002800F0E680B9
:10B8E0000DF014F940F6B83398427FF643AF2C4D73
:10B8F0002B78002243F0020322602B70FDF72EFD0F
:10B900002F7851E110F801C00AF00F014CEA012133
:10B91000A1F5487C9C4589DCC4E71B4A04EB440341
:10B9200008EB050103EB011313449A785B781201CD
:10B9300042EA1312B6E7114A1378062B40F2F98057
:10B9400000240123174DDFF864E01748DFF8388042
:10B95000DFF85CB00593A14609EB890335F8026B6B
:10B9600002905B0101930246002109EB490A03940E
:10B97000049524E0C63C0020C53C0020C43C0020C7
:10B98000383B002088400020084E0020E84C002072
:10B99000243B002091240020902400201C3B002008
:10B9A000ED75002020FB010896400020283B002078
:10B9B000C83C00200131102902F1100234D046FAAF
:10B9C00001F3DB07F6D5A2F11000002330F8024F97
:10B9D00082422344FAD1C3F3CF03A3F60430B0F577
:10B9E0002A7F6AD9BEF80040012088402043BCF17C
:10B9F000010FAEF80000DDD140F6033083420CD8D1
:10BA000009EB890301EB81005B0103EB40031BF8A9
:10BA1000030040F002000BF803000131002310295D
:10BA2000059302F11002CAD102A831C81034602C6B
:10BA300009F101090EF1020E00F580708CD1BCF104
:10BA4000020F00F0EF80059B002B3FF490AEDFF873
:10BA500000E29EF8003043F0010713F0010340F0CC
:10BA6000DB80794D794C9C4600220CEB4C0002EBBC
:10BA7000420303EB0013E918E61891F80180E95C32
:10BA800008F00F0841EA0821E1547378013223F0ED
:10BA90000F0343EA1123102A7370E8D10CF1010C53
:10BAA000BCF1060FE0D18EF800707DE00DF08CF84F
:10BAB000206000283FF45EAE12E701EB410505EB84
:10BAC0000A1508EB050718F80540787800F00F0014
:10BAD00044EA0020A3F11404A4B2201A0028B8BF3D
:10BAE00040421E287FF766AF08F80540019801EB39
:10BAF000810500EB45057878C4F3032420F00F009E
:10BB0000204378701BF80500BCF1010F40F00800DD
:10BB10000BF805007FF44EAF7878A3F5667303F059
:10BB20000F0400F00F0040EA04101B097870BB708E
:10BB300040E7013313701DE6DFF824C1424D434E48
:10BB400000273CF8024B002307EB470003EB4302BE
:10BB500044FA03F102EB001211F0010F05EB020EA3
:10BB600003F1010316D09EF802109EF8018009012E
:10BB700051EA181132440DD15178927801F0F00158
:10BB8000120108F00F0848EA010812098EF8018036
:10BB90008EF80220102BD9D10137062FD1D12C4A93
:10BBA00017782C4A002313702B4B1A78BA4205D011
:10BBB00027481F7001220421FCF74CFD23484FF455
:10BBC00090720521FCF746FD07F06CF8002836D08E
:10BBD0001F480122262107F0D9FD1C484FF490721E
:10BBE000272107F0D3FDFEF7B3FE00250024E1B2C4
:10BBF00028460134FEF760FF102CF8D10135EDB274
:10BC0000062DF3D1FEF7F0FE124B1B7803F0FD0377
:10BC1000012B7FF4AFADAAE50E4A8EF80070002329
:10BC20001370A7E50B4A03231370059B002B3FF409
:10BC30009EAD074A137843F0010313709AE5074954
:10BC40000F2007F0F7FDC3E7084E0020E84C002066
:10BC5000ED750020C63C0020183B00200400343461
:10BC600020FB01080378A92B40F095802DE9F04FC7
:10BC70004378013B8FB00F460446412B00F284808D
:10BC8000DFE813F0640182008200820082008200FB
:10BC90008200820082008200820082008200820094
:10BCA00082005801500146013D01420036012F013A
:10BCB00082008200820082008200820082001701DE
:10BCC00010010C010501FE00FA00820082008200D2
:10BCD0008200820082008200820082008200820054
:10BCE0008200F300820082008200820082008200D3
:10BCF0008200820082008200820082008200820034
:10BD00008200EC00C5008A00E3798078E17822792E
:10BD100094F805C094F806E0002B4FF00003CDE93D
:10BD20000833CDE90A33CDE90C3314BF4FF00108D5
:10BD300098461DD104F10805079408AB81468A4650
:10BD40009346CDF814C0CDF818E01A3429461846A9
:10BD5000032212F06FFE0335A54200F10403F5D172
:10BD6000DDF814C0DDF818E0079C484651465A46F5
:10BD700008AB0293CDF804806346CDF800E0FDF7F0
:10BD8000D7F880F00103A370394620460FB0BDE814
:10BD9000F04F0AF0F3BE70478378C278FF2B00F1B2
:10BDA000050000F0D980052B00F2D3800F2A00F2A5
:10BDB000D080764931F813101141C90740F1E08075
:10BDC00002EB420102EB031203EB430301EB03110D
:10BDD00093006F4A12F801C084F805C00A44042594
:10BDE000517801F00F01A171917892F801C0A9403A
:10BDF00041EA1C11E1719278EA40227265492844B7
:10BE00001944042212F016FE00232371BCE7624B92
:10BE1000002208ADCDE90822CDE90A22CDE90C22A5
:10BE200003F10C002A4633F8021B42F8041B83423C
:10BE3000F9D15A4A5A4B12781B78E370A270231D2D
:10BE40002646163429461846032212F0F3FDC31C79
:10BE5000A34205F10405F5D1344695E70230FFF71A
:10BE6000D7FB80F00103A3708EE70230FFF712FCCE
:10BE700080F00103A37087E78078FEF7B7FC83E7C3
:10BE80000230FEF7ABFC80F00103A3707CE70230C8
:10BE9000FEF7C8FC80F00103A37075E70230FEF7DF
:10BEA00023FD71E78078FDF7BFF980F00103A370EF
:10BEB0006AE78078FDF7DEF9A046064600240025F3
:10BEC000E9B220460135FEF7F7FD102DF8D1631CCD
:10BED000DCB2062CF3D186F00100444688F802005B
:10BEE00052E70230FDF754F980F00103A3704BE7ED
:10BEF0000230FDF7A5F880F00103A37044E7C17894
:10BF00008078221DFDF7E8F980F00103A3703BE77C
:10BF1000C37801796279807843EA0121A31DFCF797
:10BF2000E1FF31E780780021FCF792FF80F0010308
:10BF3000A37029E7FCF786FF5C23032223711423F7
:10BF4000A070E2706271A371E3711DE70423837036
:10BF50001AE70123237117E7FF2AFAD106220023EB
:10BF600062711022A371E271237204F1090244F29A
:10BF7000BC3308250021117051709170D1703DE7DC
:10BF800002EB03139B0002460425F3E720FB0108A4
:10BF9000E84C0020443B0020383B0020ED75002099
:10BFA000C63C0020314B1B78032B01D0FDF71CBA97
:10BFB0002DE9F04F9622104683B0002109F01AFEB9
:10BFC000DFF8BCA02A4ADFF8BCB02A4FDFF8B880FF
:10BFD0004FF00009284B32F8026B019203EB091570
:10BFE000002412E03B789342E1B203D198F800308C
:10BFF0008B4232D000232878FF22194609F0E4FD55
:10C000000134102C05F101051AD046FA04F3D907C2
:10C01000F6D5BAF80030234113F001035FFA89F234
:10C02000E0D1BBF800202241D207E9D528781A4692
:10C03000FF21013409F0C8FD102C05F10105E4D100
:10C0400009F10109B9F1060F019A0AF1020A0BF18F
:10C05000020BBFD103B0BDE8F08F084B18680CF09D
:10C0600055FDB0F5FA7FC5D2CAE700BFC63C002037
:10C0700020FB01089124002094260020243B00206E
:10C08000383B0020283B002090240020014B33F84F
:10C09000100070471830002002484FF4CC62002195
:10C0A00012F07CBC8846002008B5FDF74DFDBDE8C8
:10C0B0000840FEF733BC00BF0120704738B5044686
:10C0C0000D4600F065F808B9002038BD2946204625
:10C0D000FDF71CF90028F7D02946204602F0C8FBDE
:10C0E0000028F1D02946204600F094FA0028EBD031
:10C0F00029462046FFF7E0FF0028E5D029462046E4
:10C1000001F09AFE0028DFD029462046BDE83840DD
:10C1100001F0E8B808B501F0D9F803F0FBFCFFF72F
:10C1200041FF00F019FB00F04BFD012008BD00BFEE
:10C1300038B505460C4605F0CFF800B938BD2146A4
:10C140002846BDE83840FFF7B9BF00BF00B583B04F
:10C1500009F03CFF034618B10190FFF7DBFF019B9C
:10C16000184603B000BD00BF08B504F093F800F016
:10C1700071FB01F027FF00F073F805F025F808BD0A
:10C1800008B500F097FEBDE8084004F01BBE00BFF4
:10C1900010B5A0F5FC4382B00A2B56D8DFE803F0B7
:10C1A0001C1C1C1C30370606060625002848497949
:10C1B000063B10F8232000292ED19AB102EB83020E
:10C1C000141800EB830313F8010F019305F0D8FA5C
:10C1D000019BA342F7D105E01E4A4B79805C9BB1DD
:10C1E00005F024FA002002B010BD4B79002BF9D0E5
:10C1F000194B1A7802B30CF0E7FC184B1860F1E702
:10C200004B79C120002BEBD105F0BAFAEAE74B7964
:10C21000C220002BF8D0E3E7002AE3D002EB830230
:10C22000141800EB830313F8010F019305F0FEF9D6
:10C23000019B9C42F7D1D5E70122E3201A7005F05B
:10C24000F5F92C2005F0F2F9D5E70120CBE700BF86
:10C25000CCF50108DC7701082C4F0020284F002086
:10C2600008B50E4B1A781AB9BDE80840FDF708B8B2
:10C270000B4B18680CF04AFCB0F5FA7FF4D9E320B8
:10C2800005F07EFA2C2005F07BFA044B00221A7090
:10C29000034B1A60BDE80840FCF7F2BF2C4F0020AA
:10C2A000284F002010B582B0044605F04DF9034632
:10C2B00010B9184602B010BD0090204605F046F9AE
:10C2C00009F072FF009B0028F3D101900AF028F9D1
:10C2D00001980246014609F08DFC00F0F7FF064A7E
:10C2E000D268904703F0D2FF009B0028E1D00AF00B
:10C2F0000BF9009BDDE700BF34FE01082DE9F0419A
:10C300008478052C06460F460BD80546E0B2FFF7A9
:10C31000BDFE0134030A062CEB70287105F10205FD
:10C32000F4D1034B39463046DB69BDE8F04118478C
:10C3300068280020014638B50446762301F8013B01
:10C340002E251022012012F0E9F9E11C1022A5701F
:10C35000012012F0E3F9611D10222571012012F075
:10C36000DDF92023A371E01D0249BDE83840142205
:10C3700012F060BBE0F501080B4620B90A481146EF
:10C38000C2691846104770B515460C4602F06AFAA5
:10C39000032800D070BD054BDB6A002BFAD029467C
:10C3A0002046BDE87040184768280020BC240020C3
:10C3B00030B50C460B7883B0054660B9022B1CD013
:10C3C000A03B0B2B1DD8DFE803F03228786B561CFE
:10C3D0001C463D388F1F012B76D003F16001C9B296
:10C3E0000B290ED8A03B0B2B0BD8DFE803F020164F
:10C3F0006659440A0A342B260D0D4B78032B00F0A6
:10C400009C80002003B030BDB5FA85F0214640097C
:10C4100000F07EFA012003B030BD601C0092FFF7EF
:10C4200089FF009A21462846FFF7A6FFF2E702237C
:10C4300000216370A170E370F4E711462046FFF716
:10C4400011FCE7E7B5FA85F021464009009200F0BB
:10C450000BFE009AE6E76378013B122B3FD8DFE83A
:10C4600003F0645D56563E3E3E3E3E3E4F4F3E3EDE
:10C470003E3E3E484800019204F05AFA009004F013
:10C480005DFA009BA370190AE170607004F086FAEF
:10C49000207104F00BF80223019A6071A371C1E7C7
:10C4A000284B0092187805F041F8274B60701878F7
:10C4B00005F03CF8009AA070B4E79F230021A37018
:10C4C00007236170E370ADE734220E208221E27011
:10C4D000227111226071A171E371227291E7FF2133
:10C4E0000023217063709DE71146204603F0A6F9F2
:10C4F00090E711462046009200F0C8FB009A91E7B1
:10C5000011462046009202F03FFA009A8AE711464F
:10C510002046009200F02CFC009A83E7114620464A
:10C52000009200F09FFB009A7CE702210023E1705B
:10C53000D321A3702371617174E711462046FFF780
:10C54000DDFE67E72552002024520020FFF730BFB0
:10C550000B4620B90A481146C2691846104770B503
:10C5600015460C4602F07EF9032800D070BD054B3D
:10C57000DB6A002BFAD029462046BDE870401847F8
:10C5800068280020BC24002010B582B005F0AAFC69
:10C5900005F0BEFC1C491D4B0C7800221A7006F0F9
:10C5A00065FBFEF7BDFDFFF77FFD06F061FB38B3CD
:10C5B000174806F06DFB204605F000FD09F000FF6E
:10C5C00009F022FD09F048F800F000FC02F0D0F973
:10C5D00041F288300EF0A4F8022002F04FFE00F085
:10C5E000B5FBFF220023ADF804208DF80630FA21B8
:10C5F000019B0322084602B0BDE8104000F08EBA4D
:10C6000006F078FBD4E700BF255200202F4F002012
:10C61000509900204A2808B543D016D920F00203CB
:10C6200045F22122934222D04F280CD14B79002B86
:10C6300059D0454A1378002B7DD00133DBB2042B4F
:10C6400088BF01231370012008BD0D2818D01D28B4
:10C65000F9D13E4A49791378002935D043F00403D3
:10C66000072B137016D0D84300F0010008BD374ADD
:10C670004979137800294DD043F001031370E2E7A4
:10C68000324A49791378002935D043F00203072B49
:10C690001370E8D10CF098FA2D492C4A08601378F1
:10C6A000E1E74B79002B3BD0274B1A78002A3FD18A
:10C6B000264A137843F01003192B1370C3D10CF0E2
:10C6C00083FA234B1860BEE72248DFF884C023F0CA
:10C6D000040313700378CCF800105A07B3D523F085
:10C6E00004030370AFE7194919480A78036022F080
:10C6F00008030B70A7E71748DFF854C023F00203C4
:10C7000013700378CCF8001099079CD523F002032E
:10C71000037098E70E4823F001031370016092E75D
:10C720000A490B480A78036022F010030B708AE76D
:10C7300000221A7087E7054A137843F00803192B83
:10C74000137080D1BBE700BF2F4F0020304F002077
:10C75000344F00202D4F002008B5124B1B780BB929
:10C76000012008BD013B032B08D8DFE803F0150FBB
:10C7700009020021FF22084609F03CFA002008BD0A
:10C780000022FF21104609F035FAF7E70022114692
:10C79000FF2009F02FFAF1E7FF221146104609F0B9
:10C7A00029FAEBE72F4F002008B5274A1378D9075D
:10C7B00019D52648C18813F0020F01F0800113D06B
:10C7C000B1B90089DFF888C023F0020E5B0782F858
:10C7D00000E000F00400CCF8001031D418B14EF0A5
:10C7E000040E82F800E008BD99B143F00203137013
:10C7F0000189580701F004011BD589B1072BF2D13B
:10C80000134B1A68002AEED10CF0DEF9104B1860B9
:10C8100008BD0189580701F004010AD50029E2D1B9
:10C82000DFF82CC023F0040300211370CCF80010B3
:10C8300008BD0029D7D043F00403DBB21370DDE755
:10C840000028D0D17346EDE7304F0020183000208B
:10C85000344F002008B5174B186818B9BDE80840D8
:10C86000FFF7A2BF0CF052F940F6B8329042F5D96A
:10C87000114A104B117800200729186007D0192998
:10C880000CD000231370BDE80840FFF78DBF0B4BA1
:10C8900006211970FFF778FE074AF2E709F084FCD9
:10C8A000054A18B1064B01211970EAE709F088FD25
:10C8B000014AF7E7344F0020304F00202D4F002071
:10C8C0002F4F002070B588B00D461446002120225D
:10C8D0000646684612F062F8AB23294622460DF15F
:10C8E00001008DF8003012F0A5F84FF0000C6B46F7
:10C8F00007A913F8012F99429444FAD120226946DE
:10C9000086F00100ADF81EC0FFF736FD08B070BD1F
:10C910000B78AB2B00D0704710B50A4688B001F1F8
:10C920001C0E002312F801CF634496459BB2F9D147
:10C9300091F81EC0DAB2944541D1CA7FB2EB132FF1
:10C940003DD14B7808B9072B39D9013B0446082B58
:10C9500035D8DFE803F07F78346D5A34520536005D
:10C9600047F2086310220DF102010120ADF80030FA
:10C9700011F0D4FE2E23102201A901208DF80330DE
:10C9800011F0CCFE2E2310220DF1060101208DF8AE
:10C99000053011F0C3FEDFF804E120238DF80730E5
:10C9A000BEE80F000DF1080CACE80F00DEF8003017
:10C9B000CCF800301C2269462046FFF783FF08B000
:10C9C00010BD40F609432D49ADF8003004220DF1A9
:10C9D000020012F02FF82A4904220DF1060012F08D
:10C9E00029F8284904220DF10A0012F023F80E223A
:10C9F00069462046FFF766FFE1E788784E28DED8D3
:10CA000008B0BDE8104002F08FBC05238DF800305F
:10CA100003F04CFD1C4B8DF801001B69032203F051
:10CA20000103694601208DF80230FFF74BFFC6E78E
:10CA30008B78A12B15D0A22BC1D1CB78D3B1134BBE
:10CA400010221A83BBE78B78114A003B18BF0123E1
:10CA50001370B4E70F48104B8978017000221A60F8
:10CA6000ADE7C878003818BF012008B0BDE8104015
:10CA700002F042BC054B10225A83A0E7107AFF1F38
:10CA8000207AFF1F307AFF1F00040240000002409E
:10CA90002E4F00202F4F0020344F0020E0F50108DA
:10CAA0000A4B1B780BB90120704700B583B00B46C9
:10CAB0004FF4817C032201A90120ADF804C08DF858
:10CAC0000630FFF7FFFE012003B000BD2E4F00200F
:10CAD00008B509F069FB00B108BDBDE8084009F0E0
:10CAE00017BB00BF09F050BB08B509F05DFB00386B
:10CAF00018BF012008BD00BF08B50748082217214C
:10CB000006F0B4FE04480378032B00D908BDBDE845
:10CB1000084008F0A1BD00BF7099002010B5104C6E
:10CB200082B0A0800193002040F201132272638141
:10CB3000E18060720CF048F8019B20601A0CA38120
:10CB4000A27309F031FB38B1A27B617B207B02B07C
:10CB5000BDE8104009F04EB809F0DAFAF4E700BF7A
:10CB6000384F002008B5134B13484FF0000C082233
:10CB7000172183F80BC006F079FE0F480378032BCA
:10CB800004D909F011FB024638B108BD08F064FD74
:10CB900009F00AFB02460028F7D1014609F02AF8FD
:10CBA00000F094FB054BDB689847BDE8084009F0AE
:10CBB000EBBA00BF384F00207099002034FE010806
:10CBC00008B5194BDA7A02B908BD18680BF09EFF58
:10CBD000154B9A7A4AB19A88904210D29A7B597B27
:10CBE000187BBDE8084009F005B8DA88904206D203
:10CBF0000022BDE808401146104608F0FBBF0BF0CC
:10CC0000E3FF094B9A7A186082F001029A72002AB7
:10CC1000EED05A7A197A0132D2B291425A72DDD8E4
:10CC2000BDE80840FFF79EBF384F0020014BD87A7F
:10CC3000704700BF384F0020704700BF704700BFEB
:10CC400008B5FFF7F9FFBDE808400BF041BF00BF92
:10CC500008B5FFF7F3FFBDE808400BF03BBF00BF8E
:10CC600000F0B4B838B509220023012504468370CA
:10CC7000C57002710449053011F0DCFE0223A37374
:10CC8000E573257438BD00BFF4F501080378A72BC0
:10CC900006D14378122B07D0132B02D0FF23037049
:10CCA0007047012383707047044B1B78DB09002217
:10CCB00043F004038270C370704700BF5099002096
:10CCC00030B50F4B89B020220446002168461D78FC
:10CCD00011F064FEA32320468DF8003004F026FCFA
:10CCE0008DF80100284604F021FC20218DF8020077
:10CCF000684609F043FF204605F05AF909B030BDF7
:10CD00002452002030B5104B89B01D7820220446F3
:10CD10000021684611F042FEA32328468DF800301A
:10CD200004F004FC8DF80100204604F0FFFB2021F4
:10CD30008DF80200684609F021FF204609B0BDE8E1
:10CD4000304005F069B900BF2552002000B589B018
:10CD500020220021684611F021FE41F2A713202174
:10CD60006846ADF8003009F009FF09B000BD00BF0A
:10CD700000B54278032A83B0034616D0042A0ED1A8
:10CD8000114893F802C001930122252180F800C0C8
:10CD900006F0FCFC019B00229A7003B000BDFF224C
:10CDA000027000229A7003B000BD01900122064873
:10CDB000252106F05BFD0448019B0278DA70002211
:10CDC0009A7003B000BD00BF484F002038B5314B0A
:10CDD0000024FF251846042240F66431DD705D70A2
:10CDE0001C709C7006F0D2FC2B4B0122184640F6BA
:10CDF00068311C7006F0CAFC284B0122184640F628
:10CE000069311C7006F0C2FC2549264840F2111217
:10CE100011F010FE234840F2111240F66A3106F07C
:10CE2000B5FC214921485B2211F004FE1F485B221A
:10CE300040F67B4106F0AAFC21464F221C4811F027
:10CE4000ADFD1B497F234D7081F8295005224D1EF1
:10CE500001F8012C8B706FF0770281F82A301323D0
:10CE600081F82B20CA704C718C7185F82D306B7154
:10CE700028460223502240F6D64185F82E4085F8F8
:10CE80002F4085F8283006F081FCBDE8384000F0DE
:10CE90008FBD00BFF4750020D1500020F875002030
:10CEA000802500204C4F00202425002070500020B9
:10CEB000FD75002010B540F211121D4C1D491E4891
:10CEC00011F0B8FD1D490F2006F0B4FC20460422E5
:10CED00040F6643106F0CAFC1948012240F6683178
:10CEE00006F0C4FC94F903301648002BA8BF802339
:10CEF0004FF0010240F66931A8BFE37006F0B6FCBE
:10CF00000D4840F2111240F66A3106F0AFFC0E48AF
:10CF10005B2240F67B4106F0A9FC0C48502240F60B
:10CF2000D64106F0A3FCBDE8104000F041BD00BFB3
:10CF3000F4750020802500204C4F0020040034347C
:10CF4000D1500020F875002070500020FC750020A2
:10CF50000248012240F6683106F018BCD15000208A
:10CF600042781C2A14D810B503781C4613445B2B56
:10CF700082B00ADC72B1431CD11801E08B4209D0A7
:10CF800013F801CFBCF1010FF8D9002002B010BD99
:10CF900000207047074B0192811C1819009111F075
:10CFA00049FD0548DDE90012204411F043FD012050
:10CFB00002B010BD705000207899002090F802C097
:10CFC000BCF1030F1CD830B590F800E0BEF1020FA1
:10CFD00083B012D843781C466344052B0DDCBCF1AA
:10CFE000000F39D000EBCC01034601E08B4209D0A1
:10CFF000DA78172A03F10803F8D9002003B030BD0E
:10D0000000207047C11D6FF027000EEB8E0300FB60
:10D010000EFEE2180EEBC30E124B01EBCC040EF128
:10D02000040503EBC20311F8042C1A7011F8032C49
:10D030005A7011F8022C9A7011F8012CDA70E81865
:10D0400004220191009311F0F5FC0199009B083135
:10D05000A14203F10803E6D100F0AAFC012003B0CD
:10D0600030BD00BFFC750020F0B54B78013BA5B08A
:10D070000C460E2B00F21D81DFE813F017001F0095
:10D080003F004B005C005F006800EE00B800D3007A
:10D090006C0071007E0084000F00881CFFF78EFF7B
:10D0A00080F00100A07025B0F0BD01220023CA70FD
:10D0B0000B710020A07025B0F0BD7F48042240F61F
:10D0C000643106F063FB7D48012240F6693106F0C9
:10D0D0005DFB7B4840F2111240F66A3106F056FBC8
:10D0E00078485B2240F67B4106F050FB76485022A0
:10D0F00040F6D64106F04AFBDBE76F4B0022CA70D0
:10D10000187859789A78DB7820716171A271E3718F
:10D11000CFE74A79684B8878C9785970802A217995
:10D12000187038BF80229970DA700BF031FAFFF76F
:10D13000B9F8BEE75B23CB70BBE78B78062B1F46A5
:10D1400040F291800120A07025B0F0BD5B4B1B78B0
:10D15000CB70AEE702220523CA700B71A9E7CA782B
:10D160001D2AEFD88B7899185B29EBDC5549E01C18
:10D17000194411F05FFC9CE7881CFFF7F1FE80F07A
:10D1800001008FE70A79032ADCD88B78022BD9D8E3
:10D19000C97888180528D5DC002A8AD003EB8300DB
:10D1A000DFF824C101440CEBC105C0006FF027017A
:10D1B00001FB03031F1DE31D03EBC2062A7803F8DE
:10D1C000042C6A7803F8032CAA7803F8022CEA7876
:10D1D00003F8012C79191846042211F02BFC00F1F8
:10D1E0000803B34205F10805E8D162E7C9780929C7
:10D1F000A8D800293FF45DAFA278314B02EB420280
:10D2000001EB41011A44214423461078D87050782C
:10D2100018719078587103338B4202F10302F4D1F4
:10D2200047E7C97809298DD800293FF442AFA27891
:10D23000234802EB420201EB410123460244214410
:10D24000187910705879507098799070033399421A
:10D2500002F10302F4D12CE78B78042B3FF672AF76
:10D26000164A137025E703220023114403A80393F1
:10D27000A51C11F0DFFB039E002308E0FF222946D6
:10D28000013301F8012F102B0D463FF412AF01229C
:10D290009A404FF0FF3132428DF81010EED004AAC0
:10D2A000D9B23846019308F0F3F99DF81020019B9C
:10D2B000E5E7FF230B70FCE6F4750020F87500200D
:10D2C0004C4F002070500020FC75002003F0EEB899
:10D2D00008B503F0EBF802F0C9FFBDE8084008F01C
:10D2E00051BD00BF38B505460C4608F07FFF182831
:10D2F0000CD1637973B1A5F5F0402338072809D81C
:10D30000DFE800F0222222220A4B372408F06EFFC9
:10D310001728EED0012038BD2C4A1378980743D047
:10D32000D3781033FF2B194628BFFF21302BC9B209
:10D3300006D8C1F1300323F00F0310310B44D9B2EA
:10D340001A20D17006F016FA002038BD08F02CFF24
:10D350000028F9D008F04AFF1728F5D11B4B19799E
:10D36000103921EAE171C9B21B20197106F002FAE5
:10D37000EAE708F019FF0028E6D008F037FF172881
:10D38000E2D1124B19791031FF2928BFFF21C9B210
:10D390001B20197106F0EEF9D6E70C4B1A789107AD
:10D3A000D2D0DA78302A02D808F0AEFECCE7103AB4
:10D3B000D1B21A20D97006F0DDF9044B1A78920721
:10D3C000C2D0DB78302BBFD8EEE700BF70990020C9
:10D3D00084B003EB8303BDF8102001901A4492B28D
:10D3E000FF2A28BFFF22C0F30743D24353FA82F239
:10D3F000FF2A28BFFF228DF80620019B0020DAB209
:10D4000062F30700C3F3072262F30F20C3F307435D
:10D4100063F3174004B0704784B0BDF8102001904A
:10D42000D31A9BB2FF2B28BFFF23DBB283F0FF0C84
:10D43000C0F307426244FF2A28BFFF2203448DF84D
:10D4400006208DF80430019B0020DAB262F3070059
:10D45000C3F3072262F30F20C3F3074363F31740BC
:10D4600004B070472DE9F041064686B0007808F018
:10D47000AFFDC4B2C0F30725AC421ED2DFF84C802A
:10D48000114F04EB44010322414404A811F0D2FAE5
:10D49000FB788DF81230049806F062FE0246C0F365
:10D4A00007432146F07800930134C2F30723D2B238
:10D4B00008F0A6FBE3B29D42E3D85A2D8CBF0020B2
:10D4C000012006B0BDE8F081709900204C4F00208B
:10D4D0002DE9F04F814687B0007808F079FDC4B29D
:10D4E000C0F3072B5C45ADF80C0069D2DFF8F0A063
:10D4F00037499AF80430B1F80080364E364DDB08D3
:10D5000003FB0888C8F30721C1F380135B424B403B
:10D51000CF4311F0400FC3F3011307F00F0701F0E1
:10D520000F0107F1010748F3072808BF0F4606EB74
:10D5300043062544294B04EB44011944032204A863
:10D5400011F078FA7278337812FB07F203EB1213BA
:10D55000DBB25A42D2B233EA280328BF13465A42FA
:10D5600013F0800FD2B218BF13465B009AF8032065
:10D57000DBB202FB03331B128DF81230049806F065
:10D58000EFFD15F8012F99F801308DF81400C0F364
:10D590000721C0F3074C1A428DF815108DF816C0FC
:10D5A000214609D05FFA8CF200929DF81530C2B284
:10D5B00099F8030008F024FB0134E3B29B45B9D885
:10D5C000BBF15A0F8CBF0020012007B0BDE8F08FDF
:10D5D000D499002000F70108A92700204C4F002013
:10D5E000709900202DE9F04F804689B0007808F04E
:10D5F000EFFCC4B2C0F3072A5445ADF8140071D251
:10D60000DFF804913C4E99F804303C4D0133FF2B78
:10D6100028BFFF234FF6FF7C2644BCFBF3FC1FFA18
:10D620008CF7CDF80CC003E00134E0B2824559D943
:10D6300016F8012F98F801301A42F5D02B78013BEB
:10D64000190657D42E4ADBB2D118E0B202E0013BF2
:10D650001A064FD411F8012D8242F8D105EB43028E
:10D6600092F819C0927E4CEA0222BA42EFD299F89F
:10D6700004300133FF2B28BFFF2303FB0222214B81
:10D6800004EB440119444FEA222B06A8032211F0AF
:10D69000D1F9BBF1FF0FD8BF6FEA0B0399F8032054
:10D6A000D4BFDBB2002302FB03331B128DF81A3008
:10D6B000069806F055FDC0F307438DF81E30DBB227
:10D6C0000093C0F307238DF81C00C2B28DF81D3003
:10D6D00098F803002146DBB2013408F091FAE0B279
:10D6E0008245A5D8BAF15A0F8CBF0020012009B09D
:10D6F000BDE8F08F039ABAE7A9270020D899002047
:10D70000EA9900204C4F0020709900202DE9F04F3D
:10D710008FB0144609900878059108F059FCC3B2FF
:10D72000C0F3072C6345ADF82C0080F0DA80734E0F
:10D73000734FCDF818C0984606F215124244714B4B
:10D74000049208EB480297F800B0CDF808B0D3185F
:10D7500006EB48060393C1460CE0039B069A03338D
:10D7600009F1010903935FFA89F39A4206F102066F
:10D7700040F2B680049B13F8012F0493059B5B785D
:10D780001A42EAD0032260490CA811F053F9029A18
:10D79000099B9A4240F2AD801D4607EB03085B4BA4
:10D7A000CDF81C904FF0000A089318F8013F96F846
:10D7B000612098F80810521A96F8601002FB02FBDC
:10D7C000C91A01FB01BB1FFA8BFBBBF1010F40F231
:10D7D0008480BBF5F75F9DBF4FEA5B1E0EF1080E1C
:10D7E0005FFA8EFE4FF0FF0E012006E0BCF1FF0F46
:10D7F0001FD00133D8B2704519D800EB0E0C4FEA98
:10D800006C0C0CFB0CF91FFA89F9D9456346EDD96C
:10D81000013B5FFA83FE0EEB00035B1003FB03FC8E
:10D8200070451FFA8CFC02D8DC45F1D8E1E7431EB5
:10D83000DBB2364807EB450E90F804C09EF819009D
:10D840009EF81AE08DF832A00CF1010CBCF1FF0F2C
:10D8500028BF4FF0FF0C40EA0E200CFB0000C0F385
:10D860000F2000900C98A0470135029A8DF83000E7
:10D87000EBB2C0F3074A9A42C0F307208DF832A0FA
:10D880008DF831005FFA8AFA8FD8DDF81C90089B7A
:10D89000DB78039A03FB0AAA4FEA2A238DF8323079
:10D8A00013788DF8303053788DF831300C9806F0BD
:10D8B00057FCC0F3074305998DF83630DBB200936F
:10D8C000C0F307238DF83400C2B28DF83530C87824
:10D8D000DBB2494608F094F93FE75FFA8BF3A8E71B
:10D8E0009446BCF15A0F8CBF002001200FB0BDE858
:10D8F000F08F064B4FF0000ACAE700BF94260020C5
:10D90000D89900204C4F0020719900207099002078
:10D910000E4B1B78013B032B16D8DFE803F01311E5
:10D920000C020B4B0B4A1B780146581E20EAE07094
:10D93000C0B2FFF7EBBE0146074A0020FFF7E6BE84
:10D94000FFF750BEFFF7C4BDFFF78CBDF875002090
:10D95000D899002019D40008D1D30008F8B5104C8C
:10D96000104F114E114D002323703B700BF02CF91A
:10D9700033782860102B03D1237843F00103237000
:10D9800000237B700BF020F996F828306860102B8C
:10D9900000D0F8BD237843F002032370F8BD00BF28
:10D9A0005D50002068500020FC7500206050002071
:10D9B00000B5DFF864E01748002213468EF8002017
:10D9C0009446114610F83320013312B101314FF063
:10D9D000010C052BF6D1BCF1000F01D08EF8001020
:10D9E0000C4B002294468EF8012003F128001146CA
:10D9F00093F82820083312B101314FF0010C834213
:10DA0000F6D1BCF1000F01D08EF801105DF804EBE7
:10DA1000FFF7A4BFFC7500206C5000202DE9F04FEB
:10DA2000827887B00746002A40F00081BB4B019303
:10DA3000DFF800B301225FFA82FA87F803A008F04A
:10DA40002FFCC0F307438DF81630DBB2FC7802934D
:10DA5000019B8DF814001B5DC0F3072204EB8401C9
:10DA60008DF81520CA18AE481BF83250AD4A10F890
:10DA700004E012780120102D1E4600FA04FC51D05B
:10DA8000A84822EA0C02BEF1010F027057D800F03C
:10DA9000D9800021029A03918946002D4CD104EBD4
:10DAA0008405013335440BEBC505019995F80280D7
:10DAB000DBB2042B0B55697888BF002540F29081BA
:10DAC000019900230B5504EB840434440BEBC4048C
:10DAD000013D94F8028066784146304608F0D4FB58
:10DAE000E07808F0D9FC039BBB70172D00F28D8104
:10DAF000DFE815F0F100F600FB0005010A010F0157
:10DB00002401D500E200E700EC003D01420147019D
:10DB10004C01510156015B01600129012E013301C5
:10DB2000380100017F4942EA0C0286450A7006D896
:10DB30000021029A03918946042BC4D9C0E7DFF87B
:10DB4000F881039358F824000AF0E0FF039B04EBEC
:10DB5000840999440BEBC90999F8052099F8043018
:10DB600043EA022399F8062043EA024399F8072082
:10DB700043EA026398422FD858F824000AF0C6FFFF
:10DB800099F8051099F8043043EA012399F8061032
:10DB900043EA014399F8071043EA0169A9F57A734A
:10DBA000984258F8240000F20A81029A4FF00009C6
:10DBB00003920AF0ABFFB0F57A7F039A54D304EBDB
:10DBC000840333441BF83330E91A1D46019B18BF08
:10DBD00001211B5D039160E70AF0F6FF019B019AAA
:10DBE0001B5D48F824000133DBB2042B84BF002600
:10DBF0003346135598BF1E4604EB840333440BEBA6
:10DC0000C30359791A7942EA01229979DB7942EA08
:10DC1000014252EA0362C8D101240022BAF1000F86
:10DC20007FF409AF204607B0BDE8F08F3E493F487A
:10DC30005B2210F0FFFE394B019300221A80FFF7A0
:10DC40008DFEF5E6002D7FF473AF0BEBC1012A4684
:10DC500011F83250002D40F0CF800132052AF7D163
:10DC6000029A0395A9461AE758F824000AF04EFFD5
:10DC7000029B00FB03F204EB840333444FF00109E1
:10DC80001BF83330E91A1D46294BA3FB0232019BD6
:10DC900018BF01211B5D0391C2F38712FDE63846D0
:10DCA00007F072FA0446B9F1000FB6D0029A414665
:10DCB000304608F0E9FAB0E7384607F06BFA044658
:10DCC000F1E7384607F06CFA0446ECE7384607F00F
:10DCD0006DFA0446E7E7384607F0DAF90446E2E76A
:10DCE000384607F02DFA0446DDE7384607F02EFAED
:10DCF0000446D8E7384607F0A1FC0446D3E7384687
:10DD000007F02AFA0446CEE7384607F02BFA044615
:10DD1000C9E7384607F02CFA0446C4E768500020EB
:10DD20006C5000205D500020705000207899002039
:10DD3000D34D6210FC75002060500020384607F07B
:10DD40001DFA0446AFE7384607F052FC0446AAE73E
:10DD5000384607F055FC0446A5E7384607F05EFC58
:10DD60000446A0E7384607F067FC04469BE73846C0
:10DD700007F022FA044696E7384607F023FA0446ED
:10DD800091E7384607F024FA04468CE7384607F056
:10DD9000AFFA044687E7384607F092FC044682E76C
:10DDA000384607F08BFD04467DE7384607F012FC45
:10DDB000044678E7384607F013FC044673E70AF098
:10DDC000A5FE029BA9EB000203FB02F2104B58F8E0
:10DDD0002400A3FB0232C2F387124FF00109E7E6E9
:10DDE0000E463046414608F04FFAE87808F054FBFA
:10DDF000039BBB70002456E7019B1A55012316466E
:10DE00000393029A4FF000095DE600244BE700BF40
:10DE1000D34D62102AB1064B1B7803F0FC03602B34
:10DE200000D07047034B1B78002BFAD007F02EBBB5
:10DE3000709900205D50002008B547F623039842F2
:10DE400027D00ED8A0F5A443203B0F2B30D82E4A64
:10DE500049791378002944D043F00103137001205D
:10DE600008BD47F62403984222D1274A49791378FE
:10DE700000293BD043F00403072B137012D10AF0A2
:10DE8000A3FE224B224A1B781060B3FA83F04009AC
:10DE900008BD1D4A49791378B1B143F00203072B3D
:10DEA0001370ECD0194B1878B0FA80F0400908BD17
:10DEB000164B1B78002BD2D0A0F5F04020380A2852
:10DEC00094BF0020012008BD1048DFF844C000784E
:10DED000CCF8001023F002031370B0FA80F0400970
:10DEE00008BD23F0010313700120B9E70748DFF8EC
:10DEF00020C00078CCF8001023F004031370B0FAAF
:10DF000080F0400908BD00BFD0500020D150002053
:10DF1000CC5000202DE9F04100258CB01C2605F1E5
:10DF20001C041D2200210DF11200E4B210F036FD98
:10DF30005A2C04A807D88DF810508DF8116025468A
:10DF4000FFF70EF8EBE740F2546304A8ADF8103089
:10DF5000FFF706F8194BDFF8688093E80300002408
:10DF600002AE02908DF80C102546012716F8012B01
:10DF70008DF81140272304A801348DF810508DF836
:10DF800012708DF81320CDF81480ADF818308DF88C
:10DF90001A50FFF713F8052CE8D108F081F9FF2299
:10DFA0001146C0B208F070F97F2008F075FA182009
:10DFB00008F002F90CB0BDE8F08100BF00F60108DE
:10DFC00000FF7F1000B5234A106883B020B9224BB0
:10DFD0001B786BBB03B000BD0AF098FD41F288339B
:10DFE00098421C4AF3D91D491B4B91F800C00020F0
:10DFF000BCF1070F10601A78EAD182420CBF4FF0D3
:10E00000010C8446087083F800C0009319D01448AE
:10E010000822172105F02AFC009B0093FEF798FFC9
:10E02000009B1A7822B90093FEF744FF009BCFE7CC
:10E0300008F0DCF81828CDD003B05DF804EBFFF74A
:10E0400069BF019202F032FA0128009BE5D0019AE3
:10E050001A70BFE7CC500020D1500020D0500020D3
:10E0600070990020034B1B78032B06BF024B1878D6
:10E0700000207047D3500020D450002000B5DFF8B6
:10E080004CE085B001AB83E807009EF800C00D4965
:10E090000CF10103087803F00F029042134603D1FC
:10E0A000013202F00F020A7001AA07CA8EF800308E
:10E0B000054B0CEB4C0C03EB8C0383E807000120B1
:10E0C00005B000BD0D7700204C7600200C770020B5
:10E0D00010B5114C022240F62651204605F0C6FB31
:10E0E0000E48022240F6285105F0C0FB238873B980
:10E0F0004FF416732380094B1A881AB94FF4E15272
:10E100001A8010BD1D2A9CBF1E221A8010BD042B30
:10E110009CBF05232380EEE7B6240020B424002012
:10E1200008B50E4B0E484FF0010CC022002183F8B9
:10E1300000C010F033FC0B490B4A00230B70137026
:10E1400000F044FC01F0EEFB02F0BAFB02F0F8F93B
:10E1500002F0FEFDBDE80840FFF7BABFD350002033
:10E160004C7600200C7700200D77002038B504464F
:10E170000D4602F02BFC50B9054B9B6813B12946A4
:10E1800020469847034A044B042111701C7038BD87
:10E19000BC240020D3500020D550002008B502F048
:10E1A00015FC00B108BD0AF00FFD0028FAD00C4B99
:10E1B0001A78052A08D00B4A002152680846904771
:10E1C000074B05221A7008BD01F0F0FB044B002834
:10E1D000F1D1054A1878117801F0DEFEEBE700BFB7
:10E1E000D3500020BC240020D550002030B58BB087
:10E1F000054602F0EBFB30B9144B1B78042B04D01E
:10E20000032B06D0EBB90BB030BD114B1B78002BA4
:10E21000F9D0104B1B69002BF5D000F00BFC01234B
:10E220000446092229460DF106008DF8043010F04D
:10E2300001FC01A800F0E0FB002CE4D000F02CFC75
:10E24000E1E70BB0BDE83040FFF7A8BFD350002096
:10E25000D2500020BC24002030B58BB0054602F01F
:10E26000B5FB30B9144B1B78042B04D0032B06D01C
:10E27000EBB90BB030BD114B1B78002BF9D0104B14
:10E280005B69002BF5D000F0D5FB02230446202269
:10E2900029460DF106008DF8043010F0CBFB01A8E3
:10E2A00000F0AAFB002CE4D000F0F6FBE1E70BB095
:10E2B000BDE83040FFF772BFD3500020D25000209D
:10E2C000BC24002010B5044602F080FB20B9094BA5
:10E2D0001B78032B01D043B910BD074B1B6A002BE1
:10E2E000FAD02046BDE810401847BDE81040FFF7BF
:10E2F00055BF00BFD3500020BC24002010B50446F9
:10E3000002F064FB20B9094B1B78032B01D043B901
:10E3100010BD074B5B6A002BFAD0601CBDE81040B3
:10E320001847BDE81040FFF739BF00BFD3500020A9
:10E33000BC24002010B5044602F048FB20B9094B6C
:10E340001B78032B01D043B910BD074B9B6A002BF0
:10E35000FAD02046BDE810401847BDE81040FFF74E
:10E360001DBF00BFD3500020BC24002070B5044660
:10E370000D4602F02BFB20B9094B1B78032B01D073
:10E380004BB970BD074BDB6A002BFAD029462046FB
:10E39000BDE870401847BDE87040FFF7FFBE00BF02
:10E3A000D3500020BC24002030B583B004460D4675
:10E3B00002F00CFBA0B94CB10C4A1378A3420C4BF1
:10E3C00010D00C49147000220A7000E0084B0A4A71
:10E3D00001935268294620469047019B05221A70F6
:10E3E00003B030BD19780329EBD1F9E7D5500020EF
:10E3F000D3500020D4500020BC240020024BDB6806
:10E4000003B11847704700BFBC240020014B1878A7
:10E41000704700BFD2500020704700BF704700BF58
:10E42000704700BF704700BF704700BF704700BF14
:10E43000124B1B78032B03D003B97047FFF7AEBE16
:10E4400010B58AB0044600F0F5FA60B100F008FBA0
:10E4500048B10B4B9B690BB1204698470AB0BDE809
:10E46000104000F0F5BA032301A88DF80430ADF890
:10E47000064000F0C1FA0AB010BD00BFD350002022
:10E48000BC24002010B5044602F0A0FA20B923787D
:10E49000032B0AD0042B00D010BD6378A078BDE810
:10E4A000104043EA0020FFF7C3BF0A4B1B78032B41
:10E4B00005D0002BF0D0BDE81040FFF76FBE064B33
:10E4C000DB69002BE8D06278A078BDE8104042EA12
:10E4D00000201847D3500020BC24002030B5002075
:10E4E00089B001F085FA00F071FA03F0FBFC41F20B
:10E4F00088300CF015F91A4B93F90030002B6D465B
:10E5000023DB184C00232269009301938DF8083017
:10E510000DF1010090474FF47A700CF001F9A369F6
:10E52000002098474FF47A700CF0FAF8002300931B
:10E53000226AAB802846904747F230500CF0F0F842
:10E54000E36803B1984709B030BD064C2022002192
:10E55000684610F023FA63690DF101009847DAE785
:10E5600050990020BC2400202DE9F04F9D4E9E4D77
:10E5700096F800E02B789D4C9D4F87B04FF0000A35
:10E58000002103EB430C734504EB8C0200F0028185
:10E5900007CA14F82CC003F1010998460CF1FF3C9E
:10E5A00006AB03E9070009F00F030121BCF10B0FD3
:10E5B00000F21581DFE80CF08E7B68CF9A574A2570
:10E5C000201B120604992B702022012009F0B0FEB6
:10E5D00001F0D8FF96F800E02B78D1E79DF8100005
:10E5E0002B7000F04DFA96F800E02B78C8E79DF804
:10E5F00010202B703A70C3E77E492B7000220A70FE
:10E60000BEE7DFF800B22B7000219BF80080397064
:10E6100001F04CFF10F0060F40F0DD80A8F1030878
:10E620000623B8F1010F8BF80030D3D801F0AAFF10
:10E63000FFF7FCFE9BF80000002101F0ADFC00207C
:10E6400001F0D6F996F800E02B7899E76A482B702C
:10E6500004F01EFB694B00221A70FFF7E5FE96F8E6
:10E6600000E02B788CE7644964480A782B704FF0FF
:10E67000010C22F080020A7080F800C0FFF7D2FE81
:10E6800096F800E02B787BE79DF810805C495D4AA6
:10E6900081F80080052041462B70107001F07CFC51
:10E6A0004046FFF7BBFE96F800E02B7868E79DF840
:10E6B00010805349534A81F80080042041462B7052
:10E6C000107001F069FC4046FFF7A6FE96F800E0E6
:10E6D0002B7855E74B4A9DF810002B7000211170E4
:10E6E00002F01AFC96F800E02B7849E7DFF814B145
:10E6F0002B7008EB480804EB88089BF8003098F86A
:10E7000008809DF8109001930021397001F0CEFE31
:10E7100010F0060F5BD1019B0220032B8BF8000049
:10E720003ED0494601F038FCB8F1000F41D100F06D
:10E730004DF9354B41464FF0000B484683F800B089
:10E7400002F0ECFB584601F053F902F049F996F853
:10E7500000E02B7814E79DF810802A4A2B700320E4
:10E760004146107001F018FC254B83F8008003F03F
:10E77000B9FB4046FFF754FE02F01EF918BB234BCD
:10E78000D3F83080B8F1000F3FF422AF02F0D6F892
:10E79000C0471DE709B185F800A007B0BDE8F08FBC
:10E7A00001F0F0FE4946062001F0F6FBB8F1000F3B
:10E7B000BDD001F07BFE10F0060FB8D049F6404006
:10E7C00001F0ECF8B3E7012001F012F9D7E738784F
:10E7D000FDF768FD9FE73878FDF764FD1EE79A4670
:10E7E000CFE600BF0C7700200D7700204C7600208C
:10E7F000D4500020B824002050990020D25000208E
:10E80000D5500020D3500020D6500020BC2400203A
:10E8100008B5084B5B6B9847FFF7A6FE00F03CF984
:10E8200001F0FEFC02F094FB02F0E2F8BDE80840C3
:10E8300001F0C0BFBC24002008B501F037FE10F085
:10E84000060F03D0054B1B78032B00D008BD044BEB
:10E850005B6B9847BDE8084000F01EB9D35000201C
:10E86000BC240020014B1878704700BFD350002013
:10E8700038B505460C4601F019FE10F0060F05D11B
:10E8800021462846BDE8384002F0B6BA01F07AFECB
:10E8900002F092F80028F3D0054B1B78032BEFD140
:10E8A0006379002BECD0012001F0A2F8E8E700BF6B
:10E8B000D350002010B52B4C82B0014602220190AB
:10E8C000204610F0B7F8019927480222114410F0B1
:10E8D000B1F82388042B03D9234B1B883B2B04D886
:10E8E000FFF7F6FB002002B010BD022240F62651D1
:10E8F000204604F04BFF1C48022240F6285104F049
:10E9000045FF01F0D3FD10F0060F03D0174B1B7825
:10E91000032B04D002F0C8FA012002B010BD2088F9
:10E920004FF47A7404FB00F001F038F801F034F889
:10E93000CF2008F005FE08F003FF20460BF0F0FEA4
:10E94000D02008F0FDFD08F0FBFE20460BF0E8FEAD
:10E95000D02008F051FE08F0F3FE20460BF0E0FE58
:10E96000D8E700BFB6240020B4240020D3500020F4
:10E9700000B583B0034B019301A8FFF79BFF03B0E1
:10E9800000BD00BF5802201C10B543780B2B044675
:10E990000DD00C2B04D0FF2303700020A07010BDFD
:10E9A0000230FFF787FF80F00100A07010BD05491D
:10E9B0000222033010F03EF803490222601D10F0DD
:10E9C00039F8EAE7B6240020B424002008B5064848
:10E9D0000649074A002303800B8013700AF0F4F8FD
:10E9E000044B186008BD00BF367700201077002068
:10E9F000D6500020DC50002038B50B4D0B4A2B8838
:10EA000012885C1CE4B2A2420BD00146084803EB1A
:10EA1000031300EB4300222210F00CF801202C809D
:10EA200038BD002038BD00BF3677002010770020A9
:10EA300038770020044A054B10881B88C01AB0FAAA
:10EA400080F04009704700BF367700201077002023
:10EA500008B50AF0B9F8014B186008BDDC50002079
:10EA600008B5054B18680AF051F8044B1B7898421A
:10EA700094BF0020012008BDDC500020B9240020F4
:10EA8000014B1870704700BFB9240020014B18706B
:10EA9000704700BFD650002038B5FFF7E3FE0328CB
:10EAA0002AD1384A384B10881988884202D1374910
:10EAB000097801B3364B18680AF028F83549097807
:10EAC000884218D9314B1978F9B92F4B2D4A1C8837
:10EAD0001288A2420FD0304A304804EB041102EBF6
:10EAE0004101222205460FF0A5FF274B621CD2B23E
:10EAF0001A802B783BBB38BDFFF7B4FE0428FAD14F
:10EB0000FFF784FC0028CCD138BD254B18681C4683
:10EB100009F0FCFF0228EED91C4A204D1378013B76
:10EB200013700AF051F82B782060022B1DD0012BB6
:10EB300023D0032B12D00AF047F8154B1860BDE81C
:10EB4000384001F01FBD0AF03FF80228D3D90F4A20
:10EB5000134C1E2313700AF037F8E4E7114B9B693E
:10EB6000002BE8D068889847E5E70E4B5B69002BDF
:10EB7000E1D00D4898472B78DBE70A4B1B69002B47
:10EB8000F7D1D8E73677002010770020D650002044
:10EB9000DC500020B92400203877002014770020B2
:10EBA000D8500020BC2400201777002010B538B3BF
:10EBB000284840F2822220210DF058FE254840F2DC
:10EBC000822240210DF052FE224840F28222802112
:10EBD0000DF04CFE204B1B7873B11E480122102112
:10EBE0000DF044FE1B4A1D4810231383BDE810405E
:10EBF000202202210DF03ABEBDE810400CF0FCB915
:10EC000000F1804001221021154C00F502300DF07A
:10EC10002DFE1023642063830BF082FD10232383D9
:10EC20000C4840F2822220210DF020FE094840F2DB
:10EC3000822240210DF01AFE064840F282228021F5
:10EC40000DF014FE044B1B78002BC6D10CF0D4F948
:10EC5000C3E700BF00000240049C00200004024003
:10EC6000000802402DE9F04190B006460D4690465E
:10EC70000021402268461C460FF090FE2E490A787B
:10EC800014B90132D2B20A700AB901220A70002DF9
:10EC90004FD033467419002113F8010BA3420144ED
:10ECA000FAD10C460F0A08F155038DF805306FF0C4
:10ECB00002035B1B8DF8073047F68463ADF8003024
:10ECC000AA238DF8082031468DF804302A46AB1C63
:10ECD0000DF109008DF806300FF0ACFE10AA05F119
:10ECE000090352FA83F3154903F8404C05F10A036E
:10ECF00052FA83F3124C03F8407C124B4022204618
:10ED00001A700CF083F920460CF0A4F905F10B0100
:10ED10006A46C9B220460CF0D7F962681169D26818
:10ED200001238B40204613830CF082F910B0BDE81C
:10ED3000F0812F462C46B6E74451002008F7010821
:10ED4000049C0020F624002010B540220446002137
:10ED50000C480FF023FE0B48112300F8013B08225A
:10ED600021460FF067FE0023012206480921FFF724
:10ED700079FF054B1A6802B110BD09F025FF024B5F
:10ED8000186010BD545100204851002010B5402299
:10ED9000044600210C480FF001FE0B48122300F836
:10EDA000013B142221460FF045FE002301220648B4
:10EDB0001521FFF757FF054B1A6802B110BD09F086
:10EDC00003FF024B186010BD545100204851002031
:10EDD00010B53D22044600210B480FF0DFFD0A4923
:10EDE0001322C81E01F8032C4470210A074C8170BD
:10EDF000002301220721FFF735FF236803B110BD6F
:10EE000009F0E2FE206010BD57510020485100205B
:10EE100000B5C3B203F17F02D2B2022A83B020D977
:10EE20009B2B13D083B9402219461A480FF0B6FD28
:10EE3000184A142313700023012216480221FFF7F9
:10EE400011FF154B1A68F2B103B000BD3E22134802
:10EE500000210FF0A3FD114A40F6140322F8023CF2
:10EE6000E9E73E2200210D4801930FF097FD019B39
:10EE70000122813B02FA03F3084A142102F8021C22
:10EE800002F8013CD7E709F09FFE034B186003B07E
:10EE900000BD00BF545100204851002056510020B1
:10EEA00070B5104C05464022002120460FF076FD3B
:10EEB000AA78687860701623237042F3C013E37059
:10EEC000EB78237143F3C01363712B79A3716979D4
:10EED000A270E171002320461A46BDE87040082167
:10EEE000FFF7C0BE5451002010B540220446002157
:10EEF00009480FF053FD08481823214600F8013B4C
:10EF00000A220FF097FD0023BDE8104002481A4680
:10EF10000B21FFF7A7BE00BF5451002010B54022BF
:10EF20000446002109480FF039FD084819232146FD
:10EF300000F8013B14220FF07DFD0023BDE81040D6
:10EF400002481A461521FFF78DBE00BF545100201C
:10EF500070B540220C46054600210A480FF01EFD00
:10EF6000084893232946224600F8013B0FF062FD32
:10EF7000611C0023BDE8704002481A46C9B2FFF781
:10EF800071BE00BF5451002070B53E220D4686B0C0
:10EF90000646002127480FF001FD274A07CA03ABA8
:10EFA00083E80700002D14BF2C461C46234DA168A2
:10EFB000A0886E7021222A706288AA706288A88058
:10EFC000120AEA70A279AA71F1B108460191F9F723
:10EFD00033FA01990246E81D0FF02CFDA068F9F7FD
:10EFE0002BFAC41DE4B2164D286809F08FFD40F6D7
:10EFF000B83398420AD8114800230122214606B0AE
:10F00000BDE87040FFF72EBE0724ECE709F0DCFDF9
:10F010000C4B28604FF480129A614FF47A700BF019
:10F020007FFB084B102247F230509A610BF078FBBF
:10F03000E1E700BF5651002078F501085451002047
:10F04000505100200000024070B53C2206460D469B
:10F050001A481B4C00210FF0A1FC2222034600F8A5
:10F06000042C206803F8036C23F8025C09F04EFDC1
:10F0700040F6B83398420DD8124C134801220023B1
:10F080000421FFF7EFFD226802B170BD09F09CFD7D
:10F09000206070BD09F098FD0C4B20604FF4801289
:10F0A0009A614FF47A700BF03BFB084B102247F249
:10F0B00030509A610BF034FBDEE700BF585100205E
:10F0C00050510020485100205451002000000240BF
:10F0D0004022002110B510480FF060FC0F480E4987
:10F0E00003782322022B0A7002D00D490BF08EFF09
:10F0F0000A480BF0AFFF40F6B8300BF011FB41F6B9
:10F1000058300BF00DFBBDE81040034800230122EE
:10F110000221FFF7A7BD00BF54510020049C00202E
:10F1200008F7010810B53E220446002108480FF0F8
:10F1300035FC0749322201F8022C002301F8014C6A
:10F14000881EBDE810401A460221FFF78BBD00BFA4
:10F150005651002010B592B00C460190402200217B
:10F1600002A80FF01BFC47F684720D49ADF8082089
:10F170000C4880228DF80B200BF048FF09480BF05B
:10F1800069FF211D019B074802AAC9B20BF07EFF4F
:10F1900004480BF06DFF03480BF04AFF12B010BD9E
:10F1A00008F70108049C002070B53D2205460C4676
:10F1B000094800210FF0F2FB0749252201F8032C32
:10F1C000002301F8025C01F8014CC81EBDE8704044
:10F1D0001A460321FFF746BD5751002010B53E22C5
:10F1E0000446002108480FF0D9FB0749332201F8F3
:10F1F000022C002301F8014C881EBDE810401A467D
:10F200000221FFF72FBD00BF5651002010B540224C
:10F210000446002109480FF0C1FB0848412321465C
:10F2200000F8013B16220FF005FC0023BDE810405A
:10F2300002481A461721FFF715BD00BF54510020A0
:10F2400070B50546F9F7F8F84022044600210A484F
:10F250000FF0A4FB084845232946E2B200F8013B21
:10F260000FF0E8FB611C0023BDE8704002481A461D
:10F27000C9B2FFF7F7BC00BF5451002038B53E2299
:10F28000054600211748184C0FF088FB03467122F1
:10F29000206803F8022C03F8015C09F037FC40F603
:10F2A000B83398420AD800231A4610480221FFF7C3
:10F2B000D9FC09F089FC0E4B186038BD09F084FCBC
:10F2C0000C4B20604FF480129A614FF47A700BF06F
:10F2D00027FA084B102247F230509A610BF020FABF
:10F2E000E1E700BF5651002050510020545100204A
:10F2F0004C5100200000024010B53E22044600217F
:10F3000008480FF04BFB0749722201F8022C00233A
:10F3100001F8014C881EBDE810401A460221FFF793
:10F32000A1BC00BF5651002010B53E22044600216A
:10F3300008480FF033FB0749732201F8022C002321
:10F3400001F8014C881EBDE810401A460321FFF762
:10F3500089BC00BF565100202DE9F041204E1746D0
:10F360000324002264F307026FF05504737164F301
:10F370000F22572363F31742192F67F31F626FEAB7
:10F380000703B071326006F107003A4628BF192220
:10F39000884633710FF04EFB2021304607F0EEFB1C
:10F3A000192F1AD919243D1BEDB220220021304615
:10F3B0000FF0F4FA1F2D28BF1F25032308EB0401CB
:10F3C0002A46084833702C440FF034FBE4B2202165
:10F3D000304607F0D3FBA742E5D8BDE8F08100BF77
:10F3E00024510020255100202DE9F043BE4B1B691C
:10F3F0009A0795B007D5BD4D2B68002B40F0928041
:10F4000015B0BDE8F08300244022214604A80FF087
:10F41000C5FAB74B04A81978FFF79CFE9DF8143085
:10F42000AA2B264600F0C980B04DB24B1B789846F7
:10F43000002B40F09480B04B04AF1C783B2CDBD801
:10F44000AC4A0123022C137040F29A81E01E7A1E0E
:10F450003818002312F8011F0B4482429BB2F9D1E5
:10F46000D9B23A1912F8020C8842C5D112F8012C0F
:10F47000B2EB132FC0D13946A04B11F8010B1B780A
:10F48000E21E92380024D2B20194029403942228FE
:10F49000B2D801A454F820F0F3F70008F9F30008FB
:10F4A000F9F30008F9F30008F9F30008F9F300088C
:10F4B000F9F30008F9F30008F9F30008F9F300087C
:10F4C000F9F30008F9F30008F9F30008F9F300086C
:10F4D000F9F30008C9F70008B1F70008A9F7000818
:10F4E000F9F30008F9F30008F9F30008F9F300084C
:10F4F000F9F30008F9F30008F9F30008F9F300083C
:10F50000F9F30008F9F30008F9F30008F9F300082B
:10F510009FF70008F9F30008F9F30008F9F3000871
:10F5200087F70008286809F0F1FAB0F5FA6F7FF65E
:10F5300067AF734C102363834FF47A700BF0F0F8CD
:10F540001023238344F620600BF0EAF800210846DC
:10F55000FFF77AFD00232B6015B0BDE8F08304AF00
:10F560000DF11A030DF14B004FF0000901E0834249
:10F5700017D01A78AA2A194603F10103F7D11A788D
:10F58000572AF4D15A7893F802C082F0FF0EF4455E
:10F59000EDD1DC788342264601F105071446C146C9
:10F5A000E7D1B9F1000F3FF427AF544A524B51490C
:10F5B000167000221C700A703FE79DF81530542B1E
:10F5C0001F4600F0CB80494D019401AA3B079046AD
:10F5D000029403942C6064D4F80749D4B90735D455
:10F5E000FA0626D59DF91C209DF81C30002A63DB05
:10F5F000C3EB431203EB8202424BB2F5FA5FA3FB6B
:10F600000213C3F38F1303DB3F4AA2FB03235B0800
:10F6100000220192C8F80420C8F808200B228DF8B7
:10F6200004203A4A8DF80830138098E80700FEF766
:10F6300025FD7B077FF5F9AE9DF819309DF81A106E
:10F64000012043EA012101F049F9EEE6002301938C
:10F65000C8F80430C8F808309DF818308DF8083024
:10F660000A238DF8043098E80700FEF707FDB7E796
:10F670004022002126480FF091F925490023A422B9
:10F680000A7008461A460121FFF7ECFA9DF8163079
:10F69000203B062B1AD8DFE803F0595D55413D2287
:10F6A00016009DF816308DF8083001238DF80430CF
:10F6B00007CAFEF7E3FC8FE703F07F0340F2E24264
:10F6C00013FB02F298E708238DF804309DF81730F9
:10F6D0008DF8083098E80700FEF7D0FC7EE7072396
:10F6E0008DF80430F2E700BF0004024048510020CA
:10F6F000F6240020BB240020BA2400202051002042
:10F7000000080240D34D6210ABAAAAAAF42400203C
:10F710005451002006238DF80430D7E7434B186876
:10F7200005228DF804200028D0D009F0EFF940F62A
:10F73000B7329042CAD83D4B00221A6001238DF89F
:10F740000C30C3E703238DF80430BFE704238DF8A2
:10F750000430BBE702238DF80430B7E79DF818307A
:10F76000AB2B08D0324D00230DF1040801932B6020
:10F770000293039334E79DF81930552BF2D153E6E9
:10F7800000210B466DE67B788DF808300A238DF852
:10F79000043001AB93E80700FEF770FC2CE67B78A1
:10F7A0008DF808300123F2E7A320FFF7D5FD23E60B
:10F7B000FB78002B7FF420AEBB78722B7FF41CAE5D
:10F7C0000120FDF77FF817E6BB78142B29D8102B02
:10F7D0007FF612AEF878022819D0032810D000283E
:10F7E0007FF40AAEFFF752F9124B1878FFF748F989
:10F7F00002E6114C20460FF01DF90C230294C6E7D7
:10F800000C4B18780A30C0B2FFF73AF9F4E5002043
:10F81000FFF73CF9074B18780530C0B2FFF730F915
:10F82000EAE5162B7FF4E8ADD4E700BF4C51002089
:10F8300048510020F4240020E05000200378AA2B37
:10F8400000D070474378553B012BFAD870B5C37888
:10F85000827883F0FF039A4282B0144601D002B04E
:10F8600070BD1B2AFBD8022A00F105053CD900F126
:10F87000020C021DA444002312F8011F0B449445FE
:10F880009BB2F9D1D9B22A1912F802CC8C45E6D133
:10F8900012F8012CB2EB132FE1D11F4B027919782A
:10F8A000914218BF1A70427902F0F00214BF00238F
:10F8B0000123602AD3D10193184B0646186809F03A
:10F8C00025F940F6B8329042019B10D87278A2F127
:10F8D0005602A11EB2FA82F25209C9B2284602B0FB
:10F8E000BDE87040FFF7BEB900210B46CBE709F039
:10F8F0006BF90A4B0A4A18604FF4801191614FF47A
:10F900007A700AF00DFF064A1021916147F23050DB
:10F910000AF006FF019BD9E7215100205051002039
:10F920000000024070B51848184C132200210FF057
:10F9300035F8012504F10C06206800F00F010122C2
:10F9400005FA01F120F00F000CF090FF54F8043B91
:10F9500023F00F0203F00F0305FA03F3B4421383FD
:10F96000EAD10B48012280210CF080FF084A0948A7
:10F97000802313834FF4004101220CF077FF054AE6
:10F980004FF40043538370BD3C990020FC240020B9
:10F99000000802400000024006F0B4BD08B506F0C1
:10F9A000ABFDBDE8084006F0ADBD00BF044B054A05
:10F9B0001B78927B134314BF01200020704700BFC7
:10F9C0009C5100203C99002008B5084B00229A73F6
:10F9D000FDF792F8FDF788F818B1BDE80840FDF78B
:10F9E00077B8BDE80840FDF77DB800BF3C9900201E
:10F9F00050B9DFF87CC01C491C4BCCF800004FF418
:10FA0000004208705A83704700B583B001F0BCF91A
:10FA1000174A136883420AD823B1C31A47F23051F8
:10FA20008B4202D910490B7853B103B000BD0E4987
:10FA300091F800C0BCF1000F0FD110600028F4D184
:10FA4000019109F0C1F80B4B186001F09DF9084ACB
:10FA50000199106001230B70E7E71844106000283B
:10FA6000E3D05B42DAE700BF9C5100200000024077
:10FA700098510020A051002008B5224A13788BB17C
:10FA800003F00F03052B0ED91F4B4FF40041598390
:10FA900000231370BDE8084000F074BD03F00F03AD
:10FAA000052BF1D808BD194B186809F02FF8154A35
:10FAB000B0F57A7F1378F1D9180613491BD44FF4A7
:10FAC000004063F07F030883137009F07DF80D4A4E
:10FAD00013780E4A03F00F03052B1060E2D90C4B8C
:10FAE000094A9B7B4FF400415183002BDAD1BDE8DA
:10FAF0000840FCF7F7BF03F07F034FF400400133E9
:10FB00004883E1E79C51002000000240A051002002
:10FB10003C99002010B582B000F0C8FC10F0060F30
:10FB200029D000F053FF78BB019000F045FF019A07
:10FB3000002847D101F036F800284BD1374B997B8C
:10FB4000B9B15B7B01F00F0433BB354A1278A24296
:10FB500029D011F0100151D1324B23440A4613F839
:10FB6000010C0B4606F030F82C4B997B2C4B1C708B
:10FB700019E0FDF7ABFB00F099FC01281FD006F05F
:10FB800025FA012002B010BD00221046114606F0F1
:10FB900031F8012002B010BD00221146104606F0D7
:10FBA00029F81E4B997B0B0601F0100215D4E2B127
:10FBB00000231A461946142006F006F8DBE7FDF785
:10FBC00085FBDCE71146104606F014F800F0EAFF6A
:10FBD0000028B3D000F0EEFFB0E7AAB10023FF2267
:10FBE0001946142005F0F0FFC5E70E4921441346DD
:10FBF00011F8010C114605F0E7FFBCE71A4619465B
:10FC0000142005F0E1FFAFE706492144FF2311F876
:10FC1000010C114605F0D8FFADE700BF3C9900206C
:10FC2000F724002020F701082DE9F0410278AB4BC2
:10FC3000052A0CBF1A781A70A94B997B042A54D84C
:10FC4000DFE802F0465366B20300002943D00806FD
:10FC500040F1F6809C795A79D87942EA042242EA46
:10FC60000042187A95B242EA0064987A5A7A42EAD7
:10FC70000022D87A42EA00429A480580187B01F0B7
:10FC80003F0152EA006299730ED093F810C0D87BFE
:10FC900040EA0C2093F811C040EA0C4093F812C0DF
:10FCA00040EA0C60824223D315B3187CDA7B42EA27
:10FCB0000022587C42EA0042987C42EA006212FA32
:10FCC00084F2140A100CDA73120E1C7458749A74AD
:10FCD000002940F0E680FCF70FFF06F065FA0246C7
:10FCE000002800F0E180BDE8F0817E4A002010800D
:10FCF000E1B900219973FFF70DFF794B00229A7348
:10FD000000F040FC764B9B7B002BE4D0BDE8F081FB
:10FD10000029E0D0DA7B1C7C587C42EA042242EACB
:10FD20000042987C52EA006200F008814FF001081E
:10FD300001F00F0C0CF1FF3C11F0100E5FFA8CFC7F
:10FD400068D1BCF1020F78D977460324002007EB75
:10FD50008C050246944511D0002F4FD02A68012609
:10FD600022F00F0E02F00F0206FA02F20130AEF896
:10FD70001820C2B2944205D99445EFD10130C2B2E5
:10FD80009442E7D80A0648D447B12A68012022F0F5
:10FD90000F0402F00F0200FA02F22283B8F1000F02
:10FDA000B1D001F03F01A5E7002994D01D7CDA7B9A
:10FDB0005C7C587842EA052242EA04429C789D7CA9
:10FDC00040EA0420DC7840EA04401C7952EA0562EB
:10FDD00040EA046480B240F08D80424D61F07F01C2
:10FDE000997328800028A1D0A4B2200ADC7318746B
:10FDF000240E002058749C74904699E7421CD2B29D
:10FE00000230A2425FFA80FEC8D27445BAD9F445E6
:10FE1000F4D1B3E7344F012498E7B8F1000F4FD184
:10FE2000002F3FF470AF2A68012122F00F0002F08A
:10FE30000F0201FA02F2428365E72C4F032485E7A3
:10FE40009C785A78D87842EA042242EA004218792B
:10FE50009C7A95B242EA00605A7A42EA0422DC7A3D
:10FE600042EA04421F4C25801C7B61F07F0152EA6C
:10FE70000462997371D1002D3FF458AF1C7CDA7B7A
:10FE800042EA04225C7C42EA04429C7C42EA04622C
:10FE900012FA80F2140A100CDA73120E1C745874E1
:10FEA0009A744FF0000843E7114605F0A3FEFDF7F2
:10FEB0000DFA0F4BDB689847BDE8F041FCF712BE26
:10FEC000002F3FF46EAF2A68012022F00F0402F0E9
:10FED0000F0200FA02F2228363E700BFA85100205C
:10FEE0003C990020AA510020F8240020FC24002086
:10FEF00034FE01089D7A5C7A44EA0524DD7A44EAFE
:10FF000005441D7B44EA0564201A224D01F03F019F
:10FF100080B29973288014B1A2423FF6E9AE00285E
:10FF20003FF4E6AE1044040A020CD873000E1C74B1
:10FF30005A74987400293FF4CEAEB2E75A7A9C7A8C
:10FF4000D87A42EA042242EA0042187B61F07F013B
:10FF500052EA00629973A4D09CE793F810C0DC7B4E
:10FF600044EA0C2493F811C044EA0C4493F812C0FC
:10FF700044EA0C64A242FFF4D9AE002D3FF4D6AEA1
:10FF800014FA80F4200A220CDC73240E18745A74BC
:10FF90009C7486E7AA510020F0B583B00446019115
:10FFA00000F084FA012857D001998F488F4A90F8C1
:10FFB00000C0182914BF0B4611239C45117817D097
:10FFC000022C51D0037001270193894B14701D46F8
:10FFD000197008F0F9FD874A1060FCF779FDA21E40
:10FFE000019B042A36D8DFE802F04DB9B6128F0023
:10FFF0008C4233D1052C2FD17D49019314700C70A4
:020000040801F1
:1000000008F0E2FD7B4A1060FCF762FD019B7A4933
:100010000193132279480EF00DFD7848019B0546A7
:1000200063F07F018173FFF7FFFDAB7A687AEA7AAC
:1000300040EA03202B7B40EA024050EA036000F0D4
:10004000B88049F64043984238BF184606F054FA43
:1000500006F058FA6A4E347003B0F0BD062901D19B
:10006000022CF9D00027AFE701F0FB03022BF3D0FD
:100070005F4B14701D46197008F0A6FD5D4B1860AB
:10008000FCF726FD5F495D4813220EF0D3FCFFF715
:10009000CBFD00F09BFC594B002840F097802A785C
:1000A000032A00F09380052A14D0997A5A7AD87AD4
:1000B00042EA0122197B42EA004353EA016000F060
:1000C000908049F64043984238BF184606F014FA2B
:1000D00006F018FA4C4B1B78002BBBD04B4A4FF064
:1000E000010C02F10C0052F8043B23F00F0103F065
:1000F0000F030CFA03F390420B83F4D1444B404EB0
:1001000080221A833470A7E73E493C4813220EF040
:1001100091FC3A48FFF788FDFCF788FD00284ED097
:1001200040F6B83006F0E8F906F0ECF9364B1B78EB
:10013000002B8FD0354A4FF0010C02F10C0052F821
:10014000043B23F00F0103F00F030CFA03F390427A
:100150000B83F4D1D2E72F4901935AE7284A164678
:100160001278032A39D0254D2B49019313222846B2
:100170000EF060FC019BAB732846FFF755FDAA7A91
:100180006B7AE97A43EA02232A7B43EA014353EA82
:10019000026311D0214908884FF47A7202FB00F003
:1001A000984238BF184606F0A7F906F0ABF934704C
:1001B00052E74FF0FF3049E74FF0FF30F3E74FF4DD
:1001C0007A7006F099F906F09DF9AFE74FF47A706E
:1001D00006F092F906F096F97CE7002FC3D1074D9F
:1001E000CDE74FF0FF3071E7965100209551002088
:1001F00094510020A451002038F701083C990020B8
:10020000AC51002024F7010808250020FC24002020
:100210000008024060F701084CF70108B6240020EE
:1002200008B500F07DFD0D4B9B7B1BB9BDE8084078
:10023000FFF722BC0A4B186808F068FC094B1B88C2
:100240009842F3D30848FFF7EFFC08F0BDFC044BDD
:100250001860BDE80840FFF70FBC00BF3C990020C4
:10026000A4510020AA510020A851002008B500F098
:100270001DF9012803D1044B1B78052B03D0BDE8E1
:100280000840FDF723B808BD989B00200120704767
:10029000704700BF08B500F073FEFEF7B9FAFFF72C
:1002A000F7FF00F003F9012801D0012008BD00F09C
:1002B00003F9012008BD00BF30B585B0B8B11748BB
:1002C000174D08F045F9FEF799F808F07DFC044653
:1002D00001E06B6B9847204608F018FC6328F8D9BA
:1002E00000211E2005B0BDE83040FEF75DB8044691
:1002F000FFF76AFBFEF7B6FA032801D005B030BD60
:10030000084B1B78022BF9D1044B01945B680294D3
:1003100001A88DF80C409847F0E700BF9424002016
:10032000BC240020AD51002030B585B0B8B11748CD
:10033000174D08F00DF9FEF761F808F045FC04468A
:1003400001E06B6B9847204608F0E0FB6328F8D982
:100350000021182005B0BDE83040FEF725B804465E
:10036000FFF732FBFEF77EFA032801D005B030BD5F
:10037000084B1B78042BF9D1044B01945B68029461
:1003800001A88DF80C409847F0E700BF94240020A6
:10039000BC240020AD51002000B585B080B90E4AC4
:1003A0001278042A01D005B000BD0C4A0190034622
:1003B0005268029301A88DF80C30904705B000BD3B
:1003C00008F0CCF8054B9842EDD0184605B05DF822
:1003D00004EB08F0BDB800BF989B002068280020FF
:1003E000314A117881424ED000B5012983B00346CD
:1003F00035D00190FEF736FA03282B4A019B2ED008
:10040000022B137033D0042B3ED0012B39D1184668
:10041000FFF7C2FF0020FFF74FFF4FF4FA700AF01A
:100420007FF90020FFF780FFFDF7E8FF00F0C4F838
:10043000FFF778FA06F068F842F210700AF070F9E7
:1004400005F0E2FD4FF0FF3006F056F806F05AF8DE
:1004500008F09EF803B05DF804EBFBF723BF0193AF
:1004600001F040FD019B104A022B1370CBD10020FC
:10047000FFF75AFF64200AF053F90120FFF71CFF31
:100480000BE003B000BD70470020FFF715FF6420AC
:100490000AF046F90120FFF747FF0020FFF77CFF35
:1004A00000F070F8C4E700BFAD510020014B187890
:1004B000704700BFAD51002038B51F4C08F010FF49
:1004C0002378052B00D038BD1C4D0AE000F058FD04
:1004D0002B78012B0DD108F041FB08F0FDFA60B933
:1004E0002378052BF2D002F017FBBDE8384007F067
:1004F00027B9BDE8384001F00DB80F480AF0D4FE26
:1005000047F230500AF00CF9CF2007F019F807F045
:1005100017F94FF47A700AF003F9D02007F010F8B9
:1005200007F00EF94FF47A700AF0FAF8D02007F0CD
:1005300063F807F005F9D3E7989B0020AD51002040
:1005400008B501210A4820220CF090F9094B00223D
:100550001A7008F039FB084B1860FEF783F9074B57
:1005600003280CBF064A40F6B8321A6008BD00BF27
:1005700000040240BC510020C05100200C25002086
:1005800040771B0008B5084B00221A7008F01CFBCE
:10059000064B1860FEF766F9054B03280CBF054AA9
:1005A00040F6B8321A6008BDBC510020C05100208E
:1005B0000C25002040771B000249034A00230B70E2
:1005C00013607047BC510020C051002008B5302393
:1005D00083F31188034805210CF0FAF9002383F313
:1005E000118808BD00080240704700BF704700BF77
:1005F000014B10225A83704700000240704700BF31
:10060000024B1869C04300F001007047000402402B
:1006100030B585B0FFF74AFF012848D039480AF0C5
:100620009BFD39480AF004FD3848402220210CF097
:100630001DF93648402280210CF018F94022334839
:1006400011460CF013F9302585F311883048022249
:1006500001210CF087F9002484F3118885F31188B7
:100660002B48032221460CF07DF984F3118885F391
:1006700011882648032209210CF074F984F31188AB
:1006800085F31188214803220A210CF06BF984F3C9
:100690001188F8F791FA1E4840224FF480510CF06F
:1006A000E5F800F015F9FFF7A1FF05B030BD0446ED
:1006B000FFF7A6FF02460028B0D1014605F09AFADE
:1006C000144BDB68984705F01FFF1149124B0F4A86
:1006D0004FF4804048834FF40041518393E8070072
:1006E00001AB83E807001A4652F8043B23F00F01E0
:1006F00003F00F0304FA03F30B8304AB9342F3D12B
:100700008CE700BF989B0020049C00200000024062
:100710000004024034FE010884F5010838B50AF0EF
:1007200085F9204B1B680BB10120984706F090FB20
:10073000302500F0C5F8FFF749FF85F311881A4806
:1007400001210CF045F9002484F3118885F3118808
:10075000164809210CF03CF984F3118885F31188BF
:1007600012480A210CF034F984F3118885F31188BA
:100770000D4821460CF02CF984F31188FFF740FF57
:1007800050B902F0ADFF02F059FF04F0A9FDBDE839
:100790003840012006F038BB08F090FD044808F00E
:1007A00009FEEEE7BC2400200004024000000240E5
:1007B000989B002030B53B4C237883B0002B55D05C
:1007C000FFF71EFF28B1384C2378012B5DD003B012
:1007D00030BDFFF76BFE022801D00428F7D1237843
:1007E000002BF4D0FFF7E2F80028F0D100F048FD2C
:1007F0000028ECD005F0D8FC00284ED12B492C481D
:100800000C220EF0BBF80028E1D1FFF7F9FE0546F7
:100810000028DCD1022000F039FC0028D7D0FFF7F7
:10082000E3FEFFF7F5FE00F0F9FB022000F068FCA4
:10083000FFF7DEFE00F08EFC00F002FCFFF76EFF1B
:10084000FFF7DCFE257008F0BFF91A4B1860FEF7C1
:1008500009F8194B03280CBF184A40F6B8321A6041
:10086000FEF7B4F8002000F011FCB0E7114A019344
:10087000106808F04BF9104909688842A0D90D4A60
:10088000019B1360012121709AE708F017FD2046B3
:1008900003B0BDE8304008F08DBD05F04DFE0028E6
:1008A000ACD194E7BC510020989B0020B0510020AF
:1008B00060990020C05100200C25002040771B00CB
:1008C000024820224FF400510BF0D0BF0004024038
:1008D000704700BF02210520FEF766BC10B5C8B105
:1008E000104B40F2234202FB01F4A3FB0434A409A1
:1008F00005F05AFC58B10C4B9B699847F3EE0E7A01
:1009000020EE270ABCEEC00A10EE103A1C44074B3A
:100910001C8010BD40F6E44303FB01F4A40A64000C
:10092000E6E700BF396BD52034FE01081025002012
:10093000014B1888704700BF10250020144B1B88FE
:1009400041F20402934220D840F6AC52934210D8B0
:1009500040F6E44293420AD9A3F6E4430D4A03EB7E
:1009600083039800A2FB0020C0F38710704700208B
:100970007047A3F6AC53084A03EB83031801A2FBAC
:10098000002080091430C0B270476420704700BF57
:10099000102500201F85EB51B5814E1B08B5FFF7D0
:1009A0002FFE30B1034B1B6913F4005F14BF02200C
:1009B000012008BD00040240034B18780A2894BFA8
:1009C00000200120704700BFC6510020034B18785B
:1009D000142894BF00200120704700BFC55100209B
:1009E00008B500F0D1F9014B186008BDC8510020CE
:1009F000F8B54E4E306800F0D5F90446FFF756FDC5
:100A000010F0060F08D0FDF72DFF032819D0484B32
:100A10001F461B780E2B15D9FFF748FD012822D061
:100A2000444D454C2B782278134302D0FFF7E8FD64
:100A300000B9F8BD002028702070BDE8F840FEF72E
:100A4000D7BF3B4FFFF7DCFD90B140F6B8339C4277
:100A500053D83B780E2BE3D8FCF746F80028DFD1BB
:100A6000C82CDDD90BE0FFF7CBFD0028D8D0304FE4
:100A70003B780E2B1ED940F6B8339C42D0D92F4C70
:100A80002C4D238840F6AB52934218D92A4C237838
:100A9000142B9CBF0023237000F076F9284B98425A
:100AA00038D83060FFF716FF3B780E2B9CBF013320
:100AB0003B70B7E7FCF718F80028D1D0DBE72A78BD
:100AC0000A2A0AD80132D2B20B2A2A7005D1012093
:100AD000FEF78EFF0F2223883A70174C40F6E34151
:100AE0008B422278D3D8142AD6D80132D2B2152A12
:100AF0002270D1D1FDF7F2FCCEE7124B1B699B04AB
:100B00000DD50220FEF76AFB3B780E2BB7D8FBF71A
:100B1000EBFFB4E70023336000F028F9C2E70120BF
:100B2000FEF75CFB3B780E2BA9D8F0E7C8510020FC
:100B3000C4510020C6510020C551002010250020BE
:100B4000005C2605000402400E4B10B501221A700D
:100B5000044608F039F80C4B1860FBF7B9FF0B4A54
:100B60000B490C4B0C704FF0000C82F800C0962221
:100B70001A60094809490A4AFF2303700B70137071
:100B800010BD00BFDC510020D8510020D4510020FE
:100B9000D5510020D0510020CC510020CD51002053
:100BA000CE510020024B1878003818BF0120704742
:100BB000DC5100202DE9F0471D4A07CA84B001AB83
:100BC00003C300241A80002320461A461946013424
:100BD00004F0FAFF5C2CF6D1164B1B7803F0FD03F2
:100BE000012B02D004B0BDE8F087134E3378092BF7
:100BF000F8D9DFF84CA0DFF84C90DFF84C800F4FAD
:100C000001AD00249AF8003099F8002098F80010FF
:100C100015F8010B04F0D8FF33780134E4B2A7FBD8
:100C20000323B4EBD30FEDD304B0BDE8F08700BFCE
:100C300008F60108DC510020D4510020CDCCCCCCEA
:100C4000CC510020CD510020CE51002010B52B4AB0
:100C50001378022B21D0032B11D0012B18D1284956
:100C600028480B780078984239D80BB90A230B70C2
:100C70000223137007F0A8FF234B186010BD002358
:100C80001370FBF739FF214B9B7B7BB3FFF77AFC9B
:100C900007F09AFF1C4B186010BD1A4B1B781D2BD8
:100CA00012D91B481B491C4C00230370FF202370E2
:100CB00008701A49032340F6B8301370086007F033
:100CC00083FF114B186010BD12481149124C0023CC
:100CD0004FF0FF0C84F800C003700B70E9E70A3393
:100CE0000B7007F071FF084B186010BD05F05CFA3F
:100CF0000028CBD1FBF7F6FEC8E700BFDC5100208F
:100D0000D4510020D5510020D85100203C9900201A
:100D1000CC510020CD510020CE510020D0510020D8
:100D200008B5084B1B7803B908BD074B186807F0D6
:100D3000EDFE064B1B689842F6D9BDE80840FFF768
:100D400085BF00BFDC510020D8510020D0510020C9
:100D500000B583B0002304486946CDE900330AF0AA
:100D600047F903B000BD00BFF89B002000B583B079
:100D7000002304486946CDE900330AF039F903B08D
:100D800000BD00BFF89B002000B583B00448694651
:100D90000AF030F9019820F0784003B000BD00BFA0
:100DA000F89B002010B582B00446694604480AF05A
:100DB00021F90198C0F31A00001B02B010BD00BF5A
:100DC000F89B002008B50B4800224FF480610BF01F
:100DD0004DFD084907484FF400430B8300224FF4B0
:100DE00000710BF043FD0020FDF7E0FEBDE8084078
:100DF000FDF796B90000024000B547F60E6290423A
:100E000083B022D00FD8A0F5FC420B3A022A07D8B3
:100E100001910090FFF74AFB0228009B019924D022
:100E2000012003B000BD47F60F629042F8D1FFF7F2
:100E30003DFB10F0060FF3D0FFF7E2FB0028EFD1E7
:100E4000FFF77CFDFFF780FEEAE70091FFF72EFB3E
:100E500004280099E4D14B79CBB91149114A0023F8
:100E600001200B70136003B000BD4A79002AF4D052
:100E70000B4A0A3B137007F0A7FE094A094B844648
:100E800000211078C3F800C0FDF78EFAC8E7044BC4
:100E900018221A7007F098FE024B1860C0E700BFD6
:100EA000E4510020E851002000B5194887B0FEF752
:100EB000C7F94FF4967009F033FC112200210DF1AF
:100EC00005000DF06BFD134B022019785A788DF850
:100ED00000006FF04B0305204FF0000C8DF801105F
:100EE0008DF802205A218DF80330012240F68263EA
:100EF000ADF8060068468DF804C08DF808108DF82E
:100F00000B20ADF80E30FEF781F907B000BD00BF31
:100F100014F60108B4240020FFF7C6BF08B50B4B38
:100F20001A7802B908BD07F04FFEB0F57A7FF9D202
:100F3000FFF7BAFFFFF7BAFA0228044B02D00022EB
:100F40001A7008BDFDF72AF9004BF8E712250020BA
:100F500008B5094B186800B908BD07F0D7FDB0F512
:100F6000FA6F054BF8D9054A002119601078BDE8E1
:100F70000840FDF7FBB800BFE8510020E451002015
:100F800010B5234C2068002832D1224A2249136927
:100F900012695B0AC2F3402203F0020313430A788A
:100FA0009A421FD1FFF782FAD8B91A4A1A4913692F
:100FB00012695B0AC2F3402203F0020313430A786A
:100FC0009A420AD10023012A23601BD0022A14D09E
:100FD000BDE810400120FFF703BA0B7007F0F4FDE5
:100FE000206010BD0B7007F0EFFD20600028D9D005
:100FF00007F08CFD6428D5D9D7E7BDE81040042060
:10100000FFF7EEB9BDE810400220FFF7E9B900BFD5
:10101000E051002000000240DD51002008B50748E3
:1010200040224FF480510BF021FCBDE808400348FA
:1010300040224FF400610BF019BC00BF00000240D9
:1010400008B5114840F21A524FF400610BF00EFC43
:101050000D4840F21A524FF480510BF007FC0A4839
:1010600040F2822220210BF001FC074840F282224C
:1010700080210BF0FBFBBDE80840034840F28222D0
:1010800040210BF0F3BB00BF000002400228194AC8
:10109000034613D0032806D001280CD1117809B3D8
:1010A00000201370704711780029F9D112480169A6
:1010B00041F004010161012013707047117800298B
:1010C000EED1DFF834C00D48DCF8101041F0040117
:1010D000CCF81010016841F4606141F00101016039
:1010E0000120E9E70448016921F0040101610120C0
:1010F000E2E700BFEC51002000ED00E0007000408E
:10110000114A08B5936823F003039360936813F0C2
:101110000C0FFBD113680C4923F4803313600B6868
:101120009B03FCD40948402201210BF09FFB074898
:10113000402202210BF09AFB30BF054A136923F0CD
:101140000403136108BD00BF00380240001C0240C8
:1011500000ED00E00AF08CBD00B5034683B048B94D
:10116000CDE9001081420CBF0120042000F026FFD1
:10117000DDE900131846FBF793FC012003B000BD26
:1011800008B507F021FD044B1860FAF7F9FFBDE838
:10119000084001F0CDBD00BFF051002008B5084B5C
:1011A0001A7802B908BD00201870012205484FF4D2
:1011B00000410BF05BFB034A4FF40043138308BD6F
:1011C000172500200000024008B5284B186800B918
:1011D00008BD07F09BFC40F6B832904221D9234B62
:1011E00000221A6007F0D4F9830703D4204B4FF490
:1011F00080425A831F4B204A4FF40041598302F129
:101200000C0C012052F8043B23F00F0103F00F03F4
:1012100000FA03F394450B83F4D1184B80221A8310
:1012200008BD1349134B4FF480404FF4004208832C
:101230001A83FFF73BF904280FD00F4A4FF0010C37
:1012400002F10C0052F8043B23F00F0103F00F03EE
:101250000CFA03F390424B83F4D1FFF727F90228ED
:10126000B6D0064B80225A8308BD00BFF051002043
:10127000000402400000024018250020000802403F
:1012800008B5054B1B680BB1002008BDFBF7CEFC71
:1012900080F00100C0B208BDF0510020032803D83F
:1012A000052901D80F2A01D90120704700EB400021
:1012B00001EB4001024B02EB011233F812007047C0
:1012C0002CFB0108012070470120704708B5FFF78B
:1012D000FBFF08BD0120704701207047704700BF29
:1012E000704700BF08B5FFF7FBFF08BD012070473E
:1012F000704700BF704700BF00B5144B1B7885B026
:10130000CDE9020173B99DF80D3003B19AB9029885
:1013100000F036FF03460299184605B05DF804EB6D
:1013200001F074BF029801F005F8029905B05DF86C
:1013300004EB01F06BBF00F0FDFF03461946029875
:10134000019300F0E7FE019BE5E700BFFC510020A0
:1013500010B5038804464088A188012243EA004072
:10136000FFF7CAFF2146FFF7ADFF00B910BD238884
:101370006088A188012243EA0040FFF7BDFF2146B3
:10138000FFF7A4FF10BD00BF10B584B001460446AE
:10139000062202A80DF04EFB0C4B02981B7873B985
:1013A00000F0EEFE029901F031FF21460190FFF7B7
:1013B00095FF01982146FFF795FF04B010BD00F09E
:1013C000B9FF029901F022FFEFE700BFFC510020B6
:1013D00038B5038804464088A188012243EA0040CA
:1013E000FFF78AFF21460546FFF774FF08B9002082
:1013F00038BD21462846FAF79BFE0028F7D0214643
:10140000284606F0C3FE0028F1D02146284606F003
:10141000ABFD0028EBD02146284605F0EBFE002866
:10142000E5D02146284605F0BBFE0028DFD0214646
:10143000284602F069FD0028D9D02146284602F04E
:10144000B1FD0028D3D02146284605F0D7FB00285F
:10145000CDD02146284606F0DFFD0028C7D0214622
:10146000284602F019F80028C1D02146284602F08B
:101470002BF80028BBD021462846BDE8384002F0B2
:1014800041B800BF00B5012383B003FA00F0C0B239
:10149000019001F0FBFB019803B05DF804EB00F054
:1014A0008DBD00BF0120704708B5FFF7FBFF08BDE9
:1014B00008B500F017FD0120FFF718FF0120FFF726
:1014C000F3FF46F2A81009F02BF9BDE8084007F039
:1014D000E7BB00BF08B500F005FD0020FFF706FFE1
:1014E0000020FFF7E1FF46F2A81009F019F9BDE866
:1014F000084007F0DBBB00BF08B5FFF7F9FEFBF7BC
:101500009FFB05F04FF800F03DF8BDE808400120D2
:1015100005F008B908B500F03BF8002005F002F925
:10152000FFF7E8FEBDE80840FBF792BB030906BFE2
:101530001A460346042299081CBF02320B4602EBEE
:101540005300C0B2704700BF01207047034B4FF4F7
:10155000804281074CBF1A835A83704700040240BF
:1015600008B5012204484FF480410BF07FF9024A8C
:101570004FF48043538308BD0004024008B5FAF7D6
:1015800091FE08BD08B50020FFF7F8FF08BD00BFB9
:1015900008B506F0F3FFFFF7F1FF08BD00B583B013
:1015A00006F0ECFF074A1178814209D010700190D3
:1015B00007F00AFB044A019B10601846FFF7DEFFA4
:1015C00003B000BDF4510020F851002000B587B0F1
:1015D00002AB83E803009DF80D20D2B993E8030025
:1015E0000023ADF81630CBB20490ADF8141033B927
:1015F00004AB93E8030001F0F7F807B000BD04ABBB
:1016000018460193FFF7A4FE019B0028F1D107B013
:1016100000BD01F0F5F902ABE0E700BF0379012B53
:1016200000D07047008800F0A7BE00BF002837D068
:1016300000B5021FD2B2A02A83B0034615D900F12B
:101640002002D2B2072A2CD900F15B02D2B2022AC0
:1016500018D900F15802D2B21A2A2ED93333DBB28C
:10166000122B40F2848003B000BD019007F058F8BF
:10167000019B70B9184607F00DF903B05DF804EB53
:1016800001F04ABA243880B203B05DF804EB06F0EA
:10169000ADBF184607F01CF901F03EFA019BE9E7DF
:1016A000704700F0070301209840C0B201F048F9EC
:1016B00003B05DF804EB01F02FBAA0F1A903192BD8
:1016C0005CD8DFE803F00D52504E4C4A4745423F8C
:1016D0003C393633302D2A272523211F1C19161398
:1016E000E92003B05DF804EB06F09EBF4FF42870CC
:1016F000F7E740F29F20F4E740F2CB10F1E740F229
:101700009F10EEE77020ECE76F20EAE7B420E8E7EF
:10171000B320E6E740F22A20E3E740F22720E0E7A3
:1017200040F22620DDE740F22520DAE74FF4097089
:10173000D7E740F22320D4E740F22120D1E74FF44D
:10174000CA70CEE74FF4C970CBE74FF4C570C8E755
:10175000CC20C6E740F28310C3E7CD20C1E7B72015
:10176000BFE7B620BDE7B520BBE7EA20B9E705F043
:10177000E7FE03B05DF804EB05F0E2BFE220B0E75E
:1017800078B3021FD2B2A02A08B5034613D900F1DC
:101790002002D2B2072A19D900F15B02D2B2022A82
:1017A0000FD900F15802D2B21A2A1BD93333DBB257
:1017B000122B1CD908BD07F08BF8BDE8084001F0DA
:1017C000ABB9BDE80840002006F010BF00F00703E9
:1017D00001209840C0B201F0C7F8BDE8084001F010
:1017E0009BB97047BDE80840002006F01DBF05F01A
:1017F00003FFBDE8084005F0A3BF00BF38B50C46A5
:101800000546FFF713FFFDF717F89CB10E4B40F2AA
:10181000E7300021E4FB03014FF47A720023F6F76E
:101820009BFC08F07DFF2846FFF7AAFFBDE8384083
:10183000FDF702B8012008F073FF2846FFF7A0FF6C
:10184000BDE83840FCF7F8BFA086010008B539288C
:101850000CBF50210021FFF7D1FF08BD00B9704730
:1018600008B501F06DF8BDE8084001F055B900BFBA
:1018700000B9704708B501F077F8BDE8084001F0FD
:101880004BB900BF2DE9F0438379457983B00C460D
:1018900006461F0901F020F8C4F3033250B3002DAF
:1018A00058D0C4F3072000F0F003402B814698463F
:1018B0000BD0E1B201F12003DBB2072B40F219811A
:1018C00000F0E003202B00F00F81B04B5B7858074D
:1018D00000F1DE810B2A3AD8DFE812F0BF01BF0128
:1018E000BC01BC01C100D70139003900D001CC01D5
:1018F0005A005A0003460B2A29D8DFE812F08A0062
:101900008A0056005600B100350128002800C300A7
:10191000190149004900C4F307230F2BC4F3032224
:1019200040F22B821201E4B220460092FFF728FF1A
:10193000009A62B104F12003DBB2072B104602D9F2
:10194000002C40F0758201F00FF801F0E5F803B0CB
:10195000BDE8F0830B2AFAD801A353F822F000BFA8
:1019600017190108171901087D1B01087D1B0108C3
:101970005F1A0108D91A01084F1901084F19010807
:10198000431C0108551B0108911901089119010810
:10199000E1B2A1F1F003042B00F25882DFE813F06A
:1019A000320125012B0149013C01E1B2C4F30723B7
:1019B00003F0F0080023C4F303242201B8F1200F40
:1019C00018BF1446002900F09E81012900F0018112
:1019D000002D00F0B4810093002F00F0EA8108464A
:1019E000FFF724FE009B002BB1D000F06DFF10F03C
:1019F0000100ACD1707100F061FF00F035FB3046A2
:101A000000F040FA00F05AFF03B0BDE8F04300F0E8
:101A10003BBBE1B2C4F30322C4F3072013010C461D
:101A20000F2888BF1A46002D3FF47EAF002382B1F5
:101A300004F12001C9B207290093104602D9002CF5
:101A400040F0C08100F07CFF009B009301F064F83F
:101A5000009B00932046FFF7E9FD009BC3E70023AE
:101A600014F4406FC4F3812200F04581012ABAD1F9
:101A7000002D00F05781C4F30900009306F0D4FD57
:101A8000009BB0E714F4407F00F08280C4F3012390
:101A9000002D00F0DB80DA0755D5C4F34212920026
:101AA000D2B204F00F0090400F23C0B2934060EA1E
:101AB000030314F0100FDBB2C4F3812418BF1846DF
:101AC000022C00F09281032C00F08C81012C00F09C
:101AD000868100F005FB36E0E0B205F08DFD03B035
:101AE000BDE8F04305F02CBE012902D9002F7FF498
:101AF000ECAE0B2A3FF62BAF01A353F822F000BF48
:101B0000151A0108151A0108AD190108AD190108C7
:101B10005F1A0108471E01084F1901084F190108F3
:101B2000851A0108331B010893190108931901084C
:101B3000E1B2C4F303260C467DB1304600F094FABE
:101B40002046FFF78BFE06F019FD03B0BDE8F04319
:101B5000FFF714BDC4F30326E4B22046FFF788FE66
:101B6000304600F091FAEEE7E0B2002DB5D00093D8
:101B700005F0E6FC05F0E4FD009B34E7C4F3072321
:101B800003F0F008E1B2002315E700BF50990020F0
:101B9000002DD8D1C4F342129200D2B204F00F004B
:101BA00090400F23C0B2934060EA030314F0100F7B
:101BB000DBB2C4F3812418BF1846022C00F00C815C
:101BC000032C00F00681012C00F0008100F00CFADB
:101BD000B9E7002D00F0A880052F3FF604AF20469E
:101BE0000093FFF73BFE009BFDE6C4F3042035B1F4
:101BF00000F03AFAA7E7C4F30420002DF8D000F073
:101C000043FAA0E7002D00F0D980042F9BD8C4F33D
:101C1000042000F049FA96E7994B5B785B07E4D51E
:101C2000002D00F0F4800321C4F3042000F090FFA5
:101C300089E7002D00F0BA80C4F3042000F006FA12
:101C400081E714F4407FA5D0C4F30123012B7FF674
:101C50007AAF22E70023E1B2ADE6C4F30322B9F183
:101C60000F0F84BF1201D2B2E4B20023002A3FF466
:101C7000F0AEDDE6C4F30326E4B25EE719F0030F2D
:101C80003FF461AFC4F3012305E70023E0B26EE740
:101C90000220009200F074FF00F01EFE009A80F017
:101CA0000103DBB20B2A3FF69EAE01A151F822F0F0
:101CB000E11C0108E11C0108571C0108571C010820
:101CC000611A01088D1C0108E7190108E7190108CC
:101CD0007D1C0108751C0108911901089119010862
:101CE000C4F30322B9F10F0F88BF1201E4B2002A36
:101CF0003FF4AFAE9CE605B3C4F30900009306F0D1
:101D000075FC009B6FE65E4A5278510728D4002D7F
:101D10006ED0002C40F08F8000200093FFF786FCEF
:101D2000009B60E62846A8E6042F3FF65CAE2046FE
:101D30000093FFF79DFD009B55E62846DEE7002F48
:101D4000F5D03929019100936BD0012008F0E8FC0F
:101D50000199009B00930846FFF712FD009B42E6A5
:101D6000ADB1002F3FF43BAF012F7FF43CAE2046D6
:101D7000009300F06FFE009B35E6E4B2204600922F
:101D8000FFF7FEFC009A002A7FF4D4ADDFE5002FB8
:101D90007FF429AE20460093FFF76AFD204600F04D
:101DA00067FE204600F042FE009B1CE600F042F970
:101DB000C9E62046FFF752FD009B14E6052F3FF6CB
:101DC000C2AE24E700F0F4FD009B3EE600F000F90F
:101DD000B9E600F0F3F8B6E600F012F9B3E600F069
:101DE00073F9B0E600F01CF9ADE600F085F9AAE65B
:101DF00028460093FFF7C4FC009B002C3FF4F3AD92
:101E0000204600F0B1FD00F087FE009BEBE50120CD
:101E100000F0B6FE012F7FF696AE022000F0B0FE75
:101E200091E64FF4FA5008F07BFC009B019991E792
:101E300000F0D2FD89E52046009300F081FD00F01E
:101E40006BFE009B68E70846002390E625B18FB142
:101E50000846FFF7EBFB76E67FB139290CBF4FF45C
:101E6000FA500120009108F05BFC00990846FFF74A
:101E700087FC68E6C4F30420BAE6C4F30420BEE697
:101E800050990020027902B9704710B582B004461B
:101E9000FFF79EFA90B12188607900F0A1F9014620
:101EA000019100F035F900F087F820460199FFF71D
:101EB000E9FC2046FFF768FA02B010BD00F00CFD07
:101EC0000028F9D06379002BF6D0054B5B785B07CF
:101ED000F2D5022002B0BDE8104000F051BE00BFB4
:101EE0005099002008B500F053FD06F02BFD0020AE
:101EF00006F07CFB002006F097FB00F081FD00F06F
:101F00000BFE05F011FEBDE8084005F019BC00BF4E
:101F100008B5002006F06AFB002006F085FB00F003
:101F20006FFD00F0F9FD05F0FFFDBDE8084005F08C
:101F300007BC00BF08B503790BB9184608BD008877
:101F400000F01AFAC0F30333062BC0B214D00CD938
:101F5000063303F00F03012B0CD8F02819D012D848
:101F6000E7288CBF0020012008BD0E3303F00F03CB
:101F7000012BF2D9002008BDF12818BFE72894BF33
:101F80000120002008BDA0F1F400B0FA80F0400963
:101F900008BD012008BD00BF82B0CDE9000102B03C
:101FA000704700BF82B0CDE9000102B0704700BFAA
:101FB000704700BF704700BF704700BF08B5FFF70C
:101FC000F9FFFAF77DFE014B187008BD255200207D
:101FD00010B5044C23781843FFF7ECFFFAF770FEB6
:101FE000207010BD2552002010B5044C23781840F5
:101FF000FFF7E0FFFAF764FE207010BD25520020C5
:1020000010B5044C23785840FFF7D4FFFAF758FE78
:10201000207010BD25520020704700BF704700BFE0
:1020200008B5FFF7FBFFFAF76DFE014B187008BD0E
:102030002452002008B50020FFF7F0FFFAF762FEF7
:10204000014B187008BD00BF2452002008B50123C1
:1020500003FA00F0C0B2FFF7E1FFFAF753FE014BBD
:10206000187008BD2452002010B5064C01222378B8
:10207000824043EA0200C0B2FFF7D0FFFAF742FE07
:10208000207010BD2452002010B5064C0123227888
:1020900003FA00F022EA0000FFF7C0FFFAF732FE71
:1020A000207010BD2452002010B5064C0122237868
:1020B000824083EA0200C0B2FFF7B0FFFAF722FEC7
:1020C000207010BD2452002010B5044C2378184312
:1020D000FFF7A4FFFAF716FE207010BD245200206F
:1020E00010B5044C23781840FFF798FFFAF70AFE62
:1020F000207010BD2452002010B5044C23785840A5
:10210000FFF78CFFFAF7FEFD207010BD245200206F
:10211000704700BF10B5C0F3072382B0052BADF8A0
:10212000040003D89DF804200F2A01D902B010BD85
:1021300002EB03131148C3F3CF0303EB4303034440
:1021400002F007024FF0010E581E9C1C0EFA02FE10
:10215000C3F101031A1821FA02F210F801CF42F379
:1021600000028CEA02020EEA02028CEA020CA04291
:1021700080F800C0EED102B010BD00BF00520020B8
:1021800010B5C0F3072382B0052BADF8040003D8C7
:102190009DF804200F2A02D9002002B010BD02EBE6
:1021A00003130E49C3F3CF0303EB43030B44591E40
:1021B0009C1C02F0070C0020C3F1010303EB010E8D
:1021C00011F8012F22FA0CF202F0010202FA0EF2CB
:1021D00010438C42C0B2F1D102B010BD00520020B9
:1021E00070B5504B86B01B78ADF80C10002B72D137
:1021F0009DF80D409DF80C5040BB052C07D90346B7
:102200000399184606B0BDE8704001F011B80F2DD3
:10221000F5D805EB0412444BD20802EB42021A44F3
:1022200002F1FF3E941C05F0070C0346C2F10102C7
:1022300002EB0E001EF8011F21FA0CF101F0010162
:1022400081400B43A645DBB2F2D1D9E7374B384A80
:102250001B781278ADF8141043EA0206032246FAFE
:1022600002F3DB072AD4013AF9D20023052CC7D8A0
:102270000F2DC5D805EB041C2B4A4FEADC0C0CEBE8
:102280004C0C944405F007014FF0010E0EFA01FECC
:102290000CF102040CF1FF31CCF1010C0CEB01024A
:1022A00023FA02F211F8010F42F3000242400EEA53
:1022B000020250408C420870F0D1A1E7D3B2184618
:1022C00005990292019300F0B3FF80B20128019BAF
:1022D000029AC8D0CAE7154B154A1B781278ADF898
:1022E000101043EA0204ADF81410032344FA03F279
:1022F000D20709D4013BF9D200220499104606B056
:10230000BDE8704000F094BFDAB210460599029320
:10231000019200F08DFF80B20128019A029BE9D062
:10232000EBE700BFFC5100200052002024520020A7
:102330002552002070B50E4A0E4B15781B7882B0DE
:102340001D43ADF80400032445FA04F3DB0705D46C
:10235000013CF9D20026304602B070BDE6B20199C8
:10236000304600F065FF80B20128F1D0F3E700BFEE
:10237000245200202552002070B5114A114B1578C7
:102380001B7884B01D43ADF80400ADF80C000324A5
:1023900045FA04F3DB0709D4013CF9D20026019980
:1023A000304604B0BDE8704000F042BFE6B2039989
:1023B000304600F03DFF80B20128EDD0EFE700BFCE
:1023C000245200202552002010B50E4C4FF0010C75
:1023D00094F800E00CFA00F30CFA01F10B430CFA4C
:1023E00002FC03EA0E02DBB2934206BF4EEA0C0E79
:1023F0005FFA8EF02EEA0C00FFF710FEFAF782FC6F
:10240000207010BD2452002070B5264DAB790F2BE3
:1024100047D86B79002B44D0234B244A1B7892F881
:1024200000C063453DD095F801E02E78204C03E0D4
:1024300000F00703634534D004EBC302581C117944
:102440000029F5D051787145F2D114F83330B342F8
:10245000EED15379002BEBD1538869885B1A9BB27C
:10246000C72BE5D8A8799379012161F30710A871EA
:1024700061F307130B489371FFF704FD0A4B1D78B6
:102480000A4B1B78AB420CD004EBC50393E8030066
:10249000FFF788FD054B01351B7805F00705AB42BA
:1024A000F2D170BD68520020265200202752002031
:1024B000285200202DE9F04387B004460146062249
:1024C00002A80CF0B7FAA54B61791A790E4621796A
:1024D000002A3FD062885D79104690465A88821A59
:1024E00092B220782F46F5B9C72A72D8B1B1002E22
:1024F00039D059786278914203D11A78824200F03B
:102500008B802046FFF716FD944B002849D19A791D
:10251000204642F001029A71FFF7B4FC01221046F6
:1025200007B0BDE8F083C72A21D80029F6D09979F1
:1025300093F801C094F801E00F293FD8E6453246F0
:1025400000F09C80002E00F0CF809A7942F00102CA
:102550009A7149E00029E1D02EB12046FFF7EAFC4C
:10256000002840F0B2802046FFF78CFCD6E79A792D
:102570000F2A40F29A800029D0D093F801C06178E8
:102580008C451DD1197881421AD1002E00F021818D
:102590002046FFF7CFFC714B0028E4D09A791F2A20
:1025A0005BD8214608226D480CF044FAFFF72CFF57
:1025B0006A4B93E80300FFF7F5FCAFE7E64518D058
:1025C0002046FFF7B7FC0028CDD0644B002ECAD0C0
:1025D000E4E7DDE90201FFF7DFFC604B1D605D60B1
:1025E00093E80300FFF7DEFC0022104607B0BDE8C9
:1025F000F0831A788242E3D1002EC9D1A17120461E
:10260000FFF740FC2146082254480CF013FAD0E9A9
:102610000001FFF7C7FC81E79A79D30700F19780A3
:102620000F2A40F2948002F0F001F029A27106D046
:10263000D2B2C2F30311013161F30712A271204635
:10264000FFF720FC2146082244480CF0F3F9434BE5
:1026500093E80300FFF7A6FC60E71988ADF81010B7
:1026600019798DF8141004A80021ADF812808DF8A6
:1026700015108DF81620FFF705FC92E793F800C0BF
:1026800084457FF45FAF002E7FF45FAF012262F3D9
:102690000711997193E80300FFF784FC2F48FFF7B7
:1026A000F1FB2E4B9B79A3719EE7DDE90201FFF759
:1026B00073FC2A48FFF7E6FB284B00221A605A6099
:1026C00093E80300FFF76EFC8EE7214608222348BB
:1026D0000CF0B0F9FEF7A2FFFFF796FE1F4B93E850
:1026E0000300FFF75FFC19E71D4B1E491B780978B3
:1026F000994288463AD0DFF870C0194603E006F0E8
:10270000070188451CD00CEBC105A9466D787545BD
:1027100001F10106F3D11CF831108142EFD199F893
:1027200005100029EBD00BE01CF83330834203D1B5
:102730004B79002B7FF458AF06F00703984515D06E
:102740000CEBC3015E1C4D787545F5D1ECE7082212
:10275000214602480CF06EF9E0E600BF6852002006
:102760002652002027520020285200200298019271
:10277000FFF702FEC0F30333032B019AC1B212D854
:10278000012B1FD810F4706F02D000293FF4C7AEA0
:1027900001F12003DBB2072B7FF6C1AE2046FFF725
:1027A00071FB3A46BBE6063303F00F03012BF5D865
:1027B000EF297FF6B4AE01F10F03DBB2022B7FF6F7
:1027C000AEAEEBE710F4706FE2D0A3790F2BDFD839
:1027D000A5E6A2712046FFF755FB024B1E605E6026
:1027E0009CE600BF68520020F0B585B0CDE900013D
:1027F0006846FFF75FFE9DF8042020B3F2B92B4D29
:102800002B4F2C783B789C4216D02A4E0EE02B782A
:1028100006EBC30393E80300FFF7C4FB2C783B7877
:10282000013404F00704A3422C7005D006EBC40069
:10283000FFF740FE0028EAD105B0F0BDDDE9000158
:10284000FFF7B0FBDBE70646DDE90001184F174D47
:102850003B782C78CDE90201002AD4D05A1C02F032
:102860000702A24218D0DDE90201124ED2B206EBF5
:10287000C303A24283E803003A70DDD006EBC40331
:1028800093E80300FFF78EFB01343B7804F0070464
:102890009C42F3D12C78B6E7FFF724FB064B3E7041
:1028A0002E701E605E6005B0F0BD00BF2652002095
:1028B000275200202852002068520020014B18782F
:1028C000C008704799520020024B187800F00700AA
:1028D000704700BF99520020034B187810F0070092
:1028E00018BF0120704700BF995200200E4B0F49BE
:1028F00010B51C68202220460CF040F828B90C4A7C
:10290000137823F00203137010BD202221460748DC
:102910000CF090F8204605F051FE054A137823F09C
:102920000203137010BD00BF082800207052002061
:102930004F990020014B1878704700BFCA52002001
:10294000074A137830EA030107D0DFF818C09CF873
:10295000001041F001018CF8001003431370704720
:10296000CA5200204F990020074A1378034207D02B
:10297000DFF818C09CF8001041F001018CF800103D
:1029800023EA000313707047CA5200204F990020B9
:10299000054B1A7822B105490A7842F001020A7003
:1029A00000221A70704700BFCA5200204F990020C1
:1029B000074A137830EA030107D0DFF818C09CF803
:1029C000001041F001018CF80010034313707047B0
:1029D000C95200204F990020074A1378034207D0BC
:1029E000DFF818C09CF8001041F001018CF80010CD
:1029F00023EA000313707047C95200204F9900204A
:102A0000054B1A7822B105490A7842F001020A7092
:102A100000221A70704700BFC95200204F99002051
:102A2000704700BF08B5FFF7FBFF08BD08B5054AB2
:102A30001378034200D108BD23EA00001070FFF7AD
:102A4000F1FF08BD9A520020704700BF08B5FFF79C
:102A5000FBFF08BD08B505490B7830EA030C00D12F
:102A600008BD03430B70FFF7F1FF08BD9B52002028
:102A700008B5054A1378034200D108BD23EA0000D7
:102A80001070FFF7E3FF08BD9B52002030B51C4AD1
:102A90001C4B11781C4D1B781C4C0B432978226869
:102AA00083B071B9144653701949092220460BF0BE
:102AB00065FFE0B9174A137823F00103137003B0E0
:102AC00030BD0B430192009305F01EFE009B019A5E
:102AD00058B1297849B10020CDE900232870FFF7CB
:102AE000B5FFDDE900232468DDE72468DBE7092280
:102AF000214607480BF09EFF204605F053FDD9E71D
:102B0000C9520020CA5200209B5200200C280020ED
:102B1000905200204F99002010B5094C2378DA0715
:102B200006D405F021FD10B123789B0703D410BD16
:102B3000FFF7ACFFF5E7BDE81040FFF7D7BE00BFD9
:102B40004F990020704700BF08B5FFF7FBFF08BD95
:102B5000094A527852070CD5084A41EAC00108B523
:102B60001170FFF781FA054A1078C008FFF7ECFFF3
:102B700008BDFFF779BA00BF509900209952002094
:102B80000E4B1A7822EA000010F00701187005D1E8
:102B9000904203D00A4A5278530700D4704700B5D8
:102BA00083B0C0080191FFF76FFA0199034B084603
:102BB0001970FFF7C9FF03B000BD00BF9952002094
:102BC00050990020074808B543785A0700D408BD3B
:102BD00023F00403437000F05DF8BDE808400220D4
:102BE000FFF7CEBF50990020074808B543785A0731
:102BF00000D508BD43F00403437000F04BF8BDE876
:102C000008400220FFF7BCBF50990020114808B5CA
:102C10004378C3F3800282F0010262F382034370BF
:102C200000F038F80C4A137803F0FD0103F00703B5
:102C3000022B117000D008BD064843785B07FAD517
:102C4000C808FFF721FA044A00201070FFF77CFF44
:102C500008BD00BF5099002099520020002000F0CC
:102C6000BDBC00BF08B5FFF7F9FF08BD00F07EBC92
:102C700008B500F069FC00B908BDBDE8084005F0E2
:102C80000FBA00BF00F07EBC00F08ABC00F08CBC24
:102C900000F08EBC00F094BC00F098BC00F09ABC30
:102CA00000F0A0BC00F0A2BC00B583B000F048FC6E
:102CB00000F056FC002368468DF8003000F06AFCF6
:102CC0000B4B0120187000F06FFC4FF4A05301A8CB
:102CD000ADF8043000F074FC02F0BEFCF9F7C0FF60
:102CE00005F000FAFFF7BEFF02F0AAFC03B000BD3A
:102CF00025520020FFF7D8BF014B186805F006BF2A
:102D0000E052002008B505F05FFF024A024B106058
:102D1000186008BDE0520020DC520020704700BF60
:102D2000704700BF08B5FFF7FBFF08BD704700BF45
:102D3000704700BF704700BF0120704708B50648C4
:102D400000F062FC00F08EFDFFF7E8FFFFF7EEFFFA
:102D5000FFF7E8FF08BD00BF953401080120704768
:102D600008B5FFF7FBFF08BD704700BF704700BF05
:102D700008B5FFF7F9FFF9F7F7F9FFF7F7FF08BD17
:102D800008B5FFF775FF88B10A48FFF77BFF0A48CF
:102D9000FFF77EFF04F02EF8FFF776FFFFF70EF93E
:102DA000064B1878BDE80840F9F7ACBFFFF7A2FF63
:102DB000EAE700BFE452002050990020245200208E
:102DC00008B505F0E9FE05F0A7F900F037FCFFF7BC
:102DD000D7FFFEF7C5FB03F017F904F039F803F04D
:102DE000D5FFFFF7A7FFFEF7CBF908BD2DE9F04FA0
:102DF00085B0FFF7A1FF002800F08E8000F03AFCBC
:102E0000524B019300241D46E0B22E8800F00EFCC8
:102E1000052C05F1020504F1010465D08642F3D0CA
:102E20004B4B1B789B0700F18D80FFF799FF4FF00C
:102E3000000980465FFA89F7384600F0F7FB019BEE
:102E400033F8026B0193B042054635D0464000246A
:102E50004FF0010B0AE052462146384602F0ECFEE4
:102E60000134E4B2102C4FEA4B0B22D006EA0B01DE
:102E700005EA0B0289B292B20029F1D0B2F1000A40
:102E800018BF4FF0010AB8F1000FE4D08DF80840E8
:102E90008DF8097005F0D2FE4FF00103ADF80A007D
:102EA0008DF80C308DF80DA0DDE90201FEF78EFBE8
:102EB000D1E7019B23F8025C09F10109B9F1060F82
:102EC000B8D105F081FE234A234B1060186003F04F
:102ED000CDFF03F067FB04F04FFC03F06BFF05B080
:102EE000BDE8F04FFEF75ABB864299D11B4C05F066
:102EF000A5FE238883420546E9D00026ADF8086088
:102F000005F09CFEADF80C60ADF80A00DDE90201A9
:102F1000FEF75CFB2580DAE7104D044605F08EFED7
:102F20002B8883420646D2D0ADF8084005F086FED5
:102F3000ADF80C40ADF80A00DDE90201FEF746FBF2
:102F40002E80C4E700F078FB6FE700BFD05200206E
:102F5000E4520020E0520020DC520020CC5200203D
:102F600010B582B000F070F9B0F5A44F034615D249
:102F7000B0F5A04F80F08380DF282FD8CC2800F256
:102F8000D180A7284AD8A42800F2CF80012822D0D7
:102F9000021F92B2A12A28BF00231CE045F29F2203
:102FA000904200F28180B0F5A54F80F0C38045F2D9
:102FB0005F22904257D845F23F22904200F2A6800D
:102FC00045F21F22904240F2958000F01F034AF222
:102FD000F10242EA0323184602B010BDB0F5804F5B
:102FE00036D2B0F5005F80F0AC80E728F3D9A0F5C9
:102FF000807292B2B2F5F85F80F00281C0F30720D0
:10300000019300F0DDF904469DF8040000F01CF97E
:10301000220202F4F85240EA0203DCE7A0F1A8021F
:1030200092B21A2A00F2EC80A0F1A903192B00F247
:10303000E980DFE803F0979ACAC7C4C1E2DFDCD9B0
:10304000D6D3D0CDB2AFACA9A6A3A09DBEBBB8B518
:10305000C0B2019300F0F8F8019B03F470631843C9
:1030600040F42043B7E700F003000122C3F38201DC
:1030700002FA00F343EA411343F40A43ABE700F0DA
:103080001F00019300F09CF902B21101019B01F0B5
:10309000F00110F0100FC3F3431318BF0A4642EAC1
:1030A000032242F4104396E745F2DF2290420DD806
:1030B00045F2BF22904215D800F01F0000F080F9C1
:1030C000030203F4F85343F4005384E7A0F5FE42EF
:1030D00092B2332A00F29480A0F5FA43343B43F4D1
:1030E000884378E7030203F4F85343F4204343F0A2
:1030F000F00370E700F003000122C3F3850102FA38
:1031000000F343EA411343F40D4364E700F0030086
:103110000122C3F3820102FA00F343EA411343F4AC
:103120000C4358E740F4A04355E7A0F1240343F4CF
:10313000804350E700F01F034AF2F40242EA0323FF
:1031400049E7C0F30420019300F03AF904469DF8E2
:10315000040000F079F8230203F4F853034343F426
:10316000005338E744F2E94335E744F2EA4332E7F3
:1031700044F270432FE744F26F432CE744F2B44328
:1031800029E744F2B34326E744F22A6323E744F2F3
:10319000276320E744F226631DE744F225631AE71C
:1031A00044F2A06317E744F29F6314E744F2CB5361
:1031B00011E744F29F530EE744F2CD430BE744F28C
:1031C000B74308E744F2B64305E744F2B54302E7E4
:1031D00044F22463FFE644F22363FCE644F22163F5
:1031E000F9E644F29453F6E644F29253F3E644F2DD
:1031F0008A53F0E644F2CC43EDE644F28353EAE628
:103200000023E8E644F2E243E5E600BF82B0C1F302
:103210000723052BADF8041003D89DF804200F2ACE
:1032200002D9002002B07047194602B003F084BEF4
:1032300000B583B0ADF804100199FFF7E7FF03B0C4
:103240005DF804EBFFF78CBEE72813D8DF2812D90E
:10325000A0F1E003072B0DD8DFE803F0040C6B5E50
:10326000530C493C554B1A78D10700F1A2805B788A
:10327000D90758D47047392865D8282840F2928059
:10328000A0F12903102BF5D801A252F823F000BFBA
:103290008B3301087D33010875320108753201084E
:1032A000753201087532010875320108753201085E
:1032B0006D33010875320108753201087532010855
:1032C0005F33010875320108753201087532010853
:1032D0004B330108394B1A78110764D45B7899078E
:1032E00069D412F0100F14BF0020E7207047334B51
:1032F0001B781A07BED513F0100F14BF0020E7206B
:1033000070472E4B5A789107B4D51B7813F0100FE5
:1033100014BF0020E7207047284B1A78510744D487
:103320005B78DB073CD412F0100F14BF0020E320C1
:103330007047224B1B785A079CD513F0100F14BF0F
:103340000020E3207047822894D11C4B1A78920702
:1033500026D15B7813F0080F18BF29207047174B50
:103360001B7813F0200F18BF29207047134B1B78D0
:1033700013F0400F14BF2A20312070470F4B1B78E9
:1033800013F0400F18BF312070470C4B1A7892068B
:103390000DD45B7813F0080F14BF39202920704733
:1033A000E02070477047E6207047E22070473520E4
:1033B00060E739207047E420704700BF5099002033
:1033C000334A1378590700B513D500F0140C00F0F8
:1033D0001801ACF1040CA1F10801BCFA8CFCB1FAA3
:1033E00081F14FEA5C1C490980F00C0E8C4518BF36
:1033F0007046190715D500F0140E00F0180CAEF148
:10340000140EACF1180C80F00C01BEFA8EFEBCFA62
:103410008CFC4FEA5E1E4FEA5C1CC9B2E64518BF41
:1034200008465278D10715D500F0110E00F0180C9F
:10343000AEF1010EACF1080C80F00901BEFA8EFE6F
:10344000BCFA8CFC4FEA5E1E4FEA5C1CC9B2E64532
:1034500018BF0846920714D500F0110C00F01801AF
:10346000ACF1110CA1F1180180F00902BCFA8CFC3E
:10347000B1FA81F14FEA5C1C4909D2B28C4518BF00
:10348000104600F0E70213F0100F18BF104600BD01
:103490005099002000207047A0F5A543603B1F2BEA
:1034A00003D84B7923B1184670470123184670475B
:1034B00000B583B000F01F000193FDF7E3FF019B0F
:1034C000184603B000BD00BF08B54B7983B147F67D
:1034D0005B4290420FD047F65C4290420ED047F6D6
:1034E0005A42904205D1FFF77FFB0023184608BDE2
:1034F0000123184608BDFFF765FBF6E7FFF786FBDB
:10350000F3E700BF08B54B797BB147F60142904223
:103510000ED047F6034290420DD0B0F5F84F05D1DA
:10352000FDF7C6FF0023184608BD0123184608BD55
:10353000FDF7D0FFF6E7FFF799FBFDF7CBFFF1E7CB
:10354000002000F091B900BF08B5002000F0F4F8A9
:103550004FF6E363C01AB0FA80F0400908BD00BF1F
:103560004FF6E361002000F049B900BF08B5002024
:1035700000F07AF9BDE808404FF6FF71002000F036
:103580003DB900BF10B50446022000F0C5F8207018
:1035900010BD00BF03460220197800F013B900BF28
:1035A000032000F0B9B800BF0146032000F00AB9BB
:1035B00010B50446042000F0BFF8208010BD00BF05
:1035C00003460420198800F019B900BF082217210A
:1035D00000F04CB90822172100F0D8B8014613209A
:1035E00000F028B901460E2000F0ECB808B50F2015
:1035F00000F0B2F8024BC01AB0FA80F0400908BDE2
:103600000400343400207047014B1860704700BF3D
:1036100010280020704700BF08B5FFF7FBFF08BD6A
:10362000704700BF08B5FFF7FBFF08BD014B33F83B
:103630001000704760990020704700BF08B5F5F78B
:103640009BF90A490A4A002306200B804B808B8095
:10365000CB800B814B81138053809380D380138167
:10366000538100F01DF8FFF7D7FF08BD54990020E3
:103670006099002000B5084883B0F5F73FFA074984
:1036800003460622044800F00DF80190FFF7CAFF38
:10369000019803B000BD00BF54990020609900203C
:1036A000704700BF93B110B584B0520003930B462E
:1036B00001900C460146184602920BF05FF901A9F1
:1036C0000EC928B90346184604B010BD1846704705
:1036D000204601930BF0AEF9019B184604B010BDD3
:1036E000704700BFFFF782BB08B505F02FFA05F061
:1036F0004BFFFFF723FB05F049FFFFF761FB05F0E8
:1037000053FF05F057FFFFF7EDFF05F055FF05F0FC
:1037100013FFFFF72DFBF4E700B583B0014600234C
:103720000DF1070001228DF8073000F09FF89DF899
:10373000070003B000BD00BF00B583B00146002301
:103740000DF106000222ADF8063000F08FF8BDF84A
:10375000060003B000BD00BF00B5042283B00146DF
:1037600000230DEB0200019300F080F8019803B0F4
:1037700000BD00BF00B583B001228DF807100146DF
:103780000DF1070000F078F803B000BDF8B5D31DC7
:1037900023F0070300AFADEB030D14460546684662
:1037A0000E4600F063F82246694628460BF0E6F81C
:1037B00008B9BD46F8BD22463146284600F05CF8FF
:1037C000BD46F8BD30B583B000230C460546014622
:1037D00001220DF107008DF8073000F047F89DF841
:1037E00007309C4207D0012229460DF107008DF8D1
:1037F000074000F041F803B030BD00BF30B583B0E2
:1038000000230C460546014602220DF10600ADF8E4
:10381000063000F02BF8BDF806309C4207D002229B
:1038200029460DF10600ADF8064000F025F803B07A
:1038300030BD00BF30B5042283B000230C460546DE
:1038400001460DEB0200019300F010F8019B9C4231
:1038500006D0042229460DEB0200019400F00CF87A
:1038600003B030BD00F014B900F00CB803460846B0
:10387000194600F04DB800BF03460846194600F04F
:10388000A7B900BF70B5214C94F8045882B05DBB55
:1038900000F0A4FAD8B1012384F8043800F0AAFAA1
:1038A0004FF4C05206462946A4F580500BF076F836
:1038B00094F8043841F60802C4F8002823B100F057
:1038C000E5FA10B184F80458304602B070BD94F89F
:1038D000042832B1019000F0D9FA10B1019B84F8AC
:1038E0000438002002B070BD00F084FA4FF4C052DA
:1038F00005460021A4F580500BF050F841F608036E
:103900002846C4F8003802B070BD00BFE86200204D
:1039100008B58318B3F5C05F01D9002008BDDFF8F2
:1039200014C0034608460CEB03010BF083F801209A
:1039300008BD00BFE852002092B1F8B51746044612
:1039400000250E1A01E0AF4208D03119204600F0E0
:10395000A5FA013504340028F5D1F8BD0120F8BDE1
:10396000012070479AB10430F8B517460C1F0025A6
:10397000461A01E0AF4208D0301954F8041F00F095
:1039800065FA01350028F5D1F8BD0120F8BD012008
:10399000704700BF0000000010B53B4C94F804389D
:1039A00084B02BB900F01AFA10B1012384F804385E
:1039B00000F020FA18B90346184604B010BD94F878
:1039C000043813BB019300F009FA58B34FF0010C0F
:1039D0002E49019884F804C84FF4C062FFF7C2FF73
:1039E000002839D1034694F804283AB1019300F035
:1039F0004DFA019B10B1002284F8042841F6080218
:103A0000C4F80028184604B010BD20494FF4C06225
:103A10000020FFF7A7FF60B941F608020346C4F88B
:103A20000028EFE719494FF4C062FFF79BFF002819
:103A3000F2D013A3D3E9002314484FF4C05103F08C
:103A40009FF80222CDE9020102A94FF4C050FFF70E
:103A500089FF4000C3B2D1E709A3D3E900230B4893
:103A60004FF4C05103F08CF80222CDE9020102A903
:103A70004FF4C050FFF776FF4000C3B2B3E700BF7A
:103A800025232284E49CF2CBE8620020E852002047
:103A90002DE9F0414C4E06F5805786B04FF4C052E8
:103AA0000021304641F608040AF078FFC7F80048C4
:103AB00000F036F930B14FF4C06231460020FFF714
:103AC0003BFF68B94FF4C05200213F480AF066FF3F
:103AD00041F608030020C7F8003806B0BDE8F081C1
:103AE00037A3D3E900234FF4C051304603F048F820
:103AF000022280460D464FF4C05004A9FFF71CFF78
:103B0000DDE904239D4208BF904548D12F4C41F682
:103B1000080503A9284600F0C1F9002848D00399F8
:103B2000C8B20ABA0304224003F4E02343EA322372
:103B300005F1040803EBD00CC20800293AD011F0BB
:103B4000C00F049109D0C7F80088FFF725FF0028AF
:103B5000B8D0022006B0BDE8F081BCF5C05FF2D855
:103B600010F0300F19D005A940460192009300F0E3
:103B700095F90028E7D0009B019A08350DF1130153
:103B8000F0180AF057FFB5F5405FC2D3C7F80058E8
:103B9000FFF702FF0028DCD194E74546EEE74FF43B
:103BA000C052002130460AF0F9FEC7F80048ADE7E0
:103BB000A846C8E70120C7F8005806B0BDE8F08164
:103BC00025232284E49CF2CBE852002000FFFF0072
:103BD0002DE9F04F8318B3F5C05F85B061D84F4F22
:103BE000054688460846E91914460AF0C7FE20B97A
:103BF0000124204605B0BDE8F08FE81907F580578D
:103C0000224641460AF016FF97F80438002B66D189
:103C100000F0E4F80646002840D0012387F8043875
:103C2000002C70D0D7F8009801934FF0000A4FF0A5
:103C3000000B052C2646C5F3024228BF052642EAA2
:103C4000C602CDE902AB2B0A8DF808204146324668
:103C50000DF10B008DF809308DF80A500AF0EAFEDC
:103C60000299484600F0F2F800B3D7F80008043093
:103C7000B0F5405FC7F800082DD2012C18D10124FF
:103C8000019B012BB5D197F80438002BB1D000F07F
:103C9000FDF830B1002387F80438AAE797F8043814
:103CA00053BB0024204605B0BDE8F08F0446E7E78B
:103CB000039900F0CBF80028F8D0D7F8003803F1CA
:103CC0000409B9F5405F3544B044C7F8009802D202
:103CD000A41BAED1D3E7FFF75FFE0446D0E7022373
:103CE000002C9FD1D7F80038B3F5405F80D305B0E2
:103CF000BDE8F04FFFF750BE00F0C8F80028D0D064
:103D000087F80468CDE7D7F80028B2F5405F01D204
:103D10001C46BCE7FFF740FE0446B4E7E85200202B
:103D20002DE9F041244F2548386007F0E7F838685E
:103D300003685B689847224B8668B3F8222AB3F879
:103D4000243A42EA034803681E4A03F00103137051
:103D50005EB30024013E254606E0386807F04AF8C5
:103D60000544B5F5405F17D2B44204F10104214681
:103D7000F3D1154D2A684FF6FF739A4206D0134AC5
:103D8000134B126803EA88239A4202D3114806F0C3
:103D9000DFF90120BDE8F0810B4D38682C6001216E
:103DA00007F016F8094B1860E4E704460A4806F0E5
:103DB000CFF9A668CDE700BFF46A0020889A0020FA
:103DC0000070FF1FF26A002014280020182800202D
:103DD00000FCFF0384F6010824F6010808B5002161
:103DE000034807F07DF8B0FA80F0400908BD00BF35
:103DF000889A00202DE9F041DFF84C80D8F8003097
:103E0000DBB1104F00210126386803684C1C5B6948
:103E1000214698470546386806F0BAFFD8F80030C2
:103E20000543EDB2012D8CBF002606F001069C4231
:103E30002146E9D33046BDE8F08101263046BDE891
:103E4000F08100BFF46A00201428002010B50C4A4D
:103E50000C4B12681B7882B000EB020C01910BB185
:103E6000C9430191084A1068046801ABE468042260
:103E70006146A047B0FA80F0400902B010BD00BF13
:103E800018280020F26A0020F46A002008B50248D1
:103E900007F034F8012008BD889A0020154BDFF8A0
:103EA00060C01B6810B50C46C118DCF8000006F0B5
:103EB000AFFF03461048DFF84CC001220270BFF389
:103EC0005B8F0021D3F800E00C4B8CF800101B78BE
:103ED000BFF35B8F01709CF800005B4283EA0E0326
:103EE00010B91046236010BD0B468CF80010084630
:103EF000236010BD18280020F16A0020F26A00201B
:103F0000F46A0020F06A00204B790BB90120704759
:103F100000B583B00190FEF70DFD019B00F0220279
:103F2000A3F5F04020380A2839D8DFE800F00C0F5C
:103F3000132E2533181C202906001AB302F0BAFAF2
:103F4000002003B000BD02F0DFF8F9E722B102F073
:103F500073F9F5E7002AFAD002F04EF9F0E7DAB18A
:103F600002F0E8F9ECE722B102F074FAE8E7002A7F
:103F7000FAD002F055FAE3E74AB102F0BBF9DFE705
:103F8000002ADBD002F0A8FADAE7002AF5D002F026
:103F9000C1F9D5E7002AE3D002F0E4F9D0E7012027
:103FA000CFE700BF4A7912B101221046704700B531
:103FB00083B0CDE90002FEF7BDFC009B019A00F042
:103FC0002201A3F5F04040380C285BD8DFE800F070
:103FD0001020151A252C3245393F4C530700002973
:103FE0004BD0009202F066FA009A104603B000BD72
:103FF000009202F0E5F9009AF7E7009202F084F8E7
:10400000009AF2E759B1009202F016F9009AECE733
:10401000009202F0A1F8009AE7E70029F3D000929D
:1040200002F0EAF8009AE0E731B1009202F072F98A
:10403000009ADAE70029F8D0009202F05BF9009AC2
:10404000D3E761B1009202F075F9009ACDE769B14A
:10405000009202F0FFF9009AC7E70029F2D000921F
:1040600002F080F9009AC0E70029F1D0009202F036
:10407000D7F9009AB9E70029B3D0009202F02CFAE0
:10408000009AB2E70122B0E700B585B010F47F4F87
:104090000190C0F3072EC0F3074235D09DF804000D
:1040A00009B12D4B9A5C2D4900EB40035B00A1FB4D
:1040B0000313D90901EB810303EB0313C3EB4003A3
:1040C00003EB4303DBB21EFB03FCC3F1FF0313FB53
:1040D0000EF34FEA2C2CCEF1FF0ECCF1FF0C1B128D
:1040E0001EFB02FE1CFB02FCC3F1FF034FEA2E2E57
:1040F0004FEA2C2C13FB02F3062928D8DFE801F045
:104100001509181C2127150009B1134B9A5C944618
:1041100096465FFA8CFC00206CF30700D2B262F383
:104120000F206EF3174005B000BD94461A12F0E759
:10413000F4464FEA232EECE76346F44696461A46C9
:10414000E7E711464FEA232C72468E46E1E76346C5
:10415000944672469E46DCE750FE010881808080CE
:1041600084B0012104B0FFF78FBF00BF84B001907D
:104170008DF80420019B0020DAB262F30700C3F33C
:10418000072262F30F20C3F3074363F3174004B021
:10419000704700BF84B030310A4B019013F81130E2
:1041A0009B1A8DF80430019B0020DAB262F30700FD
:1041B000C3F3072262F30F20C3F3074363F31740EF
:1041C00004B07047942600200C4B84B003EB4103ED
:1041D000019093F861309B1A8DF80430019B002008
:1041E000DAB262F30700C3F3072262F30F20C3F3CE
:1041F000074363F3174004B0704700BF94260020C4
:1042000084B0134B01903031844603EB410013F826
:10421000113041789A1AA1F12003C1F12001002048
:1042200049B25BB28342B8BF0B461A4462448DF870
:104230000420019BDAB262F30700C3F3072262F3A2
:104240000F20C3F3074363F3174004B0704700BF68
:104250009426002084B003EB43039DF810200190C6
:1042600002EB53028DF80420019B0020DAB262F3C6
:104270000700C3F3072262F30F20C3F3074363F37E
:10428000174004B0704700BF10B54C4264B249B249
:1042900031EA210128BF2146C1F1380102FB02F2B7
:1042A00011FB012184B01FFA81FCBCF1010F0190C8
:1042B0003ED9BCF5F75F9DBF4FEA5C1E0EF1080EBC
:1042C0005FFA8EFE4FF0FF0E012005E0FF2932D08D
:1042D0000132D0B2704516D800EB0E01491001FB37
:1042E00001F4A4B264450A46F0D9013A5FFA82FEAD
:1042F0000EEB0002521002FB02F1704589B202D8A7
:104300006145F2D8E4E7013800EB400003448DF842
:104310000430019B0020DAB262F30700C3F30722E6
:1043200062F30F20C3F3074363F3174004B010BDDB
:104330000CEB4C00EAE7FD20E8E700BF84B0DFF8B3
:104340004CC0019030330CEB43001CF81330407824
:10435000703B01FB03F3203802FB0032002A9DF87A
:104360000430B8BF7F3203EBE2138DF80430019BB9
:104370000020DAB262F30700C3F3072262F30F20D2
:10438000C3F3074363F3174004B07047942600203B
:1043900084B0DFF84CC0019030330CEB43001CF8C4
:1043A00013304078703B01FB03F3203802FB0032EE
:1043B000002A9DF80430B8BF3F3203EBA2138DF8FA
:1043C0000430019B0020DAB262F30700C3F3072236
:1043D00062F30F20C3F3074363F3174004B0704741
:1043E00094260020FF2928BFFF21C943C0F30743BB
:1043F000C9B284B003FB0111091201908DF80610B7
:10440000019B0020DAB262F30700C3F3072262F3D4
:104410000F20C3F3074363F3174004B0704700BF96
:1044200084B003EB8303BDF8102001901A4492B2CC
:10443000FF2A28BFFF22C0F30743D24353FA82F278
:10444000FF2A28BFFF228DF80620019B0020DAB248
:1044500062F30700C3F3072262F30F20C3F307439D
:1044600063F3174004B0704784B0482B0190BDF847
:1044700010C0C0F307402ED8ACEB03039BB2FF2B58
:1044800028BFFF23083189B2102904D902F108019D
:1044900089B2102921D8DB43DBB211491844002A24
:1044A0004978B8BF0332FF2801EBA20328BFFF20E1
:1044B0008DF806008DF80430019B0020DAB262F31B
:1044C0000700C3F3072262F30F20C3F3074363F32C
:1044D000174004B07047FF23D4E70023DDE700BF97
:1044E0007099002084B0BDF810200190D31A9BB2BF
:1044F000FF2B28BFFF23DBB283F0FF0CC0F3074282
:104500006244FF2A28BFFF2203448DF806208DF85D
:104510000430019B0020DAB262F30700C3F30722E4
:1045200062F30F20C3F3074363F3174004B07047EF
:1045300084B0BDF810200190D21A92B2FF2A28BF91
:10454000FF22C0F30743D24353FA82F2FF2A28BF67
:10455000FF228DF80620019B0020DAB262F30700EB
:10456000C3F3072262F30F20C3F3074363F317403B
:1045700004B0704700B585B0C0F3074C01909DF8BA
:1045800018001B1A6344BAB9C90FC9015B1ADBB220
:104590000CFB03331B128DF80630019B0020DAB2AE
:1045A00062F30700C3F3072262F30F20C3F307434C
:1045B00063F3174005B000BD82EAE270A0EBE27041
:1045C00000B2002901EB000E0DDB091A490191FB35
:1045D000FEF1C1F12001C9B24842C0B231EA220164
:1045E00028BF0146D2E7401A4FEA4E1E9EFBF0FE5E
:1045F000CEF1600E5FFA8EF1EEE700BF84B001905D
:104600009AB9C90FC9010B448DF80430019B0020F1
:10461000DAB262F30700C3F3072262F30F20C3F399
:10462000074363F3174004B0704782EAE270A0EBDF
:10463000E27000B2002900EB010C0DDB091A490100
:1046400091FBFCF1C1F12001C9B24842C0B231EA8C
:10465000220128BF0146D6E7401A4FEA4C1C9CFBBA
:10466000F0FCCCF1600C5FFA8CF1EEE784B09DF8C1
:1046700010C00190A3EB0C039AB9C90FC9015B1AD2
:104680008DF80430019B0020DAB262F30700C3F317
:10469000072262F30F20C3F3074363F3174004B00C
:1046A000704782EAE270A0EBE27000B2002900EBF2
:1046B000010C0DDB091A490191FBFCF1C1F120014C
:1046C000C9B24842C0B231EA220128BF0146D6E74A
:1046D000401A4FEA4C1C9CFBF0FCCCF1600C5FFADA
:1046E0008CF1EEE75308D20984B0194A01901ABF41
:1046F00083F0FF0303F00F0C03F00F0CC3F301135F
:10470000C0F3074102EB430012F81330427818BFA0
:104710000CF1010C12FB0CF203EB12135BB2002B39
:10472000B8BF5B425B00DBB201FB03331B128DF8A9
:104730000630019B0020DAB262F30700C3F30722C0
:1047400062F30F20C3F3074363F3174004B07047CD
:104750002CFE010884B004B0FFF702BD264B4A7856
:10476000034493F81631134200D1704710B5044644
:104770002248028802EB422343F2196C02EB8302C7
:10478000624402EB422384B002EB8303634402EBF6
:1047900012228DF808200380194A019103EB13239C
:1047A000C3F34603D2788DF80A207F338DF80930A1
:1047B0000298FFF7CFFF0199124BCA781B5D8DF865
:1047C0000C00C0F307219A42C0F307408DF80D108A
:1047D0008DF80E0001D004B010BD0B4A5268019252
:1047E000DDF804C0CAB29DF80C10C3B2204604B074
:1047F000BDE81040604700BF9426002040280020FC
:10480000709900207899002034FE01082DE9F04FBE
:10481000037803EBC30203EB4204E4B204F1130395
:104820005FFA83F9B9F15B0FCA4628BF4FF05B0A04
:10483000544589B080F08F80DFF86481544B98F83C
:1048400004201B88534DCDF81490520802FB03330B
:1048500005F21516C3F3072304910746039305EBEE
:10486000440506EB040919F8012F7B781A426AD037
:1048700095F8612095F86010203A703902FB02FB30
:1048800001FB01BB1FFA8BFBBBF1010F7BD9BBF511
:10489000F75F9DBF4FEA5B1E0EF1080E5FFA8EFEBA
:1048A0004FF0FF0E01204E4606E0BCF1FF0F6DD029
:1048B0000133D8B2704519D800EB0E0C4FEA6C0CDE
:1048C0000CFB0CF91FFA89F9D9456346EDD9013B78
:1048D0005FFA83FE00EB0E035B1003FB03FC7045E5
:1048E0001FFA8CFC02D8DC45F1D8E1E7431EB14643
:1048F000DBB20398009098F802C098F80100049E7B
:1049000040EA0C2098F803C040EA0C40B047C0F3DE
:1049100007238DF81C00C0F307408DF81D308DF87B
:104920001E000798FFF716FF1B4BFA781B5D8DF8EA
:104930001800C0F307219A42C0F307408DF8191000
:104940008DF81A000FD00134E3B29A4505F1020543
:1049500089D8DDF81490B9F15A0F8CBF00200120DE
:1049600009B0BDE8F08F0D4BCAB25E689DF8181013
:10497000C3B220460134B047E3B29A4505F10205BF
:104980003FF671AFE5E75FFA8BF3B2E7B146B0E708
:10499000D4990020942600207899002034FE010844
:1049A000709900202DE9F04F047804EBC40304EB68
:1049B0004304E4B204F113035FFA83FEBEF15B0F1C
:1049C000F24628BF4FF05B0A544587B05CD2324BA9
:1049D000324FB3F80090324D3B79DFF8CCB0029102
:1049E00005F215165B0803FB099926448046C9F3B6
:1049F000072905EB4405CDF80CE00196019A12F861
:104A0000011F019298F8012011424B4634D0B97829
:104A1000787897F803C095F86120029E40EA01205B
:104A200095F8601040EA0C407039203AB047C0F366
:104A30000722C0F307438DF815208DF816308DF846
:104A400014000598FFF786FE1BF8043098F8032041
:104A50008DF81000C0F30721C0F3074C9A428DF87F
:104A600012C08DF8111007D10E4BCAB25E68C1B2E8
:104A70005FFA8CF32046B0470134E3B29A4505F162
:104A80000205BBD8DDF80CE0BEF15A0F8CBF002048
:104A9000012007B0BDE8F08FD49900207099002064
:104AA0009426002034FE0108789900202DE9F04F6B
:104AB000047804EBC40304EB4304E4B204F11303ED
:104AC000DAB25B2A934628BF4FF05B0B5C4585B09A
:104AD0004ED22B4E2B4B96F804801B882A4DDFF8C4
:104AE000B0A001924FEA980808F1020803FB08F809
:104AF000254489460746C8F307280095009B13F80C
:104B0000010F00937B7818424246E1B22BD0B07877
:104B1000737843EA0023F07843EA0040C847C0F3C3
:104B20000722C0F307438DF80D208DF80E308DF865
:104B30000C000398FFF70EFE1AF80430FA788DF88F
:104B40000800C0F30721C0F3074C9A428DF80AC051
:104B50008DF8091007D10D4BCAB25D68C1B25FFA7A
:104B60008CF32046A8470134E3B29B45C6D8019A8E
:104B70005A2A8CBF0020012005B0BDE8F08F00BF8D
:104B800070990020D4990020A927002034FE010844
:104B9000789900202DE9F04F04785E4E04EBC403B1
:104BA00004EB4304E4B204F11303DAB25A4B1D8858
:104BB00033799B0803FB0555C5F307235B2A03F1F3
:104BC000400C934628BF4FF05B0B1CF0400F89B0A0
:104BD0004FEA25255FFA8CF740F0948007F00F0E1E
:104BE000BC4617F0800F4D4FCCF3011C07EB4C086F
:104BF00017F81CA098F801C01CFB0EFC0AEB1C1A4D
:104C00005FFA8AFACAF1000C5FFA8CFC18BFE24620
:104C100013F0400F4FFA8AFA70D083F0FF0C0CF0BB
:104C20000F0E0EF1010E15F0800FCCF3011507EBFE
:104C3000450C17F815909CF8015015FB0EF509EB83
:104C400015195FFA89F9C9F10005EDB218BFA94637
:104C50005C454FFA89F94AD2314DDFF8CC80039197
:104C600025440746049305920295029810F801CF57
:104C7000029078781CEA000FE3B24A46514631D0E0
:104C8000049D7078009596F802C0039D40EA0C20C0
:104C900096F803C040EA0C40A847C0F307238DF8FC
:104CA0001C00C0F307408DF81D308DF81E000798DA
:104CB000FFF750FDC0F30723FA788DF8193018F884
:104CC00004308DF818009A42C0F307408DF81A009E
:104CD00008D1144B9DF819205D689DF81810C3B2D7
:104CE0002046A8470134E3B29B45BED8059A5A2A0C
:104CF0008CBF0020012009B0BDE8F08F03F00F0E3B
:104D00009C4690E787F0FF0C0CF00F0E0EF1010EA1
:104D100067E700BF70990020D49900202CFE01089D
:104D2000A927002034FE0108789900202DE9F04FD2
:104D3000037803EBC30203EB4204E4B204F1130370
:104D4000DAB25B2A934628BF4FF05B0B5C4587B015
:104D50007ED2DFF82481444E98F80430434DDFF8CA
:104D60001CA101910133FF2B28BFFF234FF6FF7CCD
:104D7000BCFBF3FC1FFA8CF781462644CDF808C033
:104D80000097039203E00134E0B283455FD916F83F
:104D9000012F99F801301A42F5D02B78013B180603
:104DA00060D4334A009FDBB21A44E0B202E0013B18
:104DB000190654D412F8011D8142F8D105EB4301C4
:104DC00091F819C0897E4CEA0121B942EFD20097CF
:104DD00098F8043098F8022098F803000133FF2B6C
:104DE00028BFFF2303FB011198F8013043EA022397
:104DF000C1F30F2143EA0040019B9847C0F307230A
:104E00008DF81400C0F307408DF815308DF81600AA
:104E10000598FFF79FFC99F803201AF804308DF8E5
:104E20001000C0F307219A42C0F307408DF811101B
:104E30008DF81200A7D10F4BCAB25F689DF8101011
:104E4000C3B220460134B847E0B283459FD8039AE5
:104E50005A2A8CBF0020012007B0BDE8F08F0299CC
:104E60000097B5E70299B3E7A9270020D899002059
:104E7000EA99002034FE01087099002078990020FA
:104E80002DE9F04F0B7803EBC30403EB4403DBB2D3
:104E900003F11304E4B25B2CA44628BF4FF05B0C73
:104EA00063458DB080F0DC80734E744F0890984657
:104EB00006F2151303EB08093B78059106EB48064B
:104EC00003930994CDF818C0CDF81090454602928E
:104ED00007E0069A0135EBB29A4206F1020640F26B
:104EE000BE80049B13F8012F0493059B5B781A4244
:104EF000EFD0032262490AA809F09CFD039A089B9F
:104F00009A4240F2B4800795029C5E4D984607EBAA
:104F100003094FF0000B19F8013F96F8612099F84A
:104F20000810521A96F8601002FB02FAC91A01FB27
:104F300001AA1FFA8AFABAF1010F40F28A80BAF583
:104F4000F75F9DBF4FEA5A1C0CF1080C5FFA8CFC0E
:104F50004FF0FF0C0120CDF808B007E0FF2B7BD00D
:104F60000EF1010E5FFA8EF0604519D800EB0C03CC
:104F70005B1003FB03FB1FFA8BFBD3459E46EDD969
:104F80000EF1FF3E5FFA8EFC00EB0C0E4FEA6E0E48
:104F90000EFB0EF360459BB202D85345F0D8DFE715
:104FA000431EDDF808B0DBB295F804C007EB480EED
:104FB0000CF1010C9EF819009EF81AE08DF82AB049
:104FC000BCF1FF0F28BF4FF0FF0C40EA0E200CFB96
:104FD0000000C0F30F2000900A98A04708F10108D4
:104FE000039A8DF828005FFA88F3C0F3074B9A42C2
:104FF000C0F307208DF82AB08DF829005FFA8BFBEB
:1050000089D8AA46079D02949AF8033003FB0BBB8C
:105010004FEA2B238DF82A300A98FFF79BFB059B5C
:105020008DF82C00DA78184B5B5DC0F307219A42AB
:10503000C0F307408DF82D108DF82E007FF449AF96
:10504000124BCAB25C689DF82C10C3B22846A04728
:105050003FE75FFA8AF3A7E7DDF808B0A4E7099C09
:105060005A2C8CBF002001200DB0BDE8F08FDFF876
:1050700014A04FF0000BC7E794260020D899002019
:1050800071990020709900207899002034FE010861
:105090002DE9F04F0478264A04EBC40304EB4304E3
:1050A000E4B25378917804F1130906465FFA89F95E
:1050B000D07843EA01234F4683B05B2F43EA004098
:1050C00028BF5B27FFF746FBBC42C0F307238DF8E0
:1050D0000400C0F307408DF805308DF806001ED29D
:1050E000144DDFF85480DFF854A005EB040B1BF8D7
:1050F000012F73781A420ED018F80430F2789A42D1
:1051000009D1DAF804509DF806309DF805209DF885
:1051100004102046A8470134E3B29F42E7D8B9F112
:105120005A0F8CBF0020012003B0BDE8F08F00BFF4
:1051300070990020A92700207899002034FE0108EA
:105140000149FFF7B3BC00BFE54601080149FFF77D
:105150005DBB00BF754501080149FFF7A7BC00BF53
:105160006D4101080149FFF7A1BC00BF954101084D
:105170000149FFF79BBC00BFC94101080149FFF786
:1051800095BC00BF014201080149FFF73FBB00BFCA
:10519000554201080149FFF705BC00BF89420108DB
:1051A0000149FFF7FFBB00BFFD4501080149FFF7BB
:1051B0002DBB00BF6D4601080149FFF7EBBC00BFE6
:1051C0003D4301080149FFF7E5BC00BF91430108D9
:1051D0002DE9F0410478C278817882B00546002C30
:1051E0003DD13B4B18793B4B1030FF281B8828BF23
:1051F000FF2000FB03331B1203EB430000EB001006
:1052000000EB002003EB80039BB243F23330834278
:1052100043D83148314F038803EB432603EB860321
:1052200003F558531933038003EB1323DBB203EB6D
:10523000430003EB8003C3EBC303C3F30F2327F83F
:105240001230B84600293CD00127132620460134ED
:105250002946E4B2FFF782FAB442F7D316E004EB32
:10526000C40304EB4303DCB204F11303DBB25B2B96
:105270001E4628BF5B265A2B8CBF0027012749B941
:10528000164B984633F812309C420ED9384602B07D
:10529000BDE8F081B442D9D3F8E70029D4D10F4B4F
:1052A000984633F8123001271326B342EED2D8B213
:1052B00029460192FFF752FA019A5C2328F812302E
:1052C000E4E71326B3424FF00107DFD2EFE700BF58
:1052D00070990020D4990020402800202428002024
:1052E000024B00200021C3E900017047006C002040
:1052F000F0B50378C67883B00446002B64D05A4DCD
:105300002A78002A56D1594A594D0021117035F892
:10531000162003EBC30103EB4103DBB203F11306D9
:105320009342F6B240D85B2E334628BF5B239342AC
:105330003AD9504B1344627893F81631134233D064
:105340004D490B8803EB432203EB820343F21960C0
:10535000034403EB132292070B806AD50023ADF8B8
:1053600000308DF802300098FFF7F4F9C0F30723FE
:105370008DF80530E3788DF80400C0F307403F4A0C
:105380008DF8060035F81300125C9A4209D13C4BA7
:105390009DF805205F689DF804109DF80630B84719
:1053A000E3785C2225F813205A2E8CBF00200120C0
:1053B00003B0F0BD03F008FC324B002243F8260096
:1053C0002A702378E6789EE7284A012303FA06F13B
:1053D00013780B4313702B4B53F8260003F096FB06
:1053E000294AE17812792378C2F5A07282421CD250
:1053F00021481D4E02881E4D4FF00107377002EB09
:10540000422602EB860202F558521932028002EB64
:105410001222D2B202EB420002EB8002C2EBC202C5
:10542000C2F30F2225F8112073E7114D35F8112032
:105430006FE703EB432203EB8203034403EB4322B6
:1054400003EB820202440A8002EB122203EB1323D5
:10545000C2F346028DF8003002F17F038DF801306F
:10546000094BDB787DE700BFFB6A0020FC6A002067
:105470002028002094260020402800207899002031
:1054800034FE0108006C0020709900202DE9F04FD7
:105490004E4E06EB001387B013F801A0BAF1FF0FD0
:1054A00076D04B4A02EB00138C460B440AF1300ACB
:1054B0008146059306EB4A0B3446114600256046AB
:1054C0008C46A64600275FFA85F80291039404955E
:1054D0001EF8011BFF294CD0C8455CD0303106EBCB
:1054E000410316F811105C789BF801301B1B16F86D
:1054F0001A4003FB03F3641A04FB0434A4B2012C26
:1055000059D9B4F5F75F9DBF61090831C9B2FF21D0
:105510000123019705E0FF2D4FD00132D3B28B421A
:1055200013D85D186D1005FB05F7BFB2A7422A46D8
:10553000F1D9013AD1B2CA18521002FB02F58B42DE
:10554000ADB202D8A542F4D8E7E7013BDBB2282B85
:10555000019F0ED8A3F1180110292CD8C3F12803FC
:105560009CF800100B449BB2FF2B28BFFF238CF844
:1055700000300137FFB2102F0CF1010CA8D102A9A5
:1055800032C90135062D04F1100401F1100197D143
:1055900007B0BDE8F08FB842A0D1059A1378013763
:1055A0002033FF2BFFB228BFFF23102F13700CF105
:1055B000010C8DD1E3E71023D2E7019F0137FFB241
:1055C000102F0CF1010C83D1D9E700BF94260020E5
:1055D000346B00200149FFF7A9BB00BFE543010878
:1055E0000146024A0020FFF74BBC00BF21440108DE
:1055F0000146024A0020FFF743BC00BF694401088E
:10560000044B054A1B78013B23EAE3730146D8B2F9
:10561000FFF736BCD8990020E5440108044B054A41
:105620001B78013B23EAE3730146D8B2FFF728BC9D
:10563000D899002031450108F8F76AB9F8F7EEB9B2
:1056400008B50348FDF72AFB024B00221A7008BD7B
:1056500070990020FD6A002009480A4908B5152301
:10566000032200F8013B09F0E5F905484FF67F7386
:105670008380FDF713FB044B00221A7008BD00BFA6
:105680007099002090F50108FD6A00200020704705
:1056900030B583B0044601911546FFF7F7FF064B7E
:1056A000019903EB04135B5CFF2B02D0421C2B54CB
:1056B000D0B203B030BD00BF94260020704700BFB9
:1056C0002DE9F04F037803EBC30703EB4707FFB265
:1056D00007F11302D5B289B0827802905B2DAB46F8
:1056E00028BF4FF05B0B002A40F0A880002B00F091
:1056F0008F80684B0493684E0595D946DFF8B8B1A2
:105700004FF00008A6F1100AA6F110045D46CDF88E
:105710000CB0019614F8013BBB425BD34B450AEB3E
:10572000030108F1010255D2029E91F81611737817
:1057300019425FFA82F84DD095F800B0ABF15502EE
:105740006FF05501002AA8BF8B1A544AB8BF0B4608
:105750008DF8183093788DF819300BF1AA03FF2BD0
:1057600028BFFF2303EB4303D2780233DBB202FBF3
:1057700003331B128DF81A300698FEF7EBFF484BE7
:1057800014F8012C96F803C0995C8DF81C00C0F346
:1057900007238DF81D308C45C0F307438DF81E306C
:1057A00009D1404B9DF81C105E689DF81E301046D4
:1057B0009DF81D20B0473C4B1B785BB1029B1A78CB
:1057C000049B1B780BF1FF3B2BEAEB7B9A4218BF43
:1057D00085F800B0019BA34205F101059AD11E4650
:1057E000324BDDF80CB0B34206D0B8F1120F06F11F
:1057F00010060BF1100B87D9059D029B049A1B78AC
:1058000013705A2D8CBF0020012009B0BDE8F08F25
:10581000204B04931B78002B3FF46DAF244C208861
:1058200003F06CF9204B18288CBF012200221A705B
:105830007FF661AF03F002FA20805CE71D4E90F81E
:105840000380DFF860A001956FF48A79A9EB06095F
:1058500006F2151406F5B87601E0B44210D02046E1
:1058600014F8013FB8EB131FF7D14844DAF804509D
:10587000FFF724FF00231A461946A847B442EED189
:105880000D48019D6022002109F088F8029B1B78D9
:105890002CE700BFFA6A0020A4260020709900209F
:1058A0007899002034FE0108F86B0020F4260020CF
:1058B000FA6B002094260020346B00202DE9F04F75
:1058C0000178DFF8FCA24A1C834602EBC20089B0D3
:1058D00002EB4002D2B29AF8035005929BF80220E4
:1058E0002B467AB9002900F0F380DFF8D8A2012313
:1058F0008AF80030059B5A2B8CBF0020012009B08C
:10590000BDE8F08FA64E9BF80370DFF8A8920095D3
:105910006FF48A78A8EB060806F21514019506F5CF
:10592000B87601E0B44210D0204614F8013FB7EB3E
:10593000131FF7D14044D9F80450FFF7BFFE0023EE
:105940001A461946A847B442EED1964E019B009DD7
:105950000396602200213046009309F01FF8924A16
:10596000002111709BF80020002ABED19AF8034054
:10597000009BA54201D000F281802546DFF844A2B9
:1059800003EB43099AF80000FF21B1FBF3F3049302
:105990004FEAA90302934FEA990218B183490B78A1
:1059A00001330B70DFF8F891DFF8F8C100959046ED
:1059B000039BCDF804C0ACEB0307FFB2664600249E
:1059C000E5B280B1784B1B782B4378D0337853B154
:1059D000009A934207D2754A049912788A4204BF0A
:1059E00003F1FF333370284606AA3946FFF74EFE0F
:1059F000230119F80330FF2B04D00DEB0002013016
:105A00001376C0B2C0B132789DF81800684B9BF88D
:105A100003101B5C424543D999420DD1654B029955
:105A20005D68009B521A5B1A01FB02F292FBF3F2D3
:105A3000D3B21946009AA8470134062C9AF8000000
:105A400006F11006BCD1DDF804C05B4B0CF1010C73
:105A5000634509F10109ABD1009D68B1534B049A2C
:105A60001978914204BF002119704F490B78013316
:105A7000DBB21C2B2FD80B70002339E706F1600036
:105A80007036A0F160010A7812FB04F2B2FBF5F265
:105A900001F8102B8842F6D10130B042F1D16CE709
:105AA0009942C9D1009B13FB02F2029BB2FBF3F2B5
:105AB000404B5D680023D2B21946A847BCE708F006
:105AC000DFFE3E4B984281DCDDE900231A708AE755
:105AD000344A039252E700230B70039B4FF04F08A8
:105AE0006FF03F0C052403F15001A3F10F0703F100
:105AF000600E05F1FF395246052C084607EB0803F6
:105B0000164620D10278AA4232D013F8012B9542D2
:105B10000ED901308645F5D1013C14F0FF04324620
:105B20000CF1100CA8F11008E6D1B246A4E7009CD5
:105B300003F8019C01300CEB0302864502F8085083
:105B4000EAD0052CDED002469A4600949AF800402E
:105B50000133AC4202F1010003EB0C0B12D3704590
:105B600003F8019C02460BF8085016D09A46EDE760
:105B700080F8009013F8012B9542D9D90130704577
:105B8000C0D1C9E7704502F1020206D01C78AC42D0
:105B90000AF10203CBD27245E8D1009CBCE700BFFA
:105BA00094260020986B0020F96A0020F86A0020F3
:105BB0007899002034FE0108A86B00205455550543
:105BC000709900201C28002010B5DFF824C084B094
:105BD000DCF80440039102920193FFF76FFD019BF3
:105BE000029A0399A44604B0BDE81040604700BF84
:105BF00034FE0108014B9B68184700BF34FE0108C2
:105C00008C4611461A460A4B13F80C30834200D0DA
:105C1000704700B5074883B0406801909DF8103088
:105C20006046DDF804C003B05DF804EB604700BFD8
:105C30007899002034FE01082DE9F04F87B08046A6
:105C400089461546FDF78AF850B165B9494B1A786F
:105C5000082A00F282802A4649464046F8F7DAF8D8
:105C600007B0BDE8F08F04AA49464046FFF70EFD95
:105C7000DFF80CE10EEB0813044613F80930FF2B94
:105C800004D00DEB000201341374E4B2394B1A78DE
:105C90002244082A2ADCF4B11A781444E7B20DF140
:105CA0000F060024981816F8011F417401F1300CFA
:105CB00003EB420101324C768C760EEB4C01D2B2F2
:105CC0001EF81CC0497880F801C0BA424172E9D17F
:105CD0001A70002DBFD0284B1B7803F0FC03402B1B
:105CE000B9D149464046FFF7D1FBB4E7C4F10807F4
:105CF000620002F1190B7A00009204F11102611C9A
:105D000004F1090A019202971C4E039319443A4682
:105D1000304608F08FFE039B3A4603EB0A0106F17A
:105D2000080008F087FE039B009A009303EB0B0129
:105D300006F1180008F07EFEDDE900133A4619442A
:105D400006F1100008F076FE029B06F8013C002CDC
:105D5000BFD0DFF82CE0009B9EE70827102011221F
:105D6000CDE9000202974FF0190B4FF0090A01210B
:105D70002C46C9E7006B002070990020016B0020C1
:105D800094260020704700BF70B5764B1B78834285
:105D900084B0054636D0744C744801235B22002140
:105DA000A37008F0FBFD08220DEB02001721FDF7A0
:105DB0005DFD6F4B01930322581C0DF1090108F0A2
:105DC00039FE019B9DF80C201A715B7962789A422A
:105DD00006D06849637000228B68104611469847C8
:105DE000182D00F2B780DFE805F098948F8A85803F
:105DF0007B76716C67625D58545038342F29473C6C
:105E00004D251A005A4B5C491A780978564C02F015
:105E100003028A420CBF00220122A270D5E7524839
:105E2000F7F7FCFD237801332370002800F0898008
:105E300004B070BD4C48F7F76BFDF3E74F4A4A4991
:105E40000020FFF71DF8EDE74D494748FEF76EFFCC
:105E5000E8E74548FFF732FDE4E74348FFF730FC49
:105E6000E0E7484B484A18783F49013820EAE0709B
:105E7000C0B2FFF705F8D5E7444A3B490020FEF7DA
:105E8000FFFFCFE73F4B424AEDE73748FFF730FAD5
:105E9000C8E73548FFF79CF9C4E73E493248FEF7AA
:105EA00079FEBFE73C493048FEF774FEBAE73B494C
:105EB0002D48FEF7ABFCB5E739492B48FEF772FDDC
:105EC000B0E738492848FEF76DFDABE7364926486C
:105ED000FEF79CFCA6E735492348FEF7E7FDA1E75E
:105EE00033492148FEF7E2FD9CE732491E48FEF7A0
:105EF000DDFD97E730491C48FEF7D8FD92E72F49B2
:105F00001948FEF783FC8DE72D491748FEF7CEFDB3
:105F100088E71548FFF7BCF884E7A378B3B1154BC1
:105F200000229B68114610469847F7F7D1F923786D
:105F3000A2780133237022B9224B03221A7004B0D5
:105F400070BD204B02221A7004B070BD237801335B
:105F50002370F1E723781B4A01330221237011706B
:105F600066E700BF34280020302800207899002000
:105F70007099002034FE01083528002021440108D2
:105F8000E5430108D8990020E54401086944010867
:105F900031450108914301083D4301086D46010860
:105FA000FD450108894201085542010801420108E6
:105FB000C9410108954101086D4101087545010875
:105FC000E54601082C280020012070470120704779
:105FD00000EBC00300EB4300C3B203F11302002047
:105FE00063F30700D3B25B2B28BF5B2382B063F35C
:105FF0000F2002B0704700BF01207047012070479A
:1060000008B5FFF7FBFF08BD174B70B51B68174DB0
:10601000174E9847174800241022FF2100F8194B0B
:1060200008F0BCFC14481022FF2100F8194B08F0BE
:10603000B5FC012328463370FCF72EFE2B78347014
:10604000032B00D970BD2846152300F8013B0B49EE
:10605000032208F0EFFC4FF67F732846AB80FCF775
:106060001DFE347070BD00BF34FE01087099002021
:10607000FD6A0020D8990020006B002090F50108EF
:1060800038B51C4C237803F0030282F0010262F35E
:1060900001032370184B00210546197010BB2378AB
:1060A000164813F0030F4FF003024FF0180118D0F9
:1060B00094F803C00CF11003BCF12F0FDBB210D821
:1060C000E37015B1FDF7D8FBE9E72F2B09D80CF1E8
:1060D00020020CF13003D2B2DBB22F2A98BF1A464D
:1060E000E27038BD217801F0FC0117201143FDF763
:1060F00041FBD4E7709900202C28002071990020E2
:106100000020FFF7BDBF00BF0120FFF7B9BF00BFF0
:1061100010B50F4C237813F0030304BF0D4A13701E
:106120002278E378012161F3010222702F2B09D834
:10613000207810F0030003F1100304D0DBB22F2B02
:10614000E370F5D910BDFFF79BFFE378EEE700BFE2
:10615000709900202C280020094A13789B0702D050
:10616000084B00211970137823F00303C3F3850152
:106170008900172001F0FC011370FDF7FBBA00BF86
:10618000709900202C280020054B1A78920702D025
:10619000044A002111701A7822F003021A70704725
:1061A000709900202C280020024B187800F0030082
:1061B000704700BF709900200A4B1A78920708D0E8
:1061C00040B901201A78084960F3870200201A704C
:1061D00008707047182801D91820F3E700F03F0035
:1061E000F0E700BF709900202C280020014B1878A0
:1061F0008008704770990020DFF838C09CF80020B4
:1062000093080133192B28BF012391070ED063F3A4
:10621000870202F0030141EA83018CF80020044A5E
:106220000023C9B217201370FDF7A4BA704700BF4E
:106230002C2800207099002011480278C2F38503B1
:10624000013B13F0FF0302F0030211D1BAB1602148
:106250004FF0180C03780B4A6CF38703037003F0BC
:1062600003031943C9B2002317201370FDF782BA44
:106270002AB1182BEBD803F03F0C9900EAE77047DE
:10628000709900202C280020044B93F800C01CF0CB
:10629000030F02D058709970DA707047709900201F
:1062A00000B583B00949032201A808F0C3FB9DF89B
:1062B00004109DF805209DF80630002061F30700CA
:1062C00062F30F2063F3174003B000BD7199002003
:1062D000014B5878704700BF70990020014B9878A7
:1062E000704700BF70990020014BD878704700BFFD
:1062F00070990020064803789B0707D0437808333D
:1063000000F8013F03221821FDF7B6BA704700BF1D
:1063100070990020064803789B0707D04378083B14
:1063200000F8013F03221821FDF7A6BA704700BF0D
:10633000709900200A4B1A7892070FD093F802C088
:106340000CF1100CBCF1FF0F28BF4FF0FF0C032223
:106350001821581C83F802C0FDF78EBA704700BFA1
:1063600070990020084B1A7892070CD093F802C05D
:10637000ACF1100C2CEAEC7C03221821581C83F899
:1063800002C0FDF779BA704770990020DFF82CC081
:106390009CF800309B0709D09CF803301033FF2B8A
:1063A00028BFFF238CF8033010B97047FFF768BE91
:1063B000032218210CF10100FDF75EBA709900204C
:1063C00010B5154C237813F0030304BF134A137060
:1063D0002378E278012161F301032F2A237008D882
:1063E0000020FFF7D3FFE3782F2BF9D9217801F0B4
:1063F0000301237803F0FC0319431720C9B2FDF70A
:10640000B9F9E3782F2B05D80120FFF7BFFFE37818
:106410002F2BF9D910BD00BF709900202C28002027
:106420000B4B1A7892070FD093F803C00CF1100CA5
:10643000BCF1FF0F28BF4FF0FF0C03221821581C9E
:1064400083F803C0FDF718BA0120FFF719BE00BF9B
:106450007099002008B50F4B1A78910713D093F864
:1064600003C0ACF1100C03222CEAEC7C581C182160
:1064700083F803C0FDF700FA064B1A78920702D0A2
:10648000DB78302B00D908BDBDE808400120FFF7BC
:10649000F7BD00BF70990020024B1A78920718BF11
:1064A0001871704770990020014B1879704700BF30
:1064B00070990020074B1A78920709D0197910318A
:1064C000FF2928BFFF21C9B21B201971FDF752B95E
:1064D000704700BF70990020064B1A78920708D0C9
:1064E0001979103921EAE171C9B21B201971FDF740
:1064F00041B9704770990020014B1860704700BF88
:1065000028280020FCF7FEBB08B5034B1B69984701
:10651000024B01221A7008BD34FE0108306B0020C6
:1065200008B5034B5B699847024B00221A7008BDFF
:1065300034FE0108306B0020014B1878704700BF13
:10654000306B0020114B12491B78124A70B5124C67
:10655000124E1070C3F301030B70237805461BB174
:106560007369984700232370F36898470DB923781F
:106570001BB10B4B03221A7070BDF9F787FE002880
:10658000F7D03369984701232370F2E77099002010
:106590003528002034280020306B002034FE01080C
:1065A0002C2800202DE9F041544D286802F0AEFA65
:1065B000044602F009FBDFF85CE128609EF80070F9
:1065C00027B3C4F57F4C00210CF1FF0C3E468846F2
:1065D00006E023440131180A8E425370907010D0A7
:1065E00001F10C020EEB42025378907843EA00234B
:1065F0006345EED901318E4207F1FF374FF00108B4
:10660000EED1B8F1000F01D08EF800703C4B1B7832
:10661000002B2ED03B4C2378032B10D8DFE803F05F
:1066200002441117384A394B2D6839481D60002142
:1066300011703849292208F0FDF901232370BDE8C3
:10664000F08100263046BDE8F041FFF77BBF324DB8
:106650002B7823B13148FCF721FB00232B702B4B07
:10666000186802F053FA0F28E9D900232370BDE817
:10667000F081FCF741FB2A4B1B689842CAD8274B94
:106680001E78B307C6D01F4C2378B608032BD6D884
:1066900001A252F823F000BF25660108B366010885
:1066A000456601084F660108BDE8F0410020FFF78C
:1066B0006BBB3046FFF768FB002EC0D02378022B5F
:1066C00017D0114B1B78013B03EBC30203EB4203D2
:1066D000DCB204F11305EDB25B2D28BF5B25294622
:1066E0002046FFF789FC29462046FFF789FCBDE8D4
:1066F000F081FFF769FCF5F729FDE2E72C6B00203C
:10670000316B00202C28002030280020D499002054
:10671000D8990020006B0020FD6A002070990020AD
:10672000282800200A4A034608B1107808B11370DF
:10673000704700B585B0039302920190FFF724FBE8
:106740000198FFF7FFFE039B029A137005B000BD8E
:10675000316B0020F0B583B001289DF8204003D9AB
:106760000023184603B0F0BD1F46124B1646002208
:1067700053F820000D461023114602F0B9FBB0B1CA
:10678000019005F00F010C4841F020010170022139
:10679000467002F0BFFB50B92146384602F0BAFB02
:1067A00028B902F0C1FB019B184603B0F0BD02F00E
:1067B000BBFBD5E738280020086C00202DE9F0410C
:1067C000434C064654F82000012500F00F01BCB0F0
:1067D00005FA01F12A4620F00F0006F047F854F8B8
:1067E000263023F00F0203F00F03002405FA03F311
:1067F000138303210CAB2246009530468DF83040C0
:10680000FFF7A8FFAA2303278DF8303000950CABC3
:10681000132203213046FFF79DFF0CAB394600954C
:10682000142230464FF004088DF83070FFF792FFC5
:106830000CAB39460095152230468DF83080FFF7B5
:1068400089FF40238DF8303039460CAB0095162275
:106850003046FFF77FFF0CAB394600951A223046D1
:106860008DF83040FFF776FF182206AB00922146E4
:1068700022463046CDE90644CDE90844CDE90A4434
:10688000FFF768FF2146C0220CA808F087F8C02255
:1068900000920CAB224629463046FFF75BFF0D4ABB
:1068A00007CA0C2300936B4483E807004146224645
:1068B0003046FFF74FFF00950DF10B032246394696
:1068C00030468DF80B50FFF745FF3CB0BDE8F08136
:1068D00038280020C0F601085A2822D870B5DFF801
:1068E00058E0144C1D461EF820300EEB800003F0DB
:1068F000030EDA2390F801C003FB0E438478C078BE
:10690000064613F80C0088420CD00A48DA2303FB31
:106910000E00012300F80C100255855580F8C03098
:1069200070BD7047185D9042EFD19B5DAB42ECD1DA
:10693000F6E700BF106C0020B4F901082DE9F04F14
:10694000DFF870801A4C81468A469346C4464FF061
:10695000000EDA200CE003F80290BEF15B0F4FF05E
:10696000010203F806A083F8C02003F807B01CD08A
:1069700018F82E309CF801209CF802609CF80370F7
:1069800003F0030300FB03410EF1010E8D5C4D4546
:106990000B460CF1040CDED18D5D5545DBD1C95D94
:1069A0005945D8D1BEF15B0FE2D1BDE8F08F00BFF1
:1069B000106C0020B4F901082DE9F0432B4D05EBD4
:1069C000800415F820C02A4894F803E090469946C0
:1069D00062780CF0030CDA2303FB0C0303EBD20305
:1069E000012793F8C160A37802F00704A74003F0E1
:1069F00007050EF0070479B33E43DA2101FB0C01D1
:106A000001EBD20201EBD30182F8C16091F8C12001
:106A10000121A940B8F1000F24D042EA0105DA2291
:106A200002FB0C0202EBD30102EBDE0281F8C15043
:106A300092F8C1300122A240B9F1000F0FD01343E8
:106A4000DA2202FB0C0000EBDE0E01228EF8C130D0
:106A500080F8D920BDE8F08326EA0706CDE723EACF
:106A60000203EDE722EA0105D9E700BFB4F9010806
:106A7000106C002030B5802183B01848012205F049
:106A8000F5FE164A8023138302F050F90020FFF729
:106A900095FE0120FFF792FE00240123E0B21A4682
:106AA00019460134FFF788FF5B2CF6D10C4C00250A
:106AB000237E43B96B1C022B04F1DA044FF001056D
:106AC000F6D103B030BD18230022009311462346AF
:106AD0002846FFF73FFE00232376EBE70004024041
:106AE000D16C00200C4A002302F1C00012F8011FF3
:106AF00082420B44FAD1094A02F1C00012F8011F88
:106B000090420B44FAD107EE903A9FED050AF8EE59
:106B1000677A87EE800A70470F6C0020E96C0020CE
:106B200080F7874710B50E4B84B0002493F8C0203F
:106B300042B9621C022A03F1DA034FF00104F5D1D5
:106B400004B010BDC0220092012100222046039310
:106B5000FFF700FE039B002283F8C020E9E700BF97
:106B6000106C0020014B80225A83704700040240C1
:106B7000014B80221A8370470004024001F0A0BD3F
:106B8000F0B586461C4643189E451046214633D232
:106B900000241EF8012B4240CD004FEAC20C1CEB32
:106BA000020C45EA527541EB05061CEB0C004FEA5E
:106BB00041154FEA421C764145EAD2651CEB000CB8
:106BC00045EB0605D701CE011CEB020C41EB050598
:106BD00010021CEB070C4FEA012146EA526645EB16
:106BE000060541EA12611CEB000C45EB0105411959
:106BF00014EB0C007345CCD1F0BD00BF08B5A0F577
:106C0000E8433F2B06D84B79C0B22BB900F066F8A9
:106C1000002008BD012008BD00F044F8F8E700BFDF
:106C2000704700BF052806D8044B00EB400003EB7B
:106C30008003D88870470020704700BF4824002098
:106C400010B500EB4004FFF7EDFF0E4A02EB8402A3
:106C500003B2D18890885B1AA3EBC313401A93FB4D
:106C6000F0F0002804DD10895B42401A93FBF0F03D
:106C70006FF07E039842B8BF18467F28A8BF7F20D8
:106C800000B210BD48240020054808B5837B03B935
:106C900008BD01F0E7FC02480023837308BD00BF74
:106CA000C46D00200F2800D9704708B50A4AC108F2
:106CB0004FF0010C00F0070382F80EC00CFA03F34A
:106CC00012F801C0104643EA0C03535401F0CAFC09
:106CD000014A0023937308BDC46D00200F2800D91A
:106CE000704708B50A4A4FEAD00C012100F00703AB
:106CF000917301FA03F312F80C10104621EA030312
:106D000002F80C3001F0AEFC014A0023937308BD79
:106D1000C46D00202DE9F843124FDFF84C90002598
:106D20003E462C464FF0010859F825300133E0B2B9
:106D300008D0FFF785FFB6F9023083421CBF708090
:106D400087F80E800134062C05F1030506F10206D2
:106D5000EAD1BB7B23B1034801F084FC0023BB7361
:106D6000BDE8F883C46D002048240020052809D818
:106D7000054B03EB4000B0F902208A4202D0012209
:106D800041809A73704700BFC46D002070B5002425
:106D9000074E254656F824300133E8B201D0FFF7FC
:106DA0003FFF0334122C05F10105F3D170BD00BF84
:106DB00048240020FFF7AEBFFBF758BF08B50020FE
:106DC000FCF734FC00F0010008BD00BF08B5FCF77B
:106DD00051FC40F6B83003F0A3FCFCF74BFCFFF786
:106DE000EDFF00B908BDFFF7E7FFBDE8084001F07F
:106DF00057BF00BF08B5FFF7E9FF08BD0120704786
:106E000008B5FFF7FBFF08BD0E4B0F4A1B6910B515
:106E10000E4C6FEA133394F800C003F001018C4567
:106E200082B00B46117000D148B100200193FAF7EF
:106E300093F90198FFF7E4FF034A1378237002B037
:106E400010BD00BF00040240D86D0020D46D0020AA
:106E500008B5054820224FF4805105F007FDBDE834
:106E600008400120FFF7D0BF000402400E4B0F4A3C
:106E7000186992F800C010B56FEA103000F00101F7
:106E80000B4C8C4582B0217001D102B010BD0020A6
:106E90000191FAF761F90198FFF7B2FF2378034AED
:106EA000137002B010BD00BF00040240D46D00207A
:106EB000D86D002010B5044682B000680DF10702BD
:106EC000012100F00BF923689DF8070001332360CE
:106ED00002B010BD0420704700F082B800F0A2B8E4
:106EE0002DE9F84300F078F84FF000095FFA89F7D0
:106EF0004FF000085FFA88F60024E2B231463846C7
:106F0000FAF7CCF9E2B2034631463846013400F0D4
:106F100089F8102CF1D108F10108B8F1060FE9D178
:106F200009F10109B9F1040FE0D1BDE8F88300BF10
:106F300000F09AB800F0B4B8032803D8052901D8A6
:106F40000F2A01D90020704700F04AB8102070477E
:106F500008B500F0BFF880B208BD00BF00F0BEB8B1
:106F600000F0DEB808B500F039F8BDE8084000F0E0
:106F7000FBB800BF0F2800D9704770B582B0054636
:106F800000F0A8F8012101AA013800F0A7F89DF847
:106F90000440D4B900F09EF80646C5B1A64201AA45
:106FA0004FF00101204610D000F098F89DF8043011
:106FB0006A1E0134002BF1D112F0FF05EED1054815
:106FC0000194002201A900F0C1FE02B070BD2C4660
:106FD000F5E700BFB56E0108704700BF704700BFFE
:106FE00003281CD805291AD80F2A18D810B5520022
:106FF00002EB41124FF0C00382B010FB032303F6F3
:107000002E500193FCF788FB019B044603F62F509A
:10701000FCF782FB40EA042080B202B010BD0020E1
:10702000704700BF03281DD805291BD80F2A19D87F
:1070300000B5520002EB41124FF0C00183B010FBCB
:10704000012202F62E50190A00920193FCF7BAFBB6
:10705000009A9DF8041002F62F5003B05DF804EB7F
:10706000FCF7B0BB704700BFC1B1F8B500F62E57B2
:1070700014465618851ABF1A04E0002004F8010BC4
:10708000B4420AD06319B3F5407FF6D2E019FCF799
:1070900043FB04F8010BB442F4D1F8BD704700BFC4
:1070A000B1B1F8B500F62E5714465618851ABF1A16
:1070B00002E00134B4420AD06319B3F5407FF8D23C
:1070C0002178E0190134FCF77DFBB442F4D1F8BD1E
:1070D000704700BF40F2D270704700BFF1B12DE998
:1070E000F84300F581560E36002481468846154641
:1070F000B61A234640F2D17707E000200134A4B24B
:10710000444505F8010B234606D24B44BB42F4D854
:10711000A819FCF701FBF1E7BDE8F883704700BF51
:1071200009B32DE9F84300F5815808F10E08002451
:1071300007460E461546A8EB0208234640F2D179D1
:1071400006E00134A4B2B44205F10105234608D299
:107150003B444B45F5D8297805EB0800FCF732FB9A
:10716000EFE7BDE8F8837047F0B5002385B0CDE9BF
:107170000033CDE902337E2740F2D27641F22E056C
:10718000102E344628BF1024294622466846FCF7B4
:10719000FDFA013F2544A6EB0406F1D105B0F0BD90
:1071A00047F61643984201D00120704700B583B0DE
:1071B0000191FBF7BFFB01994B7983B100F0AA0065
:1071C00000280B4B13BF01220022292035201A7002
:1071D00001F060FBFBF7A0FC002003B000BD044BF6
:1071E0001B78002B0CBF2920352001F071FBF1E743
:1071F000D96D00204B7933B1A0F5E04291B222293C
:1072000004D91846704701231846704700B583B06B
:1072100094480192FBF73CFD019A501E212800F290
:107220001A81DFE810F0120108010201FC00F600EB
:10723000F000EA00E400DE00D800CE00C800C20082
:10724000BC00B600AC00A4009C0090008A00840042
:10725000770071006B0065005F0059005300480023
:10726000440040003A00340022007E494B78C3F3CA
:10727000C00282F0010262F3C3034B707948FBF74E
:1072800009FDFAF72FFE0023184603B000BD754A2A
:10729000537823F008035370F0E7724A537843F0B1
:1072A00008035370EAE70020FBF7FAFCE6E7012049
:1072B000FBF7F6FCE2E76B494B78DA4302F0010298
:1072C00062F3000362F341034B70D7E7654A5378DA
:1072D00023F003035370D1E7624A537843F003036A
:1072E0005370CBE75F4A537823F002035370C5E72E
:1072F0005C4A537843F002035370BFE7594A53780E
:1073000023F001035370B9E7564A537843F0010361
:107310005370B3E753490B78C3F3800282F0010244
:10732000D2B262F3820362F3C3030B70A6E74D4A45
:10733000137823F00C031370A0E74A4A137843F044
:107340000C0313709AE7FAF7CDFD46490B78C3F3A7
:10735000C01282F0010262F3C7130B708EE7FAF7D6
:10736000C1FD404A137823F08003137086E7FAF7D3
:10737000B9FD3C4A137843F0800313707EE7394926
:107380000B78C3F3801282F0010262F386130B7054
:1073900074E7344A137823F0400313706EE7314AE0
:1073A000137843F04003137068E72E4A137823F0F4
:1073B0002003137062E72B4A137843F02003137005
:1073C0005CE728490B78C3F3001282F0010262F3F4
:1073D00004130B7052E7234A137843F01003137021
:1073E0004CE7204A137823F01003137046E71D4A38
:1073F000137823F00803137040E71A4A137843F018
:10740000080313703AE7174A137823F00403137044
:1074100034E7144A137843F0040313702EE7114A3B
:10742000137843F00203137028E70E4A137823F011
:107430000203137022E70B490B78C3F3000282F0BA
:10744000010262F300030B7018E7064A137823F079
:107450000103137012E7034A137843F0010313701A
:107460000CE700BF50990020184B1B78D90707D5AF
:10747000174B187840007F2809D850B90120704771
:107480009A0708D5124B187880007F28F5D97F20FD
:107490007047C0B270475B070AD40E4B1B785BB1D4
:1074A0000D4A0B4912780878934207D3C000E2E7EF
:1074B000074B1878C000DEE70820704710FB03F088
:1074C000C000B0FBF2F080B2D5E700BFE06D002055
:1074D00047280020DF6D002046280020144B1B7831
:1074E000D90705D5134B1878800840B9012070479B
:1074F0009A0706D50F4B187840080028F6D0C0B27E
:1075000070475B0711D40C4B1B78002BEED00B4A55
:1075100008491278087893423CBF10FB03F0B0FB97
:10752000F2F07F28E1D97F207047024B1878F8E706
:10753000E06D002043280020DE6D0020422800205E
:1075400008B5A0F1CD03122B10D8DFE803F03A40C4
:10755000454B1010101010101010181D23292E0A62
:107560003400234A137843F00203137008BD214A04
:10757000D1385178012383400B43537008BDFFF786
:10758000ADFF1C4B187108BDFFF7A8FF194B404217
:10759000187108BDFFF7A2FF164B4042587108BD95
:1075A000FFF79CFF134B587108BD114A137843F045
:1075B0000103137008BD0E4A137843F004031370DF
:1075C00008BDFFF751FF0B4B4042D87008BDFFF7D5
:1075D0004BFF084BD87008BDFFF746FF054B4042F4
:1075E000987008BDFFF740FF024B987008BD00BFC0
:1075F000E06D0020E46D00204D4BCD2893F9042070
:1076000093F9021037D0CE280AD0CF281CD10029F8
:1076100035DA0021997093F9031049B16AB17047C6
:1076200093F9030000282ADD0020D8700029F5D145
:10763000404900200870002AF1D193F90530002B51
:10764000EDD13D4A13707047D0283AD0D9281DD0CB
:10765000DA2831D0DB2826D0DC2842D0D1380E28D9
:107660000DD8DFE800F033333333333333330C0CCE
:107670000C0C594E430093F903000028D4DB002979
:10768000CCD193F903100029C8D1D1E7002AF6DD47
:1076900000221A710029D0D193F90320002ACCD1FD
:1076A000244A1170C9E793F905000028E7DA0020A1
:1076B00058710029B2D1E4E7002AE9DB0029ADD1F5
:1076C000DFE70029A5DC0029A8D1DAE74FF0010C9B
:1076D0000CFA00FC587820EA0C00587000299DD163
:1076E000CFE793F905000028E1DCC8E7DFF84CC0DC
:1076F0009CF8000020F004008CF8000000298DD1D7
:10770000BFE7DFF838C09CF8000020F002008CF8DA
:107710000000002982D1B4E7DFF820C09CF8000007
:1077200020F001008CF8000000297FF477AFA8E773
:10773000E46D0020DF6D0020DE6D0020E06D002094
:1077400008B501F07BFA094B9A78D9780A431CBF37
:10775000074A10801A795B791A431CBF054B1880C1
:10776000BDE80840014800F035BF00BFE46D0020CF
:10777000DC6D0020DA6D002030B5B14C94E80300D8
:10778000030E85B043EA104300225BB20290ADF8CD
:107790000C106280A28063B1AA4B188801F0AEF988
:1077A000A9490B78002B68D0A84A1278904200F3C0
:1077B000CD809DF80C309DF80D2013430BD0A44BC9
:1077C000188801F09BF9A3490B78CBB1A24A127833
:1077D000904200F3BE809A4802A901F0D7F838B968
:1077E000A378E17822790B4313436279134301D0E4
:1077F000FFF7A6FFDDE902012060A18005B030BDE2
:10780000964A127802EB8202B0EB420FE3DD0133BD
:107810000B709DF90C209DF90D30002A7FD000934C
:107820000192FFF75BFE019A009B002A40F39580CE
:1078300041B22171002B40F0958094F905C0BCF154
:10784000000FC8D000EB4003C3EB031300EB83032E
:1078500080331A120CEB4C03C3EB03130CEB8300C5
:1078600003B2002B227180F29A80803B1BB2002B66
:10787000B8BFFF331B126371ADE7794A127802EB90
:107880008202B0EB420F94DD01330B709DF90A3098
:107890009DF90B503BB30093FFF7E6FD009B002BD7
:1078A00040F3948042B2A270002D40F0A68094F97B
:1078B0000330002B3FF47DAF00EB4002C2EB02121D
:1078C00000EB8202803203EB4301C1EB011103EBB9
:1078D000810319B212120029A270C0F2058180330F
:1078E0001B12E37065E794F90220002D65D0009229
:1078F000FFF7BAFD4142CBB2002DC8BF0346009A44
:107900005BB2E370002A3FF454AF02EB4201C1EBDB
:10791000011102EB810211B2002967DBD2E794F971
:107920000410002B3FD0CDE90013FFF7D7FD019BDA
:1079300000994242D2B2002BC8BF02464FFA82FCE5
:1079400084F805C000293FF446AFAAE0FF2B9DD084
:107950009AE7FF2B3FF45DAF59E7404241B22171F6
:10796000002B59D001910093FFF7B8FD009B0199BE
:10797000002B40F3938001EB4103C3EB031301EBB6
:1079800083031AB2002A40B2C0F2B58000EB400275
:1079900080331B12C2EB0212237100EB8200803095
:1079A0000312637117E700293FF415AF94F905C07E
:1079B000BCF1000F3FF40FAF73E0002A3FF4F9AEC3
:1079C00094F90330002B3FF4F4AE9EE7404242B2FC
:1079D000A270002D46D194F90330002B3FF4E9AE9C
:1079E00002EB4201C1EB011102EB810180390AB2C5
:1079F000002ABFF668AFFF3265E70092FFF734FD5B
:107A0000002D009A014657DD02EB4201C1EB011146
:107A100043B202EB810255E794F905C0BCF1000FB7
:107A20003FF4D9AE01EB4102C2EB021201EB82023C
:107A3000803A12B2002AB8BFFF3212120AE700BF22
:107A4000E46D0020DC6D0020DF6D00204828002060
:107A5000DA6D0020DE6D002044280020452800203B
:107A6000492800200092FFF7FFFC002D009A0146F4
:107A700022DD02EB4203C3EB031302EB8303803BE3
:107A80001BB2002B41B2B8BFFF3301EB41021B1206
:107A9000C2EB0212A37001EB820320E740424FFACF
:107AA00080FC01EB4103C3EB031301EB83031AB228
:107AB000002ABFF6CDAEBBE702EB4203C3EB0313D4
:107AC00002EB83031AB24942002A49B221DA803A12
:107AD00012B2002A01EB4103B8BFFF321212C3EB0E
:107AE0000313A27001EB830180390BB2002BBFF6A8
:107AF000F7AEFF33F4E6803A12B2002A00EB4003FF
:107B0000B8BFFF321212C3EB0313227100EB8300E4
:107B100045E701EB410280331B12C2EB0212A37056
:107B200001EB8201E0E700BF10B40648064C0749AC
:107B3000074A0023237003700B7010BC13609380FE
:107B4000704700BFDE6D0020DF6D0020E06D00207B
:107B5000E46D00202DE9F041C308774A774ED55CEB
:107B6000774C00F00702305CE45C07467548C35C64
:107B700013411441154113F0010382B00E4604F085
:107B8000010405F0010543D1BCB93846F9F736FECA
:107B9000002E50D06C4B40F2E7302146E6FB03014B
:107BA0004FF47A720023F0F7D7FA804602F0B8FD5E
:107BB000002D70D102B0BDE8F081E6200193F9F705
:107BC00035FD002E72D0019B5F4A40F2E730E6FBA4
:107BD000020319464FF47A720023F0F7BDFA044607
:107BE0008046F6F729FE204602F09AFD31463846D7
:107BF000F9F704FE204602F093FDE620F9F7C0FDF8
:107C0000F6F71AFE204602F08BFD002DD2D042E09E
:107C1000E120F9F70BFDE6B9012002F081FD002C0F
:107C200073D121463846F9F7E9FD012002F078FDCD
:107C3000E120F9F7A5FD012002F072FD002DB9D079
:107C40002C20F9F703FE012002B0BDE8F04102F05C
:107C500067BDF6F7F1FD3C4B40F2E7300021E6FB53
:107C600003014FF47A720023F0F776FA804602F0AF
:107C700057FD7CBB31463846F9F7C0FD404602F05F
:107C80004FFDE120F9F77CFDF6F7D6FD404602F006
:107C900047FD002D8ED02C20F9F7D8FDF6F7CCFD4E
:107CA000404602B0BDE8F04102F03ABD012002F0CA
:107CB00037FD31463846F9F7A1FD012002F030FDCD
:107CC000E620F9F75DFD012002F02AFD002D3FF4CA
:107CD00071AFB5E7E620F9F7A9FCF6F7ADFD404630
:107CE00002F01EFD31463846F9F788FD404602F0A5
:107CF00017FDE620F9F744FDF6F79EFD404602F039
:107D00000FFDE120F9F73CFDBEE7E620F9F78EFC18
:107D1000012002F005FD31463846F9F76FFD0120DC
:107D200002F0FEFCE620F9F72BFD012002F0F8FC42
:107D3000E120F9F725FD7EE7D0FF010850FF01089B
:107D4000E0FF0108F0FF0108A08601002DE9F047DF
:107D50009046434ADFF80C9140F2E7330E4600218B
:107D6000E8FB023107464FF47A7218460023F0F719
:107D7000F3F982463046B847002838D0012860D150
:107D80003046B847431E0446032B26D8DFE803F0ED
:107D90004F4031023046B84719F800305B070446BF
:107DA00059D500253046B84719F80010303C05EB8E
:107DB000850511F0040104EB45050446F2D1002DC0
:107DC00049D0274B40F2E730C5FB03014FF47A72EC
:107DD0000023F0F7C1F902F0A3FCF6F72DFDB8F18E
:107DE000000F32D0504602F09BFC002CC2D1BDE8FF
:107DF000F0873046B847F9F7C3FCF6F71DFDF6F7F4
:107E00001BFDB8F1000F0ED0504602F089FCB1E71F
:107E10003046B847F9F70AFCF6F70EFDF6F70CFD09
:107E2000B8F1000FF0D1012002F07AFCA2E7304651
:107E3000B847F9F70BFDF6F7FFFCB8F1000FF2D0E9
:107E4000E2E74146FFF786FE94E7012002F068FC76
:107E5000002C8FD1CBE7012002F062FCBDE700BF10
:107E6000A08601000806020810B5417984B09DF88B
:107E7000184051B93A490978914227D002F12003BC
:107E8000DBB2072B18D904B010BD354B01921A7024
:107E900000F0D4FE019A334902F12003DBB2072B34
:107EA0000880F0D802F0070201209040C0B204B070
:107EB000BDE81040F9F7D2BC02F007020120904063
:107EC000C0B204B0BDE81040F9F7D2BC2548019219
:107ED00000880393029100F011FEC728019ACDD8C3
:107EE000039B029903F120029942D2B20CD001F116
:107EF0002000C0B2072827D9072A15D9204604B088
:107F0000BDE81040F9F7A2BC204602910192F9F7B2
:107F10009DFC019A0299072AB5D801F007010123B7
:107F20008B40DBB21846CCE7012203F0070302FACC
:107F300003F3DBB218460193F9F790FC2046F9F7FA
:107F400085FC019B1846BCE701F007010120884031
:107F5000C0B202930192F9F78BFC029B019ACBE726
:107F6000EC6D0020EA6D002000B5A0F5F843183B49
:107F700083B00846062B46D8DFE803F00F18212A05
:107F8000333C040028230093E522012347F61E41D9
:107F9000FFF76AFF002003B000BD26230093E02214
:107FA000E12347F61841FFF75FFFF3E7272300932C
:107FB000E422E52347F61941FFF756FFEAE72622B8
:107FC000E123009247F61A411A46FFF74DFFE1E719
:107FD0002722E523009247F61B411A46FFF744FF8C
:107FE000D8E726230093E222E12347F61C41FFF75E
:107FF0003BFFCFE727230093E622E52347F61D4109
:10800000FFF732FFC6E74B7913B1024B00221A701B
:108010000120C0E7EC6D002010B547F67743984289
:1080200082B00DD047F67843984202D0012002B0CA
:1080300010BD4B79FBB100F027F8FAF715F805E011
:108040004B799BB900F01AF8FAF71EF800F016F811
:10805000044600F019F8019000F01CF8019902465E
:108060002046FAF7B1F9002002B010BD00F006F882
:10807000F9F7FAFFEAE700F007F8E5E7014B1878AF
:10808000704700BF4C280020014B1878704700BF94
:108090004B280020014B1878704700BF4A28002069
:1080A00000B583B00DF107020DF106010DF10500D9
:1080B00000F00EFA9DF80530262B02D0002003B008
:1080C00000BD9DF80630082BF8D19DF80700A0F1FF
:1080D0000400B0FA80F0400903B000BD704700BF53
:1080E000704700BF08B500F0F1F9FF2211461046B5
:1080F00000F00CFA0020FFF7F3FF002000F022FA56
:10810000FEF7EEFEFEF72EFFBDE808400422082130
:10811000262000F0FBB900BF00B583B0FFF7DEFFFB
:1081200000F00AFAFFF7DCFF0DF107020DF106017E
:108130000DF1050000F0CCF99DF80530262B18D084
:1081400000F0C4F9FF221146104600F0DFF90020CC
:10815000FFF7C6FF002000F0F5F9FEF7C1FEFEF7BD
:1081600001FF04220821262003B05DF804EB00F093
:10817000CDB99DF80630082BE2D19DF80730042BCD
:10818000DED103B000BD00BFFDF7BABF08B54B7923
:108190002BB1A0F5EE427F2A04D9184608BD012371
:1081A000184608BDC0B2FEF7E5FE0023184608BD1C
:1081B000FF230370704700BF10B50378013B0446EE
:1081C000032B06D8DFE803F0150D0206FEF76CF965
:1081D000607010BDFEF77CF86070FEF77FF8A0704D
:1081E00010BDFDF7E1FF0028F2D0FDF7FFFF607042
:1081F000EFE7FEF779F8607010BD00BF38B51C4995
:1082000003780446012208789A400243013B0A7031
:10821000032B2CD8DFE803F018120D026578A47840
:10822000FEF762F8214602462846BDE83840FEF7D0
:108230002BB86078BDE83840FEF72EB963787BB97B
:10824000BDE83840FDF7A0BFFEF742F80546FEF74F
:1082500045F8627801462846BDE83840FEF714B874
:10826000FDF756FF6078BDE83840FDF7A5BF38BD83
:10827000ED6D002008B51B4A1378022B08D0042BA3
:108280000FD0102B16D0082B22D00023137008BD5E
:10829000154B1A20D978FBF76DFA124A1378042B84
:1082A000EFD1114B17201978FBF764FA0D4A1378B8
:1082B000102BE8D10C4B18205978FBF75BFA0A4BCE
:1082C00019209978FBF756FA064A1378082BDCD167
:1082D000054B1B201979FBF74DFA024A0023137056
:1082E00008BD00BFED6D00207099002008B54378EF
:1082F000032B02D0FFF75CFF08BD034613F8022BE7
:10830000082A08D0092A0ED0072A09D11846BDE844
:108310000840FFF773BF1846BDE80840FFF74CBFA1
:10832000FF23037008BDBDE80840FFF7A3BF00BFEF
:1083300070B582B006460C461546F4F707F9B0B999
:108340002378013B122B0BD8DFE803F018271D2FF1
:1083500046381313130A0A527E73686561563B0050
:10836000FF2323702A4621463046F4F7F1F802B085
:1083700070BD29462046FFF7B9FFF3E700220C2322
:108380006270A370EEE76378022B00F08C80052BFF
:10839000E6D1A078FFF7F8FEE4E76378013B032B12
:1083A000DED8DFE803F07D735D57E278A17860786E
:1083B000FEF792FD030A23716071D3E7FEF790FD8B
:1083C000D0E76078A378E17840EA032040BA221D24
:1083D00080B2FEF7AFFDC5E762792379A1786078B6
:1083E00043EA02235BBAE2789BB2FEF777FDB9E776
:1083F000FEF7ACFD6070B5E76078A378E17840EAFD
:10840000032040BA221D80B2FEF792FDAAE7FEF7D4
:1084100061FD6070A6E7FEF7A5FDA3E76078A3788D
:10842000E17840EA032040BA221D80B2FEF798FDB1
:1084300098E76078A378E17840EA032040BA221DEB
:1084400080B2FEF78BFD8DE7FEF782FD030A6370B5
:10845000A07087E70023A370E3702371637181E745
:10846000A378052B3FF67EAF2246D8B20192009347
:10847000FBF7DCF8009B019A01331071062B4FEAE1
:108480001020D07002F10202EFD16BE700F054F837
:10849000030EA370030CE370030A2371607161E79C
:1084A00000F092FBF4E7E378A07840EA0320237918
:1084B00040EA0340637940EA036000BA0090FFF7A6
:1084C0000FFE009800F03EF84CE700BF704700BF79
:1084D00010B5144682B040B1019040F62A50009188
:1084E000FBF71AF9019B0099187031B140F62B5037
:1084F0000091FBF711F90099087024B140F62C5057
:10850000FBF70AF9207002B010BD00BF10B582B0B1
:108510000C46014640F62A500192FBF753F92146DA
:1085200040F62B50FBF74EF9019940F62C5002B063
:10853000BDE81040FBF746B908B540F62D50FBF7F3
:10854000EBF808BDC1B240F62D50FBF73BB900BFB8
:10855000014B1860704700BFF46D0020014B186894
:10856000704700BFF46D002008B500F089FAA0F153
:108570000100B0FA80F0400908BD00BF034B1B6842
:1085800013B11B6803B1184718467047F46D0020FB
:1085900008B5034B186810B1006800B1804708BDEA
:1085A000F46D0020044B1B6823B15B6813B10121FB
:1085B00001701847704700BFF46D0020044B1B6822
:1085C00023B19B6813B1062101701847704700BFA3
:1085D000F46D0020044B1B6823B1DB6813B102214A
:1085E00001701847704700BFF46D00200C4B1A88CB
:1085F000824213D00B4A188013687BB11B696BB1A0
:1086000000B583B0020A03218DF805008DF804102F
:108610008DF8062001A8984703B000BD704700BF41
:10862000F06D0020F46D00200C4B1A88824214D0AB
:108630000B4A1880136883B11B6973B100B583B00E
:108640000421020A8DF805008DF804108DF806202B
:108650000DEB0100984703B000BD7047EE6D0020A0
:10866000F46D0020154B1B6833B300B5014687B08D
:10867000CA884088B1F804C08DF80D008DF80F202D
:1086800008894A898DF80EC04FF0070EB1F80CC06A
:108690008DF810008DF811200DF1130002228DF8D5
:1086A0000CE08DF812C0019306F0C4F9019B03A8F9
:1086B0005B69984707B000BD704700BFF46D0020AC
:1086C000034B1B6813B1DB6903B11847704700BF48
:1086D000F46D0020094B1B6873B100B583B0811C99
:1086E0000C220748019306F0A5F9019B05489B69F8
:1086F00003B05DF804EB1847704700BFF46D00202D
:108700005228002050280020034A044B10781B7880
:108710001844C0B2704700BF9D5200209C520020F8
:1087200008B90020704700B583B00190FFF71CFF27
:10873000019A10B10F4B1B7863B90F4B1868831C5B
:10874000083013F8011F914211D08342F9D1002063
:1087500003B000BDEF2AF0D8084B1B6803EBD2032F
:1087600002F007019B780B41DB07E6D5F0E701201B
:1087700003B000BD9C5200200C28002008280020D7
:1087800090F803C08C452DD0002300B5C21C9E4636
:10879000BCF1000F0DD00133062B4FFA83FE03D03E
:1087A00012F801CF6145F3D100BD12F802CF8C451C
:1087B000FAD0052B03F1020305D092F801C08C45D5
:1087C000F2D0062BF1D1DFF824C0074A9CF8003024
:1087D00043F001038CF80030137870440133C1700A
:1087E000137000BD704700BF9D5200204F990020BC
:1087F000EF290CD800EBD10001F00701837843FA90
:1088000001F2D20704D501228A40134383707047D6
:10881000DFF81CC09CF8002042F002028CF8002017
:10882000DFF810C09CF8002001328CF80020EAE745
:108830004F9900209C520020EF2922D800EBD10351
:108840004FF0010C9A7801F007010CFA01F042FA9E
:1088500001F122EA000211EA0C0014D000B5DFF8A1
:108860002CE09A709EF800106046DFF824C041F0BA
:1088700002018EF800109CF8001001398CF80010ED
:1088800000BD002070479A70704700BF4F990020CC
:108890009C52002010B50446FFF766FE18B1094B44
:1088A0001B78062B06D0084B21461868BDE81040FF
:1088B000FFF766BF054B21461868BDE81040FFF77B
:1088C00097BF00BF9D5200200C28002008280020E0
:1088D000F8B50446FFF748FE10B1154B1B78F3B905
:1088E000144B154F154E186897F800C031784FF0AB
:1088F000000E831C7546083013F8012FA24205D1E3
:108900001D704CF0010C01394FF0010E8342F3D180
:10891000BEF1000F02D087F800C03170F8BD084BDF
:1089200021461868FFF788FF0028D9D0F8BD00BF9E
:108930009C5200200C2800204F9900209D520020BE
:108940000828002038B5FFF70FFE0D4D2C7860B9D0
:108950000C4B1B68002244F00104DA701A715A7142
:108960009A71DA711A722C7038BD074B18681E2282
:108970000021023006F012F844F00204E8E700BFDC
:108980004F9900200C2800200828002042784B78BE
:108990009A4201D00120704790F902301BB191F941
:1089A00002209A42F6D190F9033083B990F905304C
:1089B0001BB191F905209A42ECD190F904000028EE
:1089C000E9D091F90430181A18BF0120704791F9C5
:1089D00003209A42DED1E9E782B002B0704700BFBF
:1089E00000B583B0FFF7F8FF03B000BD00B5044B3E
:1089F000013083B0D8701868FFF7F2FF03B000BDF4
:108A00006428002000B5044B032283B0DA70186894
:108A1000FFF7E6FF03B000BD6428002000B5044B5B
:108A2000013083B0D8701868FFF7DAFF03B000BDDB
:108A30006428002000B5044B012283B0DA70186866
:108A4000FFF7CEFF03B000BD6428002000B5044B43
:108A5000012283B0DA701868FFF7C2FF03B000BDCF
:108A60006428002000B50038044B18BF012083B0F3
:108A700098701868FFF7B4FF03B000BD64280020A9
:108A8000014B9878704700BF6428002000B5044B64
:108A900083B058701868FFF7A3FF03B000BD00BF94
:108AA00064280020014B5878704700BF64280020DC
:108AB00000B5044B83B018701868FFF791FF03B03E
:108AC00000BD00BF64280020704700BF704700BF92
:108AD000704700BF704700BF10B5FFF7F5FFFAF70A
:108AE000C9FDFFF7F3FF0024E0B2FAF79FFD18B9C4
:108AF0000134062CF8D110BD012010BD10B504467C
:108B000000F09CF8001B80B210BD00BF10B50446F9
:108B100000F05AF8001B10BD84B00023CDE90033EB
:108B2000CDE90233084AD2F8101AD2F8143AD2F832
:108B3000182A0292CDE9001384469DE80F008CE8C4
:108B40000F00604604B070470070FF1F08B501F0C9
:108B50006DFFBDE8084001F0E3BA00BF08B5F8F7C3
:108B6000CBFCBDE8084040F2A46001F0D9BD00BFD5
:108B700008B5F9F70DFFF9F743FFFFF7E3FEFEF73E
:108B8000D3FF0020FFF732FD0020FFF74DFDBDE8C9
:108B90000840F8F7BFBC00BF08B5302383F3118845
:108BA00001F05EFFDFF81CC00449054ACCF8000064
:108BB00000230B60136083F3118808BDFC6D002057
:108BC000F86D0020006E002070B501F0CFFA064667
:108BD00001F046FFDFF860C0134ADCF800301349AB
:108BE000C41A10680D68A0420ED905F12375A3F5CB
:108BF000833305F55635E03B05F5C47504F583343C
:108C0000CCF80030E0340D603046146001F0B8FA62
:108C10000748084A4FF47A730021E4FB030100235C
:108C2000EFF79AFA284470BDFC6D0020F86D002023
:108C30009F860100A0860100006E002008B5FFF7A6
:108C4000C3FF80B208BD00BFBFF34F8F0549064B7D
:108C5000CA6802F4E0621343CB60BFF34F8F00BFDA
:108C6000FDE700BF00ED00E00400FA05014B024AF9
:108C70001A607047FCFF0020EFBEADDE034A044BD4
:108C80001068C01AB0FA80F040097047FCFF00205D
:108C9000EFBEADDE014B00221A607047FCFF0020E2
:108CA00008B5FFF7E3FFFFF7CFFF00BF08B5FFF7F9
:108CB000CBFF00BF08B5FFF7E1FF00B908BDFFF724
:108CC000E9FF72B6BFF34F8FBFF36F8F15494A6A42
:108CD00022F480324A62D1F894C04FF0E0200023A1
:108CE0002CF0010CC1F894C01A4603614FF0FF311B
:108CF00083614361930003F1604303F561430132F3
:108D0000082AC3F88010C3F88011F3D1002383F33D
:108D10001488054B1A6882F3088862B65B68984726
:108D2000FEE700BF00ED00E00000FF1F184B10B58C
:108D30001C7804B110BD012119701648224620216B
:108D400003F094FD13482246802103F08FFD224654
:108D50004021104803F08AFD4FF47A7001F0E0FCE6
:108D60000C4840F29A22202103F080FD094840F28D
:108D70009A22802103F07AFD064840F29A2240218F
:108D800003F074FD044802F053F9044B1C7010BD4D
:108D9000046E002000000240049C0020206E002091
:108DA00010B504464F4802F0ABF9DFF840E19EF8F9
:108DB00000309BBB21684B1C30D0E288022A4FF068
:108DC000020306D95B009BB29A42FBD89A1EFE2A88
:108DD00024D82279DFF810C1D201ACF814206079D0
:108DE000022846D0032871D0012847D0202B1AD85A
:108DF000032B25D9043B1C2B22D8DFE803F04B21A1
:108E000021215921212121212121522121212121E9
:108E1000212121212121212121216000314802F03D
:108E200073F9002010BD802B2DD0B3F5807F52D078
:108E3000402B05D1BCF8143043F02803ACF81430B3
:108E4000012421F00F0001F00F01CCF81010224690
:108E500004FA01F1CCF80C008EF8004003F006FD96
:108E60002149204802F0D2F81E4802F0F3F82046CB
:108E700010BD42F00202ACF81420B7E742F0010244
:108E8000ACF81420B2E7BCF8143043F03003ACF86F
:108E90001430D5E7BCF8143043F00803ACF81430B4
:108EA000CEE7BCF8143043F01803ACF81430C7E731
:108EB000BCF8143043F01003ACF81430C0E7BCF831
:108EC000143043F02003ACF81430B9E742F0030249
:108ED000ACF814208AE7BCF8143043F03803ACF83F
:108EE0001430ADE7049C0020086E0020206E0020A6
:108EF00000B585B04FF0010C019001A88DF8081065
:108F00008DF80920ADF80A30CDF80CC0FFF748FF06
:108F100005B000BD08B50246024802F0D5F80020B1
:108F200008BD00BF049C002008B50B4B1A7822B97D
:108F3000BDE80840094802F0E7B8084802F098F890
:108F4000064802F075F8044B044800221A70BDE888
:108F5000084002F0D9B800BF206E0020049C002019
:108F6000704700BF70B590F8443003F07F02212AAB
:108F700005464DD003F09F02812A2DD0C02B0ED084
:108F8000514C04F5FC76D4F89C30284613B1984730
:108F900000283BD1A834B442F5D1002070BD95F82B
:108FA0004530042BECD195F84910686895F84830A5
:108FB000446895F8472043EA0123284695F846106F
:108FC000A0470028E9D04268002AE6D00368002BB9
:108FD000E3D0AA63002417E090F84520062ACDD1FB
:108FE00095F84910686895F84830446895F8472026
:108FF00043EA0123284695F84610A0470028CCD024
:1090000042680368AA630024EB632C64012070BDEE
:109010001A0614D590F84520022A30D0032A3FD0F2
:10902000012A30D00A2A32D00B2A1CD0092A0ED0AD
:1090300003F09F03812BA3D1062AD1D0A0E790F89B
:1090400045300A2B23D00B2B0DD0092B98D195F846
:10905000483095F8492053EA022391D11B4BAB636A
:109060001B4C0223D0E795F8483095F8492053EA85
:10907000022324D000221346AA631446C4E7BDE8A5
:10908000704000F0BFBFBDE8704000F06DBE95F8C5
:109090004700FFF70DFD2846BDE8704000F0E2BF35
:1090A00090F8483090F8492053EA02247FF468AFE2
:1090B000FFF7E6FC074BAB6318700123A4E795F8B4
:1090C0004600FFF7CFFCD5E7C42A0020306E002011
:1090D0004D9101082C6E002030B51B4C90F8445087
:1090E000002383B0636090F8473090F846C090F852
:1090F00048E090F84A204CEA032C90F849304EEAB8
:10910000032E90F84B3042EA032205F0E003C02B17
:109110000DD0231D7146604600F07CFA63680A4A50
:109120002060002B0CBF1846104603B030BD0092E3
:1091300090F8451005F01F00251D73466246019505
:1091400000F022FBEAE700BF246E002090F84A30CE
:1091500090F84B10074A43EA0123022B107807D1FD
:10916000012802D0062800D070475078FFF78EBC47
:10917000FFF78CBC306E002010B505292AD8DFE837
:1091800001F003294F03032A4348444B027893F824
:1091900000C0531C03F00F039C4504D0DFF814C13A
:1091A00003700CF80210302383F3118800296ED06D
:1091B0003B4800F0B7FB3B4800F0B4FB3A4800F0F6
:1091C000B1FB3A4800F0C2FB394800F0BFFB002376
:1091D00083F3118810BD302383F31188304800F0E9
:1091E000C5FB304800F0C2FB2F4800F0BFFB2F4802
:1091F00000F0C0FB2E4800F0BDFB002383F3118874
:10920000254A264B117818784B1C03F00F0398421F
:10921000E0D0284813704FF0050C00F801C010BDD5
:10922000302383F311881E4800F0A8FB1D4800F08E
:10923000A5FB1D4800F0A2FB1C4800F0AFFB1C483A
:1092400000F0ACFB002383F311881B4B1249134839
:109250001B780A7800785BB9531C03F00F0398421F
:10926000B8D014480B704FF0020C00F802C010BDCB
:10927000531C03F00F0C6045ACD00E4C81F800C0BD
:109280004FF0050C04F802C003F00F02E4E70120E0
:10929000FFF7E8FB8CE700BF149A0020159A002026
:1092A000C42A00206C2B0020142C0020B0290020A0
:1092B000382A0020049A0020326E002008B51022BF
:1092C0000021044805F06AFB0349044A00230B709F
:1092D000137008BD049A0020149A0020159A0020EB
:1092E0002DE9F041DFF8C8802D4D2E4E2E4F2F4C2A
:1092F000287898F80030002183424BD0F25C01338B
:1093000003F00F030121052AF6D80FF2080C5CF8D0
:1093100022F000BF85930108F992010871930108BA
:1093200063930108499301082D930108002288F8EE
:1093300000302270FFF71CFC97F84F10081E18BF72
:109340000120FFF76BFBD3E797F84F1088F8003048
:10935000081E4FF0010218BF01202270FFF752FBD8
:10936000C6E70021084688F80030FFF73FFBBFE75B
:1093700097F84F1088F80030081E18BF0120FFF73B
:1093800035FBB5E788F80030FFF754FB0120FFF705
:1093900069FBADE709B188F80030BDE8F08100BF96
:1093A000149A0020049A0020989B0020326E00201E
:1093B000159A002070B5134C064604F5FC7520463E
:1093C00000F05CFA2046A83400F08CFAAC42F6D1EA
:1093D0000D4800F071FA0C4800F094FA0B4800F0C8
:1093E0006BFA0A4800F08EFA304601F0B5FE41F201
:1093F000883001F095F930460549BDE8704001F02C
:1094000095BE00BFC42A0020B0290020382A0020C1
:109410000000020800B5074B83B04FF0A80C0CFB0E
:1094200000300023009342F2107300F07DFB03B084
:1094300000BD00BFC42A002010B582B00446FFF76B
:109440001FFB48B9009042F210730822611C0848C3
:1094500000F06AFB02B010BD00230093092242F223
:1094600010732146024800F05FFB02B010BD00BF40
:10947000C42A002000B583B00023014600932022B7
:1094800042F21073024800F04FFB03B000BD00BF72
:10949000C42A002000B583B00023014600930622B1
:1094A00042F21073024800F03FFB03B000BD00BF62
:1094B000C42A002000B583B0002301460093032294
:1094C00042F21073024800F02FFB03B000BD00BF52
:1094D000C42A002000B583B000230146009309226E
:1094E00042F21073024800F01FFB03B000BD00BF42
:1094F000C42A002000B583B0002301460093142243
:1095000042F21073024800F00FFB03B000BD00BF31
:10951000142C0020202900D0704700B583B0002310
:109520000A460093014642F21073024800F0FCFA2A
:1095300003B000BD6C2B002000B589B001E0FEF740
:10954000F7FE002320226946054800F067FB03462A
:10955000202269460020002BF1D109B000BD00BFD8
:10956000B0290020FFF7A6BB704700BF08B5FFF782
:10957000F9FF04F0CDFFFFF7F7FF08BD08B505F0D0
:1095800053F8F7F70BFE08BDFFF760BA08B5FFF711
:1095900095FE0448FFF70EFFBDE8084041F2883011
:1095A00001F0BEB8989B00200148FEF7D1BF00BF74
:1095B00068280020FFF794BE00F09ABC00B5124B5B
:1095C00085B0012268461A70FFF7A6FADFF840C09E
:1095D0000E4900230CF1020E04AA02EB630212F8FA
:1095E000102C100902F00F02085C8A5C2CF81300A2
:1095F0002EF813200233202BEED140F242332CF808
:10960000023C05B000BD00BF336E00201000020810
:10961000366E002000B589B04FF0000CADF81EC0CA
:109620004FEA102C0CF1FF3CBCF1210F12D8DFE8FF
:109630000CF02948301111111111111111111111D2
:10964000111111111111111111111111111111110A
:1096500011113E1F4FF0000CC3F800C00DF11E0C9D
:10966000CDF800C0EFF73AFFBDF81E0009B000BD0D
:1096700071B30129EED14FF0220CADF81EC0DFF816
:10968000D8C0E9E74FF0120CADF81EC0DFF8CCC02F
:10969000E2E710F0FC0F5FFA80FC4BD10CF1FF3CCD
:1096A000BCF1020F50D8DFE80CF028212F00B1B137
:1096B0000129CFD14FF0090CADF81EC0DFF8A0C0D2
:1096C000CAE74FF06A0CADF81EC0DFF898C0C3E7D8
:1096D0004FF4987CADF81EC0DFF88CC0BCE74FF0AB
:1096E000090CADF81EC0DFF884C0B5E74FF01E0CC2
:1096F000ADF81EC0DFF878C0AEE74FF0120CADF841
:109700001EC0DFF870C0A7E7DFF86CC09CF800C08F
:10971000BCF1000F07D10593049203910290FFF76B
:109720004DFF02A80FC8DFF854C09CF800E0ADF868
:109730001EE091E7BCF1EE0F8CD14FF0120CADF8AA
:109740001EC0DFF83CC087E74FF0040CADF81EC028
:10975000DFF830C080E700BF840002087000020814
:109760006F29002044290020A80002085629002063
:109770003800020858000208336E0020346E0020C2
:10978000240002086C00020830B587B0BDF82840FC
:10979000DDF82CC020B9042914D08646054602E025
:1097A0004FF0000E7546CCF80050CDE9004C0DF19D
:1097B00016040294ADF816E0EFF722FFBDF816008C
:1097C00007B030BD042B07D0052BE6D1002CE4D127
:1097D000034D4FF0280EE6E7024D4FF0280EE2E76A
:1097E000882800201C290020426BD2F88830197884
:1097F000042907D192F88CC01889012101FA0CF3D1
:10980000034200D0704700B585B003A9104601920D
:1098100001F00EFA844640B1019A039B92F88C1035
:10982000D2F88800624601F023FD05B000BD00BFFC
:10983000436B1A6F1178042900D0704793F874C0F5
:109840005089012101FA0CF20242F6D100B583B031
:109850001846019301F03EF9024660B1019BD3F82E
:109860001CC093F87410186FACF1040303B05DF8DA
:1098700004EB01F0E1BC03B000BD00BF00B590F8FF
:10988000843000F15C0285B0C26413B100F1700352
:109890000365D0F89010DFF81CC0D0F89430D0F8F1
:1098A00098200290CDE9001C012101F099F905B042
:1098B00000BD00BFE997010800B5816FDFF820C047
:1098C000D0F8802085B000F15C03CDE9001C036571
:1098D0000290C36F012101F0D9F805B000BD00BFAF
:1098E00031980108302383F31188D0F8883090F83C
:1098F0008C1003EB81030022986180F8A02082F392
:1099000011887047302383F3118890F87430016F09
:109910000933002241F8230080F8842082F3118863
:10992000704700BF012310B56FF0010103720446B8
:1099300000F03AFF204601F06DF9D4F8A43023B1CD
:10994000BDE81040DA681868104710BD00B5012363
:1099500083B06FF001010372019000F025FF0198C0
:1099600003B05DF804EB01F0A9B800BF0023037257
:10997000704700BF00230372704700BF10B500F1AD
:10998000380290F88C100446D0F8880001F00EFCE4
:10999000204601F03FF90023237210BD10B50446A4
:1099A00001F08CF80022236F22721A78042A07D162
:1099B00094F874005989012202FA00F30B4200D096
:1099C00010BD204601F086F802460028F8D0E36971
:1099D00094F87410206F043BBDE8104001F02CBCDB
:1099E00000EB81039B69002B5AD070B5302284B004
:1099F0000D46044682F3118819695A690020914284
:109A000083F8A00048D004EB8502D268526912683E
:109A100082B903AE3146184601F00AF938B302465E
:109A2000039B2946204601F023FC002383F3118881
:109A300004B070BDD3F8A42003AE6AB103A91846E0
:109A4000019301F0F5F8019B039A0146D3F8A400B5
:109A5000836800689847019B0193184601F0F8F865
:109A6000019B3146184601F0E3F80028D7D104EBFA
:109A70008503DA681368022BD7D153691968002966
:109A8000D3D0138A013B0B40CFD104F144022946C5
:109A9000204601F0EDFBC8E7DA68002AB3D0B8E74A
:109AA000704700BF01F1090350F82330002B39D073
:109AB00000B5302283B082F3118800EB8100C268C8
:109AC0009269526802BB1A6F1178042917D193F872
:109AD00074C05089012101FA0CF202420FD11846DC
:109AE000019300F0F7FF024648B1019BD3F81CC078
:109AF00093F87410186FACF1040301F09DFB002380
:109B000083F3118803B000BD93F874101A6F0193AA
:109B100002EB81021846D2689269516800F0E6FFB4
:109B2000019BD0E7704700BF70B582B04FF0300C9A
:109B30009DF818508CF31188D0F8884094F800C034
:109B4000BCF1040F04D0002080F3118802B070BD76
:109B500090F8A0C0BCF1000F12D10E4604460021BF
:109B600081F3118831462046CDE9002301F084F8C5
:109B7000009A019B82420ED845B1012002B070BD0F
:109B800001334FF0FF3318BF0023E6E7204601F012
:109B9000DBF80120F2E701920093302181F3118874
:109BA00094F8A010002808BF41F00101012084F8BA
:109BB000A01020726FF00101204600F0F5FD204654
:109BC00001F028F80021217200F018FD002181F336
:109BD0001188009B019AC5E7302383F3118802693D
:109BE00043699A4204D00020002383F31188704710
:109BF000C36873B1D0F8883090F88C101A890123AB
:109C00008B4013420CBF01200020002383F31188F6
:109C100070471846002383F31188704710B54FF042
:109C2000300C82B08CF31188046F94F800C0BCF142
:109C3000040F04D0002080F3118802B010BD90F80A
:109C400084C0BCF1000F04D001334FF0FF3318BFC4
:109C500000230446002080F311882046019200F082
:109C600059FF019AB0FA80F3101AB0FA80F05B093C
:109C7000400984F8843002B010BD00BF10B50468FC
:109C800084B08CB103920291019000F0E9FE019B37
:109C9000039A1B680299606003F108009A6404B09B
:109CA000BDE8104004F0C6BE04B010BD0168134604
:109CB00031B18A6C9A64083103F1080004F0BABE2D
:109CC000704700BF036863B110B504469A6C03F196
:109CD0000800002104F062FE236800221A605A6026
:109CE00010BD70470B78082B1AD830B550F82340B8
:109CF00085B09CB1029205460191039300F0B0FE3D
:109D0000039B029A55F823300199606003F1080023
:109D10009A6405B0BDE8304004F08CBE05B030BD9B
:109D2000704700BF0829134609D850F8211031B1F7
:109D30008A6C9A64083103F1080004F07BBE704716
:109D400070B5041F00F12006002554F8043F0021DF
:109D500003F108002BB19A6C04F020FE23681D600B
:109D60005D60B442F1D170BD38B590F84830022B37
:109D70001ED890F8461008291AD80F4AD35C022B37
:109D800016D80E4A4FF0A80C0CFB0323D3F8A420DE
:109D900082B10546D2E90004094AA047084B0021D8
:109DA0009C6CEC6303F108020120AA63296438BDAE
:109DB000002038BD104638BDC02A0020C42A00202B
:109DC00098710020016851B1054803784FEA820C70
:109DD000002A18BF43F00103C1F800C003707047A8
:109DE000E4710020006810B10068C0F3870070477C
:109DF000036823B310B5302382B083F3118803685E
:109E000000211C685B6881F3118814B9002002B03E
:109E100010BD019300F024FE019B0A4AC01A0021E4
:109E20004FF47A73E0FB032110460023064AEEF755
:109E300093F984428CBF0020012002B010BD0020A5
:109E4000704700BF9F860100A08601004B1E072BB4
:109E50000DD850F8211051B1054803784FEA820C13
:109E6000002A18BF43F00103C1F800C00370704717
:109E7000E4710020082906D850F8210020B10068BC
:109E8000C0F3870070470020704700BF082928D81A
:109E900050F821302BB310B5302382B083F31188F2
:109EA00050F8213000211C685B6881F3118814B9D7
:109EB000002002B010BD019300F0D2FD019B0A4AC0
:109EC000C01A00214FF47A73E0FB032110460023EF
:109ED000064AEEF741F984428CBF0020012002B00F
:109EE00010BD0020704700BF9F860100A0860100C2
:109EF0002DE9F84FDFF8048198F80030002B76D078
:109F00003D4ED6F8A470002F73D0002401254FF0E9
:109F1000300AA1468AF311887B693868E9B298470C
:109F2000002818BF44F0010489F311883248FFF774
:109F300053FEB0B1BB693868E9B2984788B18AF37B
:109F40001188DFF8BCB0D7E90003E9B25A46984758
:109F500089F311880020DBF848200BF10801FFF796
:109F600059FA0135092DD5D14FF0000A4FF03009CB
:109F700057460AF1010ABAF1030F06F1A80634D0D8
:109F8000D6F8A450002DF4D089F3118800216B6914
:109F900028689847002818BF44F0010487F3118807
:109FA0003046FFF719FE00210028E2D0AB6928688F
:109FB00098470028DDD089F31188DFF844B0D5E94F
:109FC00000035A460021984787F311885FFA8AF008
:109FD000DBF848200BF108010AF1010AFFF71AFA31
:109FE000BAF1030F06F1A806CAD188F80040BDE80F
:109FF000F88F3C46B8E700BFC42A0020E471002077
:10A000004C71002090F84830022B22D890F846106E
:10A0100008291ED8104AD35C022B1AD80F4A4FF0D9
:10A02000A80C0CFB0323D3F8A42092B100B583B095
:10A0300053690190106898470949019B08700122F3
:10A040004FF0000C10469963DA63C3F840C003B0C8
:10A0500000BD0020704700BFC02A0020C42A002095
:10A060004871002090F84830022B20D890F846C064
:10A07000BCF1080F1BD80F4AD35C022B17D80E4A2D
:10A08000A82101FB0323D3F8A41081B110B582B03D
:10A090000C6990F84720019008686146A047019B31
:10A0A000002201209A63DA631A6402B010BD002016
:10A0B000704700BFC02A0020C42A0020704700BF9C
:10A0C000704700BFFEE700BF70B5144D05F1800476
:10A0D00055F80C0C55F8081C88420FD255F8102C76
:10A0E0000346043A52F8046F43F8046B8B42F9D3E9
:10A0F0000139091A21F003010430084455F8042CF1
:10A10000824207D9013A121A22F0030204320021D6
:10A1100004F044FC1035A542DAD170BDE801020814
:10A1200038B5084C012300252370656000F050FC11
:10A130000549064800F070FA0223237085F3118860
:10A1400038BD00BF189A002058020208209A00204B
:10A1500072B60349034BC86503221A70FEE700BFBD
:10A16000209A0020189A002000F016B9EFF3118011
:10A1700020B9EFF30583302383F31188704700BFC4
:10A1800038B9EFF30583C3F308031BB180F31188DB
:10A190007047704700B583B0019300F02FFA019B20
:10A1A00083F3118803B000BD034A516853685B1AFA
:10A1B0009842FBD8704700BF001000E0024AD36A03
:10A1C0000343D362704700BF209A002070B5154E3C
:10A1D0000D46022A82B0F561826038BF0222144621
:10A1E0003269026006F11001416050603061281947
:10A1F00000F03AFC022600F033FC421BA24209D2D6
:10A20000022E01D802B070BD012002B0BDE870403E
:10A21000FFF7D4BF741C0190281900F033FC2646C8
:10A22000019DE8E7209A002070B584B0294E019185
:10A23000044600F015FC3346054653F8100F01990B
:10A2400098423BD0F3698268EB1ACB1828BF0B46C3
:10A250009A4214D8934204D900689B1A82689A42A1
:10A26000FAD34268A360C4E90002146082684460C3
:10A27000D21A4FF0FF338260B36104B070BD02297F
:10A2800038BF02210222681803930292019100F064
:10A29000F9FB00F0E5FB0199029A039B451BA942DB
:10A2A00014D9022A02D830698268D3E701200193C9
:10A2B000FFF784FF3069019B8268CBE70A4620469E
:10A2C000294604B0BDE87040FFF780BF0132114657
:10A2D0000546D8E7209A002003610023C26043614D
:10A2E000FFF7A2BF10B52B4B1A69904284B011D072
:10A2F000026884689168D0F804C02144CCF800203A
:10A300009160C2F804C000214FF0FF3201609A61F1
:10A3100004B010BD1A46016842F8101F4FF0000C3F
:10A320004A60C0F800C01969914229D08A688068E3
:10A3300002448A6000F094FB164B1969DB69896856
:10A340000246C01A8142E3D90B449B1A022B38BF44
:10A3500002230221D01803910293019200F092FB94
:10A3600000F07EFB019A029B0399821A93420CD95A
:10A370000229CDD9012004B0BDE81040FFF71EBF6F
:10A3800004B0BDE8104000F077BB01310B46024637
:10A39000E0E700BF209A00202DE9F0433F4E83B054
:10A3A000002706F110084FF0300909E087F3118803
:10A3B000E36821692046984789F311886369ABB93E
:10A3C000346900F04DFBF369A268C11A8A42054660
:10A3D0002BD8216860689D18F5610160486027608E
:10A3E00033694345E2D100F047FBDFE700F038FB7B
:10A3F0006369421B9342014630D33069404542D0E5
:10A400008268934204D900689B1A82689A42FAD300
:10A410004268A360C4E90002146082684460D21AF2
:10A420004FF0FF338260B361CAE73169414512D012
:10A4300013441B1A022BF0611E46A36038BF02268C
:10A440000224A81900F01EFB00F00AFB451BAE42D7
:10A4500015D9022C0DD803B0BDE8F083CDE9000278
:10A460000220FFF7ABFE30690099404513D0019BF5
:10A47000C6E7012003B0BDE8F043FFF79FBE0134FB
:10A4800026460546DDE72B445A1A204603B0BDE8B0
:10A49000F043FFF79BBE0022F7E700BF209A0020A1
:10A4A000302383F311880B7D052B0CD8DFE803F0F4
:10A4B000240B0B2007038A699368013393604A6871
:10A4C0000B6813605A604FF0FF3C00220B698868EC
:10A4D000C1F818C00A751B689A688242FBD25A6894
:10A4E0004A600B6000201160596080F3118870474A
:10A4F0008B6900221A60E6E7002383F31188704716
:10A5000000220369816802751B689A688A42FBD23F
:10A510005A6842600360106058607047074BD96802
:10A520001A680875D2F800C0C3F800C00120CCF842
:10A53000043010751046DA60EDF7F4BD209A002063
:10A5400070B5164C4B1CE56886B0064617D0144A09
:10A550002B466846FFF7C0FEE16820680E75036869
:10A5600023605C6001230375E060EDF7DBFD009B79
:10A5700013B16846FFF7B6FEA86906B070BD206843
:10A580002E750368236001225C6029460275E06035
:10A59000EDF7C8FDA86906B070BD00BF209A002085
:10A5A000A1A40108044B1A68DB6890689B68984274
:10A5B00094BF002001207047209A00200E4A1068A6
:10A5C000D16803684FF0010C10B45A6080F814C0D1
:10A5D00013604FF0000CD0600B698A6881F814C0DA
:10A5E0001B689C689442FBD85A684A600B6010BC98
:10A5F00011605960EDF796BD209A0020044B1A684F
:10A60000DB6892689B689A4201D9FFF7D7BF704711
:10A61000209A002030BFFDE770B51B4B002586B0A7
:10A620000446856201630E46586000F07BF904F130
:10A630001003C4E904334FF0FF320023C4E90623BA
:10A64000C4E90044A560E56200F00AFA2B46024620
:10A65000C4E9082304F134010C4AE565802320464F
:10A6600000F01AF80123E060037572680848B168C9
:10A67000CDE90002074A6846CDE90213CDE9042579
:10A6800000F016F806B070BD189A0020D4F6010844
:10A69000DCF6010815A6010800224FF0020C086143
:10A6A0008B60A1F814C04B620A62CA610846704709
:10A6B0008368D0F814C0C16800B5D0F810E043F842
:10A6C00048CCA3F18C0043F81C0C4FF0020C0C4852
:10A6D00043F82C0C00220B4823F814CC43F84CEC24
:10A6E00043F8180C5DF804EB43F8201C43F8041CF5
:10A6F00043F8082C43F80C2CA3F12800FFF700BF07
:10A700003D810008209A00200246302383F31188FF
:10A71000024BDB680F209A61FFF700BF209A0020F0
:10A7200008B50146302383F311880820FFF708FF9E
:10A73000002383F3118808BD034631B1044AD2686F
:10A740001A6003209361FFF7FBBE4FF0FF307047A4
:10A75000209A002003682BB10022026018469961FC
:10A76000FFF7CEBE704700BF024659B1074BD0F885
:10A7700004C0DB680420C3E9002CCCF8003053602F
:10A78000FFF7DEBE4FF0FF30704700BF209A002079
:10A7900003460068834205D002681A6053608161F5
:10A7A000FFF7AEBE704700BF38B50446006884426C
:10A7B00009D00D46036823605C608561FFF7A0FE49
:10A7C0002068A042F6D138BD00230060406083605D
:10A7D000704700BF2A4B8168DA6800294BD030B53A
:10A7E000936804468868984283B005D2087D8B60E0
:10A7F000002834D0062814D0234603E091689868D6
:10A80000884202D31B689C42F8D1596851600620E7
:10A8100013600A605A60946103B0BDE83040FFF7EE
:10A820007DBED1F818C00B68486803605860634665
:10A8300003E088689D68854202D31B689C45F8D177
:10A84000586848600B6001605960DCF80810936834
:10A8500088689842D0D2087D8B600028CAD1D1E99F
:10A86000003C0846CCF80030C3F804C00192FFF762
:10A8700047FE019AC0E7136AC360826010627047A6
:10A88000209A002008B5302383F31188FFF7A2FF38
:10A89000002383F3118808BD08B5194BD3F80CC009
:10A8A000302383F311880268C368CCF820308242D9
:10A8B0001FD0DCF824104BB11A68934203D0926881
:10A8C000914238BF1146DB68002BF5D1CCF8081057
:10A8D000034600680268016A1A605360D960986094
:10A8E0000362FFF70DFEFFF789FE002383F3118853
:10A8F00008BD00239360002383F3118808BD00BFC7
:10A90000209A0020EFF3098305494A6B22F00102E7
:10A9100068334A6383F30988002383F311887047FF
:10A9200000EF00E0302080F3118862B60D4B0E4A34
:10A93000D9684FF6FF0C01EA0C010A43DA60D3F83C
:10A94000FC200A4942F08072C3F8FC200A684FF0EC
:10A95000200C42F001020A6083F81FC083F8220035
:10A96000704700BF00ED00E00003FA05001000E0B2
:10A97000302383F31188124B5B6813F4006302D118
:10A9800083F31188704700B583B0F1EE103AEFF30E
:10A990000983683B4FF080710A4AD961D26B1A660D
:10A9A00083F309880193FFF7FDFD019B18B9064A5F
:10A9B0009A6103B000BD054A9A6103B000BD00BFB3
:10A9C00000ED00E000EF00E0528100084F81000838
:10A9D000024B0349034AC3E900127047809A0020E2
:10A9E000409C00200000012000B5302383F3118833
:10A9F0000D4BD3F800C001F1FF3E6244494272445E
:10AA00000A4059681044884207D8844505D8186020
:10AA1000002383F31188104600BD0022002383F336
:10AA20001188104600BD00BF809A002008B501F0D3
:10AA3000C3F801F00FFF00F0F7F900F045FA00F05D
:10AA40006DFA00F0D9FA00F063FB00F0C9FAFEF7E6
:10AA500095FDBDE8084000F001B800BF03F01CBD43
:10AA60004FF08043586A70474FF080430021022224
:10AA700058631961DA6070474FF080430022DA6052
:10AA8000704700BF4FF0804358637047DDF800C047
:10AA900001720433C3610CFB032300214261026194
:10AAA00083614262029B019A00604060C160C0F80D
:10AAB00020C08162C162026343637047416A4161A1
:10AAC00000220161C2608262C2626FF00101FFF781
:10AAD0006BBE00BF03694269934201D0181D7047E5
:10AAE000C268002AFAD00020704700BF0369D0F87E
:10AAF00018C01960C169C2680B446345036102F163
:10AB0000010228BF436AC26028BF03610021FFF72A
:10AB10003FBE00BF2DE9F84F04460F4690469946C8
:10AB20004FF0300B8BF311880026B24613E0402221
:10AB3000384603F07FFFA36AE26A40339A4207F186
:10AB4000400706F14006A3621DD98AF311884645E5
:10AB500042D28BF31188A16A00292ED0E36AA8EBB8
:10AB600006055B1A9D4228BF1D46402DDFD82A46A8
:10AB7000384603F05FFFA36AE26A2B449A422F44EF
:10AB80002E44A362E1D86369E069A169E268C4F870
:10AB900028A003448B42636124BF636A6361236B13
:10ABA000013AE260002BD0D020469847CDE7237AC7
:10ABB0007BB9FFF7D9FD00280BDBE3684946204647
:10ABC000002BF4D061690B6804310B44A162E3628D
:10ABD000C5E7002383F311883046BDE8F88F00BF36
:10ABE000DDF800C00172043303FB0C2142610261F5
:10ABF0008161C3610021029B4262019A0060406052
:10AC0000C0F80CC0C0F820C08162C1620263436317
:10AC1000704700BF10B4416A046AC46000224161F9
:10AC2000016110BC8262C2626FF00101FFF7BCBD1E
:10AC3000034640691A69824203D050F8043B0B6016
:10AC40007047DB68002BF8D000231846F7E700BFF9
:10AC500010B44369C4698169C26823448B4243616B
:10AC600002F1010228BF436AC26010BC28BF4361E1
:10AC70000021FFF78DBD00BF2DE9F84F04460F46B8
:10AC8000904699464FF0300B8BF311880026B24660
:10AC900013E04022394603F0CDFEA36AE26A403356
:10ACA0009A4207F1400706F14006A3621DD98AF3D4
:10ACB0001188464545D28BF31188A06A002831D00F
:10ACC000E36AA8EB06051B1A9D4228BF1D46402DCE
:10ACD000DFD82A46394603F0ADFEA36AE26A2B4468
:10ACE0009A422F442E44A362E1D8E2692369A16904
:10ACF000043A1A60E069E268C4F828A003448B4271
:10AD0000236124BF636A2361236B013AE260002B55
:10AD1000CDD020469847CAE7237A7BB9FFF724FDB8
:10AD200000280BDBE36849462046002BF4D020695D
:10AD3000E36903440430A062E362C2E7002383F3C3
:10AD400011883046BDE8F88F302383F31188836A79
:10AD50001BB10269043B9B1A03D1002383F31188C2
:10AD6000704710B51360C469C36881692244013B10
:10AD70008A42C36028BF436A026128BF0361036B34
:10AD80000022826203B19847002383F3118810BD2B
:10AD900070B5044682B00BE001980C4E40F2E73CDF
:10ADA0000021E0FB06C16046EDF7D6F9FFF7B8FCDD
:10ADB000236801A99B692046984701284FF47A72BD
:10ADC0004FF00003E8D002B070BD00BFA0860100C4
:10ADD00000B5036883B05B6801919847C368019927
:10ADE0001BB153F8310003B000BD006901FB00F056
:10ADF00003B000BD036810B55B680C469847C36894
:10AE00001BB103EBC403586810BD006910BD00BF3F
:10AE100000B5036883B05B68019198470199406968
:10AE2000084403B000BD00BF01F0F8B800230122C0
:10AE3000027043608360C360036143611830FFF7B1
:10AE4000C3BC00BF10B53023044683F311884160B2
:10AE500001F00CF902230020237080F3118810BD4B
:10AE600000B583B03023019083F3118801F03CF9E1
:10AE70000198002301224360027083F3118803B01C
:10AE800000BD00BF10B5302484F3118804468260F1
:10AE90000322C360016104F8142B01F04BF94FF059
:10AEA000FF312046FFF748FC002383F3118810BDD3
:10AEB00008B50C30FFF7F0FC002008BD08B50C30D9
:10AEC000FFF7E0FC002008BD00F052BF034A02601B
:10AED000012303710C30FFF777BC00BF6402020846
:10AEE00010B53023044683F31188816000F06CFFB5
:10AEF00002230020237180F3118810BD00B583B0B8
:10AF00003023019083F3118800F074FF019801222F
:10AF10000023027183F3118803B000BD01F02CBF40
:10AF200001220023027043600C30FFF74DBC00BFCC
:10AF300010B53023044683F31188416001F02CFFE3
:10AF400002230020237080F3118810BD00B583B068
:10AF50003023019083F3118801F0EAFF0198002368
:10AF600001224360027083F3118803B000BD00BF6B
:10AF700070B584B00446089D4FF0300C8CF31188F6
:10AF80000A9E0296099E4FF0030CCDE9005600255B
:10AF9000856080F800C002F051F8431C14BF022302
:10AFA0000523237085F3118804B070BD30B583B0DC
:10AFB0000446069D4FF0300C8CF311884FF0040CC2
:10AFC00000950025856080F800C001F0DBFF431C80
:10AFD00014BF02230523237085F3118803B030BD0D
:10AFE00002F016BF014B0360704700BF9C2F00208A
:10AFF00002F054BF02F0ECBF03F03EB9002301227F
:10B000000270436083600C30FFF7DEBB10B5302365
:10B01000044683F31188416003F046F9002814BF09
:10B02000012302232370002383F3118810BD00BF86
:10B0300000B583B03023019083F3118803F0BCF98D
:10B040000198002301224360027083F3118803B04A
:10B0500000BD00BF302383F3118842681169D268B4
:10B0600001238B405383002383F31188704700BF73
:10B07000302383F3118842681169D26801238B4021
:10B080001383002383F31188704700BF10B54FF07E
:10B09000300C04468CF311884FF0030C80F800C08C
:10B0A00003F0B8F910B92378032B03D0002383F3FE
:10B0B000118810BD4FF0FF3104F10800FFF73CFB91
:10B0C000002383F3118810BD10B53023044683F3A9
:10B0D00011880323037003F0BFF910B92378032B01
:10B0E00003D0002383F3118810BD4FF0FF3104F12A
:10B0F0000800FFF721FB002383F3118810BD00BF78
:10B100000C30FFF7BFBB00BF0C30FFF7C5BB00BF63
:10B1100002F06CB80023012202704360C3618362B5
:10B120000362C362436203638360704710B53023D8
:10B1300082B083F3118800244160C46004614461DB
:10B140008461019002F062F801980223037084F395
:10B150001188204602B010BD70B53023054683F338
:10B1600011882C4602F0C4F8002601236E6004F812
:10B17000083B183554F8043F83B15A696FF0010158
:10B1800002F10C0012B1FFF7E5FA23689B696FF03A
:10B19000010103F10C000BB1FFF7DCFAAC422660B1
:10B1A000E8D1FFF72BFA86F3118870BD30B513464E
:10B1B000044600EB8102586983B00D46D36028B184
:10B1C00014220021019303F0E9FB019B986918B157
:10B1D0001422002103F0E2FB2946204603B0BDE81B
:10B1E000304002F01BB900BFF8B5836803F00113CB
:10B1F000054600F10C0400F118078360002654F89E
:10B20000043F83B15A696FF0010102F10C0012B1E1
:10B21000FFF7A0FA23689B696FF0010103F10C00AE
:10B220000BB1FFF797FABC422660E8D12846BDE88B
:10B23000F84002F09BB900BF10B500EB81044FF05D
:10B24000010CE468D4F818E044890CFA01FC4CEADB
:10B25000040CA0F80AC0CEF808200022CEF8003076
:10B26000CEF80420CEF80C20BDE8104002F0AAB9B8
:10B2700010B500EB81044FF0010CE468D4F814E041
:10B2800004890CFA01FC4CEA040CA0F808C0CEF8C2
:10B2900008200022CEF80030CEF80420CEF80C2092
:10B2A000BDE8104002F036BA0378052B00D0704795
:10B2B000426D00B5D2F8001E21F0030183B0C2F840
:10B2C000001ED2F80418019041F00101C2F80418E0
:10B2D000516941F008015161916941F008019161A2
:10B2E000C820FFF71DFA019B5A6DD2F8043823F0ED
:10B2F0000103C2F8043803B000BD00BF2DE9F041DE
:10B300000446002502230370C56444F8085F06461E
:10B3100000F118074FF0300854F8043FABB188F340
:10B32000118823685A696FF0010102F10C0012B113
:10B33000FFF710FA23689B696FF0010103F10C001D
:10B340000BB1FFF707FA85F31188BC422560E3D102
:10B3500086F83450304601F0F5FF73681B6823B15E
:10B3600030460021BDE8F0411847BDE8F08100BF3C
:10B370000278052A2CD0F8B5416880F850200524C1
:10B3800004700A6805460AB1042190472C4600263D
:10B3900044F8086F1835302754F8043FABB187F3F1
:10B3A000118823685A696FF0010102F10C0012B193
:10B3B000FFF7D0F923689B696FF0010103F10C00DE
:10B3C0000BB1FFF7C7F986F31188AC42E4D1F8BDA1
:10B3D000704700BF0178052900D0704790F850C031
:10B3E000426880F800C01368002BF6D0184700BFF1
:10B3F00070B590F83430044613B1002380F834302F
:10B4000004F14402204602F0D5F863689B688BB3D0
:10B410002046984770B3E16B94F84A2094F84B307B
:10B4200042EA03228A4280F0D58094F844C0E26365
:10B430006346190600F1B180002A73D0152384F801
:10B440003430302383F311886289E368E16B9B69B0
:10B45000D4F838C042F00102628120460024C3E9DA
:10B460000014C3F808C0DC60214602F0ABF884F396
:10B47000118870BD94F8443013F060029C46164663
:10B4800028D194F8451003F07F0242EA012240F2ED
:10B4900002318A4200F051815CD8B2F5807F00F021
:10B4A000EF8029D8012A00F03481022A00F00981B6
:10B4B00082B904F14C01A1630221E163226494F892
:10B4C0004A1094F84B2041EA0222012AAFD9002BFE
:10B4D000B4D063E00021204602F0BEFB00212046EC
:10B4E00002F0B0FB63681B6813B106212046984741
:10B4F000062384F8343070BDB2F5817F00F0CF8030
:10B50000B2F5407FE6D194F84620012AE2D1B4F8A2
:10B510004C20A66342F00202A4F84C20E6632664A5
:10B520001B066FD40B2384F83430302383F3118847
:10B53000E36822895B69002142F0010222812046F2
:10B54000996019605960D96002F0E4F8002181F334
:10B55000118870BDB2F5006F40D06BD8B2F5A06F06
:10B5600000F08380A2F5C062012AB3D8626894F823
:10B570004910526894F84830154643EA012394F87C
:10B58000462094F847102046A8470028A2D0D0E9CA
:10B5900000132664A363E1633EE79AB3092384F8AA
:10B5A0003430302383F311882289E368E16B5B69CF
:10B5B000D4F838C042F00102228120460024C3E9B9
:10B5C0000014C3F808C0DC60214602F0A3F884F33D
:10B5D000118870BD94F844300A462AE794F84A204E
:10B5E00094F84B10266404F14F00A06352EA012244
:10B5F0004FF00100E06340F0BC8094F94430E26316
:10B60000002B8FDA142384F83430302383F311882D
:10B61000E36862899B69002142F001026281204651
:10B62000996019605960D96001F0CCFF002181F365
:10B63000118870BDB2F5106F66D12378042B00F02D
:10B640009C8094F846304BB1626884F84F300421F6
:10B650002170136813B1022120469847002294F804
:10B660004430A263E26322645AE7B4F84420B2F59E
:10B67000A06F00F0A0800022A263E26322644FE783
:10B6800094F84620012A7FF425AFB4F84C20A66335
:10B6900022F00202A4F84C20E663266440E794F806
:10B6A0004620002A7FF416AF94F8482012F00F01CC
:10B6B000E1D01606204679D402F0D8FA94F8443046
:10B6C000D9E794F8483003F00F011B06204646D412
:10B6D00001F054FF012846D002287FF4FBAE94F815
:10B6E0004A2094F84B003D4BA36342EA002202211A
:10B6F0000023012AE16323647FF697AE94F9443076
:10B70000002BBFF69BAE49E740F602439A427FF416
:10B71000E1AE94F84A2094F84B303149A16342EAF3
:10B72000032202200021012AE06321647FF67FAE1C
:10B730001CF0800F3FF482AE30E794F84620002AD8
:10B740007FF4C8AE94F8482012F00F0193D015068C
:10B75000204626D402F076FA94F844308BE701F0C4
:10B760001BFF0128B8D194F84A2094F84B001D4BD8
:10B77000BAE71A067FF562AE10E7302383F311882B
:10B780002046FFF731FD86F311880321636884F8B2
:10B790004F6021701B68002B3FF453AF2046984741
:10B7A0004FE702F059FA94F8443064E702F068FA7F
:10B7B00094F844305FE794F8463084F84E302046E1
:10B7C00001F020FE63681B6813B1012120469847F1
:10B7D000032294F8443022704DE700BF9002020823
:10B7E000940202088C02020800B590F8343083B04D
:10B7F000152B2BD8DFE803F02C2A2A2A2A2A2C2AF8
:10B800002A0B14402A2A2A2A2A2A2A2A2C2C90F87F
:10B810004A3090F84B20C16B43EA0223994235D35A
:10B82000142380F83430302383F31188C3684289AD
:10B830009B69002142F001024281996019605960C0
:10B84000D96001F0BFFE002181F3118803B000BD73
:10B850000021009002F000FA0098002102F0F2F9B5
:10B86000009843681B6813B1062198470098062387
:10B8700080F8343003B000BD036C13B100909847DA
:10B880000098002380F8343003B000BDC3681B8AE1
:10B89000B1FBF3F203FB12110029C1D1302383F372
:10B8A0001188C36802895B6942F0010202819960D4
:10B8B00019605960D960CDE9000101F02BFF0199B1
:10B8C00081F3118800980A2380F83430BEE700BF66
:10B8D00000B590F8343083B0152B22D8DFE803F0A0
:10B8E000232121212121232121232323212121213E
:10B8F00021212121370B0B2380F83430302383F3AF
:10B900001188C36802895B69002142F0010202814B
:10B91000996019605960D96001F0FCFE002181F343
:10B92000118803B000BD0021019002F095F9019843
:10B93000002102F087F9019843681B6813B10621C2
:10B9400098470198062380F8343003B000BDC368DF
:10B950009B695B68002BE4D1036C13B1019098479D
:10B960000198002380F8343003B000BD43099B00E8
:10B9700000F1604C03F1604303F561430CF5614C49
:10B9800000F01F000122824009018CF80013C3F867
:10B9900080211A60704700BF43099B0000F160419D
:10B9A00003F1604303F5614300F01F0001F56141BD
:10B9B000012282400020C3F88020C3F8802181F852
:10B9C00000037047074A08B5536903F00103536148
:10B9D00023B1054A13680BB150689847BDE8084089
:10B9E000FEF7C6BF003C0140E09A0020074A08B5B8
:10B9F000536903F00203536123B1054A93680BB105
:10BA0000D0689847BDE80840FEF7B2BF003C01404F
:10BA1000E09A0020074A08B5536903F00403536114
:10BA200023B1054A13690BB150699847BDE8084036
:10BA3000FEF79EBF003C0140E09A0020074A08B58F
:10BA4000536903F00803536123B1054A93690BB1AD
:10BA5000D0699847BDE80840FEF78ABF003C014026
:10BA6000E09A0020074A08B5536903F010035361B8
:10BA700023B1054A136A0BB1506A9847BDE80840E4
:10BA8000FEF776BF003C0140E09A0020164B10B54F
:10BA90005C6904F478725A61A30604D5134A936A68
:10BAA0000BB1D06A9847600604D5104A136B0BB1EE
:10BAB000506B9847210604D50C4A936B0BB1D06BA1
:10BAC0009847E20504D5094A136C0BB1506C9847AE
:10BAD000A30504D5054A936C0BB1D06C9847BDE81B
:10BAE0001040FEF745BF00BF003C0140E09A002037
:10BAF000194B10B55C6904F47C425A61620504D5A7
:10BB0000164A136D0BB1506D9847230504D5134A9F
:10BB1000936D0BB1D06D9847E00404D50F4A136EB6
:10BB20000BB1506E9847A10404D50C4A936E0BB12B
:10BB3000D06E9847620404D5084A136F0BB1506F5A
:10BB40009847230404D5054A936F0BB1D06F9847EB
:10BB5000BDE81040FEF70CBF003C0140E09A002019
:10BB600008B502F0BFFCBDE80840FEF701BF00BF0A
:10BB7000062108B50846FFF7F9FE06210720FFF762
:10BB8000F5FE06210820FFF7F1FE06210920FFF748
:10BB9000EDFE06210A20FFF7E9FE06211720FFF738
:10BBA000E5FE06212820FFF7E1FEBDE80840072159
:10BBB0001C20FFF7DBBE00BF08B52B4B1A6962F0F3
:10BBC0009F021A611A6902F09F021A614FF0FF3C4E
:10BBD0001A695A69C3F814C000205A6958615A6931
:10BBE000196A224A61F080511962196A01F0805184
:10BBF0001962196A596AC3F824C0596A5862596AA5
:10BC0000196C41F080511964196E41F08051196628
:10BC10001B6E136843F4807313601368D905FCD559
:10BC2000114A136F03F44073B3F5007F04D04FF44F
:10BC300080310023116713670B4B1A6F120407D46E
:10BC40001A6F42F400721A671A6F42F400421A67C0
:10BC5000064A536823F40073536000F06FFDBDE89B
:10BC60000840FFF785BF00BF003802400070004069
:10BC70003649374B4FF080504FF4004208641A6049
:10BC80000B6843F001030B600B689B07FCD58B68C6
:10BC90002E4A23F003038B60936813F00C03FBD14F
:10BCA00010682A4900F0F90010609360136843F4AB
:10BCB000803313600B689803FCD54B6F234A43F025
:10BCC00001034B67536F9907FCD5224B53601368F0
:10BCD0001F4943F0807313604B685A04FCD51B4A1C
:10BCE00013689B01FCD51C4B1C4890600321C2F8D3
:10BCF0008C101A681A4B9A421DD01A4B40F20272ED
:10BD00001A60184A136803F00F03022BFAD10F4A86
:10BD1000936843F002039360936803F00C03082BCD
:10BD2000FAD1536C43F480435364536E43F480431D
:10BD30005366536E70470C4A0C4B12689A42DCD122
:10BD4000084B4FF481721A60DBE700BF00380240F5
:10BD50000070004008244106002004E000108838EC
:10BD600011640020003C024000ED00E041C20F41A0
:10BD700008B51148FFF7AAF8104A0F49528C104B2A
:10BD8000CB61802A0CD09302B3F5802F0FD0B3F58E
:10BD9000C02F0ED0B3F5002F08BF032301D008BD7C
:10BDA0000023084A52F82330034A136208BD0123D6
:10BDB000F7E70223F5E700BF889A0020007AFF1F0B
:10BDC000003C024098020208C3690749D3F804C046
:10BDD000064A07484CEA0101596059680A430021A4
:10BDE0005A600161704700BF23016745AB89EFCD01
:10BDF000003C0240C269136943F00043136170477D
:10BE0000006A704790F804C0BCF1050F18D010B557
:10BE10009C46034603201C6A82B018716046D4F821
:10BE200014C0DC69019361444FF6FF7CC4F80CC078
:10BE300002F000FE019B022200201A7102B010BD28
:10BE4000012070472DE9F0430479052C83B060D0C0
:10BE500006469946F469376A042333714FF6FF7337
:10BE6000E360236923F440732361236943F400737F
:10BE70002361236943F0010310462361002A3DD06A
:10BE8000D7F8148001F0030EFF257B684FF0000CFB
:10BE900043B10DEB0C020CF1010C5FFA8CFC9C45DC
:10BEA0001570F6D321F0030C4B46EE4413F8012B2A
:10BEB0008EF8002001318A0700F1FF3001F0030EF7
:10BEC00001D00028F1D1009A48F80C20E268D20392
:10BED000FCD4E26896F804901FFA82FC12F0100F6E
:10BEE000C4F80CC013D112F0620F02D130B19946E0
:10BEF000CBE7B9F1040F14BF042003202369022209
:10BF000023F001032361327103B0BDE8F083062002
:10BF1000F4E7012003B0BDE8F08300BF0379052BEF
:10BF20000CBF0120072070470379052B1FD0C36980
:10BF30004FF0050C4FF6FF7280F804C0DA601A6902
:10BF400042F002021A611A6922F0F8021A611A69B3
:10BF500022F440721A611A6942EAC10242F4007284
:10BF60001A611A6942F4803200201A617047012078
:10BF7000704700BF0379052B024601D000207047AF
:10BF8000C069D0F80CC01CF4803F03D001B10B6035
:10BF900001207047036923F006030361C36892F828
:10BFA00004C099B2C160D9060CD413F0620303D166
:10BFB0001846022313717047BCF1040F14BF04200C
:10BFC0000320F6E70620F4E70279052A1FD0F8B52A
:10BFD000036A04465D690E46FEF7FAFE0323074630
:10BFE000237131462046FEF705FF80080CD0EB197F
:10BFF00003EB8000021F043B01E0934209D053F899
:10C00000041F0131F9D0052002232371F8BD01205E
:10C010007047022323710020F8BD00BF10B50F4800
:10C020000E4CFEF703FF0E4BDFF838E05A6ADFF8DC
:10C0300038C042F480725A625A6A002122F4807237
:10C04000E1625A625B6AC4F828E0C4F830C0062195
:10C05000BDE810401220FFF789BC00BFAC9A002059
:10C060000038024000200140162C02000378012B0A
:10C0700000D0704700B5174A904283B0034610D0F5
:10C0800015489A6A436803F44003002143F440339F
:10C090004FF0010C436051609160C2F808C003B0DA
:10C0A00000BD0E4A019006210C2000F067FB019BA9
:10C0B00001680B4ADFF82CC0D862C1F808C0516C87
:10C0C00041F480715164516E41F480715166526E39
:10C0D000D6E700BFAC9A0020002301400DC2010842
:10C0E000003802404C2001400378022B00D07047FA
:10C0F00000B583B00346C06A019300F045FB019B85
:10C100000A48996A00228342DA624A608A6001D052
:10C1100003B000BD064B5A6C22F480725A645A6E0A
:10C1200022F480725A665B6EF2E700BFAC9A002080
:10C130000038024003691A7810B5046BD0F80CE09F
:10C1400032B1BEF1010F94BF44F4807444F484749E
:10C15000C26A11685A8802F1FF3C0EFB02FE826837
:10C16000CA60C1F804E00C600C68826A44F0010007
:10C170000860196A5C69D86841EA0C514FF0000CFC
:10C18000C2F800C0D4609C6914619C8B5462DC8B43
:10C190009462D16219695C6A9B6A146340F08060A2
:10C1A000536340F480704B0050600AD521F0804307
:10C1B00040F2033023F00203034301439360916094
:10C1C00010BD41F4407141F00101916010BD00BF0C
:10C1D000C16A0A68136823F01F0300B5136013686F
:10C1E00013F00103FBD191F809E0D1F804C0826A91
:10C1F0003D2101FA0EF1CCF80010536091688907D7
:10C2000048BF93600123936000BD00BF00B511F0EB
:10C210000C0F83B013D102697AB111F0200F2BD02B
:10C220001178002936D052683AB10421017000908B
:10C230009047009B1A78042A48D003B000BD0090B4
:10C24000FFF7C6FF009B1A699268F2B105211970C9
:10C2500001219047009B1A78052A16D0302282F3DC
:10C2600011884FF0FF3103F11400FEF773FA002339
:10C2700083F3118803B000BDCB06DED55368002BD5
:10C28000DBD003B05DF804EB1847022100221970DF
:10C290001A61E3E7CDE90020FFF79AFF009A019BBE
:10C2A0005268B2B10421197000939047009B1A782C
:10C2B000042A0ED0302282F31188002103F11400E9
:10C2C000FEF748FA002383F31188B6E703221A70B9
:10C2D000B3E70221002219701A61EBE71F4B204AD5
:10C2E000196910684FF0000CC2F800C051B310B5C6
:10C2F00000F00102800682B002D51878032828D009
:10C30000DAB1042415480191FFF762FF01998A68A8
:10C310000346CAB105210170214690470F4B1A7898
:10C32000052A11D0302383F311880E484FF0FF31D6
:10C33000FEF710FA002383F3118802B0BDE8104025
:10C34000FEF716BBFEF714BB0221002219701A611A
:10C35000E8E7002A0CBF02240624D3E7AC9A0020A9
:10C3600000200140C09A002030B5DFF8E8E04FF02F
:10C37000010C1C46DEF800300CFA00FC1CEA030F2E
:10C3800083B018BF002302D0184603B030BD4CEA7A
:10C390000303CEF800300EEBC00E00EB4003CEF8E6
:10C3A00008402B4CCEF804205FFA8CFE04EB83038C
:10C3B000BEF1000F38D1DFF8A0C0DCF830E04EF459
:10C3C000800ECCF830E0DCF850E04EF4800ECCF873
:10C3D00050E0DCF850C01E4C00EB400C54F82CE050
:10C3E000DEF800C02CF01F0CCEF800C0DEF800C054
:10C3F0001CF0010CFAD1164C00EB400004EB80005D
:10C400003D25447A05FA04F445682C60CEF800C056
:10C410004FF0210CCEF814C0002AB5D0C07A019399
:10C42000FFF7A4FA019BAFE7DFF82CE0DEF830401D
:10C4300044F40014CEF83040DEF8504044F40014C8
:10C44000CEF850401CF47F4FDEF850E0C3D0B2E786
:10C45000E8030208C87300200038024008B5074B03
:10C4600007481968426801F03D0199600AB1806887
:10C470009047BDE80840FEF77BBA00BF006002406D
:10C48000C873002008B5094B09481968C26801F44F
:10C49000746CC3F808C022B18909006901F03D013C
:10C4A0009047BDE80840FEF763BA00BF0060024055
:10C4B000C873002008B5094B09481968426901F49E
:10C4C000741CC3F808C022B1090C806901F03D0159
:10C4D0009047BDE80840FEF74BBA00BF006002403D
:10C4E000C873002008B5094B09481968C26901F0F2
:10C4F000746CC3F808C022B1890D006A01F03D01D7
:10C500009047BDE80840FEF733BA00BF0060024024
:10C51000C873002008B5074B07485968426A01F004
:10C520003D01D9600AB1806A9047BDE80840FEF736
:10C530001FBA00BF00600240C873002008B5094B55
:10C5400009485968C26A01F4746CC3F80CC022B17E
:10C550008909006B01F03D019047BDE80840FEF7F6
:10C5600007BA00BF00600240C873002008B5094B3D
:10C5700009485968426B01F4741CC3F80CC022B11D
:10C58000090C806B01F03D019047BDE80840FEF7C3
:10C59000EFB900BF00600240C873002008B5094B26
:10C5A00009485968C26B01F0746CC3F80CC022B121
:10C5B000890D006C01F03D019047BDE80840FEF791
:10C5C000D7B900BF00600240C873002008B5074B10
:10C5D00007481968426C01F03D0199600AB1806C0E
:10C5E0009047BDE80840FEF7C3B900BF00640240B1
:10C5F000C873002008B5094B09481968C26C01F4DA
:10C60000746CC3F808C022B18909006D01F03D01C6
:10C610009047BDE80840FEF7ABB900BF0064024098
:10C62000C873002008B5094B09481968426D01F428
:10C63000741CC3F808C022B1090C806D01F03D01E3
:10C640009047BDE80840FEF793B900BF0064024080
:10C65000C873002008B5094B09481968C26D01F07C
:10C66000746CC3F808C022B1890D006E01F03D0161
:10C670009047BDE80840FEF77BB900BF0064024068
:10C68000C873002008B5074B07485968426E01F08F
:10C690003D01D9600AB1806E9047BDE80840FEF7C1
:10C6A00067B900BF00640240C873002008B5094B99
:10C6B00009485968C26E01F4746CC3F80CC022B109
:10C6C0008909006F01F03D019047BDE80840FEF781
:10C6D0004FB900BF00640240C873002008B5094B81
:10C6E00009485968426F01F4741CC3F80CC022B1A8
:10C6F000090C806F01F03D019047BDE80840FEF74E
:10C7000037B900BF00640240C873002008B5094B68
:10C7100009485968C26F01F0746CC3F80CC02AB1A3
:10C72000890DD0F8800001F03D019047BDE8084038
:10C73000FEF71EB900640240C87300200B4ADFF800
:10C7400038C000210B4611605CF823000832033327
:10C75000302B016042F8041CF6D10549054A4FF020
:10C76000FF338B60CB609360D3607047C873002049
:10C770000060024000640240E80302080F2801D86C
:10C78000FFF7F2BD0020704710B50446C07AFFF7EE
:10C7900003F91149A07A0B680122824023EA0203BF
:10C7A000DAB20B604AB90D4A116B21F40011116322
:10C7B000116D21F400111165126D13F47F4F09D131
:10C7C000064B1A6B22F480021A631A6D22F480025F
:10C7D0001A651B6D10BD00BFC873002000380240F1
:10C7E0008B0712D11A4B1A6822EA00021A605A68A3
:10C7F00022EA00025A609A6822EA00029A60DA6825
:10C8000022EA0002DA6058617047114A936811F019
:10C81000010F14BF0343834393600D4AD36811F0A3
:10C82000020F14BF03438343D3604A07084B07D466
:10C830001A6802431A605A6822EA00025A60704776
:10C840005A6802435A601A6822EA00021A60704766
:10C85000003C0140044B002203F180011A605A6041
:10C8600008338B42FAD17047E09A00202DE9F04757
:10C8700011F0010302F003099046C2F38005C2F3F0
:10C88000C106C2F341174C4639D0002342684FF02D
:10C89000010C0CFA03FC22EA0C022A434260826873
:10C8A0004FEA430C4FF0030E0EFA0CFE22EA0E0282
:10C8B00032438260C26822EA0E023A4303F0070C58
:10C8C0004FEA8C0CC2604FF00F0AC8F3C312B9F1E3
:10C8D000020F0AFA0CFA02FA0CF220D0D0F800C0CB
:10C8E0002CEA0E0C4CEA040C072BC0F800C028D828
:10C8F000D0F820C02CEA0A0C4CEA02020262490875
:10C900001DD0CA074FEA45054FEA86064FEA87075A
:10C910004FEA840403F10103B8D44908F1E7072B77
:10C9200017D8D0F820C02CEA0A0C4CEA02020262A6
:10C93000026822EA0E02224349080260E1D1BDE802
:10C94000F087D0F824C02CEA0A0C4CEA02024262BA
:10C95000D5E7D0F824C02CEA0A0C4CEA0202426265
:10C96000E6E700BF21F0030303F1804303F59C33A6
:10C9700010B501F0030C0124D3F808E004FA01F12A
:10C980004FEA8C0C1446C0F383200F2200FA0CF0FF
:10C9900002FA0CFC2EEA0C0C0C4A40EA0C009860DF
:10C9A0009368E0074CBF0B438B439360074AD368FF
:10C9B000A0074CBF0B438B43D360044B1A680A4358
:10C9C0001A605A6822EA01025A6010BD003C014018
:10C9D000174BD3F808C0D868012210B58A404CEA3A
:10C9E000000E1EEA020F22D04FEA910E114C0EF1FA
:10C9F000020E2CEA020C54F82EE0D3F800E02EEAE6
:10CA0000020EC3F800E0D3F804E02EEA020EC3F8E9
:10CA100004E0C3F808C0DFF820C020EA0200D860B4
:10CA20005A6100230CEBC1024CF83130536010BD49
:10CA3000003C014000380140E09A0020D0F830C0AE
:10CA4000436B4FF4004200B500211A60DCF800206F
:10CA5000196059605961136823F01F03136013684C
:10CA6000D907FCD49CF809E0C16ADCF804000A6824
:10CA70003D2303FA0EF30360136823F01F031360D2
:10CA80001368DB07FCD4487A4A683D23834013606F
:10CA900000BD00BF10B511F00C0F446B82B003460F
:10CAA00013D1196B0A68136823F01F03136013680E
:10CAB000DB07FCD4487A4A683D23834013606368EF
:10CAC00043F40073636002B010BD01900248FDF7AB
:10CAD0003FFB019BE5E700BFE4F6010810B511F04C
:10CAE0000C0F426B82B0044629D1E06A03681968D2
:10CAF00021F01F011960196811F00101FBD1D0F874
:10CB000004C0407A3D238340CCF80030536823F4BE
:10CB100080535360136823F480631360136843F4F5
:10CB200000733020136080F3118804F11C00019120
:10CB3000FDF710FE019981F3118802B010BD034882
:10CB40000192FDF705FB019ACFE700BFE4F601086B
:10CB500048484949426B10B59369546944EA034314
:10CB600003F0FF138B4282B01FD8B3F5403F31D999
:10CB7000A3F54033013B102B0ED8DFE803F02E4421
:10CB80000D0D0D0D0D090D0D0D0D0D0D0D0D3A00B9
:10CB9000038CC3F34703136114F00A0F18BF9369A2
:10CBA00002B0BDE81040FDF7E3BE34498B4240D0EF
:10CBB00002318B42F0D1C36A11691B6859680029A0
:10CBC00042D0018C136841F0010143F4A063018459
:10CBD0001360E5E7B3F1011FDED1038C190ADAD047
:10CBE00001F0060103F00103194341F0F001116166
:10CBF000D2E720480092FFF721FF009A536823F400
:10CC000000735360C8E75168C06A21F4007103687B
:10CC10005160196841F001011960516841F4805177
:10CC200051605B68012BB7D8136823F480631360ED
:10CC3000B2E75368016B23F40073096853600B6813
:10CC400043F001030B60A7E75368019223F40073DC
:10CC50005360136843F400731360302383F3118827
:10CC60001C300091FDF776FD009981F31188019A3F
:10CC700092E700BF609B00201100030082000700C4
:10CC80003B4938B5D1F834E00C6BDEF814C02268AB
:10CC90000CF45F43DB43CEF81430136823F01F031A
:10CCA0001FFA8CF013601368DB07FCD4657A6268A6
:10CCB000CC6A3D23AB4013602268136823F01F0346
:10CCC00013601368DD07FCD4657A62683D23AB40CE
:10CCD00013608405C0F3002348BF43F002034205FC
:10CCE0008B600ED5DEF8042022F40072CEF804200A
:10CCF000DEF8002043F0040342F40072CEF8002076
:10CD00008B60050544BF43F008038B6044041ED5C7
:10CD100043F02003C0048B600FFA8CFC24D543F051
:10CD20001003BCF1000F8B6002DA43F040038B600C
:10CD3000302383F311880F486FF00101FDF70AFDDE
:10CD4000002383F31188BDE83840FDF711BEC2040B
:10CD50000FFA8CFCE3D4BCF1000FE6DB002BE7D12B
:10CD6000BDE83840FDF704BEBCF1000FE0DADCE7B7
:10CD7000609B00207C9B002008B50548FEF7D0F89A
:10CD80000349044A4A630023CB61CB620B6308BDAD
:10CD9000609B0020005C004030B50278446B012AA3
:10CDA00083B0034653D02246D96AD3F830C009680D
:10CDB00004F1100088605968DCF8003098604FF486
:10CDC0000040206000234FF4106023606060D2F8C0
:10CDD00004C048684FF6C07E0CEA0E0C91F808E0DB
:10CDE000C2F804C0D2F804C04CF0240CC2F804C04D
:10CDF000DFF834C160451BDC252340001362454B3E
:10CE000093FBF0F3C3F30B03D36109781368022992
:10CE10009BB261D003295CD023F00A00012908BF2E
:10CE200003461360236843F00103236003B030BD61
:10CE3000DFF8F8C06045E7DCBEF1020F52D0BEF16A
:10CE4000030F5AD048F6FF730B201062DCE7324A1A
:10CE500040F2564040F21641934298625962A2D184
:10CE60002E4D2F4A296A41F400012962296A21F4D2
:10CE700000012962296A019305210220FFF77EFC47
:10CE8000019B284AD86205210420FFF777FC2A6C11
:10CE9000019B42F4000218632A642A6E42F40002E5
:10CEA00005212A6648202A6EFEF760FD05214920EB
:10CEB000FEF75CFD019B586A996A5A6B40F0C060AE
:10CEC00041F0C06140F4403041F440315862996211
:10CED0006AE743F00A03A4E723F0080343F00203E0
:10CEE0009BB29EE70B4B00EB4000B3FBF0F36FEA05
:10CEF00043436FEA53439BB2A6E700EB8000054B28
:10CF000000EB8000B3FBF0F36FEA83436FEA9343D7
:10CF10009BB299E700512502609B00200038024037
:10CF2000DDCA010895CA0108A0860100801A060022
:10CF30000378012B00D1704710B50446FFF77EFD42
:10CF4000206BFFF721FCE06AFFF71EFC0B4A002371
:10CF500094422363E36200D010BD4820FEF71CFD1D
:10CF60004920FEF719FD064B1A6C22F400021A64E0
:10CF70001A6E22F400021A661B6E10BD609B002020
:10CF80000038024049002DE9F84341F00101002535
:10CF9000446B01848146856085F31188C16A406ACB
:10CFA00009680860CA604B60FDF75AFD302680466C
:10CFB00041F2873701E085F3118886F31188A36970
:10CFC0009A0702D423689B0518D5FDF749FDA0EB0D
:10CFD0000800B842EFD9D9F82C100A68136823F07A
:10CFE0001F0313601368D807FCD4487A4A683D23AE
:10CFF000834013604FF0FF30BDE8F8836368089901
:10D0000043F400736360236843F4A06309F11C00D8
:10D010002360FDF791FB0028EED0D9F82C100A68A8
:10D02000136823F01F0313601368DB07FCD44C7AEA
:10D030004A683D23A3401360BDE8F8832DE9F84317
:10D0400049000025089F446B01848146856085F373
:10D050001188016BD9F828600868D9F82C10096884
:10D060000660C2604360D9F824300B60099BCF6032
:10D070004B60FDF7F5FC3026804641F2873701E032
:10D0800085F3118886F31188A3699A0702D423686F
:10D090009B0527D5FDF7E4FCA0EB0800B842EFD9CB
:10D0A000D9F830000268136823F01F031360136877
:10D0B000DC07FCD4447AD9F82C1040680A683D2378
:10D0C000A3400360136823F01F0313601368D8079D
:10D0D000FCD4487A4A683D23834013604FF0FF3008
:10D0E000BDE8F88363680A9943F4007363602368BA
:10D0F00043F4807309F11C002360FDF71DFB002839
:10D10000EED0D9F830402268136823F01F03136073
:10D110001368D907FCD4627AD9F82C1064683D23CF
:10D1200093400A682360136823F01F031360136899
:10D13000DB07FCD44C7A4A683D23A3401360BDE86A
:10D14000F88300BF12498A6DD1F854C070B5956854
:10D1500000230831012451F804EFDEF8186003F1D0
:10D16000100204FA03F0013336B1DCF81C6804FA4B
:10D1700002F23243CCF81C28DEF8142022B1DCF88D
:10D180001C281043CCF81C08AB42E4D970BD00BF8A
:10D19000989B002010B50022D1F808E04FF0FF3432
:10D1A00000E0013200EB42110B46D1F800C9BCF19E
:10D1B000000F05DAD1F800C94CF0804CC1F800C965
:10D1C000D1F800CBBCF1000F05DAD1F800CB4CF060
:10D1D000804CC1F800CB9645C3F80849C3F8084B0A
:10D1E000DFD14FF00113C0F81C3810BD08B5054859
:10D1F000FDF790FF0349044B8B654FF0A0424A6551
:10D2000008BD00BF989B0020A80402080378012BEA
:10D2100000D0704730B5304B446D984283B005461E
:10D220003BD02346C0220021C4F8001E22604FF4E8
:10D230000412A2631A69002AFCDA01221A610C2086
:10D240000193FCF7B1FF019B1A69D207FCD41220AD
:10D250000193FCF7A9FF019B1A69002AFCDA00235D
:10D26000A96D686DA360FFF795FF6A68D268002317
:10D27000C4F81038C4F81438C4F81C3852B1174B2D
:10D28000A3614FF0FF336361A36843F00103A36020
:10D2900003B030BD124BA361F3E7124B5A6B42F05F
:10D2A00080025A635A6D42F080025A655A6D5A697B
:10D2B00042F080025A615A6922F080025A610E21BE
:10D2C00043205B69FEF752FB074B084AE3606B6D36
:10D2D000C4F80028A6E700BF989B0020083C30C097
:10D2E000003C30C0003802404014004003002002DF
:10D2F0000378012B00D1704700B583B00346816DE0
:10D30000406D0193FFF746FF0C49019B00228B42C1
:10D31000C0F81C288260826301D003B000BD4320A6
:10D32000FEF73AFB064B5A6B22F080025A635A6DA5
:10D3300022F080025A655B6DEFE700BF989B0020EA
:10D340000038024070B5456D202306462B612C69DC
:10D3500014F02004FBD11220FCF726FFD6F858C0A9
:10D36000C5F83448DCF808004FF00113C5F81C3844
:10D3700001304FF000614FF0FF3205EB44130134F0
:10D380008442C3F80019C3F8001BC3F80829C3F886
:10D39000082BF2D1726DDCF80030F36510216B625E
:10D3A0001161146914F01004FBD11220FCF7FCFE8B
:10D3B000D5F80038114823F4FE63C5F80038AB698E
:10D3C00043F4402343F01003AB61F36D09224FF0A7
:10D3D000C041C5F81028C5F81428F060084AC5F8FF
:10D3E000101B03F1100143F48013C5F8002BC5F89E
:10D3F0001049C5F80029F165AB6270BDB40402089C
:10D4000040800010426D90F84E10D2F8003823F49E
:10D41000FE6343EA0113C2F80038704700EB810352
:10D4200070B5DB68446D1A68D3F818E002F00302A7
:10D430000546501E022804EB411C98BF92044FF091
:10D44000000082B098BF02F18052CCF8100B4FF070
:10D45000010601F110008CBF424A02F5004206FAB3
:10D4600000F0BEF1000F4ED0B3F812E001F1580CFD
:10D470004FEA4C1C4EEA020644F80C60D4F81C68D3
:10D480003043C4F81C0804EB41104FF0000C5E69F7
:10D49000C0F810C94FEA811C4CF0200C002E3FD080
:10D4A000B3F81CE0188ABEF1010F4FEA9003E86D53
:10D4B00088BF0EFB03F304EB810E1E1840EA034005
:10D4C000EE65CEF80001C4F810C023699806FCD4BC
:10D4D000122001910092FCF767FE0199009A05EB7A
:10D4E000810001F14805C068008A6D0140EA815061
:10D4F000104360510123D4F81C288B401343C4F817
:10D500001C3802B070BDDCF8006B26F40046CCF885
:10D51000006BD4F81C6826EA0000C4F81C08B2E7C7
:10D5200004EB8103104AC3F80021C4F810C023693A
:10D530009B06FCD412200091FCF736FE009904EB08
:10D540004110012303FA01F2D0F8003923F400431B
:10D55000C0F80039D4F81C3823EA0203C4F81C3898
:10D5600002B070BD0080001000040002816D03460F
:10D570000A68406DDA65FFF70DBE00BF5831436D94
:10D5800049015B5813F4004004D013F4001F14BF8A
:10D5900001200220704700BF4831436D49015B58AC
:10D5A00013F4004004D013F4001F14BF0120022024
:10D5B000704700BF00EB81011046CB680822196A52
:10D5C00001F038BA00EB810300B5DA68D2F818E050
:10D5D000DEF800C0CEF810C011B9BCF1400F2ED853
:10D5E000538A1268406D02F0030E5A1E6244B2FB69
:10D5F000F3F202FB03F3033323F0030343EAC243D2
:10D6000000EB411243F0C043BEF1010FC2F8103BE2
:10D610000CD1D0F8083813F4807FD2F8003B14BF47
:10D6200043F0805343F00053C2F8003B00EB41103D
:10D63000D0F8003B43F00443C0F8003B00BD40235A
:10D64000CEF800309C46CBE7314A30B5546D0146E8
:10D6500004EB401083B0D0F8083BC0F8083B180733
:10D6600003D5D4F81408050738D4D80734D5D4F82E
:10D670001438DB0730D58C1C02EB84035B6891B94E
:10D68000D3F818C0B3F812E0DCF80450DCF804005A
:10D69000B0FBFEF00EFB105028B9DCF800E0DCF81F
:10D6A0001000864526D3DD6853890120884023EA8F
:10D6B0000003538115B11648A847154A302383F358
:10D6C000118802EB84025368986941680C30FDF7B9
:10D6D00041F8002383F3118803B030BD02EB8100D1
:10D6E0000193C0680091436810469847DDE9001334
:10D6F000074ABAE7A0EB0E00CCE90001302383F320
:10D7000011880348FFF75EFF81F31188E4E700BF4B
:10D71000989B002000EB8103426DD3F80CC0DCF82D
:10D720001400036800B5036153BB02EB41134FF4CF
:10D73000002E4801C3F810E9DCF8003003F00303C1
:10D74000012B0ED1D2F8083802EB000C13F4807FC5
:10D75000DCF8003914BF43F0805343F00053CCF899
:10D76000003910440123D0F800C98B404CF004412B
:10D77000C0F80019D2F834180B43C2F8343800BD91
:10D7800019B9402B84BF40230360BCF810E00EF1B0
:10D79000FF301844B0FBFEF043EAC04302EB4110F7
:10D7A00043F00053C0F810394801C5E72DE9F047B0
:10D7B0004C4D6E6D06EB40120346D2F80849E00767
:10D7C00082B0C2F8084903D5D6F81028D1070BD487
:10D7D000220606D5D6F83428012199400A42894606
:10D7E0002FD102B0BDE8F0879A1C05EB8201D1F879
:10D7F00004C0DCF81410D1F800E0086986455FD356
:10D800002989DCF808700120984021EA000129816B
:10D8100037B11946284601920093B847019A009BF8
:10D820000093302181F3118805EB820200215268B8
:10D8300050690C30FCF78EFF002282F31188009BA8
:10D84000C6E705EB8302D5F854A0D26855696C6829
:10D850002E68A6422DD9128A581CC0B217460AEB70
:10D8600000300AEB4318A6EB040CD8F81839BC4575
:10D870009BB228BFBC46BCEB830FB2D8D5F808E0FA
:10D88000BCF1040FDEF8003003600BD9ACF10501E8
:10D8900021F0030104317144734653F8042F0260F0
:10D8A0008B42FAD164440EEB0C03A642AB606C6071
:10D8B000D9D8DAF8343823EA0903CAF8343890E7BB
:10D8C000A0EB0E00002208604A60302181F311882D
:10D8D000194628460093FFF71DFF002282F31188A6
:10D8E000009B75E7989B00202DE9F04FAD4E83B06B
:10D8F000776D4FF0400B4FE028056ED4A9040CD58E
:10D90000D7F8083813F0060FFB6823F470530CBFE8
:10D9100043F4105343F4A053FB602A070ED57468F8
:10D92000E368002B00F042813378052B00F046813C
:10D93000FFF708FCE3680BB130469847EB0200F1B3
:10D940008F80AC0251D42903D7F818480BD5E203D5
:10D9500000F12381A30300F11C81600300F1158114
:10D96000210300F10E816A030BD5E30700F1058165
:10D97000A00700F1FE80610700F1F780220700F1A7
:10D98000F080EB0600F1BB80874B1D4200F0E48085
:10D99000BBF1010B00F0E0807D69BB691D4015F40F
:10D9A00080587D6140F04381002DA5DAD7F8003E14
:10D9B0009C0705D0D7F8003E23F00303C7F8003ECC
:10D9C000FFF7C0FBD7F8043823F001033046C7F84F
:10D9D0000438FDF7FFFC280590D5706DB16DFFF799
:10D9E000D9FB3046FDF7C4FC88E7D6F854900024F4
:10D9F0004FF0010A05E0B36D01349B68E4B29C422C
:10DA0000A1D809EB4412D2F8003B03F44023B3F54C
:10DA1000802FF0D1D2F8002BA31C002A06EB830044
:10DA20000AFA04F1E7DA4268B6F80AC0D2682CEACA
:10DA3000010C30462146A6F80AC012B10193904766
:10DA4000019B302282F3118806EB83035B6898699F
:10DA500041680C30FCF77EFE002383F31188CAE78F
:10DA60000021D6F854900C4607E0B36D01349B6852
:10DA7000E4B29C4221463FF664AF09EB4412D2F86F
:10DA8000003903F44023B3F5802FEED1D2F80039EA
:10DA9000002BEADAD2F8003943F09043C2F800399B
:10DAA000D2F80039002BFBDB726D890141F02001B7
:10DAB000116113699806FCD41220FCF775FB3389B9
:10DAC0000122A24023EA020304F1020A338106EB99
:10DAD0008A035B689B6813B1214630469847302320
:10DAE00083F3118806EB8A0A0021DAF804305869BA
:10DAF0000C30FCF72FFE002383F31188B5E7726D1D
:10DB0000136A03F4F011B1F5802FC3F30A1003F088
:10DB10000F035ED0B1F5402F7FF43AAF00283FF4F9
:10DB200037AF06EB830302F58054DB684546196A7C
:10DB3000002313F0030F08BF2568072B0A4603F1E3
:10DB4000010303D802F8015B2D0A11469842F0D177
:10DB5000BBF1010B7FF420AF03B0BDE8F04FFCF741
:10DB600007BF0320FFF722FE0BE70220FFF71EFE90
:10DB700004E70120FFF71AFEFDE60020FFF716FE7E
:10DB8000F6E60320FFF760FDEDE60220FFF75CFDFF
:10DB9000E6E60120FFF758FDDFE60020FFF754FD21
:10DBA000D8E600BF989B002030000004BB6923F03A
:10DBB0000803BB613378052B7FF4BAAED7F8003E7B
:10DBC00023F00303C7F8003E3046FDF703FC7468FA
:10DBD000AEE6991C06EB81035B689D692C686B6857
:10DBE000A4EB030CAC68C8B1A64602F5805500232F
:10DBF000444613F0030F08BF2C689C45724603F19E
:10DC0000010303D902F8014B240A96469842F0D149
:10DC100006EB81035B689D69AC686B68604539BF42
:10DC200024181B1864446344AC606B60B0E604487D
:10DC3000FDF764FB03B0BDE8F04FFCF799BE00BFF1
:10DC4000989B0020436D03EB4111D1F8003B43F456
:10DC50000013C1F8003B7047436D03EB4111D1F84D
:10DC6000003943F40013C1F800397047436D03EBEA
:10DC70004111D1F8003B23F40013C1F8003B704779
:10DC8000436D03EB4111D1F8003923F40013C1F8BF
:10DC90000039704750207047BAB110B544689C46AF
:10DCA00050341344A1EB0C010CEB01004FEA900E31
:10DCB00000F0030054F82E20C00022FA00F00CF807
:10DCC000010B9C45F0D1002010BD0020704700BF23
:10DCD000F2B1F0B50D4641689E4650319C18ED1AE0
:10DCE000FF260EEB0500820800F003001EF801CBB2
:10DCF00051F82230C00006FA00F723EA07030CFAB5
:10DD000000F01843A64541F82200EAD10020F0BDFA
:10DD100000207047184A194938B553689568DC687F
:10DD200024F4F040D8604FF40010486105B39968BE
:10DD300009040DD5230503D510460221A8470E4A34
:10DD4000E50404D593680C48032198470A4A5368B0
:10DD50001B6C58070CD5A10404D593680648042110
:10DD60009847054A630403D59368034805219847FB
:10DD7000BDE83840FCF7FCBDF89B0020003C0140AA
:10DD80000B480C494368DA6810B522F48064DC6003
:10DD90004FF480044C61846834B19B68590403D506
:10DDA000530501D50721A047BDE81040FCF7E0BDB1
:10DDB000F89B0020003C014013481449436810B50B
:10DDC000DA6822F4407482B0DC604FF400344C61B5
:10DDD00084689CB19B68D90408D5D10506D500217B
:10DDE000CDE90023A047DDE900230748990405D5C4
:10DDF000930503D5836804480121984702B0BDE824
:10DE00001040FCF7B5BD00BFF89B0020003C01406E
:10DE100008B51F48FDF7E6F81E4BCA215322596288
:10DE20005A62DA681A4912F0100F4B60DA6818D09B
:10DE300022F02002DA60164A002301214FF4C400C8
:10DE40009360FEF7CDFC0F210220FDF78FFD0F211F
:10DE50000320FDF78BFDBDE808400F212920FDF7C9
:10DE600085BD42F08002DA60DA685206FCD52020D7
:10DE700000219860084A1964802040F2FF31D86080
:10DE800019611A61DA6822F08002DA60D3E700BF14
:10DE9000F89B002000280040FF031F002DE9F04FF1
:10DEA0000F4647497B68474A474EBC7897F8019030
:10DEB000C3F31A03A1FB03139B09A2FB031583B051
:10DEC000ED080190A6FB05018908A2FB01CE4FEAEF
:10DED000DE0E04F01F04A6FB0E6C3878A2FB04686B
:10DEE0004FEAD808A2FB00B608EB880B09F00F0A2E
:10DEF000A4EB4B044FEA591944EA4934A2FB0AB98E
:10DF000001EB410BF608A5EB4B0B05EB8505A3EBED
:10DF1000450306EB8605A0EB450044EA00400EEB06
:10DF20008E04A1EB44014FEA9C0C4FEAD90943EA65
:10DF30000B1343EA0123A2FB0C41A2FB064209EBAF
:10DF40008904AAEB440A40EA0A24D20802EB8202BE
:10DF500044EA0934A6EB420244EA081444EA0254B3
:10DF60000CEB4C02C908AEEB420E43EA0E3501EB56
:10DF70008103ACEB430C45EA0C4545EA0155FCF73F
:10DF8000F5F8124B5A68D36843F08003D360D36826
:10DF90005B06FCD5019B59680D604C608B687C78F2
:10DFA00023F48023C4F3001443EA84438B60D368D2
:10DFB00023F08003D36003B0BDE8F04FFCF7E0B876
:10DFC000D34D6210CDCCCCCCABAAAAAAF89B002032
:10DFD000F0B50546002483B00F462646FCF7C6F888
:10DFE0006B68254622469C6AA242AC46B6461D682E
:10DFF0005E68F7D1AC45F5D1B645F3D19B68019386
:10E00000FCF7BEF8019B2F489B0903F480512E4B6F
:10E01000C5F3034203FB02F2C5F3015300FB0322E5
:10E020004FF47A7C05F00F030CFB0322C6F3035375
:10E0300003EB830EC6F3003303EB830C234B24481E
:10E0400004FB03F3C5F3023400FB0420C6F30342D0
:10E0500002EB4E023A70C6F3032202EB4C0202F0CE
:10E060000F0241EA02224EF66024C5F3032104FBAD
:10E070000101C6F3011000EB800406F00F0000EB75
:10E08000440006F46046324300F01F0042EA0042BA
:10E09000C5F3021542F2107000FB051103F5792358
:10E0A00021F0784103F6184301EB9323796863F379
:10E0B0001A013B6879606FF3142313433B6003B08C
:10E0C000F0BD00BF0051250280EE360018FCFFFFB6
:10E0D000C0270900D0F804C0416A9CF801200B68F1
:10E0E000F2B91A6822F01F021A601A68D207FCD42B
:10E0F0004A7A49683D239340C2690B6093681B06C6
:10E10000FCD4016A0A68136823F01F0313601368C4
:10E11000D807FCD4487A4A683D238340136070478F
:10E120001A6822F01F0200B51A601A68D207FCD4E0
:10E1300091F809E04A68016A3D2303FA0EF313607F
:10E140000A68136823F01F0313601368DB07FCD40D
:10E150004A7A49683D239340104A0B60904212D09E
:10E16000BCF81420BCF81610C36922F044024FF02A
:10E17000000C41F0030142F04000C3F800C05960B8
:10E180001A60186000BD064B5A6A42F480525A6207
:10E190005A6A22F480525A625B6AE1E7049C0020CA
:10E1A0000038024010B511F00C0F82B0044629D19E
:10E1B00043681A78B2B1CA0604D55B6883B101918D
:10E1C000984701998B060BD563685B6843B10422BD
:10E1D0002270204698472378042B01D10323237013
:10E1E00002B010BD0193FFF775FF019B5B6833B16F
:10E1F00004222270204698472378042B0DD1022355
:10E2000023700AE00B48FBF7A3FF2046FFF762FFED
:10E2100063689B680BB120469847302383F31188CD
:10E22000002104F10800FCF795FA002383F311881C
:10E2300002B010BDE4F6010811F00C0F00D17047D8
:10E2400010B504460B48FBF783FF2046FFF742FF5B
:10E2500063689B68204603B19847302383F3118895
:10E26000002104F10800FCF775FA002383F31188FC
:10E2700010BD00BFE4F6010810B50748064CFCF7D6
:10E28000BDFE002305480649064AE0612362636239
:10E29000A162E26210BD00BF049C0020003001407A
:10E2A000160001064600010610B502784FF0FF3156
:10E2B000012A82B0034641633BD0D0F81CC0D3F89A
:10E2C00004E0996ABEF81420D86A14059EF800404C
:10E2D00021F4F04120F4F04044BF41F4205140F4D7
:10E2E0002050E4B921F4847120F48470D8629EF83F
:10E2F000010099620023BEF81610CCF8003022F01D
:10E30000440388B141F0030243F04001CCF80420FB
:10E310000020CCF80030CCF8001002B010BD41F461
:10E32000847140F48470E1E743F4417341F00702E3
:10E33000EAE71D4A90420AD0196A5A6AD3F81CC00B
:10E34000086811680CF10C0282608A60B7E70190DE
:10E35000164A0A210820FEF711FA019B1862F8B14B
:10E36000134A01930A210B20FEF708FA019B586219
:10E3700098B1104A516C41F480515164516E41F48E
:10E3800080515166516E516A41F480515162516A17
:10E3900021F480515162526ACEE7186AFEF7F4F90F
:10E3A0006FF01000B9E700BF049C0020A5E1010850
:10E3B00039E20108003802400278022A00D0704792
:10E3C00000B583B00190FFF785FE019BD969586ABB
:10E3D00000220A604A60FEF7D7F9019B186AFEF72F
:10E3E000D3F9019B094900228B421A625A6201D07B
:10E3F00003B000BD064B5A6C22F480525A645A6E28
:10E4000022F480525A665B6EF2E700BF049C002043
:10E410000038024010B4046AD4F800C0CCF80C30C4
:10E42000836ACCF8041043F48063CCF80030436A6C
:10E43000C06A1B6840F48060DA6059601860DCF8DC
:10E44000002042F00102CCF800201A6842F00102DC
:10E45000002010BC1A607047036AD3F800C000F1B6
:10E460003003CCF80C30836ACCF80410CCF80030C0
:10E47000436AC06A1B6840F48060DA6059601860C3
:10E48000DCF8002042F00102CCF800201A6842F0CB
:10E49000010200201A607047104A1148116C41F0C7
:10E4A00001011164116E41F001011166126E826862
:10E4B0004FF0804342F0010282600121002240F2CD
:10E4C000CF2C4FF0FF30C3F828C0D8629A615A634E
:10E4D000DA605A6059611960704700BF0038024025
:10E4E000002004E04FF0804208B51169D3680B406A
:10E4F000D9B2C9439B07116100D408BD302383F30F
:10E500001188FBF731FE002383F3118808BD00BF9B
:10E510003A4A3B49106940F09F0070B5106110699C
:10E52000384D20F09F0010611069106B40F09F0083
:10E530001063106D40F09F001065126D3248334A31
:10E5400000234FF0FF3C4FF6FF7E4B60C1F808C040
:10E55000C860C1F814E00A622D4A4A6202F185429D
:10E5600002F5B0120A602B4A2B4853604FF0AA31D3
:10E57000C2F808C0D1604FF08051C2F814E01362B5
:10E58000536211602549C2F80434C2F808C4C2F8C5
:10E590000C142349C2F814E4C2F820142149C2F82B
:10E5A00024144FF4A031C2F8001401F1804101F5A8
:10E5B000504102F5C0524FF0553440F6FF764360AB
:10E5C000C0F808C0C46046610362436203604B60E8
:10E5D000C1F808C0CC60C1F814E00B624B620B605C
:10E5E0005360C2F808C0D560C2F814E01362BDE8F9
:10E5F000704053621360FDF73BBB00BF0038024020
:10E600000000024050555555645001A40000565575
:10E6100000AA0A0000040240000C0240556955554A
:10E620000050006000060600704700BF162303601C
:10E630004FF0FF30704700BF00207047184670470A
:10E640000020704710B50022044608460121FCF75F
:10E65000CBF900B110BD0C2323604FF0FF3010BD8B
:10E6600008B500211046582200F098F903464FF4EF
:10E67000005200205A6008BD0120704708B50248CA
:10E68000FBF766FD00F00EF8F0F6010808B5024849
:10E69000FBF75EFD00F006F8F8F601080120704770
:10E6A000704700BF08B5062000F0A8F90120FFF769
:10E6B000E5FF0000024B0A460146186800F002B868
:10E6C000AC2F002070B5A1FB026535B9314600F0D2
:10E6D00059F8044628B9204670BD0C230360002475
:10E6E000F9E73246294600F059F9F4E7931E222B48
:10E6F00010B50C4604D900230B701C46204610BDF3
:10E700000A2A09D1002807DA2D230B704042012183
:10E71000214400F0F3F8F1E70021F9E7FFF7E6BF45
:10E72000024B0146186800F02DB800BFAC2F002046
:10E73000024B0146186800F0A9B900BFAC2F0020B9
:10E7400070B50F4C0E462168054611B9FFF77AFFE8
:10E75000206031462846FFF775FF431C03D14FF078
:10E76000FF34204670BDC41C24F00304A042F8D03E
:10E77000211A2846FFF766FF0130F2D1EFE700BF0C
:10E78000687400202DE9F843CD1C25F003050835F9
:10E790000C2D38BF0C25002D064601DBA94204D9FB
:10E7A0000C2333600020BDE8F883334F00F066F897
:10E7B0003B681C463CBB29463046FFF7C1FF431C63
:10E7C000044656D13C68A046B8F1000F40D1002C59
:10E7D00049D023684146304604EB0309FFF732FF76
:10E7E000814540D121686D1A29463046FFF7A8FFC0
:10E7F000013038D023682B4423603B685A685ABBE9
:10E80000C7F800800EE02268521B1ED40B2A16D9CE
:10E810006119A342256018BF5960636808BF396059
:10E8200062514B60304600F02AF804F10B00231DC2
:10E8300020F00700C21A1CBF1B1AA350B3E762687E
:10E84000A3420CBF3A605A60ECE723466468B1E724
:10E850004446D8F80480B7E71A465B68A342FBD168
:10E8600000235360DEE70C233360304600F007F8E6
:10E8700098E70560D6E700BF6C74002070477047CA
:10E88000164B10B51C68226BB2B91820FFF748FF71
:10E890000246206320B9124B1248522100F0D8F8EA
:10E8A0001149124BC0E90013114B83600B23838184
:10E8B00000210120C2E9040113690E4854690E4980
:10E8C000584301FB0400A3FB0131013340EB01007D
:10E8D000C2E9043020F0004010BD00BFAC2F002082
:10E8E000D8040208EF0402080E33CDAB34126DE6F3
:10E8F000ECDE05002DF451582D7F954CF0B51E4CE3
:10E900008BB005460B466E4604F1200C206861680A
:10E91000374603C7083464453E46F7D1217939713B
:10E92000911E2068386022294FF0000104D9197027
:10E930000B4618460BB0F0BD581E8446B5FBF2F7E7
:10E9400002FB175628366E44AA4216F8286C0CF8BB
:10E95000016F0C463D4601F10101EFD900225A54E6
:10E960001919A51AAA42E4DA10F8015F0E780670A8
:10E97000013201F80159F4E77305020810B50139B5
:10E980000244904201D1002005E0037811F8014FC4
:10E99000A34201D0181B10BD0130F2E70244034628
:10E9A000934200D1704703F8011BF9E71F2938B5DE
:10E9B00005460C4604D9162303604FF0FF3038BDDE
:10E9C000C26B12B152F821304BB9284600F030F832
:10E9D000224601462846BDE8384000F017B8012B12
:10E9E0000AD0591C03D1162303600120E7E7002158
:10E9F00042F82410204698470020E0E7024B0146E9
:10EA00001868FFF7D3BF00BFAC2F002038B5074C04
:10EA100000230546084611462360FFF737FE431CD6
:10EA200002D1236803B12B6038BD00BF7074002091
:10EA3000FFF734BE0A44914200F1FF3300D1704722
:10EA400010B511F8014B03F8014F9142F9D110BDF7
:10EA50001FB51D46094B1B680646D86852B1084CC5
:10EA60000091CDE90142074933462A4600F05AF8A1
:10EA7000FFF718FE044C2246F2E700BFAC2F00203F
:10EA800098050208A5050208D305020837B5002934
:10EA900044D051F8043C0190002BA1F10404B8BF0C
:10EAA000E418FFF7EBFE1E4A0198136833B9636060
:10EAB000146003B0BDE83040FFF7E1BEA34208D9BF
:10EAC000256861198B4201BF19685B68491921608B
:10EAD000EDE71A465B680BB1A342FAD911685518E5
:10EAE000A5420BD1246821445418A3421160E0D1FF
:10EAF0001C685B6853600C441460DAE702D90C238D
:10EB00000360D6E7256861198B4204BF19685B680A
:10EB1000636004BF491921605460CAE703B030BD87
:10EB20006C7400200EB403B5014603AB054853F8DE
:10EB3000042B0068019300F02FF802B05DF804EB9D
:10EB400003B07047AC2F00209368013B002B10B43A
:10EB5000936007DA9469A34201DB0A2902D110BC51
:10EB600000F07BBB1368581C10601970084610BC7D
:10EB70007047F8B506460F461446D518AC4201D189
:10EB8000002007E014F8011B3A463046FFF7DCFF8F
:10EB9000431CF3D1F8BD00002DE9F047064696B0BE
:10EBA0000D4614461F4618B1036A0BB900F0E6FA89
:10EBB000AB891B0759D52B69002B56D0002309932D
:10EBC00020238DF8293003973023604F8DF82A30A9
:10EBD0004FF0010823461A7899461AB1252A03F105
:10EBE0000103F8D1B9EB040A0BD05346224629465B
:10EBF0003046FFF7BEFF013000F0A380099A52446F
:10EC0000099299F80030002B00F09B8000224FF011
:10EC1000FF33CDE9053209F10109049207928DF81D
:10EC200053204C46052214F8011B4848E9F710FC14
:10EC3000049A28BBD00644BF20238DF85330110717
:10EC400044BF2B238DF8533099F800302A2B1ED067
:10EC500007994B4600204FF00A0C1A78303A092ADF
:10EC60001C4655D900B307911EE02946304600F0F6
:10EC700031FB0028A2D04FF0FF3016B0BDE8F0877E
:10EC8000C01B08FA00F010430490A146C9E7039B9B
:10EC9000191D1B680391002BBBBF5B4242F00202AF
:10ECA00007930793B8BF049223782E2B0AD1637879
:10ECB0002A2B32D1039B1A1D1B68039243EAE3738C
:10ECC00002340593DFF89090217803224846E9F753
:10ECD000BFFB38B1049BA0EB0900402282401343E4
:10ECE0000134049321781A488DF828100622E9F798
:10ECF000AFFB03AB00932A46164B04A9304600F045
:10ED0000A3F8421C1DD0099B03440134099361E719
:10ED100001330CFB012101209FE700230593611CB7
:10ED200018464FF00A0C0A78303A092A0C4603D9E3
:10ED3000002BC7D00590C5E701310CFB0020012353
:10ED4000F1E7AB895B0696D4099896E7D4050208EB
:10ED5000DE05020873EB0108DA0502082DE9F04729
:10ED6000914698468A680B69089E9342B8BF13463D
:10ED7000C9F8003091F8432007460C4612B1013320
:10ED8000C9F800302368990642BFD9F80030023331
:10ED9000C9F80030256815F0060507D104F1190AF5
:10EDA000E368D9F800209B1AAB4229DC94F8433081
:10EDB0002268003B18BF012392062ED404F14302BF
:10EDC00041463846B047013021D02368A168226906
:10EDD00003F00603042B01BFE568D9F80030ED1AF3
:10EDE00025EAE57518BF00258B1A2B449142C8BF50
:10EDF0001D464FF000091A344D451AD1002008E095
:10EE00000123524641463846B047013003D14FF006
:10EE1000FF30BDE8F0870135C2E7E1185A1C302009
:10EE200081F84300224494F8451082F843100233DD
:10EE3000C4E70123224641463846B0470130E6D0B8
:10EE400009F10109D8E700002DE9F04398460B7E4F
:10EE500085B0782B174606460C9A0C4609D8622BCB
:10EE600001F1430108D8002B00F0DC80582B00F0A2
:10EE7000BD8004F1420539E0A3F163001528F8D8FC
:10EE800001A555F820F000BFE1EE0108F5EE0108FC
:10EE900073EE010873EE010873EE010873EE0108CA
:10EEA000F5EE010873EE010873EE010873EE010838
:10EEB00073EE010805F0010821EF0108B3EF010826
:10EEC00073EE010873EE01082DF0010873EE0108DE
:10EED00021EF010873EE010873EE0108BBEF010892
:10EEE0001368191D1B68116004F1420584F8423053
:10EEF0000123A8E013682568181D1060280601D5B5
:10EF00001B6803E06A06FBD5B3F90030002B03DA77
:10EF10002D225B4284F84320DFF878C10A2213E0F7
:10EF20002568106815F0800F50F8043B02D16D067B
:10EF300048BF9BB21060227EDFF858C16F2A5DD1B6
:10EF40000822002084F843006568A560002D05DBD9
:10EF500020681D4320F00400206051D00D46B3FB13
:10EF6000F2F002FB103E9A421CF80EE005F801EDAB
:10EF70000346F4D9082A0BD12368DA0708D5236998
:10EF800062689A42DEBF302305F8013C05F1FF3587
:10EF9000491B2161CDF800803B4603AA214630463B
:10EFA000FFF7DCFE013053D14FF0FF3005B0BDE874
:10EFB000F083236843F020032360DFF8DCC078236C
:10EFC00084F845302068156810F0800F55F8043B30
:10EFD00003D110F0400F18BF9BB21560C50744BFA6
:10EFE00040F02000206023B11022AAE7DFF8A4C07F
:10EFF000E6E7226822F020022260F5E70A22A0E775
:10F000000D46B7E71368D4F800C060691D1D156090
:10F010001CF0800F1B6801D0186003E01CF0400F4B
:10F02000FAD01880002323610D46B3E71368191D39
:10F0300011601D68626800212846E9F709FA08B1E5
:10F04000401B606063682361002384F84330A1E7BC
:10F0500023692A4639463046C0470130A4D0236888
:10F060009B0714D4E068039B9842B8BF18469DE7FD
:10F07000012304F1190239463046C047013093D0CC
:10F080000135E36803995B1AAB42F1DCEAE700253E
:10F09000F7E700BFE5050208F6050208002310B5F2
:10F0A0000446C0E90033C0E90433836081814366CC
:10F0B000C2818361194608225C30FFF76FFC054B63
:10F0C0006362054BA362054BE362054B2462236335
:10F0D00010BD00BFD3F10108F5F101082DF20108C0
:10F0E00053F20108024A0349034800F055B800BF33
:10F0F000FC2F00207DF40108B02F002041680C4B4C
:10F10000994210B5044601D000F0B8F9A168094B46
:10F11000994202D0204600F0B1F9E168064B9942CD
:10F1200004D02046BDE8104000F0A8B910BD00BFD3
:10F1300074740020DC7400204475002010B50A4B64
:10F140000A4A1A600A4800220421FFF7A7FF09486B
:10F1500001220921FFF7A2FFBDE810400648022264
:10F160001221FFF79BBF00BFAC750020E5F001083E
:10F1700074740020DC74002044750020036A33B9E5
:10F18000034B0362034B1B680BB9FFF7D7BF7047F4
:10F19000FDF00108AC7500202DE9F8438046894652
:10F1A00014460026D4E90175013F05D52468002CDA
:10F1B000F8D13046BDE8F883AB89012B07D9B5F902
:10F1C0000E30013303D029464046C8470643683510
:10F1D000EAE710B50C46B1F90E10FFF727FA002840
:10F1E000ABBF636DA3891B1823F48053ACBF636569
:10F1F000A38110BD2DE9F0411F468B89DB05054633
:10F200000C46164605D5B1F90E1002230022FFF771
:10F2100013FAA389B4F90E1023F48053A381324664
:10F220003B462846BDE8F041FFF708BA10B50C464A
:10F23000B1F90E10FFF700FAB4F90C30421C0BBF05
:10F2400023F4805343F48053A381A38118BF6065E6
:10F2500010BDB1F90E10FFF7F3B9F8B505460F462A
:10F26000144618B1036A0BB9FFF788FFA369A360BE
:10F27000A3891A0701D5236943B92146284600F01E
:10F2800029F818B14FF0FF363046F8BD23692068E1
:10F29000C01A6369834205DC2146284600F0EEF877
:10F2A0000028EFD1A368013BA36023685A1C2260A9
:10F2B0001F70636901308342FEB204D0A389DB076B
:10F2C000E2D50A2EE0D12146284600F0D7F80028E2
:10F2D000DAD0D7E738B5284B054618680C4618B180
:10F2E000036A0BB9FFF74AFFB4F90C30190720D4B1
:10F2F000DA0607D409222A6043F04003A3814FF0C5
:10F30000FF3031E0580711D5616B41B104F144037E
:10F31000994202D02846FFF7B9FB0023636300221D
:10F32000A38962602269226023F0240343F008036A
:10F33000A38123694BB9A38903F42073B3F5007F3C
:10F3400003D02146284600F0D2F8B4F90C3013F06F
:10F3500001020AD00022A26062695242A2612269BF
:10F3600042B913F08000C7D138BD990758BF626910
:10F37000A260F4E70020F7E7AC2F0020B1F90C20E1
:10F380002DE9F041160705460C4651D44B68002B79
:10F3900002DC0B6C002B49DDE66A002E46D0002310
:10F3A00012F480522F682B6031D0626DA389590707
:10F3B00005D56368D21A636B0BB1236CD21A002394
:10F3C000E66A216A2846B047421CB4F90C3006D1DF
:10F3D00029681D2945D8284ACA40D60741D50022A8
:10F3E0006260D9042269226004D5421C01D12B68D5
:10F3F00003B96065616B2F60C1B104F144039942A8
:10F4000002D02846FFF742FB002363630EE0216A27
:10F4100001232846B0470246501CC7D12B68002B59
:10F42000C4D01D2B01D0162B1AD12F6000201DE057
:10F430000F69002FFAD093070E6808BF4B690F6061
:10F4400018BF0023A6EB07088B60B8F1000FEDDDB5
:10F45000216AA66A43463A462846B047002807DC98
:10F46000A38943F04003A3814FF0FF30BDE8F08152
:10F470000744A8EB0008E8E70100402038B50B6915
:10F4800004460D466BB118B1036A0BB9FFF776FE5F
:10F49000B5F90C302BB129462046BDE83840FFF7BE
:10F4A0006DBF184638BD70B50E46B1F90E10002973
:10F4B00096B014461D460ADAB28912F0800213D1C2
:10F4C0004FF4806100202A60216016B070BD6A464A
:10F4D000FFF7C6F80028EFDB019A02F47042A2F5AC
:10F4E00000535A425A41EBE700224021EAE78B8958
:10F4F00073B59E0705460C4607D504F14703236004
:10F5000023610123636102B070BD01AB6A46FFF75E
:10F51000CAFF009E28463146FFF734F9B4F90C3093
:10F5200038B99A05EFD423F0030343F00203A38113
:10F53000E3E743F08003A381019B2060C4E9040654
:10F54000002BE0D0B4F90E102846FFF795F80028FC
:10F55000D9D0A38923F0030343F00103A381D2E7A9
:10F56000000802400108024002080240030802406D
:10F570000000024001000240000000000301000002
:10F580000000000008080240080802400808024085
:10F5900000FFFF0001000000A08601000100000044
:10F5A000414243000080FF7F0080FF7FFF00FF009B
:10F5B0000080FF7F0080FF7F0080FF7F0C0D0E0F1B
:10F5C000080905040607000102030A0B02E32B00E9
:10F5D00002E3080003E1E32102E30600E2E6E3E7D9
:10F5E000323032362D30382D30342D31373A3438F0
:10F5F0003A32340053544D33324634303100000037
:10F600000407080B0E00000011121314151617182A
:10F61000191A00004B65796368726F6E204B3820B1
:10F62000484500004C61737420736563746F7220E9
:10F63000696E74656E64656420746F206265207500
:10F64000736564207769746820776561725F6C65A3
:10F6500076656C696E67206973206265796F6E6488
:10F6600020617661696C61626C6520666C617368AB
:10F670002064657363726970746F722072616E6763
:10F6800065000000496E76616C696420736563747F
:10F690006F7220636F756E7420696E74656E646539
:10F6A0006420746F206265207573656420776974C7
:10F6B0006820776561725F6C6576656C696E67005E
:10F6C0002626262626262626262626260000000072
:10F6D000633000006D61696E0000000069646C6554
:10F6E00000000000444D41206661696C7572650040
:10F6F00065786974000000006B696C6C00000000A4
:10F70000003131295A1B750A00000000000000007A
:10F710000000000000000240040000001C00000087
:10F720001112130000640000006400000058020081
:10F7300000000000000000000464000000640000FD
:10F7400000580200000100000000000003D0070084
:10F7500000FA000000D007000001000000000000D7
:10F7600004E8030000E803000000000000010000BE
:10F770000000000000000000000000000000000089
:10F780000000000000000000000000000000000079
:10F790000000000000000000000000000000000069
:10F7A0000000000000000000000000000000000059
:10F7B0000000000000000000000000000000000049
:10F7C0000000000000000000000000000000000039
:10F7D0000000000000000000000000000000000029
:10F7E0000000000000000000000000000000000019
:10F7F0000000000000000000000000000000000009
:10F8000000000000000000000000000000000000F8
:10F8100000000000000000000000000000000000E8
:10F8200000000000000000000000000000000000D8
:10F8300000000000000000000000000000000000C8
:10F8400000000000000000000000000000000000B8
:10F8500000000000000000000000000000000000A8
:10F860000000000000000000000000000000000098
:10F870000000000000000000000000000000000088
:10F880000000000000000000000000000000000078
:10F890000000000000000000000000000000000068
:10F8A0000000000000000000000000000000000058
:10F8B0000000000000000000000000000000000048
:10F8C0000000000000000000000000000000000038
:10F8D0000000000000000000000000000000000028
:10F8E0000000000000000000000000000000000018
:10F8F0000000000000000000000000000000000008
:10F9000000000000000000000000000000000000F7
:10F910000000000070020000000000000000000075
:10F9200000000000000000000000000000000000D7
:10F930009002700300000000700030020000000020
:10F940005002300100000000000010020000000022
:10F950000000000000001000500030000000000017
:10F96000D0001001F0000000F001D0010000000004
:10F9700000000000B00200000000000000000000D5
:10F9800000000000000000000000B0010000D002F4
:10F990000000F002900000000000000000000000E5
:10F9A000000000000000000000000000B000300374
:10F9B00010035003006F8F7F006E8E7E006D8D7D73
:10F9C000006C8C7C006B8B7B006A8A7A0069897979
:10F9D0000068887800678777006686760065857599
:10F9E00000648474006383730062827200618171B9
:10F9F00000608070000F2F1F000E2E1E000D2D1DA9
:10FA0000000C2C1C000B2B1B000A2A1A00092919B8
:10FA100000082818000727170006261600052515D8
:10FA200000042414000323130103231300022212F1
:10FA3000000121110000201001012111003F5F4F42
:10FA4000003E5E4E003D5D4D003C5C4C003B5B4B20
:10FA5000003A5A4A00395949003858480037574740
:10FA60000036564600355545003454440033534360
:10FA7000003252420031514100305040010020100C
:10FA8000010F2F1F010E2E1E010D2D1D010C2C1C10
:10FA9000010B2B1B010A2A1A010929190108281830
:10FAA0000107271701062616010525150104241450
:10FAB00001022212016F8F7F016D8D7D016C8C7CA4
:10FAC000016B8B7B016A8A7A016989790168887880
:10FAD00001678777016686760165857501648474A0
:10FAE000016383730162827201608070013F5F4F26
:10FAF000013E5E4E013D5D4D013C5C4C0139594972
:10FB000001375747013656460135554501345444AF
:10FB100001335343013252420131514101305040CF
:10FB2000FFFFFFFFFFFFFFFFFDBF4FFF2900BE00EC
:10FB3000BD00047E057E28782778AC00AE00AB00BF
:10FB4000A800AA00A900087E0A7E217835001E00C0
:10FB50001F00200021002200230024002500260091
:10FB600027002D002E002A0049004A002B00140017
:10FB70001A000800150017001C0018000C001200E5
:10FB800013002F00300028004C004D003900040005
:10FB90001600070009000A000B000D000E000F0000
:10FBA00033003400890031004B004E00E1000000BA
:10FBB0001D001B0006001900050011001000360092
:10FBC000370038008700E50000005200E000007EAA
:10FBD000027E9100000000002C0000009000037ED7
:10FBE000017E2152E400500051004F0001003A0014
:10FBF0003B003C003D003E003F0040004100420011
:10FC000043004400450001000100207801000B7E04
:10FC10000C7E0D7E0E7E010001000100010001003E
:10FC2000010001000100010001000100207821789D
:10FC30002778237825782978010001000100010048
:10FC40000100010001000100010001000100227813
:10FC50002878247826782A78010001000100010024
:10FC6000010001000100010001000100010000008D
:10FC700001000100010001000F7E010001000100F0
:10FC8000010001000100010000000100010001006D
:10FC9000010001000000000001000000010001005F
:10FCA00001000100010001000100010029003A00EB
:10FCB0003B003C003D003E003F0040004100420050
:10FCC0004300440045004600097E217835001E00AF
:10FCD0001F00200021002200230024002500260010
:10FCE00027002D002E002A0049004A002B00140096
:10FCF0001A000800150017001C0018000C00120064
:10FD000013002F00300028004C004D003900040083
:10FD10001600070009000A000B000D000E000F007E
:10FD200033003400890031004B004E00E100000038
:10FD30001D001B0006001900050011001000360010
:10FD4000370038008700E50000005200E000E300C3
:10FD5000E2008B00000000002C0000008A00E6009A
:10FD6000E7002352E400500051004F000100BE00A4
:10FD7000BD00067E077E28782778AC00AE00AB0079
:10FD8000A800AA00A90001000100207801000B7E54
:10FD90000C7E0D7E0E7E01000100010001000100BD
:10FDA000010001000100010001000100207821781C
:10FDB00027782378257829780100010001000100C7
:10FDC0000100010001000100010001000100227892
:10FDD0002878247826782A780100010001000100A3
:10FDE000010001000100010001000100010000000C
:10FDF00001000100010001000F7E0100010001006F
:10FE000001000100010001000000010001000100EB
:10FE100001000100000000000100000001000100DD
:10FE20000100010001000100010001000031312941
:10FE30005A1B750A756A0108D96801083D690108ED
:10FE4000256B0108656B0108716B0108E56A010803
:10FE5000000101010101010101010202020202028D
:10FE60000202020303030303030303040404040460
:10FE70000404050505050506060606060707070727
:10FE80000708080808090909090A0A0A0B0B0B0CDC
:10FE90000C0C0D0D0D0E0E0E0F0F0F101011111179
:10FEA00012121313141415151616171718181919FA
:10FEB0001A1A1B1B1C1D1D1E1E1F2020212222235F
:10FEC0002424252626272829292A2B2C2D2D2E2FA0
:10FED00030313232333435363738393A3B3C3D3EB7
:10FEE0003F404142434445464748494A4C4D4E4FA6
:10FEF00050515354555658595A5B5D5E5F61626468
:10FF0000656668696B6C6D6F7072737577787A7BF4
:10FF10007D7E8082838587888A8C8E8F919395964B
:10FF2000989A9C9EA0A2A3A5A7A9ABADAFB1B3B56B
:10FF3000B7BABCBEC0C2C4C6C9CBCDCFD1D4D6D847
:10FF4000DBDDDFE2E4E7E9EBEEF0F3F5F8FAFDFFE5
:10FF500000000000000000002A2B28000000000024
:10FF60000000000000000000000000290000000068
:10FF70002C1E3420212224342627252E362D3738D6
:10FF8000271E1F202122232425263333362E3738DF
:10FF90001F0405060708090A0B0C0D0E0F1011129D
:10FFA000131415161718191A1B1C1D2F3130232D69
:10FFB000350405060708090A0B0C0D0E0F10111267
:10FFC000131415161718191A1B1C1D2F3130354C18
:10FFD0000000000000000000000000000000000021
:10FFE0000000000000000000000000000000000011
:10FFF000000000007E0F00D4FFFFFFC70000007864
:020000040802F0
:1000000079910108D9900108658F0108618F010875
:10001000303132333435363738394142434445463E
:100020000000000012034D00530046005400310050
:1000300030003000040000001E034B006500790012
:100040006300680072006F006E0020004B003800F3
:10005000200048004500000012034B0065007900B5
:100060006300680072006F006E0000000403090462
:1000700012010002000000403434820E110101021E
:10008000030100000660FF0961A101096215002655
:10009000FF009520750881020963150026FF009571
:1000A0002075089102C0000005010906A101850123
:1000B000050719E029E7150025019508750181025A
:1000C0009501750881010507190029FF150026FF14
:1000D00000950675088100050819012905150025F8
:1000E00001950575019102950175039101C0050106
:1000F0000902A10185020901A100050919012908C8
:1001000015002501950875018102050109300931A5
:100110001581257F95027508810609381581257F8F
:10012000950175088106050C0A38021581257F9511
:100130000175088106C0C005010904A1018507A158
:10014000000501093009310932093309340935152F
:1001500081257F9506750881020509190129101569
:10016000002501951075018102C0C005010980A11B
:1001700001850319012AB700150126B700950175FD
:10018000108100C0050C0901A101850419012AA0F4
:1001900002150126A002950175108100C005010914
:1001A00006A1018506050719E029E7150025019537
:1001B00008750181020507190029EF150025019531
:1001C000F075018102050819012905950575019150
:1001D00002950175039101C0181302083C9C002090
:1001E0003C9C00203C9C00201813020800000020CA
:1001F0000000002000000020181302080000012069
:100200000000012000000120181302080000000077
:100210000000000000000000181302080000001099
:1002200000000010000000101813020800400240F7
:100230000040024000400240181302080000000085
:100240000000000000000000181302080000000079
:100250000000000000000000D0F60108E871002056
:10026000C87300200000000001BE010805BE01089F
:1002700045BE01081DBF010829BF010875BF01085F
:10028000C9BF0108BDAE0108B1AE01080100000000
:100290000000000000000000FC020208E00202086A
:1002A000C4020208A80202080300000004000000C3
:1002B0000800000018030208000000000000000809
:1002C0000000080003000000040000000700000018
:1002D00058030208000000000000000800000600AB
:1002E0000300000004000000060000009003020864
:1002F00000000000000000080000040003000000EF
:100300000400000005000000C00302080000000017
:100310000000000800000200000000000040000093
:10032000004000000040000000800000004000008D
:1003300000C00000004000000000010000000100BB
:1003400000000200000002000000040000000200A3
:100350000000060000000200000000000040000055
:10036000004000000040000000800000004000004D
:1003700000C000000040000000000100000001007B
:100380000000020000000200000004000000020063
:10039000000000000040000000400000004000009D
:1003A000008000000040000000C00000004000008D
:1003B0000000010000000100000002000000020037
:1003C000000000000040000000400000004000006D
:1003D000008000000040000000C00000004000005D
:1003E00000000100000001001060024008600240AF
:1003F0000000000B28600240086002400006010C6B
:1004000040600240086002400010020D5860024047
:10041000086002400016030E706002400C6002404B
:100420000000040F886002400C60024000060510C6
:10043000A06002400C60024000100611B86002404B
:100440000C6002400016072F10640240086402404E
:100450000000083828640240086402400006093998
:10046000406402400864024000100A3A58640240A6
:100470000864024000160B3B706402400C640240AA
:1004800000000C3C886402400C64024000060D44ED
:10049000A06402400C64024000100E45B8640240A3
:1004A0000C64024000160F4680000000400100006E
:1004B0000300000000000000F1B30108E9B70108E3
:1004C000D1B801084000400054740020547400204A
:1004D000010000004C7400205245454E54206D61CF
:1004E0006C6C6F6320737563636565646564002F6E
:1004F000742F6275696C642F686F73745F77696EAF
:10050000646F77735836342D7461726765745F62F7
:100510006172656D6574616C41524D2F2E62756913
:100520006C642F484F53542D7838365F36342D770E
:1005300036342D6D696E677733322F61726D2D6E93
:100540006F6E652D656162692F7372632F6E6577BB
:100550006C69622D6E616E6F2F6E65776C69622FAC
:100560006C6962632F7374646C69622F72616E646C
:100570002E630030313233343536373839616263B7
:100580006465666768696A6B6C6D6E6F70717273B3
:100590007475767778797A002C2066756E63746945
:1005A0006F6E3A2000617373657274696F6E2022FA
:1005B000257322206661696C65643A2066696C6502
:1005C00020222573222C206C696E652025642573FA
:1005D00025730A00232D302B2000686C4C006566C3
:1005E0006745464700303132333435363738394184
:1005F000424344454600303132333435363738399A
:100600006162636465660000202020202020202095
:1006100020282828282820202020202020202020B2
:1006200020202020202020208810101010101010D2
:10063000101010101010101004040404040404041A
:1006400004041010101010101041414141414101AB
:10065000010101010101010101010101010101018A
:100660000101011010101010104242424242420299
:10067000020202020202020202020202020202025A
:100680000202021010101020000000000000000004
:10069000000000000000000000000000000000005A
:1006A000000000000000000000000000000000004A
:1006B000000000000000000000000000000000003A
:1006C000000000000000000000000000000000002A
:1006D000000000000000000000000000000000001A
:1006E000000000000000000000000000000000000A
:1006F00000000000000000000000000000000000FA
:080700000000000000000000F1
:08070800807AFE7F0100000071
:100710000000060000000000F58600080000000050
:100720000000004000000000000000000000000089
:10073000000000000000000000000000000802406F
:100740000108024002080240030802400000024083
:10075000010002402C300020FFFFFFFF00003F009F
:100760007F000000FFFFFFFF00003F007F00000050
:10077000FFFFFFFF00003F007F000000FFFFFFFFC3
:1007800000003F007F000000FFFFFFFF00003F0070
:100790007F000000FFFFFFFF00003F007F00000020
:1007A000FFFF000065E00008EDE1000859E20008E5
:1007B000C5E2000885E40008FDE2000835E3000812
:1007C0006DE30008201C58020101FF01ADEB000899
:1007D00049F0000889EF0008D1F0000849ED000851
:1007E0008DED0008D1ED000811EE0008A1EE000823
:1007F000E9EE00081DEF000851EF000825F10008A0
:10080000E9F30008010016FF07080240080802404B
:10081000080802400808024001000000B80B000070
:100820000410010001020201080802400808024009
:100830000808024000000000000000000000000066
:1008400000000000000000000000000000000000A8
:100850000000000000000000010000000000000097
:100860000000000000000000010101000000000085
:100870000000000000000000000000000000000078
:100880000000000000000000000000000000000068
:1008900000FFFF2BFFFF2BFFFF2BFFFF2BFFFF2B8B
:1008A000FFFF2BFFFF2BFFFF2BFFFF2BFFFF2BFF7C
:1008B000FF2BFFFF2BFFFF2BFFFF2BFFFF2BFFFF6C
:1008C000AAFFFFAAFFFFAAFFFFAAFFFFAAFFFFAA36
:1008D000FFFFAAFFFFAAFFFFAAFFFFAAFFFFAAFFD1
:1008E000FFAAFFFFAAFFFFAAFFFF2BFFFF2BFFFFBF
:1008F0002BFFFF2BFFFF2BFFFFAAFFFFAAFFFFAA83
:10090000FFFFAAFFFFAAFFFFAAFFFFAAFFFFAAFFA0
:10091000FFAAFFFFAAFFFFAAFFFFAAFFFF00FFFF3A
:100920002BFFFF2BFFFF2BFFFF2BFFFFAAFFFFAAD1
:10093000FFFFAAFFFFAAFFFFAAFFFFAAFFFFAAFF70
:10094000FFAAFFFFAAFFFFAAFFFFAAFFFFAAFFFF60
:100950002BFFFFAAFFFFAAFFFFAAFFFFAAFFFFAA24
:10096000FFFFAAFFFFAAFFFFAAFFFFAAFFFFAAFF40
:10097000FFAAFFFF2BFFFF2BFFFF2BFFFF2BFFFF2C
:100980002BFFFF2BFFFFAAFFFF2BFFFF2BFFFF2BF0
:10099000FFFF2BFFFF2BFFFF2BFFFF2BFFFF2BFF8B
:1009A000FF000000000102030405060708090A0B06
:1009B0000C0D0E0F101112131415161718191A1BFF
:1009C0001C1E1F2022232425262728292A2B2C2DD4
:1009D0002E2F3031333435363738393A3B3C3D3EB3
:1009E0001D3F213240FF4142434445464748494A62
:1009F0004B4CFF4D4E4F5051FFFF52FF5354555635
:100A00005758595A0100190026003300400054007D
:100A100061006E007B008E009B00A800B500C60040
:100A2000D300E000010E0C0E190E260E330E400E00
:100A30004D0E5A0E670E740E810E8E0E9B0EA80E72
:100A4000B50EC60ED30EE00E031A131A201A2D1A75
:100A50003A1A471A541A611A6E1A7B1A881A951A8A
:100A6000A21AB220C61AD31AE01A0427162723277F
:100A700030273D274A275727642771277E278B2752
:100A80009827A72704331B332A3337334433513392
:100A90005E336B337833853392339F33AF33D33345
:100AA00001400C401F402B4058407D4089409640FB
:100AB000A740B440C640D340E0400101010101011C
:100AC0000101010101010101010101010101010116
:100AD0000101010101010101010101010101010106
:100AE00001010101010101010101010101010101F6
:100AF00001010101010101010101010101010101E6
:100B000001010101010101010101010101010101D5
:100B10000101010101000000A0520020C05200208C
:100B200005360108FFFF0000FFFFFFFF0100000086
:100B30005C005C005C005C00FFFFFFFF0300000046
:100B400000FF0000FFFF000008040240090402400B
:100B50003905280850011E0A140103020100000093
:100B60000014000000000000000000000000000071
:100B70000000000000000100A58A01083994010866
:100B80007594010895940108B5940108D59401085D
:100B9000F594010815950108920000000001050078
:100BA000010088000000070000002A0044006500E2
:100BB000760069006300650049006E0074006500FE
:100BC000720066006100630065004700550049003F
:100BD000440073000000500000007B003900390021
:100BE0006300340062006200620030002D00650086
:100BF0003900320035002D00340033003900370051
:100C00002D0061006600650065002D003900380088
:100C100031006300640030003700300032003100E2
:100C2000360033007D0000000000000028000000B6
:100C300000010400010000000000000002015855FE
:100C400053423130000000000000000000000000AE
:100C50000000000009026A00030100A0FA09040074
:100C600000010301010009211101000122300107E7
:100C700005830320000109040100020300000009AC
:100C80002111010001222200070582032000010733
:100C90000502032000010904020002FF5D010011AA
:100CA000210001012581140000000013010800004B
:100CB0000705810320000107050103200001000052
:100CC0000000000000000000000000000000000024
:100CD0000000000000000000000000000000000014
:100CE0000000000000000000000000000000000004
:100CF00000000000000000000000000000000000F4
:100D000000000000000000000000000000000000E3
:100D100000000000000000000000000000000000D3
:100D200000000000000000000000000000000000C3
:100D3000989B00200200000004000000200000003A
:100D4000086F00200000000000000000000000000C
:100D50000000000000000000000000000000000093
:100D60000000000000000000000000000000000083
:100D70000000000000000000000000000000000073
:100D80000000000000000000000000000000000063
:100D90000000000000000000000000000000000053
:100DA0000000000000000000000000000000000043
:100DB0000000000000000000989B002001000000DF
:100DC0000400000020000000786E002000000000F9
:100DD0000001020000000000000000000000000010
:100DE0000000000000000000000000000000000003
:100DF00000000000000000000000000000000000F3
:100E000000000000000000000000000003000000DF
:100E100000000000E199010800000000200000002F
:100E200000000000000000000200000000000000C0
:100E300000000000000000000000000000000000B2
:100E400000000000000000000000000000000000A2
:100E5000000000000000000000000000989B00203F
:100E6000030000000400000020000000B870002013
:100E70000000000000000000942D00200000000091
:100E80000000000000000000000000000000000062
:100E90000000000000000000000000000000000052
:100EA0000000000000000000000000000000000042
:100EB000000000000300000000000000E1990108AC
:100EC000A59A01082000200000000000000000009A
:100ED0000200000000000000000000000000000010
:100EE0000000000000000000000000000000000002
:100EF00000000000000000000000000000000000F2
:100F000001000000989B0020020000000400000087
:100F100020000000287000200000000000000000F9
:100F2000282D00200000000000000000000000004C
:100F300000000000000000000000000000000000B1
:100F400000000000000000000000000000000000A1
:100F5000000000000000000000000000030000008E
:100F600000000000E1990108A59A01082000200076
:100F7000000000000000000002000000000000006F
:100F80000000000000000000000000000000000061
:100F90000000000000000000000000000000000051
:100FA000000000000000000001000000989B0020ED
:100FB000010000000400000020000000986F0020E5
:100FC0000000000000000000BC2C0020D82C0020F5
:100FD000AD9C01087D9C0108C59C0108C59D0108C8
:100FE000E59D0108F19D0108DC2C002000000000B7
:100FF00000000000000000000000000000000000F1
:1010000000000000000000000000000000000000E0
:1010100000000000000000000000000000000000D0
:1010200000000000000000000000000000000000C0
:101030000000000020000000442D0020AD9C0108AD
:101040007D9C0108C59C0108C59D0108E59D01081E
:10105000F19D0108482D0020000000000000000064
:101060000000000000000000000000000000000080
:101070000000000000000000000000000000000070
:101080000000000000000000000000000000000060
:101090000000000000000000000000000000000050
:1010A00020000000B02D0020259D0108E59C0108CE
:1010B000419D01084D9E0108759E01088D9E010805
:1010C00000000000502F0020042F0020B82E002028
:1010D0006C2E002000000000202E0020D42D0020C7
:1010E00000000000000000000000000007000000F9
:1010F00000000000000000000000000000000000F0
:1011000000000000000000000000000000000000DF
:1011100000000000000000000000000000000000CF
:1011200000000000000000000000000009000000B6
:1011300000000000000000000600000000000000A9
:10114000000000000000000000000000000000009F
:10115000000000000000000000000000000000008F
:10116000000000000000000000000000000000007F
:10117000000000000000000020000000000000004F
:10118000000000000400000000000000000000005B
:10119000000000000000000000000000000000004F
:1011A000000000000000000000000000000000003F
:1011B000000000000000000000000000000000002F
:1011C000000000000300000000000000000000001C
:1011D000030000000000000000000000000000000C
:1011E00000000000000000000000000000000000FF
:1011F00000000000000000000000000000000000EF
:1012000000000000000000000000000000000000DE
:1012100003000000000000000000000002000000C9
:1012200000000000000000000000000000000000BE
:1012300000000000000000000000000000000000AE
:10124000000000000000000000000000000000009E
:101250000000000000000000000000000600000088
:10126000000000000000000001000000000000007D
:10127000000000000000000000000000000000006E
:10128000000000000000000000000000000000005E
:10129000000000000000000000000000000000004E
:1012A0000000000000000000090000000000000035
:1012B00095DC010899DC0108D1DC0108B02F002081
:1012C0000000000074740020DC74002044750020CD
:1012D000000000000000000000000000000000000E
:1012E00000000000000000000000000000000000FE
:1012F00000000000000000000000000000000000EE
:1013000000000000000000000000000000000000DD
:081310000300000074740020CA
:040000050800811D51
:00000001FF
