:020000040800F2
:10000000000400201D8100081F8100081F810008D6
:100010001F8100081F8100081F8100081F81000840
:100020001F8100081F8100081F810008B9A801086E
:100030001F8100081F8100081F8100081F81000820
:100040001F8100081F810008C9DC010835DD010897
:100050001F8100081F81000879B90108A1B90108B2
:10006000C9B90108F1B9010819BA010811C4010898
:1000700039C4010869C4010899C40108C9C4010848
:10008000F1C4010821C5010891C201081F810008BF
:100090001F8100081F8100081F81000841BA010864
:1000A0001F8100081F8100081F8100081F810008B0
:1000B00015BB01081F8100081F8100081F8100086F
:1000C0001F8100081F8100081F8100081F81000890
:1000D0001F8100081F8100081F8100081F81000880
:1000E000A5BA01086DDD01081F8100081F81000805
:1000F0001F8100081F8100081F81000851C50108E9
:100100001F8100081F8100081F8100081F8100084F
:100110001F8100081F8100081F8100081F8100083F
:1001200081C50108A9C50108D9C5010809C601088A
:1001300039C601081F8100081F8100081F810008BF
:100140001F8100081F8100081F8100089DD8010839
:1001500061C6010891C60108C1C601081F810008D7
:1001600005CB010835CC01081F8100081F8100085C
:100170001F8100081F8100081F8100081F810008DF
:100180001F8100081F8100081F8100081F810008CF
:100190001F8100081F8100081F8100081F810008BF
:1001A0001F8100081F8100081F8100081F810008AF
:1001B0001F8100081F8100081F8100081F8100089F
:1001C0001F8100081F8100081F8100081F8100088F
:1001D0001F8100081F8100081F8100081F8100087F
:1080000072B6374880F30888364880F309883648C6
:108010003649086040F20000CCF200004EF63471A0
:10802000CEF200010860BFF34F8FBFF36F8F40F2B5
:108030000000C0F2F0004EF68851CEF20001086058
:10804000BFF34F8FBFF36F8F4FF00000E1EE100AC8
:108050004EF63C71CEF200010860062080F31488D1
:10806000BFF36F8F12F004F811F05AFA4FF0553049
:108070001F491B4A91423CBF41F8040BFAE71D49D6
:10808000184A91423CBF41F8040BFAE71A491B4ACF
:108090001B4B9A423EBF51F8040B42F8040BF8E721
:1080A00000201849184A91423CBF41F8040BFAE7F6
:1080B00011F0E4FF11F0DEFF144C154DAC4203DA71
:1080C00054F8041B8847F9E70BF004FB114C124DE0
:1080D000AC4203DA54F8041B8847F9E711F0CCBF2F
:1080E00000040020002400200000000808ED00E04B
:1080F0000000002000040020B80602080024002030
:10810000EC2F0020F02F0020149C0020008000089D
:1081100000800008008000080080000870E700F080
:1081200000F8FEE72DE9F04F2DED108AC1F80CD0D4
:10813000C3689D46BDEC108ABDE8F08F002383F331
:1081400011882846A047002012F0B8FAFEE712F086
:108150000FFA00DFFEE7000053B94AB9002908BF53
:1081600000281CBF4FF0FF314FF0FF3000F062B924
:10817000ADF1080C6DE904CE00F006F8DDF804E07E
:10818000DDE9022304B070472DE9F047089F15464A
:1081900004468C461E46002B40F0CB808A4248D9CC
:1081A000B2FA82F149B1C1F120030CFA01FC20FAC4
:1081B00003F38D4043EA0C0C8C404FEA154EA8B2F5
:1081C000BCFBFEF8230C0EFB18CC08FB00F943EABD
:1081D0000C43994529D9EB1808F1FF3204D299458F
:1081E00002D9A8F102022B44A3EB0903A4B2B3FB0A
:1081F000FEFC0EFB1C330CFB00F044EA0344A042DF
:1082000015D92C190CF1FF3304D2A04202D9ACF1DC
:1082100002032C44241A43EA02401FB1CC4000233D
:108220003C607B603146BDE8F0874246DCE7634650
:10823000F0E7002A73D0B2FA82F3DBB31E46C6F130
:10824000200302FA06F521FA03F2B14020FA03F303
:108250000B434FEA154E00FA06F4B2FBFEF1A8B24A
:108260000EFB112C1A0C01FB00F842EA0C4290455F
:1082700057D9AA1801F1FF3C04D2904502D9A1F1C7
:10828000020C2A44A2EB08029BB2B2FBFEF10EFBE9
:108290001122484343EA0243984244D9EB1801F1C2
:1082A000FF3203D2984201D98A1E2B441B1A42EA9C
:1082B0000C4201E08B1A01224FEA154EA8B2B3FB23
:1082C000FEFC210C0EFB1C330CFB00F841EA0343BF
:1082D00098452AD9EB180CF1FF3104D2984502D900
:1082E000ACF102012B44A3EB0803A4B2B3FBFEFCE8
:1082F0000EFB1C330CFB00F044EA0344A04216D9E9
:108300002C190CF1FF3304D2A04202D9ACF10203C4
:108310002C44241A43EA0140314616467DE71F26C5
:108320008DE78C46AEE70A46C0E76146DBE7634669
:10833000EFE78B4206D917B90026304672E7C7E946
:108340000001F9E7B3FA83F686B98B4201D3824282
:1083500007D8841A61EB030301209C461FB900264D
:1083600060E73046FAE7C7E9004CF8E7C6F1200CB1
:10837000B34022FA0CF41C4320FA0CF521FA0CF35A
:10838000B14029434FEA144900FA06F5B3FBF9F866
:108390001FFA84FE09FB18300B0C08FB0EFA43EAA7
:1083A00000439A4502FA06F240D9E31808F1FF307B
:1083B00004D29A4502D9A8F102002344A3EB0A0390
:1083C00089B2B3FBF9F809FB183308FB0EFE41EA4A
:1083D00003418E452CD9611808F1FF3304D28E4534
:1083E00002D9A8F10203214443EA0040A0FB02980D
:1083F000A1EB0E014145CE46434602D306D14D4581
:1084000004D2B9EB020E68EB04030138002FA6D0AA
:10841000B5EB0E0261EB030101FA0CFC22FA06F344
:108420004CEA0303F140C7E9003198E74046C5E74D
:108430004346D9E7704700BF034613F8012B002AD3
:10844000FBD1181A0138704700000000000000003E
:1084500001F0FF01102A2BDB10F0070F08D010F8F5
:10846000013B013A8B422DD010F0070F42B3F6D1F9
:10847000F0B441EA012141EA014122F007047FF012
:1084800000070023F0E80256083C85EA010586EA69
:10849000010685FA47F5A3FA87F586FA47F6A5FAA5
:1084A00087F68EB9EED1F0BC01F0FF0102F00702B1
:1084B00032B110F8013B013A83EA010313B1F8D15C
:1084C0000020704701387047002D06BF354603383D
:1084D000073815F0010F07D1013015F4807F02BF76
:1084E000013015F4C03F0130F0BC0138704700BFC7
:1084F000F0B587B00F464508144915480593002488
:10850000164612F0EFFC059B124A214640F2E73076
:10851000E3FB02014FF47A720023FFF71DFE019482
:10852000029000940A4833463A46294612F0FAFC73
:10853000044640B1064812F0E3FC013414BF4FF08A
:10854000FF306FF0010007B0F0BD00BF48F5010833
:10855000389B0020A086010070B584B004460E460A
:10856000134814490393154612F0BCFC124A039BAE
:1085700040F2E7300021E3FB02014FF47A7200235E
:10858000FFF7EAFD2B46009032460948610812F0D9
:10859000E7FC50B10390064812F0B2FC039B013394
:1085A00014BF4FF0FF306FF0010004B070BD00BF8A
:1085B000389B002048F50108A086010008B5104846
:1085C00000224FF4807114F02BF900224FF4007157
:1085D0000C4814F025F94FF47A7012F07BF8084833
:1085E00040F206224FF4807114F01AF9BDE80840F9
:1085F000044840F206224FF4007114F011B900BF94
:10860000000002400008024008B5FFF7D7FF054B05
:108610004FF48061198318462022BDE8084014F009
:10862000FFB800BF0004024030B583B049BA054628
:108630001446ADF80410642301A90222A220FFF71A
:1086400057FF6423A2B22946A220FFF785FF03B09B
:1086500030BD00BFF0B515468BB001220E4607466F
:108660004FF48061184814F0DBF8174A4FF4806328
:108670005383F5B106F01F04C4F12004AC4228BFB7
:108680002C4673BA394622460DF10600ADF8043087
:1086900016F0AAF9A21C642392B201A9A220FFF746
:1086A00027FF4FF4FA7012F015F82D1B27442644CB
:1086B000E0D1054B4FF4806119832022184614F055
:1086C000AFF80BB0F0BD00BF0004024010B588B099
:1086D00020220021684616F03BF900242146202282
:1086E00068462034FFF7B6FFB4F5806FF6D108B0C6
:1086F00010BD00BF704700BF302383F31188134BB8
:10870000082208B31A83322300BF013B9BB2002B1F
:10871000FAD103F1804303F5013320221A83322377
:1087200000BF013B9BB2002BFAD103F1804303F55C
:10873000013320225A83322300BF013B9BB2002B1E
:10874000FAD183F3118870475A83DCE700040240B2
:10875000234B98423AD00FD800F13F4303F57E03F4
:10876000072B37D81F4BC318062B37D8DFE803F089
:10877000202C2A28262422001B4B984228D000F1C6
:108780004043A3F50233052B24D8184BC318042B00
:1087900022D8DFE803F0090705030B000E2070471D
:1087A0000D2070470C2070470B2070470F2070473A
:1087B000012070470720704706207047052070474A
:1087C000042070470320704702207047082070473C
:1087D00009207047FF2070470A207047002070472B
:1087E00000040240FFFFFDBF01040240FFF7FDBF90
:1087F0002DE9F04F074685B00C46A0B9574B04222F
:108800005A83142300BF013B9BB2002BFAD1534B78
:1088100004221A83142300BF013B9BB2002BFAD120
:108820000120FFF769FF4FF4346011F097FC01233A
:108830004FF0000B03FA07FA0323CDF804B00093BE
:108840005D460394464E47494748484ADFF81CB105
:10885000B046012312F0F0FA4FF0000902962E46BE
:1088600045464FF0000812E0012303FA08F1009B8F
:10887000002A08BF46F00106032B49EA01022FD067
:108880005FFA82F908F10108B8F1060F1AD03BF837
:10889000022B39465FFA88F002F07CFD39465FFA18
:1088A00088F002F05DFE35F8022B0AEA0202002889
:1088B000DAD108F10108824218BF46F00106B8F18A
:1088C000060FE4D1009B032B3546029E0ED0019B80
:1088D0004B4510D0002005B0BDE8F04FFFF70CBFAE
:1088E000019B43EA0102D3B20193CBE70223009339
:1088F000002DA7D1EEE7009B03F1FF3B1BF0FF0328
:108900000093F5D1AB46039C3546BBF1000FE1D097
:10891000174BDDF800801749019E01221A700DE007
:1089200010B90A8822430A80234308F10108B8F1EC
:10893000060F25F8023C01F10201CBD035F8023BCD
:1089400046FA08F2D20704EA0300E9D410B10A8813
:1089500022430A8023EA0403E7E700BF000C024039
:108960009475002000240020849A0020F02F00201D
:10897000FC2F0020887500202DE9F04F85B00025E0
:108980005448019501224FF400510295039513F0CC
:1089900047FF50494F48DFF85CB1DFF85CA14FF466
:1089A000005320220B83114613F03AFF4A4801225C
:1089B000082113F035FF48480122202113F030FF31
:1089C00001224648042113F02BFF444A0423538319
:1089D0000BF118072C46A94601264FF003085BF857
:1089E000043B03F00F01B3F1FF3F4FF0030206FA1F
:1089F00001F123F00F000BD013F012FF5BF8043CE1
:108A000003F00F02103223F00F0106FA02F28A611E
:108A10001846FFF79DFEFF2827D0A0F10A0309287A
:108A200002B21BB298BF02EB420203EB430308FA07
:108A300003F396BF08FA02F21D4349EA0209AAFBB2
:108A40000432930803EB430302F0FC02A4EB43035C
:108A500010326A44DBB203EB8303984052F80C3CBB
:108A60000134184342F80C0CE4B25F45B7D11C4BFB
:108A7000019A03999A621962029A1A485D6100216B
:108A80005A62C3F8189012F0B7F9174A536843F4C2
:108A90008033052553600024E0B200210134FFF744
:108AA000A7FE102CF8D1013D15F0FF05F3D10F4AB8
:108AB0000F4B158055809580D580158155811D807F
:108AC0005D809D80DD801D815D8105B0BDE8F04F3A
:108AD00002F046BC0008024000040240000C0240C4
:108AE00000240020849A0020003801409475002062
:108AF000887500202C240020ABAAAAAA70B584B0E7
:108B00002549264E0C2201A815F06EFF2449254860
:108B10000C2215F069FF244B00251D805D809D808F
:108B2000DD801D815D81357001242146E8B201356B
:108B3000FFF75EFE6400102DA4B2F6D102F002FE33
:108B4000154B1A4903F10C041A8831F8020B024044
:108B500023F8022BA342F7D1124B154C154803F111
:108B60000C0C198834F8025B30F8022B29430A43B5
:108B700023F8022B6345F4D10C2201A9064815F015
:108B8000D7FE04460AF044FD3078002C18BF40F0B0
:108B9000010004B070BD00BF2C990020FC2F002004
:108BA000389900200030002088750020C8FA01089C
:108BB000F43A0020343A002030B5204887B012F053
:108BC00029F91F484022082113F02AFE1C484022A0
:108BD000202113F025FE1B484022042113F020FE23
:108BE000194A4FF400535383302383F311881648F6
:108BF0000222052113F090FE002383F31188134C09
:108C00000FCCEC46ACE80F0094E803008CE80300BE
:108C10006C46012554F8040B00F00F01431C4FF083
:108C2000400205FA01F120F00F0001D013F0F8FD29
:108C300006AB9C42EED107B030BD00BF849A002045
:108C400000040240000C02400008024014F5010834
:108C50002DE9F04F4FF45772324D02FB00F805EB4F
:108C60000804064683B00021204615F071FE2E4B05
:108C700001949B5D03F0030343F48A6325F80830F5
:108C8000A37823F00F0343F00103A370274B06EBF7
:108C9000460203EB821EEF1DD72303FB06F1474478
:108CA0004046002688467146BE4600228A4608EBAA
:108CB000061B0BEB02033AF8024F05EB8303C4F3E8
:108CC000820993F804C09F79B9F1040F64F3010C91
:108CD00069F3071708BF640983F804C09F7108BFD0
:108CE0000EF822400132102AE3D10136062E0EF191
:108CF000400E01F12001D8D1019C804609F0C8FF47
:108D000050B120464FF4577208F2211101F092FF42
:108D1000012003B0BDE8F08F05490F200AF080FD67
:108D2000EFE700BF143000201425002026F70108CB
:108D300004003434F8B550B10020FFF789FF01205A
:108D4000FFF786FFBDE8F8400220FFF781BF054628
:108D5000012140F63E3015F087FC0446262140F6FE
:108D60003E3207460AF078FD63782F4A2F4C2F4891
:108D7000022B96BF4FF457712B4601FB0341137032
:108D80002B4B88BF2146196040F6142207F22111AF
:108D900015F02AFE00234FF4577000FB03F500FB8B
:108DA000034C625D910705D1224E16F803E06EF385
:108DB00001026255615DC1F385023F3202F03F025C
:108DC000272A03D9142262F3870161559CF80120F8
:108DD00002F13F0101F03F0126294FF0040161F348
:108DE000050201D98CF8012000FB03F2A518A25856
:108DF00012F47C2F0FD16978AA7801F0030E01F0EC
:108E00003F0C22F00F02C1F383014CEA8E1C0A438F
:108E100085F801C0AA700133032BBED13846BDE8E6
:108E2000F84015F05FBC00BF123000201430002065
:108E30004424002014250020014B1868704700BF0F
:108E400044240020014B1878704700BF12300020E6
:108E500000B583B002288DF8070030D80B461B49B7
:108E6000C2B20878904203D1F3B9012003B000BD2B
:108E700017480A7000934FF45771164B01FB02021A
:108E80001A6003F009F901F0C5FE13490F200AF03A
:108E9000C7FC012211460DF1070001F0CBFE03F0E3
:108EA00003F9009B002BE0D00DF058F950B10FF002
:108EB00065FE0A490A4B086086221A70D5E7002031
:108EC00003B000BD0DF0FEF8F1E700BF1230002046
:108ED0001430002044240020040034340C300020DE
:108EE0001030002002281FD8F8B58C1840F6142E38
:108EF000744501DD0020F8BD0D46064600211846E8
:108F0000174615F025FD094BC5F15C024FF457716A
:108F100001FB0651D2B2B4F5577FD8BF3A46194487
:108F200015F062FD0120F8BD0020704714300020CC
:108F30002DE9F04F85B002289DF838809DF83C500F
:108F400050D802294ED8272A4CD817461A4603462D
:108F5000002D4BD14FF0D709DFF8E0A0109E09FBA0
:108F600000F983460B46E9B20391002402E0013484
:108F7000102C31D030684FF0010C09EB05110CFAC0
:108F800004FC21441CEA000F0AEB810107F03F0EAC
:108F9000EDD003F0030040EA8E0002F03F0E91F89E
:108FA00006C040EA0E2040EA883088802CF00F0C82
:108FB000C8F3830040EA0C0088711F4909785945BD
:108FC000D5D1E1B2039802920134019301F074FD0E
:108FD000102C029A019BCDD10135062D06F1040615
:108FE000C1D124E0002005B0BDE8F08F09B301F045
:108FF000030007F03F0702F03F024FF4577440EAC6
:10900000870004FB03F340EA02200C4C40EA88305E
:10901000E0521C44C8F38308A378109823F00F0390
:1090200048EA03031822FF21A37015F091FC0120E8
:10903000D9E70846D7E700BF1230002014300020DF
:109040002DE9F0410478022C88B01AD88378052BDA
:109050001F4616D8C3780F2B984612D800224178A5
:109060000392049205920692ADF81C208DF81E2002
:10907000027903461046032903D8DFE801F01B28D4
:109080006E06002008B0BDE8F081D72304FB03F38F
:109090003D4A03EB0713434402EB8302D38803F0FA
:1090A0000F0343F05003D380384B1B78A34266D0A4
:1090B0000120E7E7D7223B0102FB0433324A434455
:1090C00002EB8303DA8802F00F02DA80ECE7132860
:1090D0000546D6D899795A79019301F03F0102F0FB
:1090E0003F0242EA8112D979274E42EA0132ADF8B5
:1090F0000C201A7AC1F3011141EA82018DF80E1099
:10910000082203F109010DF10F0015F06DFC019B20
:10911000082203F111010DF1170015F065FC05EBB4
:10912000C5004FF4577305EB400003FB04003044C7
:1091300003A9132200F5C27015F056FCD72304FBD7
:1091400003F303EB0713434406EB830303219A79EC
:10915000DD7161F307129A71A6E72C2891D8D72305
:1091600004FB03F3084A03EB0713434402EB8303B6
:1091700004219A79D87161F307129A7194E74146F4
:10918000384601F099FC93E714300020123000209B
:109190000378022B31D84278052A2ED8C1780529C8
:1091A0002BD810B5847890F804E044EA0E0CBCF19A
:1091B0000F0F26D890F805C0BCF1130F21D8807985
:1091C00006281ED8F8B18A4219D002F0070201F031
:1091D000070142EAC40241EACE01124C0CEB4C0CEE
:1091E0004FF4577E0EFB03C3234483F8002383F818
:1091F000011383F80203012010BD0020704774455D
:10920000E3D1002010BD4FF457720CEB4C0C054914
:1092100002FB03C303F540735A18C8545070907092
:10922000E9E700BF14300020022801D90020704770
:1092300010B50E4A82B04FF45771019001FB002423
:1092400009F026FD019B58B14FF4577202FB03F35E
:10925000204603F2211101F0EDFC012002B010BD07
:1092600003490F200AF0DCFA019BEDE714300020DF
:1092700004003434022801D900207047FFF7E8BC0D
:10928000134A1378D9070CD51248818813F0020FBE
:1092900001F4806104D041B923F0020313707047D8
:1092A00001B9704743F0020313700389590707D4CB
:1092B0001A0709D4DB06F4D501210220FFF7C8BD47
:1092C00001210020FFF7C4BD01210846FFF7C0BD02
:1092D0001130002000300020022801D81C2901D9BB
:1092E0000020704738B5084B15464FF4577202FB03
:1092F00000300C461E22002115F02AFB224629468A
:1093000015F072FB012038BD5033002008B545F23E
:109310002F23984208D9A0F5FC43103B022B0ED80E
:109320004B799BB9002008BD45F21F23984206D90E
:10933000094A4979137821B923F0010313700120F8
:1093400008BD43F0010313700120F9E71038012133
:10935000C0B2FFF77DFDE5E71130002008B50FF042
:109360000DFC034B034901221A70086008BD00BFC1
:10937000103000200C30002008B5184B186800B9D8
:1093800008BD0FF09DFBB0F5FA7FF9D91449134BD6
:109390000A78501C02F00F02062A087016D94FF006
:1093A000000C104881F800C008221721C3F800C043
:1093B0000AF052FA0B480378032B0CD90CF0CEFEBE
:1093C0000028DDD1BDE808400CF0B8BE0FF0D6FB98
:1093D000024B186008BD0CF021F9EFE70C300020BB
:1093E0001030002048990020104B187800B97047C1
:1093F000C043002240F30000114610B5C0B20CF08B
:10940000D5FB0A4B93F900201B78002A00DB10BD26
:10941000074A08491278DB4343F30003DBB2885C58
:10942000BDE810401A4619460CF0AABB10300020C7
:109430001230002054F50108F0B5254B5C7E9B7E70
:1094400083B044EA0324042C224B01933CDD0646FE
:1094500021480F46251F0346002203E00132AA429D
:10946000634631D019789DF804E0714503F1010C91
:10947000F4D193F801E09DF805108E45EED19CF8EB
:1094800001109DF806309942E8D19CF802109DF831
:1094900007309942E2D1A11E9142134614DD02EB3E
:1094A000000C02E001338B420EDA1CF801EBBEF136
:1094B000C00FF7D19CF80000C028F3D1023301207F
:1094C00032803B8003B0F0BD002003B0F0BD00BF90
:1094D000282900200501090450000208F0B5414C7C
:1094E0000546208883B02A0A40B9DFF800C19CF8FD
:1094F00019009CF81AC040EA0C202080032A27D0CB
:10950000222A0DD0022A09D1019201F0F7F9019A1D
:1095100000282AD0344C2378002B2FD003B0F0BD84
:109520000029FBD1314A324D1D600193517E927E5C
:1095300041EA022601F0E2F90028EFD02D49019B13
:109540000A681746002A30D01F60089B1E80E5E796
:10955000019301F0D3F90028E0D1EDB2EE2D019B8B
:10956000DCD11860089B1880D8E7204B42211A7183
:109570009970D870089B198003B0F0BD1E491F4830
:10958000FFF75AFF0028C9D0184A1C4B957E18884F
:109590001949537E098843EA052303445B1A180AD4
:1095A0000121537690762170B8E72488204615F083
:1095B00091F81049224608602946074615F014FA2A
:1095C0000E4A019B1088221F9042BDDA0A4A118878
:1095D000A21E9142B8DA621A3818791815F004FA06
:1095E000019BB1E7323A0020303A002028290020C0
:1095F00050000208283A00202C3A00202E3A002081
:1096000008B501F07BF918B9039B1860049B18801A
:1096100008BD00BF4378012B06D01BB98178C27A00
:1096200091420AD200207047837813B1027B9A429C
:10963000F8D90023437001207047012343700120B3
:10964000704700BF42780346032A06D8DFE802F0DD
:10965000152207028278F02A1DD9002070478278EF
:10966000017B91422BD2417B91422CD8C17A91420D
:1096700029D803214170012005E08278C17A914206
:10968000EBD801205870197C5A73521A22EAE27200
:109690009A7370478278197B91420CD2997B9142E0
:1096A00004D3197CC1F1E4018A4215DB597B914254
:1096B000D3D20020E7E700225A7001207047002231
:1096C000427000207047997B9142C6D90020D97B17
:1096D0009A730A445A737047022159700120F6E7C1
:1096E00000B50B1F83B09BB278B1A02B22D9A1F19A
:1096F000E003072B0FD801F0070101208840C0B21A
:1097000003B05DF804EB09F011B9A02B05D9A1F164
:10971000E003072B1BD903B000BDC9B20846019175
:109720000EF0D8FF0028F6D0019803B05DF804EBE6
:109730000FF0A8B8C9B2084601910EF0CBFF00287F
:10974000E9D1019803B05DF804EB0FF07DB801F0AA
:10975000070101208840C0B203B05DF804EB09F0B6
:10976000F9B800BF10B5002282B0044604EB4201F4
:10977000CB78097953EA012307D10132042AF5D1C4
:1097800002B0BDE8104009F0BDB9191FA029A3F12E
:10979000E0000BD90728F0D803F007030120984018
:1097A000C0B2009209F0D6F8009AE6E7DBB218469C
:1097B000019200930EF08EFF019A0028DDD00098F0
:1097C00000920FF05FF8009AD7E700BF2DE9F04351
:1097D000044683B0FFF730FB6178E37B024604293F
:1097E00035D8DFE801F08503BDCE380003EBC300B8
:1097F00003EB40001518A67895F8851195F884516B
:1098000001F00F01890041EA951101EB4101B6EB2E
:10981000410F08DA05F03F05013D05EB4505B6EBC4
:10982000450FC0F27E8103EBC30103EB41055119E3
:1098300091F8863191F8851103F003031B0143EA87
:10984000111303EB4303B6EB430F80F22981002091
:1098500003B0BDE8F08303EBC30103EB41055119ED
:10986000A07891F8853191F8841103F00F039B00E3
:1098700043EA911303EB4303B0EB430FE7DC01F042
:109880003F01013901EB4101B0EB410FDFDA00216B
:1098900005F5C273617002EB03090F460026012132
:1098A00001FA07F8B44605EB46001044331D90F862
:1098B000871190F8880105EB430351EA0021134416
:1098C00005D093F8873118EA131340F01981013657
:1098D000042EE8D1BCF1000F40F02B817B1C032B40
:1098E0001F46DBD109F00EF94846FFF73BFF7CE04D
:1098F00003EBC30103EB41055319A17893F88431BD
:1099000003F03F0303EB4303B1EB430F9FDB4FF047
:109910000103637000260023012101FA06F79C462B
:1099200005EB43001044191D05EB410102EB010E4C
:1099300090F8871190F8880151EA002105D09EF82F
:10994000870100F00F00384262D10133042BE7D1C8
:10995000BCF1000F40F09C800136032EDBD144E0C7
:1099600003EBC30103EB41015018A57890F8863151
:109970009B0803EB4303B5EB430F5FDD03236370E9
:1099800065E703EBC30103EB4103D118A07891F81D
:109990008611890801EB4101B0EB410F3FF757AF4A
:1099A0000421617000270025012000FA07F8AE4667
:1099B00003EB450C9444291D03EB41019CF888619D
:1099C00050189CF8871151EA062104D090F88801BC
:1099D00018EA101027D10135042DE9D1BEF1000F8E
:1099E0004CD1791C03290F46DDD165795548627841
:1099F000A67930F81510013A0123B340022A94BF2A
:109A00001943994320F81510012003B0BDE8F083F5
:109A100006F0010001920093FFF762FE019A009B9D
:109A20004FF0010C91E707F0010001920093FFF75E
:109A300057FE019A009B4FF0010ECCE790F885315C
:109A400090F8840103F00F039B0043EA901303EBAB
:109A50004303B5EB430FBFF6FAAE00F03F00013809
:109A600000EB4000B5EB400FBFF6F1AE002301F56F
:109A7000C27163705018FFF775FEB6E7019200934C
:109A800009F040F8642010F025FE019A009BA8E739
:109A9000009209F037F8642010F01CFE009A5BE792
:109AA000022363704FF000080026012101FA08F735
:109AB000304605EB46031344311D05EB410102EB33
:109AC000010C93F8871193F8883151EA032105D0EE
:109AD0009CF8883103F00F033B4209D10136042E74
:109AE000E7D1B0B908F10103032B9846DCD17CE73C
:109AF00008F001000092FFF7F3FD009A0120EDE766
:109B000007F001000092FFF7EBFD009A4FF0010C07
:109B1000DDE6009208F0F6FF642010F0DBFD009A0D
:109B2000E0E7002300F5C27063701044FFF71AFEEF
:109B30005BE7009208F0E6FF642010F0CBFD009A8E
:109B4000CCE600BF343A0020024B00221A605A6073
:109B50009A607047343A00204378012B06D01BB935
:109B60008278C37A9A420BD80020704783781BB959
:109B70000023437000207047027B9A42F4D9F7E734
:109B8000C27BB2FA82F2012352094370C2731846B3
:109B9000704700BF3A4A3B4BA2FB002099798008EE
:109BA00007EE101A07EE900AB8EEC77AF8EEE77AD9
:109BB000F4EEC77AF1EE10FA21DC1A7907EE102ADA
:109BC000B8EEC77A82B0F4EEC77AF1EE10FA1BDD78
:109BD0005B792D4A77EEC77A07EE103AD2ED026A2A
:109BE000B8EEC77AA6EEA77AFCEEC77ACDED017A79
:109BF0009DF804007F2828BF7F2002B07047D879E5
:109C00007F2828BF7F2070479A7807EE102AB8EE89
:109C1000C77AF4EEC77AF1EE10FA1CDC1A7807EE78
:109C2000102AB8EEC77AF4EEC77AF1EE10FA25DD05
:109C30005B78154A77EEC77A07EE103AD2ED006AE4
:109C4000B8EEC77AA6EEA77AFCEEC77ACDED017A18
:109C50009DF80400CEE7DB780B4A77EEC77A07EE73
:109C6000103AD2ED016AB8EEC77AA6EEA77AFCEEFA
:109C7000C77ACDED017A9DF80400BBE70020BCE770
:109C8000ABAAAAAAAC750020B875002010B58378DD
:109C9000052B9CBF00238370C37B0B2B044605D888
:109CA0001B4980781B4AC8540121D1542046FFF734
:109CB000B1FCB0B1E07B63780D38012BC0B211D09C
:109CC0001F281FD960791449A47931F81030012276
:109CD000A24023EA0203BDE8104021F8103000F052
:109CE00015BE10BD1F2810D961790B4AA47932F82E
:109CF00011000123A3400343BDE8104022F81130B6
:109D000000F004BE0CF0C4FFDCE70CF0A5FFEBE7AD
:109D10006C3A0020603A0020F43A0020124B1349BC
:109D2000134A144810B500240C604C608C60146019
:109D300054609460046084801C605C609C60DC60A3
:109D40001C615C61E0B201340CF0A2FF102CF9D16F
:109D50000024E0B2002101340CF0E2FF062CF8D11F
:109D6000BDE810400CF06ABF403A00206C3A002079
:109D7000603A0020583A00202DE9F04782B000F008
:109D8000BDFD10B102B0BDE8F087944E944CDFF8F1
:109D90005C82944D944FB1466FEA040A14F8013B7B
:109DA00013B91AF81430E3B13B78062B0CD9787844
:109DB000062869D900F10C02934270DC03F10C0211
:109DC000904270DD012305E0002B5DD17878C31A45
:109DD00018BF012388F80030FFF7DCFEC9F8000047
:109DE0000120A54209F1040908F1010807F1020761
:109DF000D4D10028C6D07D4B7C4A93F9003092F92B
:109E00000120002B784BB4BF1B785B78002A764A80
:109E1000B4BF9078D07803FB03F300FB00304EF61C
:109E20006443984200F28180704B704A93F903308A
:109E300092F90420002B6C4BB4BF9B79DB79002A8C
:109E4000694AB4BF107A507A03FB03F300FB003079
:109E50004EF6644398422BD80024122556F8042B62
:109E600025FA04F313F0010F11B218BF5142E0B20A
:109E700018BF09B201340CF053FF062CEED102B02A
:109E8000BDE8F0470CF0DABE4FF0FF3288F8002052
:109E90001846FFF77FFE4042C9F80000A0E7FF2206
:109EA00088F80020F4E798F90020002A94DAEFE718
:109EB00000F050FC07EE900A9FED4D7A474BF8EE0C
:109EC000677ADA680092C7EE276A1A690192184623
:109ED000DDED007AB8EEE77A07EE902AF8EEE77A41
:109EE000424A27EE267A67EEA67A92F90310BDEE73
:109EF000C77AFDEEE77A002983ED037A17EE102A80
:109F000017EE903AC0ED047A51DB7F2A02DD334927
:109F10007F22CA60354A92F90420002A4DDB7F2B4C
:109F20009ADD2E4A7F23136196E700F013FC07EEBB
:109F3000900ADFED2F6A2948F8EE677A036886EE0B
:109F4000A77A07EE903AF8EEE77A4368009367EE57
:109F5000877AFDEEE77A17EE902AC0ED007A07EED9
:109F6000903AF8EEE77A214B67EE877A93F9001082
:109F7000FDEEE77A002917EE903AC0ED017A10DB8A
:109F80007F2A02DD15497F220A60184A92F90120D2
:109F9000002A1ADB7F2B7FF747AF104A7F235360DD
:109FA00042E77F32F1DA6FF07E020260EDE77F3246
:109FB000B0DA6FF07E02C260ACE77F33BFF64CAF21
:109FC000064A6FF07E03136146E77F33BFF62CAF7E
:109FD000024A6FF07E03536026E700BF403A00203C
:109FE000603A0020663A00206C3A0020583A00207F
:109FF00000008A43031F012B3AD981B9384A394BF3
:10A0000032F8102002FB01F1A3FB0103C91A03EB94
:10A0100051008009904228BF104680B27047324AF2
:10A02000937903EB4303B1EB430F28DA137903EB86
:10A030004303B1EB430F24DBA1EB430307EE903A5C
:10A04000DFF8ACC05379B8EEE77ADCED027A27EEA0
:10A05000277AF1EE086AC7EE267A07EE103AB8EED4
:10A06000C77A77EE877AFCEEE77A17EE901AC5E7A3
:10A070001E4BC1EBC111A3FB0131C909BEE7D17968
:10A08000BCE7937803EB4303B1EB430F15DA137886
:10A0900003EB4303B1EB430F1FDBA1EB430307EEDD
:10A0A000903ADFF84CC05378B8EEE77ADCED007AEE
:10A0B000F1EE086A27EE277ACDE7A1EB430307EE1E
:10A0C000903ADFF82CC0D378B8EEE77ADCED017A6D
:10A0D000F1EE086A27EE277ABDE700218EE700BF80
:10A0E00058F5010811080402AC7500208988888899
:10A0F000B875002008B50E490E48142214F018FC5B
:10A1000018B90D4B00221A7008BDDFF828E0DFF8FF
:10A1100020C0BEE80F00ACE80F00704650F81039C0
:10A12000CCF800300EF0B0FA034B00221A7008BDD4
:10A13000783A0020CC3A0020C83A002010B5837845
:10A14000052B9CBF00238370C37B0B2B044605D8D3
:10A1500024498078244AC8540121D1542046FFF76D
:10A1600059FAB0B1E37B62780D3B012ADBB211D022
:10A170000F2B29D960791D49A47931F810300122BB
:10A18000A24023EA0203BDE8104021F8103000F09D
:10A19000BDBB10BD0F2B09D815481649C35C4888B4
:10A1A00002FA03F3034314484B80027061790F4AAB
:10A1B000A47932F811000123A3400343BDE8104005
:10A1C00022F8113000F0A2BB094A0A48D25C438849
:10A1D000012101FA02F223EA0203074A43801170C7
:10A1E000C8E700BFBC3A0020B03A0020F43A002093
:10A1F00070F50108CC3A0020C83A00202DE9F04F54
:10A20000A14FA24C3A79A249DFF8A0B2A14EDFF8E3
:10A210009092DFF890A2C2EBC212A4FB0202D20914
:10A22000C2EB0222A1FB0250121A00EB52007A7913
:10A23000994DC2EBC212A4FB0242D209C2EB022228
:10A24000A1FB0241521A800901EB52018909FF2842
:10A2500083B028BFFF200024FF2928BFFF21022C44
:10A26000009001914FF0010824D0315D99B1600058
:10A2700039780629C0B22AD997F801C0BCF1060F77
:10A280005ED90CF10C0E714562DC01F10C0EF44547
:10A2900063DD012123E0814B13F8141060000029D5
:10A2A000E6D10134062C28D0022C0BF1010B07F16A
:10A2B0000207DAD1009B8AF80430019B8AF8053046
:10A2C00085F800800BF1010B02370324CDE700294C
:10A2D00036D197F801C0BCEB010118BF01218BF802
:10A2E000001001306146C0B2FFF784FE49F8240037
:10A2F0000134062C85F80080D6D12B78EBB1684C60
:10A30000D4E900301B12001203FB03F300FB003002
:10A31000B0F5804F60D8E2682369111201FB01F1AA
:10A32000181200FB0010B0F5804F1CD8D4E9005083
:10A330005C49CD8008814A818B8103B0BDE8F08FF4
:10A340004FF0FF338BF80030FFF754FE4042CDE76B
:10A350004FF0FF0C8BF800C0F6E79BF900E0BEF170
:10A36000000FBEDAF0E700F0F5F907EE900A9FED76
:10A370004E7A4E4BF8EE677A93F90310C7EE276AD0
:10A380000029D4ED037AB8EEE77AD4ED047AF8EE3A
:10A39000E77A27EE267A67EEA67ABDEEC77AFDEE5B
:10A3A000E77A17EE102A17EE903A84ED037AC4ED9F
:10A3B000047A53DBB2F5004FA4BF47F6FF72E260A8
:10A3C0003A4991F9041000293FDBB3F5004FA4BFCF
:10A3D00047F6FF732361A9E700F0BCF907EE900A86
:10A3E0009FED317A314BF8EE677A93F90010C7EEA2
:10A3F000276A0029D4ED007AB8EEE77AD4ED017A25
:10A40000F8EEE77A27EE267A67EEA67ABDEEC77AEF
:10A41000FDEEE77A17EE102A17EE903A84ED007AF7
:10A42000C4ED017A29DBB2F5004FA4BF47F6FF72F5
:10A4300022601E4A92F90120002A17DBB3F5004F73
:10A44000A4BF47F6FF73636065E713F5004FBFF6DF
:10A450006DAF174B23614FF4004367E712F5004FD0
:10A46000AEDA134AE2604FF40042A9E713F5004F59
:10A47000BFF651AF0E4B63604DE712F5004FD8DACF
:10A480000B4A2260D5E700BFBC3A00208988888843
:10A4900011080402B03A0020C83A0020B13A002066
:10A4A000903A0020CC3A002000000C43A83A00204B
:10A4B0000080FFFF30B40F4A0F49104C1048114D77
:10A4C0000023C2E90033C2E90233C2E90433036066
:10A4D0004360836023600C486360A3602B60AB80A3
:10A4E0000B604B608B60CB600B61012230BC027053
:10A4F000FFF700BE903A0020CC3A0020BC3A002082
:10A50000B03A0020A83A0020C83A002008B500F070
:10A51000F5F900B908BDFFF771FE044B1B78002B5D
:10A52000F8D0BDE80840FFF7E5BD00BFC83A0020FD
:10A530002DE9F04F89B0002305930693079305ABEF
:10A540001A68D24343F8042B08AA9342F8D1FEF7C5
:10A5500073FCDFF8FC917B4E4FF0020B4FF0010AC9
:10A5600000F54074002509E009B186F800B0013516
:10A57000142D06F1010604F103043ED0A078002852
:10A58000F5D02778627807F0070802F0070339F85A
:10A5900018C039F81310FF08D2084CFA07FC114113
:10A5A0001CF0010F01F00101DED0002937D0013885
:10A5B0000528DCD8DFE800F03636036D0F786249F5
:10A5C00031F818103941C80757D5604931F81310D0
:10A5D0001141C90751D50DEB480301219A8AB940B1
:10A5E00022EA010201359A82142D4FF002033370E2
:10A5F00004F1030406F10106C0D1554A524805A9E9
:10A6000002F10C0532F8023B31F8024B954203EAA5
:10A61000040320F8023BF5D109B0BDE8F08F86F8BD
:10A6200000A0A4E7394640460292019300F038FAB0
:10A63000E628019B029A6ED8317802294CD0012974
:10A6400095D1394640460392029300F029FA0399C6
:10A650000190029800F024FA019B039A8342029B26
:10A6600050D33849495D012949D10DEB430391404D
:10A670009A8A22EA01029A8279E7334931F8131063
:10A680001141C807EDD5314931F818103941C907D2
:10A69000E7D50DEB43010123337003FA02F28B8AF5
:10A6A00023EA02038B8262E708A901EB480E01EB63
:10A6B000430C3EF80C0C012101FA07F720EA0700D1
:10A6C0002EF80C0C3CF80C3C914023EA01032CF8CA
:10A6D0000C3C002333704AE739464046039202930C
:10A6E00000F0DEF903990190029800F0D9F9019B7E
:10A6F000039A8342029B1BD831780129A1D00229F9
:10A700007FF435AF0DEB480301219A8AB94022EA64
:10A7100001029A822BE71146184600F0C1F9E6289B
:10A72000019B029A88D9A17802297FF420AF98E78B
:10A730000DEB4301012303FA02F28B8A23EA0203A1
:10A740008B8214E7E03A00202C99002088750020C5
:10A7500094750020431CB0EB530F4FEA53020AD903
:10A76000B0FBF2F311461344B1EB530F4FEA53021F
:10A77000F6D80846704701460846704710B5114C98
:10A7800001460822204614F02FF9E27863786179B7
:10A790001343E2790B43134312D10A2023706370F1
:10A7A0001F23094AA070E3701E205F230749207110
:10A7B000637128207F23A071E37191605160116063
:10A7C00010BD00BFAC750020B875002033334B407E
:10A7D000014B1870704700BFB4750020024B1B7806
:10A7E00043700120704700BFB475002008B50B4BC3
:10A7F0001A78824210D0187008F04AFA38B1074827
:10A80000012240F63D3100F015FA012008BD04494F
:10A810000F2009F005F8F2E7002008BDB47500200C
:10A820000400343408B52E4B9A7893F800C0944550
:10A8300054D819798A4251D89A798A424ED301461E
:10A840000822184614F0D0F8017882789142034625
:10A8500012D0C07893F801C0A0EB0C0007EE900A6C
:10A86000511AB8EEE77A07EE901AF8EEE77A1D492A
:10A87000C7EE276AC1ED006A19798A4212D0587969
:10A8800093F803C0A0EB0C0007EE900A8A1AB8EE0A
:10A89000E77A07EE902AF8EEE77A124AC7EE276ABF
:10A8A000C2ED016A9A79914210D0521AD9795B7936
:10A8B000C91A07EE902A07EE101AF8EEE77AB8EEFA
:10A8C000C77A084BC7EE276AC3ED026A044808221C
:10A8D00040F6353100F0AEF9012008BD002008BD7A
:10A8E000AC750020B875002008B50349082214F0A3
:10A8F0007BF8012008BD00BFAC750020024B187822
:10A9000000F00100704700BFB4750020024B1878BA
:10A91000C0F34000704700BFB475002008B50A4975
:10A920000A4B087800221A605A609A60C20703D561
:10A93000BDE80840FFF7BEBDFFF7F0F902490B780C
:10A94000DB07F5D408BD00BFB4750020F43A002041
:10A950002DE9F04F2248234E00256FF0470436F8CA
:10A9600002EB002305EB450C03EB43014EFA03F227
:10A9700001EB0C1100EB010912F0010F4F460A46E2
:10A9800003F1010325D099F8018010F801A008F027
:10A990000F0B5AEA0B2A06D128F00F0848F00B08D3
:10A9A000445489F80180B97897F80190090151EA77
:10A9B000191109F00F080CD1825C42EA0822A2F5B5
:10A9C000617202F00F0148EA0118120987F801804C
:10A9D000BA70102BC8D10135062DC0D1BDE8F08F5B
:10A9E000D04C0020C8FA010870B5DFF8B0C0244D83
:10A9F0009FED243ADFED243A9FED244ADFED244A0F
:10AA00009FED245ADFED245A00242846002204EB4F
:10AA1000440E02EB420303EB0E130CEB03011CF894
:10AA200003608B7849781B0143EA111301F00F0191
:10AA300003F6314346EA01215B1A9BB207EE903AD6
:10AA4000F8EEE77AB0EE647AA7EE847A0132102A43
:10AA500027EEA36A67EE836AA7EE867A66EEA76A98
:10AA6000A7EEA67A77EE457A85EEA77AA0EC017A72
:10AA7000CFD10134062C05F14005C6D170BD00BF11
:10AA80002C3B0020DC9300B3D4935639CC97F7BE0F
:10AA9000DF71D5430054563F00002042F04D0020A6
:10AAA00000EB0010034B01EB011101EB00110B4413
:10AAB00098787047704600202DE9F04182B0044636
:10AAC0000191FEF7B9F90199DFF844E104EB0412B2
:10AAD00001EB011303EB0213734404EB04165C71E6
:10AAE000997101EB041300EB830301EB04171D794B
:10AAF000AA0708BF027801EB011303EB061314BF8A
:10AB000005F0030202F003020EF8032001EB041229
:10AB100000EB820200EB870792F806C0BCF10F0F32
:10AB200084BFCCF303120EF80320032D85BF01EB85
:10AB3000041300EB830305781D7901EB041300EB8C
:10AB40008303AD085A79032D2E4638BF032693069A
:10AB5000BB797F7908BF427803F00F039B0053EA6B
:10AB60009713A6F1030602F03F0209D183784778D4
:10AB700003F00F039B0053EA971308BF07F03F034E
:10AB800006EB460602EB4202770004EB041856007F
:10AB900001EB011202EB0812964405EB450503EBAD
:10ABA00043030CF0F00C6D005B00BCF1300F8EF82D
:10ABB0000B508EF80C708EF80F608EF810301FD08E
:10ABC000BCF1400F08D0BCF1500F0ED100238EF81D
:10ABD0000F3002B0BDE8F08101EB041300EB8303FA
:10ABE000DB792C2B01D80C2BF1D101EB041100EBFC
:10ABF0008100837923F0F003837102B0BDE8F08116
:10AC000001EB041300EB8303DB79132BEDD8DEE7B4
:10AC10007046002038B500250024E1B228460134F2
:10AC2000FFF74AFF102CF8D10135EDB2062DF3D114
:10AC300038BD00BF263108F09FBD00BF2DE9F047A9
:10AC4000DFF868C0DFF868904FF0000840F6033581
:10AC50006FF047076FF07C0639F8024B002308EBD2
:10AC6000480E03EB430244FA03F102EB0E1211F01B
:10AC7000010F0CEB020003F101030ED090F801A0CC
:10AC80001CF802100AF00F0A41EA0A21A94204D86E
:10AC90004B210CF8027041708670102BE1D108F145
:10ACA0000108B8F1060FD7D1BDE8F087D04C0020DD
:10ACB000C8FA01082DE9F043044604EB840301EBD4
:10ACC00081005B010D4603EB40039F49CB5C1B09F0
:10ACD00083B0042B2AD8DFE813F03F0005006000A2
:10ACE00012012C0040F697039A421FD804EB84030C
:10ACF00005EB85055B0103EB4503CC1802F00F0063
:10AD000012092271E27802F00F0242EA0012E270A8
:10AD1000CA5C032060F30712CA540DF02FFF010A2A
:10AD2000020C030E6071A171E271237203B0BDE8E1
:10AD3000F08304EB840305EB85055B0103EB45031E
:10AD4000C8184088C0F30B0032308242EEDDCA5C86
:10AD500022F0F002CA54E9E704EB840305EB850016
:10AD60005B0103EB4003C85C860706D540F6043C54
:10AD70006245DBD920F00200C85405EB850304EBE3
:10AD800084045B0003EB4413CA5A02F00F0242F042
:10AD90001002CA5203B0BDE8F08304EB840305EB54
:10ADA00085005B0103EB400301EB030EBEF802C01C
:10ADB000CCF30B00904280F0CD8062F30B0C0023AB
:10ADC000AEF802C08EF8093004EB840305EB85026F
:10ADD0005B0103EB4203C81842780B2AA6D9CA5C70
:10ADE000DFF86CC14FF0040E6EF30712CA5404EB87
:10ADF000440105EB450202EB01120CEB02010E4689
:10AE000091F801E001794388C0781CF8022009011B
:10AE100041EA10110EF00F00C3F30B0342EA0022C7
:10AE20009A1A002AB8BF52420A2A00F30A81B2785D
:10AE3000120142EA1E1201F15000821A002AB8BF24
:10AE400052421E2A7FF772AF04EB440E05EB450217
:10AE500002EB0E120CEB020E0CF8023000F00F06A3
:10AE60001B0A43EA06138EF80130C0F307138EF86D
:10AE70000230C0F30B0098461CF8023001903348B2
:10AE80009EF801C0B1468618825C70780CF00F0CF9
:10AE900000F00F0743EA0C2342EA0722D21A002AE5
:10AEA000B8BF52420F2A00F3CF80B278120142EAB3
:10AEB00010120198121A002AB8BF5242322A00F327
:10AEC000C3800F3901F00F034CEA031C09098EF807
:10AED00001C08EF80210FFF73BFD00250024E1B20F
:10AEE00028460134FFF7E8FD102CF8D10135EDB20A
:10AEF000062DF3D103B0BDE8F043FFF775BD04EBB9
:10AF0000840005EB8505400100EB45000C18237912
:10AF1000E5781B0143EA1513934200F28280D31AAD
:10AF2000642B7FF7FAAEB3F5487F7FF7FFAE6588F5
:10AF30000B5C62F30B05022262F3071300220B5431
:10AF400065806272F2E600BFB03C0020D04C002069
:10AF5000F04D0020801A323064286CD89EF8090029
:10AF600005EB0416431CDBB200EBC6003746664E09
:10AF70008EF80930072B26F810207FF625AF9EF8B3
:10AF80000530BEF806209EF8080043EA022343EA93
:10AF900000600DF095FDB0F57A7F5C4934D2B31EA8
:10AFA00006F10E0203EB071302EB0712002033F841
:10AFB00002CF9A426044FAD104EB840305EB850288
:10AFC0005B0103EB420301EB030CC008BCF8022059
:10AFD000143860F30B02ACF802209CF804209CF8B3
:10AFE0000360120142EA161240F24C4E821A724578
:10AFF0006AD9CB5C13F0010F9CF801300CBF06221C
:10B000000C2213448CF8013004EB840305EB850219
:10B010005B0103EB42030120CA5C60F30712CA54D0
:10B02000D2E602F00F0105F00F0343EA0113120903
:10B03000E370227171E6CA5C012060F30712CA5402
:10B04000C2E601F15000FFE605EB450204EB440CBB
:10B050002F4E3048304902EB0C12B35432441B0AD5
:10B0600043EA0913537082F8028003780A789A42FF
:10B0700004D00B7001220421FDF7ECFA05EB450228
:10B080004FF0300314FB0323214904EB440402EB8B
:10B0900004128C1820460322591D5D1CFDF7DAFAB4
:10B0A00007F0F6FD58B11B480122262108F064FB89
:10B0B000032205F12601204608F05EFB0BE7174945
:10B0C0000F2008F0ADFBEEE7B2F57A7F09D9CB5C33
:10B0D0009CF8012003F00103033213448CF8013083
:10B0E00092E7B2F5617F8FD9A0230A2204FB03F314
:10B0F00002FB0533C818CB5C427803F0010302322F
:10B100001344437080E700BF70400020B03C002033
:10B11000D04C0020C5750020083B002004003434CA
:10B120002DE9F04F89B007F099FD002800F0D1809B
:10B130000020FDF7FFFD012140F63E3013F094FAA8
:10B1400040F63E328046262108F086FB082208F6AB
:10B15000353106A813F048FC06A8FFF70FFB794E1F
:10B1600098F83D0B784CFFF733FB98F80050774880
:10B1700035704FF49072002113F0EAFB4FF4907297
:10B180000021204613F0E4FB002D00F0AB804FF4CB
:10B19000907208F10101204613F026FC6C4F0395D4
:10B1A000414640F214596FF0470A4FF0000EB8467E
:10B1B00038F8026BCDF804E000230EEB4E0CCDF80E
:10B1C000088003EB430526FA03F205EB0C1504EBAC
:10B1D000050812F0010FC6462A4603F1010332D0DA
:10B1E00098F80170605D07F00F0B40EA0B2000F249
:10B1F0007450C0F30B00B0F5487F07D927F00F0754
:10B2000047F00B0704F805A088F801709EF80200CB
:10B210009EF80150000140EA151000F53560C0F3BA
:10B220000B00484505F00F050DD9A25C42EA052246
:10B23000A2F5617202F00F0045EA001512098EF8BE
:10B2400001508EF80220102BBBD1DDF804E0DDF8B0
:10B2500008800EF1010EBEF1060FA9D1039D8846AC
:10B26000002D3AD1384939484FF4907213F0BCFBA5
:10B2700038484FF4CC62002113F06AFB002500240B
:10B28000E1B228460134FFF717FC102CF8D1013544
:10B29000EDB2062DF3D1FFF7A7FB00202E490246A1
:10B2A000A1F1A0031A805A809A80DA801A810A33A9
:10B2B0008B42F7D1A030B0F5707F03F1A001EFD140
:10B2C000264B012240461A7009B0BDE8F04F13F03A
:10B2D00009BA07F005FD01202BE7FFF7AFFCFFF7E8
:10B2E00037FBBFE70422294605A8FDF79DF9059B1A
:10B2F00043F23447BB4209D0FDF7E8F9294605A8D7
:10B3000004220597FDF7A6F9357847E701220421C5
:10B310003046FDF789F93578002D3FF43FAF4FF403
:10B32000907205212046FDF77FF901222621304643
:10B3300008F022FA4FF490722721204608F01CFAF8
:10B3400035782BE7C5750020D04C0020F04D00204B
:10B35000C8FA010870460020503D0020AE3C002095
:10B3600010B5FDF751F9FFF7DBFE084B0848002147
:10B370004FF4C062197013F0EBFA082408F070F96A
:10B38000631E13F0FF04F9D110BD00BFAC3C0020D8
:10B390007040002070B5A2F596639BB240F6FC04A5
:10B3A000A34282B01AD8634B1D7806469646C5B1B3
:10B3B000614A127801EB001301EB011C00EB00164F
:10B3C00002EBC3025D4B5E480CEB061C63444FEA84
:10B3D0001E2120F812E083F807E01972002002B065
:10B3E00070BD0C460192FFF765FC06EB0611534851
:10B3F000019B04EB041202EB01120244517A92F811
:10B400000AC041EA0C21C91A04310829E6D9DFF83B
:10B410004CC1537206EB460E04EB440101EB0E11D6
:10B420004FEA132E82F80AE082F808E00CEB010ED6
:10B43000D3711CF801209EF8011001F00F0142EABF
:10B44000012203F631439B1A9BB240F631429342EC
:10B4500033D807EE903ADFED3B6A9FED3B7A9FEDE4
:10B460003B6A3B4BDFED3B5AF8EEE77A04EB061202
:10B47000A7EEA67A03EB820327EE866ADFED366A33
:10B48000A7EE867A67EEA66A93ED006A66EEA76A73
:10B49000A7EEA67AF1EE086A77EE657AB6EE007A44
:10B4A00067EE867AA7EEA67AFCEEC77A17EE903A98
:10B4B0009DB2F52D28BFF525EDB204EB041C06EB7B
:10B4C00006160CEB061C00EB0C04E378A570AB42EF
:10B4D00084D010F80C30E570023B032B24D8DFE851
:10B4E00003F017110802204602B0BDE87040FEF7D5
:10B4F00033BBFFF703FA88B1204602B0BDE87040C5
:10B50000FEF71CBE204602B0BDE87040FEF75EB9F3
:10B51000204602B0BDE87040FEF794B8204602B065
:10B52000BDE87040FEF7B2BB204602B0BDE87040F7
:10B53000FEF770B8AE3C0020AC3C00207046002006
:10B5400070400020CC97F7BEDF71D543D4935639B5
:10B550002C3B00200054563FDC9300B3F04D0020FC
:10B5600001EB011200EB001C284B02EB0C129A5C61
:10B57000013A042A47D8DFE802F03828460F0300D2
:10B5800000EB001001EB011101EB00110B44D87B23
:10B59000003818BF0120704700B583B0CDE9000125
:10B5A000FFF7B4F978B10199009A184B02EB021039
:10B5B00001EB011101EB001119444878A0F10100E1
:10B5C000B0FA80F0400903B000BD00EB001001EBC1
:10B5D000011101EB00111944487800F0FD00A0F1C1
:10B5E0000100B0FA80F04009704700EB001001EB59
:10B5F000011101EB001119444878A0F10100B0FAE3
:10B6000080F0400970470020704700BF704600205E
:10B6100008B50378022B0AD0042B01D0002008BD06
:10B6200014490A78901E012820D9012008BD12482B
:10B63000DFF840C0002101704FF4C0620F488CF861
:10B64000003013F085F90E4B0E4800214FF4907234
:10B65000196013F07DF90C4A0C4B00211160516008
:10B6600091601960596099600120DFE708480B700C
:10B670000270DAE7AE3C0020AC3C002070400020B5
:10B680000C3B0020F04D0020203B0020103B002010
:10B69000AD3C00200278052A4AD841780F2903469C
:10B6A00046D800B501EB011C02EB021E21485A707E
:10B6B0000CEB0E1C6044997090F802C0DFF878E043
:10B6C000AEFB0CEC4FEA9C0C83F803C090F802C070
:10B6D00083F804C090F807C083F805C0007A987119
:10B6E00001EB410C02EB4200DFF850E00CEB0010E4
:10B6F0000EEB000C1EF80000D8719CF8010000F061
:10B700000F0018729CF802009CF801E0000140EA6A
:10B710001E1058729CF80200DFF824C000099872CD
:10B720003CF8122001200A4102401032DA7200BDBA
:10B730000020704770460020ABAAAAAAF04D002056
:10B74000947500202DE9F04F8A4B93F800C087B024
:10B75000BCF1040F0ED8DFE81CF00D00EE00EE0087
:10B7600018000500844B1B78032B00F0E581814A0B
:10B7700000231370FDF700FEFEF7DAFEFEF7FCFA79
:10B7800007B0BDE8F04FFEF7C1BE7C4BDFF814A256
:10B7900093F8009000250127794B3AF8026B019548
:10B7A00003EB450300244FEA45080293CDF80CA0B3
:10B7B00002E00134102C7DD046FA04F3DA07F8D504
:10B7C00004EB05136F4A09EBC30332F81310B1F50C
:10B7D000966F40F2A28008220023023A12F0FF0284
:10B7E00003EB4103F9D108EB0502674804EB440180
:10B7F00001EB021100EB010C4FEA440E9CF8022011
:10B800009CF801A0120142EA1A12002B4AD04FEA1A
:10B81000D30BC3F3CF03002A74D05033934241DAE1
:10B820009CF800100AF00F0A41EA0A2108EB050310
:10B83000A6440EEB031E00EB0E09544B99F80120B1
:10B8400003F80E10734402F00F0E029A0120B2F8B2
:10B8500000C0A04040EA0C000BF1500B1080090A18
:10B860000BF00F004EEA0012CBF3071B41EA001168
:10B8700089F80120597083F802B089F802B00DF000
:10B880007DF9434B019A1860424B1A70424B1C7071
:10B8900099F8022099F80130120142EA1312374B4D
:10B8A00093F800900134002A0CBF002707F001072D
:10B8B000102C81D10135062DDDF80CA07FF46CAF82
:10B8C00009F10103DBB2354C2C4A2068082B28BF54
:10B8D00000231370002F00F0EC80002800F0E680B9
:10B8E0000DF0EEF840F6B83398427FF643AF2C4D9A
:10B8F0002B78002243F0020322602B70FDF72EFD0F
:10B900002F7851E110F801C00AF00F014CEA012133
:10B91000A1F5487C9C4589DCC4E71B4A04EB440341
:10B9200008EB050103EB011313449A785B781201CD
:10B9300042EA1312B6E7114A1378062B40F2F98057
:10B9400000240123174DDFF864E01748DFF8388042
:10B95000DFF85CB00593A14609EB890335F8026B6B
:10B9600002905B0101930246002109EB490A03940E
:10B97000049524E0AE3C0020AD3C0020AC3C00200F
:10B98000203B002070400020F04D0020D04C0020D3
:10B990000C3B00209124002090240020043B002038
:10B9A000C5750020C8FA01087E400020103B002029
:10B9B000B03C00200131102902F1100234D046FAC7
:10B9C00001F3DB07F6D5A2F11000002330F8024F97
:10B9D00082422344FAD1C3F3CF03A3F60430B0F577
:10B9E0002A7F6AD9BEF80040012088402043BCF17C
:10B9F000010FAEF80000DDD140F6033083420CD8D1
:10BA000009EB890301EB81005B0103EB40031BF8A9
:10BA1000030040F002000BF803000131002310295D
:10BA2000059302F11002CAD102A831C81034602C6B
:10BA300009F101090EF1020E00F580708CD1BCF104
:10BA4000020F00F0EF80059B002B3FF490AEDFF873
:10BA500000E29EF8003043F0010713F0010340F0CC
:10BA6000DB80794D794C9C4600220CEB4C0002EBBC
:10BA7000420303EB0013E918E61891F80180E95C32
:10BA800008F00F0841EA0821E1547378013223F0ED
:10BA90000F0343EA1123102A7370E8D10CF1010C53
:10BAA000BCF1060FE0D18EF800707DE00DF066F875
:10BAB000206000283FF45EAE12E701EB410505EB84
:10BAC0000A1508EB050718F80540787800F00F0014
:10BAD00044EA0020A3F11404A4B2201A0028B8BF3D
:10BAE00040421E287FF766AF08F80540019801EB39
:10BAF000810500EB45057878C4F3032420F00F009E
:10BB0000204378701BF80500BCF1010F40F00800DD
:10BB10000BF805007FF44EAF7878A3F5667303F059
:10BB20000F0400F00F0040EA04101B097870BB708E
:10BB300040E7013313701DE6DFF824C1424D434E48
:10BB400000273CF8024B002307EB470003EB4302BE
:10BB500044FA03F102EB001211F0010F05EB020EA3
:10BB600003F1010316D09EF802109EF8018009012E
:10BB700051EA181132440DD15178927801F0F00158
:10BB8000120108F00F0848EA010812098EF8018036
:10BB90008EF80220102BD9D10137062FD1D12C4A93
:10BBA00017782C4A002313702B4B1A78BA4205D011
:10BBB00027481F7001220421FCF74CFD23484FF455
:10BBC00090720521FCF746FD07F062F8002836D098
:10BBD0001F480122262107F0CFFD1C484FF4907228
:10BBE000272107F0C9FDFEF7B3FE00250024E1B2CE
:10BBF00028460134FEF760FF102CF8D10135EDB274
:10BC0000062DF3D1FEF7F0FE124B1B7803F0FD0377
:10BC1000012B7FF4AFADAAE50E4A8EF80070002329
:10BC20001370A7E50B4A03231370059B002B3FF409
:10BC30009EAD074A137843F0010313709AE5074954
:10BC40000F2007F0EDFDC3E7F04D0020D04C0020A1
:10BC5000C5750020AE3C0020003B002004003434B9
:10BC6000C8FA01080378A92B40F095802DE9F04F20
:10BC70004378013B8FB00F460446412B00F284808D
:10BC8000DFE813F0640182008200820082008200FB
:10BC90008200820082008200820082008200820094
:10BCA00082005801500146013D01420036012F013A
:10BCB00082008200820082008200820082001701DE
:10BCC00010010C010501FE00FA00820082008200D2
:10BCD0008200820082008200820082008200820054
:10BCE0008200F300820082008200820082008200D3
:10BCF0008200820082008200820082008200820034
:10BD00008200EC00C5008A00E3798078E17822792E
:10BD100094F805C094F806E0002B4FF00003CDE93D
:10BD20000833CDE90A33CDE90C3314BF4FF00108D5
:10BD300098461DD104F10805079408AB81468A4650
:10BD40009346CDF814C0CDF818E01A3429461846A9
:10BD5000032212F049FE0335A54200F10403F5D198
:10BD6000DDF814C0DDF818E0079C484651465A46F5
:10BD700008AB0293CDF804806346CDF800E0FDF7F0
:10BD8000D7F880F00103A370394620460FB0BDE814
:10BD9000F04F0AF0CDBE70478378C278FF2B00F1D8
:10BDA000050000F0D980052B00F2D3800F2A00F2A5
:10BDB000D080764931F813101141C90740F1E08075
:10BDC00002EB420102EB031203EB430301EB03110D
:10BDD00093006F4A12F801C084F805C00A44042594
:10BDE000517801F00F01A171917892F801C0A9403A
:10BDF00041EA1C11E1719278EA40227265492844B7
:10BE00001944042212F0F0FD00232371BCE7624BB9
:10BE1000002208ADCDE90822CDE90A22CDE90C22A5
:10BE200003F10C002A4633F8021B42F8041B83423C
:10BE3000F9D15A4A5A4B12781B78E370A270231D2D
:10BE40002646163429461846032212F0CDFDC31C9F
:10BE5000A34205F10405F5D1344695E70230FFF71A
:10BE6000D7FB80F00103A3708EE70230FFF712FCCE
:10BE700080F00103A37087E78078FEF7B7FC83E7C3
:10BE80000230FEF7ABFC80F00103A3707CE70230C8
:10BE9000FEF7C8FC80F00103A37075E70230FEF7DF
:10BEA00023FD71E78078FDF7BFF980F00103A370EF
:10BEB0006AE78078FDF7DEF9A046064600240025F3
:10BEC000E9B220460135FEF7F7FD102DF8D1631CCD
:10BED000DCB2062CF3D186F00100444688F802005B
:10BEE00052E70230FDF754F980F00103A3704BE7ED
:10BEF0000230FDF7A5F880F00103A37044E7C17894
:10BF00008078221DFDF7E8F980F00103A3703BE77C
:10BF1000C37801796279807843EA0121A31DFCF797
:10BF2000E1FF31E780780021FCF792FF80F0010308
:10BF3000A37029E7FCF786FF5C23032223711423F7
:10BF4000A070E2706271A371E3711DE70423837036
:10BF50001AE70123237117E7FF2AFAD106220023EB
:10BF600062711022A371E271237204F1090244F29A
:10BF7000BC3308250021117051709170D1703DE7DC
:10BF800002EB03139B0002460425F3E7C8FA0108FD
:10BF9000D04C00202C3B0020203B0020C575002009
:10BFA000AE3C0020314B1B78032B01D0FDF71CBAAF
:10BFB0002DE9F04F9622104683B0002109F0F6FDDE
:10BFC000DFF8BCA02A4ADFF8BCB02A4FDFF8B880FF
:10BFD0004FF00009284B32F8026B019203EB091570
:10BFE000002412E03B789342E1B203D198F800308C
:10BFF0008B4232D000232878FF22194609F0C0FD79
:10C000000134102C05F101051AD046FA04F3D907C2
:10C01000F6D5BAF80030234113F001035FFA89F234
:10C02000E0D1BBF800202241D207E9D528781A4692
:10C03000FF21013409F0A4FD102C05F10105E4D124
:10C0400009F10109B9F1060F019A0AF1020A0BF18F
:10C05000020BBFD103B0BDE8F08F084B18680CF09D
:10C060002FFDB0F5FA7FC5D2CAE700BFAE3C002075
:10C07000C8FA010891240020842600200C3B0020EF
:10C08000203B0020103B002090240020014B33F87F
:10C09000100070470030002002484FF4CC620021AD
:10C0A00012F056BC7046002008B5FDF74DFDBDE806
:10C0B0000840FEF733BC00BF0120704738B5044686
:10C0C0000D4600F065F808B9002038BD2946204625
:10C0D000FDF71CF90028F7D02946204602F0BAFBEC
:10C0E0000028F1D02946204600F086FA0028EBD03F
:10C0F00029462046FFF7E0FF0028E5D029462046E4
:10C1000001F08CFE0028DFD029462046BDE83840EB
:10C1100001F0DAB808B501F0CBF803F0EDFCFFF759
:10C1200041FF00F00BFB00F03DFD012008BD00BF0A
:10C1300038B505460C4605F0C5F800B938BD2146AE
:10C140002846BDE83840FFF7B9BF00BF00B583B04F
:10C1500009F018FF034618B10190FFF7DBFF019BC0
:10C16000184603B000BD00BF08B504F085F800F024
:10C1700063FB01F019FF00F073F805F01BF808BD30
:10C1800008B500F089FEBDE8084004F011BE00BF0C
:10C1900010B5A0F5FC4382B00A2B56D8DFE803F0B7
:10C1A0001C1C1C1C30370606060625002848497949
:10C1B000063B10F8232000292ED19AB102EB83020E
:10C1C000141800EB830313F8010F019305F0CEFA66
:10C1D000019BA342F7D105E01E4A4B79805C9BB1DD
:10C1E00005F01AFA002002B010BD4B79002BF9D0EF
:10C1F000194B1A7802B30CF0C1FC184B1860F1E728
:10C200004B79C120002BEBD105F0B0FAEAE74B796E
:10C21000C220002BF8D0E3E7002AE3D002EB830230
:10C22000141800EB830313F8010F019305F0F4F9E0
:10C23000019B9C42F7D1D5E70122E3201A7005F05B
:10C24000EBF92C2005F0E8F9D5E70120CBE700BF9A
:10C2500080F5010890770108144F0020104F00204E
:10C2600008B50E4B1A781AB9BDE80840FDF708B8B2
:10C270000B4B18680CF024FCB0F5FA7FF4D9E320DE
:10C2800005F074FA2C2005F071FA044B00221A70A4
:10C29000034B1A60BDE80840FCF7F2BF144F0020C2
:10C2A000104F002010B582B0044605F043F9034654
:10C2B00010B9184602B010BD0090204605F03CF9B8
:10C2C00009F04CFF009B0028F3D101900AF002F91D
:10C2D00001980246014609F069FC00F0E9FF064AB0
:10C2E000D268904703F0C4FF009B0028E1D00AF019
:10C2F000E5F8009BDDE700BFDCFD01082DE9F0411A
:10C300008478052C06460F460BD80546E0B2FFF7A9
:10C31000BDFE0134030A062CEB70287105F10205FD
:10C32000F4D1034B39463046DB69BDE8F04118478C
:10C330004C280020014638B50446762301F8013B1D
:10C340002E251022012012F0C3F9E11C1022A57045
:10C35000012012F0BDF9611D10222571012012F09B
:10C36000B7F92023A371E01D0249BDE8384014222B
:10C3700012F03ABB94F501080B4620B90A48114661
:10C38000C2691846104770B515460C4602F05CFAB3
:10C39000032800D070BD054BDB6A002BFAD029467C
:10C3A0002046BDE8704018474C280020BC240020DF
:10C3B00030B50C460B7883B0054660B9022B1CD013
:10C3C000A03B0B2B1DD8DFE803F03228695C561C1C
:10C3D0001C463D38801F012B67D003F16001C9B2B4
:10C3E0000B290ED8A03B0B2B0BD8DFE803F020164F
:10C3F000574A440A0A342B260D0D4B78032B00F0C4
:10C400008D80002003B030BDB5FA85F0214640098B
:10C4100000F070FA012003B030BD601C0192FFF7FC
:10C4200089FF019A21462846FFF7A6FFF2E702237B
:10C4300000216370A170E370F4E711462046FFF716
:10C4400011FCE7E7B5FA85F021464009019200F0BA
:10C45000FDFD019AE6E76378013B122B30D8DFE857
:10C4600003F0554E47472F2F2F2F2F2F40402F2FB0
:10C470002F2F2F393900019204F04CFA019A607085
:10C48000D0E7294B0192187805F046F8274B6070E9
:10C49000187805F041F8019AA070C3E79F230021A6
:10C4A000A37003236170E370BCE734220E20812166
:10C4B000E270227111226071A171E3712272A0E712
:10C4C000FF21002321706370ACE71146204603F082
:10C4D000A7F99FE711462046019200F0C9FB019A97
:10C4E000A0E711462046019202F040FA019A99E72E
:10C4F00011462046019200F02DFC019A92E7114668
:10C500002046019200F0A0FB019A8BE70221002354
:10C51000E170D321A3702371617183E71146204636
:10C52000FFF7ECFE76E700BF01520020005200202A
:10C53000FFF73EBF0B4620B90A481146C2691846AC
:10C54000104770B515460C4602F07EF9032800D05E
:10C5500070BD054BDB6A002BFAD029462046BDE8AA
:10C56000704018474C280020BC24002010B582B031
:10C5700005F0AEFC05F0C2FC1C491D4B0C780022F6
:10C580001A7006F069FBFEF7CBFDFFF78DFD06F094
:10C5900065FB38B3174806F071FB204605F004FD33
:10C5A00009F0E8FE09F00AFD09F038F800F000FC97
:10C5B00002F0D0F941F288300EF08CF8022002F03F
:10C5C0004FFE00F0B5FBFF220023ADF804208DF8EC
:10C5D0000630FA21019B0322084602B0BDE8104054
:10C5E00000F08EBA06F07CFBD4E700BF01520020B9
:10C5F000174F0020289900204A2808B543D016D9A3
:10C6000020F0020345F22122934222D04F280CD180
:10C610004B79002B59D0454A1378002B7DD001333C
:10C62000DBB2042B88BF01231370012008BD0D2845
:10C6300018D01D28F9D13E4A49791378002935D000
:10C6400043F00403072B137016D0D84300F0010009
:10C6500008BD374A4979137800294DD043F00103CA
:10C660001370E2E7324A49791378002935D043F054
:10C670000203072B1370E8D10CF080FA2D492C4AE5
:10C6800008601378E1E74B79002B3BD0274B1A78F1
:10C69000002A3FD1264A137843F01003192B137058
:10C6A000C3D10CF06BFA234B1860BEE72248DFF8C9
:10C6B00084C023F0040313700378CCF800105A07E9
:10C6C000B3D523F004030370AFE7194919480A787A
:10C6D000036022F008030B70A7E71748DFF854C087
:10C6E00023F0020313700378CCF8001099079CD54F
:10C6F00023F00203037098E70E4823F00103137040
:10C70000016092E70A490B480A78036022F010039F
:10C710000B708AE700221A7087E7054A137843F006
:10C720000803192B137080D1BBE700BF174F0020FF
:10C73000184F00201C4F0020154F002008B5124B49
:10C740001B780BB9012008BD013B032B08D8DFE89B
:10C7500003F0150F09020021FF22084609F026FA0E
:10C76000002008BD0022FF21104609F01FFAF7E75C
:10C7700000221146FF2009F019FAF1E7FF221146C5
:10C78000104609F013FAEBE7174F002008B5274AC7
:10C790001378D90719D52648C18813F0020F01F084
:10C7A000800113D0B1B90089DFF888C023F0020EF0
:10C7B0005B0782F800E000F00400CCF8001031D4F0
:10C7C00018B14EF0040E82F800E008BD99B143F0B4
:10C7D000020313700189580701F004011BD589B1C8
:10C7E000072BF2D1134B1A68002AEED10CF0C6F9D0
:10C7F000104B186008BD0189580701F004010AD5E3
:10C800000029E2D1DFF82CC023F0040300211370CB
:10C81000CCF8001008BD0029D7D043F00403DBB2E8
:10C820001370DDE70028D0D17346EDE7184F0020E4
:10C83000003000201C4F002008B5174B186818B9AD
:10C84000BDE80840FFF7A2BF0CF03AF940F6B83255
:10C850009042F5D9114A104B117800200729186031
:10C8600007D019290CD000231370BDE80840FFF74A
:10C870008DBF0B4B06211970FFF778FE074AF2E7D0
:10C8800009F06CFC054A18B1064B01211970EAE762
:10C8900009F070FD014AF7E71C4F0020184F0020F7
:10C8A000154F0020174F002070B588B00D46144674
:10C8B000002120220646684612F04AF8AB2329469A
:10C8C00022460DF101008DF8003012F08DF84FF086
:10C8D000000C6B4607A913F8012F99429444FAD132
:10C8E0002022694686F00100ADF81EC0FFF744FD26
:10C8F00008B070BD0B78AB2B00D0704710B50A465E
:10C9000088B001F11C0E002312F801CF6344964554
:10C910009BB2F9D191F81EC0DAB2944541D1CA7FD9
:10C92000B2EB132F3DD14B7808B9072B39D9013B16
:10C930000446082B35D8DFE803F07F78346D5A348D
:10C940005205360047F2086310220DF10201012062
:10C95000ADF8003011F0BCFE2E23102201A90120F9
:10C960008DF8033011F0B4FE2E2310220DF10601D4
:10C9700001208DF8053011F0ABFEDFF804E1202333
:10C980008DF80730BEE80F000DF1080CACE80F0081
:10C99000DEF80030CCF800301C2269462046FFF754
:10C9A00083FF08B010BD40F609432D49ADF80030B3
:10C9B00004220DF1020012F017F82A4904220DF1A9
:10C9C000060012F011F8284904220DF10A0012F0B5
:10C9D0000BF80E2269462046FFF766FFE1E78878EC
:10C9E0004E28DED808B0BDE8104002F08FBC052309
:10C9F0008DF8003003F04CFD1C4B8DF801001B69D5
:10CA0000032203F00103694601208DF80230FFF78D
:10CA10004BFFC6E78B78A12B15D0A22BC1D1CB78C9
:10CA2000D3B1134B10221A83BBE78B78114A003B1A
:10CA300018BF01231370B4E70F48104B89780170B9
:10CA400000221A60ADE7C878003818BF012008B08E
:10CA5000BDE8104002F042BC054B10225A83A0E70B
:10CA6000107AFF1F207AFF1F307AFF1F0004024058
:10CA700000000240164F0020174F00201C4F0020DE
:10CA800094F501080A4B1B780BB90120704700B5DB
:10CA900083B00B464FF4817C032201A90120ADF83D
:10CAA00004C08DF80630FFF7FFFE012003B000BD83
:10CAB000164F002008B509F051FB00B108BDBDE8D4
:10CAC000084009F0FFBA00BF09F038BB08B509F00B
:10CAD00045FB003818BF012008BD00BF08B5074856
:10CAE0000822172106F0B8FE04480378032B00D96A
:10CAF00008BDBDE8084008F091BD00BF489900207E
:10CB000010B5104C82B0A0800193002040F20113B8
:10CB100022726381E18060720CF030F8019B20602A
:10CB20001A0CA381A27309F019FB38B1A27B617BB7
:10CB3000207B02B0BDE8104009F038B809F0C2FA15
:10CB4000F4E700BF204F002008B5134B13484FF007
:10CB5000000C0822172183F80BC006F07DFE0F4859
:10CB60000378032B04D909F0F9FA024638B108BD5D
:10CB700008F054FD09F0F2FA02460028F7D1014608
:10CB800009F014F800F094FB054BDB689847BDE80A
:10CB9000084009F0D3BA00BF204F00204899002078
:10CBA000DCFD010808B5194BDA7A02B908BD18682E
:10CBB0000BF086FF154B9A7A4AB19A88904210D2B0
:10CBC0009A7B597B187BBDE8084008F0EFBFDA88F4
:10CBD000904206D20022BDE808401146104608F0F7
:10CBE000E5BF0BF0CBFF094B9A7A186082F0010287
:10CBF0009A72002AEED05A7A197A0132D2B2914250
:10CC00005A72DDD8BDE80840FFF79EBF204F0020D4
:10CC1000014BD87A704700BF204F0020704700BFFB
:10CC2000704700BF08B5FFF7F9FFBDE808400BF0FB
:10CC300029BF00BF08B5FFF7F3FFBDE808400BF0C0
:10CC400023BF00BF00F0B4B838B509220023012586
:10CC500004468370C57002710449053011F0C4FEAA
:10CC60000223A373E573257438BD00BFA8F501083E
:10CC70000378A72B06D14378122B07D0132B02D0B1
:10CC8000FF2303707047012383707047044B1B78A8
:10CC9000DB09002243F004038270C370704700BFB9
:10CCA0002899002030B50F4B89B02022044600217E
:10CCB00068461D7811F04CFEA32320468DF8003005
:10CCC00004F02AFC8DF80100284604F025FC202100
:10CCD0008DF80200684609F02BFF204605F05EF94A
:10CCE00009B030BD0052002030B5104B89B01D781E
:10CCF000202204460021684611F02AFEA32328467C
:10CD00008DF8003004F008FC8DF80100204604F096
:10CD100003FC20218DF80200684609F009FF204637
:10CD200009B0BDE8304005F06DB900BF01520020E8
:10CD300000B589B020220021684611F009FE41F2B9
:10CD4000A71320216846ADF8003009F0F1FE09B0C4
:10CD500000BD00BF00B54278032A83B0034616D059
:10CD6000042A0ED1114893F802C001930122252113
:10CD700080F800C006F000FD019B00229A7003B00D
:10CD800000BDFF22027000229A7003B000BD019026
:10CD900001220648252106F05FFD0448019B027828
:10CDA000DA7000229A7003B000BD00BF304F00203F
:10CDB00038B5314B0024FF251846042240F6643173
:10CDC000DD705D701C709C7006F0D6FC2B4B012250
:10CDD000184640F668311C7006F0CEFC284B012244
:10CDE000184640F669311C7006F0C6FC25492648F5
:10CDF0004FF4847211F0F8FD23484FF4847240F62A
:10CE00006A3106F0B9FC21492148582211F0ECFDA5
:10CE10001F48582240F6724106F0AEFC21464F22D0
:10CE20001C4811F095FD1B497F234D7081F8295056
:10CE300005224D1E01F8012C8B706FF0770281F8EE
:10CE40002A30132381F82B20CA704C718C7185F81D
:10CE50002D306B7128460223502240F6CA4185F8D6
:10CE60002E4085F82F4085F8283006F085FCBDE877
:10CE7000384000F08FBD00BFCC750020AD500020C1
:10CE8000D07500207C250020344F00202425002070
:10CE900050500020D575002010B54FF484721D4C01
:10CEA0001D491E4811F0A0FD1D490F2006F0B8FCD9
:10CEB0002046042240F6643106F0CEFC19480122D7
:10CEC00040F6683106F0C8FC94F903301648002B90
:10CED000A8BF80234FF0010240F66931A8BFE3707C
:10CEE00006F0BAFC0D484FF4847240F66A3106F041
:10CEF000B3FC0E48582240F6724106F0ADFC0C48D7
:10CF0000502240F6CA4106F0A7FCBDE8104000F0F0
:10CF100041BD00BFCC7500207C250020344F00208F
:10CF200004003434AD500020D07500205050002053
:10CF3000D47500200248012240F6683106F01CBC7E
:10CF4000AD50002042781C2A14D810B503781C4636
:10CF50001344582B82B00ADC72B1431CD11801E093
:10CF60008B4209D013F801CFBCF1010FF8D9002092
:10CF700002B010BD00207047074B0192811C1819A8
:10CF8000009111F031FD0548DDE90012204411F057
:10CF90002BFD012002B010BD505000205099002000
:10CFA00090F802C0BCF1030F1CD830B590F800E037
:10CFB000BEF1020F83B012D843781C466344052BA0
:10CFC0000DDCBCF1000F39D000EBCC01034601E0D1
:10CFD0008B4209D0DA78172A03F10803F8D9002028
:10CFE00003B030BD00207047C11D6FF027000EEB6D
:10CFF0008E0300FB0EFEE2180EEBC30E124B01EB8C
:10D00000CC040EF1040503EBC20311F8042C1A70D2
:10D0100011F8032C5A7011F8022C9A7011F8012C97
:10D02000DA70E81804220191009311F0DDFC0199F7
:10D03000009B0831A14203F10803E6D100F0AAFCED
:10D04000012003B030BD00BFD4750020F0B54B788F
:10D05000013BA5B00C460E2B00F21D81DFE813F05A
:10D0600017001F003F004B005C005F006800EE00EF
:10D07000B800D3006C0071007E0084000F00881C93
:10D08000FFF78EFF80F00100A07025B0F0BD0122F7
:10D090000023CA700B710020A07025B0F0BD7F483E
:10D0A000042240F6643106F067FB7D48012240F619
:10D0B000693106F061FB7B484FF4847240F66A31B7
:10D0C00006F05AFB7848582240F6724106F054FBAD
:10D0D0007648502240F6CA4106F04EFBDBE76F4B24
:10D0E0000022CA70187859789A78DB7820716171BB
:10D0F000A271E371CFE74A79684B8878C978597093
:10D10000802A2179187038BF80229970DA700BF06C
:10D1100019FAFFF7C7F8BEE75823CB70BBE78B7847
:10D12000062B1F4640F291800120A07025B0F0BD73
:10D130005B4B1B78CB70AEE702220523CA700B71E4
:10D14000A9E7CA781D2AEFD88B7899185829EBDC03
:10D150005549E01C194411F047FC9CE7881CFFF777
:10D16000F1FE80F001008FE70A79032ADCD88B7882
:10D17000022BD9D8C97888180528D5DC002A8AD08E
:10D1800003EB8300DFF824C101440CEBC105C000B0
:10D190006FF0270101FB03031F1DE31D03EBC20614
:10D1A0002A7803F8042C6A7803F8032CAA7803F889
:10D1B000022CEA7803F8012C79191846042211F0A0
:10D1C00013FC00F10803B34205F10805E8D162E75A
:10D1D000C9780929A8D800293FF45DAFA278314B5E
:10D1E00002EB420201EB41011A442144234610782C
:10D1F000D870507818719078587103338B4202F1CF
:10D200000302F4D147E7C97809298DD800293FF4F2
:10D2100042AFA278234802EB420201EB41012346D0
:10D2200002442144187910705879507098799070A0
:10D230000333994202F10302F4D12CE78B78042BDB
:10D240003FF672AF164A137025E7032200231144FC
:10D2500003A80393A51C11F0C7FB039E002308E05D
:10D26000FF222946013301F8012F102B0D463FF410
:10D2700012AF01229A404FF0FF3132428DF8101068
:10D28000EED004AAD9B23846019308F0E3F99DF82C
:10D290001020019BE5E7FF230B70FCE6CC75002016
:10D2A000D0750020344F002050500020D47500204D
:10D2B00003F0EEB808B503F0EBF802F0C9FFBDE8E3
:10D2C000084008F03BBD00BF38B505460C4608F0E5
:10D2D00067FF18280CD1637973B1A5F5F0402338A6
:10D2E000072809D8DFE800F0222222220A4B37243F
:10D2F00008F056FF1728EED0012038BD2C4A1378CD
:10D30000980743D0D3781033FF2B194628BFFF214D
:10D31000302BC9B206D8C1F1300323F00F0310310E
:10D320000B44D9B21A20D17006F01AFA002038BD89
:10D3300008F014FF0028F9D008F032FF1728F5D1C3
:10D340001B4B1979103921EAE171C9B21B201971FF
:10D3500006F006FAEAE708F001FF0028E6D008F038
:10D360001FFF1728E2D1124B19791031FF2928BF6E
:10D37000FF21C9B21B20197106F0F2F9D6E70C4B58
:10D380001A789107D2D0DA78302A02D808F096FEBF
:10D39000CCE7103AD1B21A20D97006F0E1F9044B6B
:10D3A0001A789207C2D0DB78302BBFD8EEE700BFE7
:10D3B0004899002084B003EB8303BDF8102001904E
:10D3C0001A4492B2FF2A28BFFF22C0F30743D24378
:10D3D00053FA82F2FF2A28BFFF228DF80620019B14
:10D3E0000020DAB262F30700C3F3072262F30F20D2
:10D3F000C3F3074363F3174004B0704784B0BDF82C
:10D4000010200190D31A9BB2FF2B28BFFF23DBB261
:10D4100083F0FF0CC0F307426244FF2A28BFFF22BB
:10D4200003448DF806208DF80430019B0020DAB209
:10D4300062F30700C3F3072262F30F20C3F307432D
:10D4400063F3174004B070472DE9F041064686B0FB
:10D45000007808F099FDC4B2C0F30725AC421ED293
:10D46000DFF84C80114F04EB44010322414404A82F
:10D4700011F0BAFAFB788DF81230049806F064FEC9
:10D480000246C0F307432146F07800930134C2F30B
:10D490000723D2B208F090FBE3B29D42E3D8572DA8
:10D4A0008CBF0020012006B0BDE8F0814899002023
:10D4B000344F00202DE9F04F814687B0007808F006
:10D4C00063FDC4B2C0F3072B5C45ADF80C0069D214
:10D4D000DFF8F0A037499AF80430B1F80080364EF2
:10D4E000364DDB0803FB0888C8F30721C1F380131E
:10D4F0005B424B40CF4311F0400FC3F3011307F0E1
:10D500000F0701F00F0107F1010748F3072808BFD3
:10D510000F4606EB43062544294B04EB440119440E
:10D52000032204A811F060FA7278337812FB07F234
:10D5300003EB1213DBB25A42D2B233EA280328BFFC
:10D5400013465A4213F0800FD2B218BF13465B0045
:10D550009AF80320DBB202FB03331B128DF8123062
:10D56000049806F0F1FD15F8012F99F801308DF8B7
:10D570001400C0F30721C0F3074C1A428DF81510B0
:10D580008DF816C0214609D05FFA8CF200929DF802
:10D590001530C2B299F8030008F00EFB0134E3B273
:10D5A0009B45B9D8BBF1570F8CBF0020012007B0B5
:10D5B000BDE8F08FA8990020B4F601089327002059
:10D5C000344F0020489900202DE9F04F804689B063
:10D5D000007808F0D9FCC4B2C0F3072A5445ADF86E
:10D5E000140071D2DFF804913C4E99F804303C4DA0
:10D5F0000133FF2B28BFFF234FF6FF7C2644BCFBE3
:10D60000F3FC1FFA8CF7CDF80CC003E00134E0B254
:10D61000824559D916F8012F98F801301A42F5D0F1
:10D620002B78013B190657D42E4ADBB2D118E0B251
:10D6300002E0013B1A064FD411F8012D8242F8D1C5
:10D6400005EB430292F819C0927E4CEA0222BA42DC
:10D65000EFD299F804300133FF2B28BFFF2303FBDF
:10D660000222214B04EB440119444FEA222B06A865
:10D67000032211F0B9F9BBF1FF0FD8BF6FEA0B031A
:10D6800099F80320D4BFDBB2002302FB03331B1243
:10D690008DF81A30069806F057FDC0F307438DF851
:10D6A0001E30DBB20093C0F307238DF81C00C2B21A
:10D6B0008DF81D3098F803002146DBB2013408F0E4
:10D6C0007BFAE0B28245A5D8BAF1570F8CBF002093
:10D6D000012009B0BDE8F08F039ABAE79327002034
:10D6E000AC990020BE990020344F002048990020BA
:10D6F0002DE9F04F8FB0144609900878059108F095
:10D7000043FCC3B2C0F3072C6345ADF82C0080F096
:10D71000DA80734E734FCDF818C0984606F20F1298
:10D720004244714B049208EB480297F800B0CDF8E0
:10D7300008B0D31806EB48060393C1460CE0039BE0
:10D74000069A033309F1010903935FFA89F39A42B8
:10D7500006F1020640F2B680049B13F8012F0493F1
:10D76000059B5B781A42EAD0032260490CA811F0AD
:10D770003BF9029A099B9A4240F2AD801D4607EBA5
:10D7800003085B4BCDF81C904FF0000A089318F883
:10D79000013F96F8612098F80810521A96F8601028
:10D7A00002FB02FBC91A01FB01BB1FFA8BFBBBF199
:10D7B000010F40F28480BBF5F75F9DBF4FEA5B1E0F
:10D7C0000EF1080E5FFA8EFE4FF0FF0E012006E00C
:10D7D000BCF1FF0F1FD00133D8B2704519D800EB50
:10D7E0000E0C4FEA6C0C0CFB0CF91FFA89F9D945A9
:10D7F0006346EDD9013B5FFA83FE0EEB00035B103D
:10D8000003FB03FC70451FFA8CFC02D8DC45F1D801
:10D81000E1E7431EDBB2364807EB450E90F804C043
:10D820009EF819009EF81AE08DF832A00CF1010C58
:10D83000BCF1FF0F28BF4FF0FF0C40EA0E200CFB9D
:10D840000000C0F30F2000900C98A0470135029A09
:10D850008DF83000EBB2C0F3074A9A42C0F30720BC
:10D860008DF832A08DF831005FFA8AFA8FD8DDF892
:10D870001C90089BDB78039A03FB0AAA4FEA2A2331
:10D880008DF8323013788DF8303053788DF8313090
:10D890000C9806F059FCC0F3074305998DF8363013
:10D8A000DBB20093C0F307238DF83400C2B28DF8C9
:10D8B0003530C878DBB2494608F07EF93FE75FFAB9
:10D8C0008BF3A8E79446BCF1570F8CBF00200120D2
:10D8D0000FB0BDE8F08F064B4FF0000ACAE700BF5B
:10D8E00084260020AC990020344F00204999002064
:10D8F000489900200E4B1B78013B032B16D8DFE81C
:10D9000003F013110C020B4B0B4A1B780146581EF7
:10D9100020EAE070C0B2FFF7EBBE0146074A0020E4
:10D92000FFF7E6BEFFF750BEFFF7C4BDFFF78CBDA3
:10D93000D0750020AC990020FDD30008B5D30008B5
:10D94000F8B5104C104F114E114D002323703B7051
:10D950000BF014F933782860102B03D1237843F0AF
:10D960000103237000237B700BF008F996F8283030
:10D970006860102B00D0F8BD237843F002032370B9
:10D98000F8BD00BF3C50002048500020D475002056
:10D990004050002000B5DFF864E01748002213462D
:10D9A0008EF800209446114610F83320013312B14E
:10D9B00001314FF0010C052BF6D1BCF1000F01D065
:10D9C0008EF800100C4B002294468EF8012003F1D3
:10D9D0002800114693F82820083312B101314FF086
:10D9E000010C8342F6D1BCF1000F01D08EF801107A
:10D9F0005DF804EBFFF7A4BFD47500204C50002065
:10DA00002DE9F04F827887B00746002A40F0008168
:10DA1000BB4B0193DFF800B301225FFA82FA87F86B
:10DA200003A008F017FCC0F307438DF81630DBB2F3
:10DA3000FC780293019B8DF814001B5DC0F3072254
:10DA400004EB84018DF81520CA18AE481BF832503B
:10DA5000AD4A10F804E012780120102D1E4600FA9D
:10DA600004FC51D0A84822EA0C02BEF1010F02705A
:10DA700057D800F0D9800021029A03918946002DE1
:10DA80004CD104EB8405013335440BEBC5050199FA
:10DA900095F80280DBB2042B0B55697888BF00250E
:10DAA00040F29081019900230B5504EB8404344427
:10DAB0000BEBC404013D94F8028066784146304681
:10DAC00008F0BCFBE07808F0C1FC039BBB70172D8D
:10DAD00000F28D81DFE815F0F100F600FB00050192
:10DAE0000A010F012401D500E200E700EC003D012E
:10DAF000420147014C01510156015B0160012901BE
:10DB00002E013301380100017F4942EA0C028645AB
:10DB10000A7006D80021029A03918946042BC4D9C1
:10DB2000C0E7DFF8F881039358F824000AF0C8FF33
:10DB3000039B04EB840999440BEBC90999F8052070
:10DB400099F8043043EA022399F8062043EA024395
:10DB500099F8072043EA026398422FD858F8240026
:10DB60000AF0AEFF99F8051099F8043043EA012352
:10DB700099F8061043EA014399F8071043EA01694E
:10DB8000A9F57A73984258F8240000F20A81029AA3
:10DB90004FF0000903920AF093FFB0F57A7F039AE1
:10DBA00054D304EB840333441BF83330E91A1D4685
:10DBB000019B18BF01211B5D039160E70AF0DEFFA6
:10DBC000019B019A1B5D48F824000133DBB2042B52
:10DBD00084BF00263346135598BF1E4604EB8403CA
:10DBE00033440BEBC30359791A7942EA012299793C
:10DBF000DB7942EA014252EA0362C8D101240022E1
:10DC0000BAF1000F7FF409AF204607B0BDE8F08FEE
:10DC10003E493F48582210F0E7FE394B019300225D
:10DC20001A80FFF78DFEF5E6002D7FF473AF0BEB46
:10DC3000C1012A4611F83250002D40F0CF80013248
:10DC4000052AF7D1029A0395A9461AE758F8240045
:10DC50000AF036FF029B00FB03F204EB840333441B
:10DC60004FF001091BF83330E91A1D46294BA3FB7D
:10DC70000232019B18BF01211B5D0391C2F3871281
:10DC8000FDE6384607F06EFA0446B9F1000FB6D04B
:10DC9000029A4146304608F0D1FAB0E7384607F01C
:10DCA00067FA0446F1E7384607F068FA0446ECE7FD
:10DCB000384607F069FA0446E7E7384607F0D8F92E
:10DCC0000446E2E7384607F029FA0446DDE738461D
:10DCD00007F02AFA0446D8E7384607F091FC0446D4
:10DCE000D3E7384607F026FA0446CEE7384607F071
:10DCF00027FA0446C9E7384607F028FA0446C4E77D
:10DD0000485000204C5000203C5000205050002033
:10DD100050990020D34D6210D4750020405000204F
:10DD2000384607F019FA0446AFE7384607F042FCD8
:10DD30000446AAE7384607F045FC0446A5E73846FE
:10DD400007F04EFC0446A0E7384607F057FC0446AF
:10DD50009BE7384607F01EFA044696E7384607F078
:10DD60001FFA044691E7384607F020FA04468CE78C
:10DD7000384607F0A7FA044687E7384607F082FCE2
:10DD8000044682E7384607F079FD04467DE73846C9
:10DD900007F002FC044678E7384607F003FC044627
:10DDA00073E70AF08DFE029BA9EB000203FB02F26F
:10DDB000104B58F82400A3FB0232C2F387124FF035
:10DDC0000109E7E60E463046414608F037FAE878A2
:10DDD00008F03CFB039BBB70002456E7019B1A55DF
:10DDE000012316460393029A4FF000095DE60024D2
:10DDF0004BE700BFD34D62102AB1064B1B7803F0EE
:10DE0000FC03602B00D07047034B1B78002BFAD02B
:10DE100007F01EBB489900203C50002008B547F68B
:10DE20002303984227D00ED8A0F5A443203B0F2B04
:10DE300030D82E4A49791378002944D043F00103A1
:10DE40001370012008BD47F62403984222D1274AC7
:10DE50004979137800293BD043F00403072B137052
:10DE600012D10AF08BFE224B224A1B781060B3FAC3
:10DE700083F0400908BD1D4A49791378B1B143F0D8
:10DE80000203072B1370ECD0194B1878B0FA80F00E
:10DE9000400908BD164B1B78002BD2D0A0F5F040EE
:10DEA00020380A2894BF0020012008BD1048DFF860
:10DEB00044C00078CCF8001023F002031370B0FACD
:10DEC00080F0400908BD23F0010313700120B9E779
:10DED0000748DFF820C00078CCF8001023F00403D6
:10DEE0001370B0FA80F0400908BD00BFAC500020AC
:10DEF000AD500020A85000202DE9F04100258CB045
:10DF00001C2605F11C041D2200210DF11200E4B2B3
:10DF100010F01EFD572C04A807D88DF810508DF86E
:10DF200011602546FFF70EF8EBE74FF4557304A890
:10DF3000ADF81030FFF706F8194BDFF8688093E86A
:10DF40000300002402AE02908DF80C102546012734
:10DF500016F8012B8DF81140272304A801348DF801
:10DF600010508DF812708DF81320CDF81480ADF894
:10DF700018308DF81A50FFF713F8052CE8D108F087
:10DF800069F9FF221146C0B208F058F97F2008F065
:10DF90005DFA182008F0EAF80CB0BDE8F08100BF87
:10DFA000B4F5010800FF7F1000B5234A106883B064
:10DFB00020B9224B1B786BBB03B000BD0AF080FD7B
:10DFC00041F2883398421C4AF3D91D491B4B91F802
:10DFD00000C00020BCF1070F10601A78EAD182421D
:10DFE0000CBF4FF0010C8446087083F800C000930A
:10DFF00019D014480822172105F02EFC009B00932D
:10E00000FEF798FF009B1A7822B90093FEF744FFB1
:10E01000009BCFE708F0C4F81828CDD003B05DF816
:10E0200004EBFFF769BF019202F032FA0128009B6E
:10E03000E5D0019A1A70BFE7A8500020AD5000202B
:10E04000AC50002048990020034B1B78032B06BFDF
:10E05000024B187800207047AF500020B0500020CD
:10E0600000B5DFF84CE085B001AB83E807009EF80F
:10E0700000C00D490CF10103087803F00F02904233
:10E08000134603D1013202F00F020A7001AA07CA37
:10E090008EF80030054B0CEB4C0C03EB8C0383E843
:10E0A0000700012005B000BDE576002024760020A1
:10E0B000E476002010B5114C022240F61A51204699
:10E0C00005F0CAFB0E48022240F61C5105F0C4FBC5
:10E0D000238873B94FF416732380094B1A881AB931
:10E0E0004FF4E1521A8010BD1D2A9CBF1E221A80D7
:10E0F00010BD042B9CBF05232380EEE7B62400202F
:10E10000B424002008B50E4B0E484FF0010CC0227D
:10E11000002183F800C010F01BFC0B490B4A0023C0
:10E120000B70137000F044FC01F0EEFB02F0BAFB40
:10E1300002F0F8F902F002FEBDE80840FFF7BABFAE
:10E14000AF50002024760020E4760020E576002001
:10E1500038B504460D4602F017FC50B9054B9B68D4
:10E1600013B1294620469847034A044B04211170F5
:10E170001C7038BDBC240020AF500020B1500020DE
:10E1800008B502F001FC00B108BD0AF0F7FC002858
:10E19000FAD00C4B1A78052A08D00B4A0021526895
:10E1A00008469047074B05221A7008BD01F0F0FBA6
:10E1B000044B0028F1D1054A1878117801F0DEFEF1
:10E1C000EBE700BFAF500020BC240020B15000207E
:10E1D00030B58BB0054602F0D7FB30B9144B1B7835
:10E1E000042B04D0032B06D0EBB90BB030BD114B80
:10E1F0001B78002BF9D0104B1B69002BF5D000F0D9
:10E200000BFC01230446092229460DF106008DF876
:10E21000043010F0E9FB01A800F0E0FB002CE4D092
:10E2200000F02CFCE1E70BB0BDE83040FFF7A8BFE1
:10E23000AF500020AE500020BC24002030B58BB081
:10E24000054602F0A1FB30B9144B1B78042B04D017
:10E25000032B06D0EBB90BB030BD114B1B78002B54
:10E26000F9D0104B5B69002BF5D000F0D5FB0223F1
:10E270000446202229460DF106008DF8043010F0E6
:10E28000B3FB01A800F0AAFB002CE4D000F0F6FBE1
:10E29000E1E70BB0BDE83040FFF772BFAF500020A0
:10E2A000AE500020BC24002010B5044602F06CFBE8
:10E2B00020B9094B1B78032B01D043B910BD074B84
:10E2C0001B6A002BFAD02046BDE810401847BDE875
:10E2D0001040FFF755BF00BFAF500020BC24002006
:10E2E00010B5044602F050FB20B9094B1B78032BF4
:10E2F00001D043B910BD074B5B6A002BFAD0601CFC
:10E30000BDE810401847BDE81040FFF739BF00BF17
:10E31000AF500020BC24002010B5044602F034FBAE
:10E3200020B9094B1B78032B01D043B910BD074B13
:10E330009B6A002BFAD02046BDE810401847BDE884
:10E340001040FFF71DBF00BFAF500020BC240020CD
:10E3500070B504460D4602F017FB20B9094B1B7837
:10E36000032B01D04BB970BD074BDB6A002BFAD0F1
:10E3700029462046BDE870401847BDE87040FFF7C9
:10E38000FFBE00BFAF500020BC24002030B583B0DA
:10E3900004460D4602F0F8FAA0B94CB10C4A1378C5
:10E3A000A3420C4B10D00C49147000220A7000E0FC
:10E3B000084B0A4A01935268294620469047019B20
:10E3C00005221A7003B030BD19780329EBD1F9E7A3
:10E3D000B1500020AF500020B0500020BC240020DD
:10E3E000024BDB6803B11847704700BFBC24002014
:10E3F000014B1878704700BFAE500020704700BF37
:10E40000704700BF704700BF704700BF704700BF34
:10E41000704700BF124B1B78032B03D003B9704722
:10E42000FFF7AEBE10B58AB0044600F0F5FA60B151
:10E4300000F008FB48B10B4B9B690BB12046984795
:10E440000AB0BDE8104000F0F5BA032301A88DF82A
:10E450000430ADF8064000F0C1FA0AB010BD00BFAC
:10E46000AF500020BC24002010B5044602F08CFA06
:10E4700020B92378032B0AD0042B00D010BD637879
:10E48000A078BDE8104043EA0020FFF7C3BF0A4B65
:10E490001B78032B05D0002BF0D0BDE81040FFF710
:10E4A0006FBE064BDB69002BE8D06278A078BDE830
:10E4B000104042EA00201847AF500020BC24002042
:10E4C00030B5002089B001F085FA00F071FA03F050
:10E4D000FFFC41F288300CF0FDF81A4B93F9003044
:10E4E000002B6D4623DB184C002322690093019317
:10E4F0008DF808300DF1010090474FF47A700CF060
:10E50000E9F8A369002098474FF47A700CF0E2F81C
:10E5100000230093226AAB802846904747F2305090
:10E520000CF0D8F8E36803B1984709B030BD064C49
:10E5300020220021684610F00BFA63690DF10100FA
:10E540009847DAE728990020BC2400202DE9F04FF5
:10E550009D4E9E4D96F800E02B789D4C9D4F87B0C8
:10E560004FF0000A002103EB430C734504EB8C02CF
:10E5700000F0028107CA14F82CC003F10109984683
:10E580000CF1FF3C06AB03E9070009F00F03012182
:10E59000BCF10B0F00F21581DFE80CF08E7B68CF29
:10E5A0009A574A25201B120604992B70202201201D
:10E5B00009F098FE01F0D8FF96F800E02B78D1E73B
:10E5C0009DF810002B7000F04DFA96F800E02B78C3
:10E5D000C8E79DF810202B703A70C3E77E492B7076
:10E5E00000220A70BEE7DFF800B22B7000219BF812
:10E5F0000080397001F04CFF10F0060F40F0DD8014
:10E60000A8F103080623B8F1010F8BF80030D3D826
:10E6100001F0AAFFFFF7FCFE9BF80000002101F0CB
:10E62000ADFC002001F0D6F996F800E02B7899E7D0
:10E630006A482B7004F022FB694B00221A70FFF726
:10E64000E5FE96F800E02B788CE7644964480A7888
:10E650002B704FF0010C22F080020A7080F800C08D
:10E66000FFF7D2FE96F800E02B787BE79DF810804C
:10E670005C495D4A81F80080052041462B7010708E
:10E6800001F07CFC4046FFF7BBFE96F800E02B78DB
:10E6900068E79DF810805349534A81F800800420B0
:10E6A00041462B70107001F069FC4046FFF7A6FE52
:10E6B00096F800E02B7855E74B4A9DF810002B7038
:10E6C0000021117002F01EFC96F800E02B7849E75B
:10E6D000DFF814B12B7008EB480804EB88089BF8AE
:10E6E000003098F808809DF810900193002139704F
:10E6F00001F0CEFE10F0060F5BD1019B0220032B30
:10E700008BF800003ED0494601F038FCB8F1000F0C
:10E7100041D100F04DF9354B41464FF0000B4846D2
:10E7200083F800B002F0F0FB584601F053F902F014
:10E7300035F996F800E02B7814E79DF810802A4A06
:10E740002B7003204146107001F018FC254B83F814
:10E75000008003F0BDFB4046FFF754FE02F00AF9CB
:10E7600018BB234BD3F83080B8F1000F3FF422AF31
:10E7700002F0D0F8C0471DE709B185F800A007B046
:10E78000BDE8F08F01F0F0FE4946062001F0F6FBEF
:10E79000B8F1000FBDD001F07BFE10F0060FB8D02D
:10E7A00049F6404001F0ECF8B3E7012001F012F91E
:10E7B000D7E73878FDF776FD9FE73878FDF772FDEB
:10E7C0001EE79A46CFE600BFE4760020E5760020FB
:10E7D00024760020B0500020B82400202899002082
:10E7E000AE500020B1500020AF500020B2500020A9
:10E7F000BC24002008B5084B5B6B9847FFF7A6FECA
:10E8000000F03CF901F0FEFC02F098FB02F0CEF8BB
:10E81000BDE8084001F0C0BFBC24002008B501F0ED
:10E8200037FE10F0060F03D0054B1B78032B00D0EA
:10E8300008BD044B5B6B9847BDE8084000F01EB96B
:10E84000AF500020BC240020014B1878704700BF57
:10E85000AF50002038B505460C4601F019FE10F007
:10E86000060F05D121462846BDE8384002F0BABA65
:10E8700001F07AFE02F07EF80028F3D0054B1B78F9
:10E88000032BEFD16379002BECD0012001F0A2F82B
:10E89000E8E700BFAF50002010B52B4C82B0014616
:10E8A00002220190204610F09FF801992748022289
:10E8B000114410F099F82388042B03D9234B1B88AB
:10E8C0003B2B04D8FFF7F6FB002002B010BD02225C
:10E8D00040F61A51204604F04FFF1C48022240F631
:10E8E0001C5104F049FF01F0D3FD10F0060F03D0D6
:10E8F000174B1B78032B04D002F0CCFA012002B096
:10E9000010BD20884FF47A7404FB00F001F038F851
:10E9100001F034F8CF2008F0EDFD08F0EBFE2046C2
:10E920000BF0D8FED02008F0E5FD08F0E3FE20460D
:10E930000BF0D0FED02008F039FE08F0DBFE2046B8
:10E940000BF0C8FED8E700BFB6240020B424002096
:10E95000AF50002000B583B0034B019301A8FFF72F
:10E960009BFF03B000BD00BF5802201C10B54378C8
:10E970000B2B04460DD00C2B04D0FF23037000207A
:10E98000A07010BD0230FFF787FF80F00100A0707B
:10E9900010BD05490222033010F026F80349022277
:10E9A000601D10F021F8EAE7B6240020B42400200E
:10E9B00008B506480649074A002303800B801370F8
:10E9C0000AF0DCF8044B186008BD00BF0E77002089
:10E9D000E8760020B2500020B850002038B50B4D2A
:10E9E0000B4A2B8812885C1CE4B2A2420BD0014671
:10E9F000084803EB031300EB430022220FF0F4FF5F
:10EA000001202C8038BD002038BD00BF0E770020CB
:10EA1000E876002010770020044A054B10881B88F8
:10EA2000C01AB0FA80F04009704700BF0E7700208E
:10EA3000E876002008B50AF0A1F8014B186008BD7F
:10EA4000B850002008B5054B18680AF039F8044B97
:10EA50001B78984294BF0020012008BDB8500020C8
:10EA6000B9240020014B1870704700BFB924002062
:10EA7000014B1870704700BFB250002038B5FFF747
:10EA8000E3FE03282AD1384A384B10881988884277
:10EA900002D13749097801B3364B18680AF010F8EB
:10EAA00035490978884218D9314B1978F9B92F4B73
:10EAB0002D4A1C881288A2420FD0304A304804EBFD
:10EAC000041102EB4101222205460FF08DFF274B76
:10EAD000621CD2B21A802B783BBB38BDFFF7B4FE64
:10EAE0000428FAD1FFF784FC0028CCD138BD254B8F
:10EAF00018681C4609F0E4FF0228EED91C4A204D94
:10EB00001378013B13700AF039F82B782060022B40
:10EB10001DD0012B23D0032B12D00AF02FF8154B58
:10EB20001860BDE8384001F01FBD0AF027F8022840
:10EB3000D3D90F4A134C1E2313700AF01FF8E4E7D1
:10EB4000114B9B69002BE8D068889847E5E70E4B8E
:10EB50005B69002BE1D00D4898472B78DBE70A4B27
:10EB60001B69002BF7D1D8E70E770020E87600204C
:10EB7000B2500020B8500020B924002010770020A7
:10EB8000EC760020B4500020BC240020EF7600205A
:10EB900010B538B3284840F2822220210DF040FE03
:10EBA000254840F2822240210DF03AFE224840F2F0
:10EBB000822280210DF034FE204B1B7873B11E4859
:10EBC000012210210DF02CFE1B4A1D481023138337
:10EBD000BDE81040202202210DF022BEBDE8104009
:10EBE0000CF0E4B900F1804001221021154C00F531
:10EBF00002300DF015FE1023642063830BF06AFDD4
:10EC0000102323830C4840F2822220210DF008FEBD
:10EC1000094840F2822240210DF002FE064840F2EF
:10EC2000822280210DF0FCFD044B1B78002BC6D105
:10EC30000CF0BCF9C3E700BF00000240DC9B0020E1
:10EC400000040240000802402DE9F04190B0064661
:10EC50000D4690460021402268461C460FF078FE83
:10EC60002E490A7814B90132D2B20A700AB90122C7
:10EC70000A70002D4FD033467419002113F8010B90
:10EC8000A3420144FAD10C460F0A08F155038DF84E
:10EC900005306FF002035B1B8DF8073047F6846385
:10ECA000ADF80030AA238DF8082031468DF80430E5
:10ECB0002A46AB1C0DF109008DF806300FF094FECA
:10ECC00010AA05F1090352FA83F3154903F8404CE1
:10ECD00005F10A0352FA83F3124C03F8407C124BFD
:10ECE000402220461A700CF06BF920460CF08CF98B
:10ECF00005F10B016A46C9B220460CF0BFF9626803
:10ED00001169D26801238B40204613830CF06AF905
:10ED100010B0BDE8F0812F462C46B6E72051002008
:10ED2000BCF60108DC9B0020F624002010B5402230
:10ED3000044600210C480FF00BFE0B48112300F88D
:10ED4000013B082221460FF04FFE00230122064816
:10ED50000921FFF779FF054B1A6802B110BD09F0D0
:10ED60000DFF024B186010BD3051002024510020CF
:10ED700010B54022044600210C480FF0E9FD0B4875
:10ED8000122300F8013B142221460FF02DFE002330
:10ED9000012206481521FFF757FF054B1A6802B1FB
:10EDA00010BD09F0EBFE024B186010BD3051002081
:10EDB0002451002010B53D22044600210B480FF0DD
:10EDC000C7FD0A491322C81E01F8032C4470210A0A
:10EDD000074C8170002301220721FFF735FF2368CC
:10EDE00003B110BD09F0CAFE206010BD33510020F0
:10EDF0002451002000B5C3B203F17F02D2B2022A2F
:10EE000083B020D99B2B13D083B9402219461A48CE
:10EE10000FF09EFD184A1423137000230122164898
:10EE20000221FFF711FF154B1A68F2B103B000BDC4
:10EE30003E22134800210FF08BFD114A40F61403C7
:10EE400022F8023CE9E73E2200210D4801930FF031
:10EE50007FFD019B0122813B02FA03F3084A142142
:10EE600002F8021C02F8013CD7E709F087FE034BC9
:10EE7000186003B000BD00BF3051002024510020B5
:10EE80003251002070B5104C05464022002120462A
:10EE90000FF05EFDAA78687860701623237042F345
:10EEA000C013E370EB78237143F3C01363712B79C4
:10EEB000A3716979A270E171002320461A46BDE86A
:10EEC00070400821FFF7C0BE3051002010B540222D
:10EED0000446002109480FF03BFD0848182321464D
:10EEE00000F8013B0A220FF07FFD0023BDE810402F
:10EEF00002481A460B21FFF7A7BE00BF3051002081
:10EF000010B540220446002109480FF021FD0848B1
:10EF10001923214600F8013B14220FF065FD002360
:10EF2000BDE8104002481A461521FFF78DBE00BF0C
:10EF30003051002070B540220C46054600210A4899
:10EF40000FF006FD084893232946224600F8013BAE
:10EF50000FF04AFD611C0023BDE8704002481A46CC
:10EF6000C9B2FFF771BE00BF3051002070B53E221C
:10EF70000D4686B00646002127480FF0E9FC274AD7
:10EF800007CA03AB83E80700002D14BF2C461C46BC
:10EF9000234DA168A0886E7021222A706288AA7011
:10EFA0006288A880120AEA70A279AA71F1B10846B3
:10EFB0000191F9F741FA01990246E81D0FF014FD9D
:10EFC000A068F9F739FAC41DE4B2164D286809F0B3
:10EFD00077FD40F6B83398420AD811480023012241
:10EFE000214606B0BDE87040FFF72EBE0724ECE7CF
:10EFF00009F0C4FD0C4B28604FF480129A614FF465
:10F000007A700BF067FB084B102247F230509A6180
:10F010000BF060FBE1E700BF325100202CF5010846
:10F02000305100202C5100200000024070B53C22DD
:10F0300006460D461A481B4C00210FF089FC22227F
:10F04000034600F8042C206803F8036C23F8025CE4
:10F0500009F036FD40F6B83398420DD8124C1348EB
:10F06000012200230421FFF7EFFD226802B170BDE9
:10F0700009F084FD206070BD09F080FD0C4B20601C
:10F080004FF480129A614FF47A700BF023FB084B17
:10F09000102247F230509A610BF01CFBDEE700BFF4
:10F0A000345100202C5100202451002030510020E8
:10F0B000000002404022002110B510480FF048FC2B
:10F0C0000F480E4903782322022B0A7002D00D4903
:10F0D0000BF076FF0A480BF097FF40F6B8300BF0C4
:10F0E000F9FA41F658300BF0F5FABDE81040034844
:10F0F000002301220221FFF7A7BD00BF30510020ED
:10F10000DC9B0020BCF6010810B53E22044600211D
:10F1100008480FF01DFC0749322201F8022C002399
:10F1200001F8014C881EBDE810401A460221FFF785
:10F130008BBD00BF3251002010B592B00C4601903B
:10F140004022002102A80FF003FC47F684720D490B
:10F15000ADF808200C4880228DF80B200BF030FF12
:10F1600009480BF051FF211D019B074802AAC9B2B3
:10F170000BF066FF04480BF055FF03480BF032FF1D
:10F1800012B010BDBCF60108DC9B002070B53D221A
:10F1900005460C46094800210FF0DAFB07492522F5
:10F1A00001F8032C002301F8025C01F8014CC81E91
:10F1B000BDE870401A460321FFF746BD33510020D9
:10F1C00010B53E220446002108480FF0C1FB074954
:10F1D000332201F8022C002301F8014C881EBDE8FF
:10F1E00010401A460221FFF72FBD00BF3251002008
:10F1F00010B540220446002109480FF0A9FB084839
:10F200004123214600F8013B16220FF0EDFB0023BD
:10F21000BDE8104002481A461721FFF715BD00BF90
:10F220003051002070B50546F9F706F94022044632
:10F2300000210A480FF08CFB084845232946E2B21A
:10F2400000F8013B0FF0D0FB611C0023BDE87040CB
:10F2500002481A46C9B2FFF7F7BC00BF3051002080
:10F2600038B53E22054600211748184C0FF070FBB8
:10F2700003467122206803F8022C03F8015C09F0B0
:10F280001FFC40F6B83398420AD800231A461048AB
:10F290000221FFF7D9FC09F071FC0E4B186038BD54
:10F2A00009F06CFC0C4B20604FF480129A614FF413
:10F2B0007A700BF00FFA084B102247F230509A6127
:10F2C0000BF008FAE1E700BF325100202C5100207A
:10F2D00030510020285100200000024010B53E228D
:10F2E0000446002108480FF033FB0749722201F859
:10F2F000022C002301F8014C881EBDE810401A467C
:10F300000221FFF7A1BC00BF3251002010B53E2200
:10F310000446002108480FF01BFB0749732201F83F
:10F32000022C002301F8014C881EBDE810401A464B
:10F330000321FFF789BC00BF325100202DE9F041C5
:10F34000204E17460324002264F307026FF0550491
:10F35000737164F30F22572363F31742192F67F376
:10F360001F626FEA0703B071326006F107003A4688
:10F3700028BF1922884633710FF036FB2021304612
:10F3800007F0D6FB192F1AD919243D1BEDB2202204
:10F39000002130460FF0DCFA1F2D28BF1F25032364
:10F3A00008EB04012A46084833702C440FF01CFB7C
:10F3B000E4B22021304607F0BBFBA742E5D8BDE808
:10F3C000F08100BF00510020015100202DE9F043E1
:10F3D000BE4B1B699A0795B007D5BD4D2B68002B16
:10F3E00040F0928015B0BDE8F08300244022214611
:10F3F00004A80FF0ADFAB74B04A81978FFF79CFEEC
:10F400009DF81430AA2B264600F0C980B04DB24BAF
:10F410001B789846002B40F09480B04B04AF1C78CA
:10F420003B2CDBD8AC4A0123022C137040F29A81AA
:10F43000E01E7A1E3818002312F8011F0B44824286
:10F440009BB2F9D1D9B23A1912F8020C8842C5D14F
:10F4500012F8012CB2EB132FC0D13946A04B11F892
:10F46000010B1B78E21E92380024D2B20194029460
:10F4700003942228B2D801A454F820F0D7F700084A
:10F48000DDF30008DDF30008DDF30008DDF300081C
:10F49000DDF30008DDF30008DDF30008DDF300080C
:10F4A000DDF30008DDF30008DDF30008DDF30008FC
:10F4B000DDF30008DDF30008ADF7000895F700085C
:10F4C0008DF70008DDF30008DDF30008DDF3000828
:10F4D000DDF30008DDF30008DDF30008DDF30008CC
:10F4E000DDF30008DDF30008DDF30008DDF30008BC
:10F4F000DDF3000883F70008DDF30008DDF3000802
:10F50000DDF300086BF70008286809F0D9FAB0F5B8
:10F51000FA6F7FF667AF734C102363834FF47A70F2
:10F520000BF0D8F81023238344F620600BF0D2F8B8
:10F5300000210846FFF77AFD00232B6015B0BDE8D7
:10F54000F08304AF0DF11A030DF14B004FF00009E9
:10F5500001E0834217D01A78AA2A194603F1010361
:10F56000F7D11A78572AF4D15A7893F802C082F06A
:10F57000FF0EF445EDD1DC788342264601F1050704
:10F580001446C146E7D1B9F1000F3FF427AF544A02
:10F59000524B5149167000221C700A703FE79DF8CB
:10F5A0001530542B1F4600F0CB80494D019401AA21
:10F5B0003B079046029403942C6064D4F80749D426
:10F5C000B90735D4FA0626D59DF91C209DF81C30C4
:10F5D000002A63DBC3EB431203EB8202424BB2F51A
:10F5E000FA5FA3FB0213C3F38F1303DB3F4AA2FBB3
:10F5F00003235B0800220192C8F80420C8F8082001
:10F600000B228DF804203A4A8DF80830138098E8D0
:10F610000700FEF725FD7B077FF5F9AE9DF8193051
:10F620009DF81A10012043EA012101F049F9EEE6A4
:10F6300000230193C8F80430C8F808309DF818304A
:10F640008DF808300A238DF8043098E80700FEF79B
:10F6500007FDB7E74022002126480FF079F9254938
:10F660000023A4220A7008461A460121FFF7ECFA8B
:10F670009DF81630203B062B1AD8DFE803F0595DC1
:10F6800055413D2216009DF816308DF808300123B3
:10F690008DF8043007CAFEF7E3FC8FE703F07F0321
:10F6A00040F2E24213FB02F298E708238DF804309F
:10F6B0009DF817308DF8083098E80700FEF7D0FC69
:10F6C0007EE707238DF80430F2E700BF0004024014
:10F6D00024510020F6240020BB240020BA2400205E
:10F6E000FC50002000080240D34D6210ABAAAAAA29
:10F6F000F42400203051002006238DF80430D7E791
:10F70000434B186805228DF804200028D0D009F05A
:10F71000D7F940F6B7329042CAD83D4B00221A6062
:10F7200001238DF80C30C3E703238DF80430BFE7C5
:10F7300004238DF80430BBE702238DF80430B7E7CB
:10F740009DF81830AB2B08D0324D00230DF1040882
:10F7500001932B600293039334E79DF81930552BE6
:10F76000F2D153E600210B466DE67B788DF8083028
:10F770000A238DF8043001AB93E80700FEF770FC14
:10F780002CE67B788DF808300123F2E7A320FFF701
:10F79000D5FD23E6FB78002B7FF420AEBB78722BDF
:10F7A0007FF41CAE0120FDF77FF817E6BB78142B21
:10F7B00029D8102B7FF612AEF878022819D003282A
:10F7C00010D000287FF40AAEFFF752F9124B1878D8
:10F7D000FFF748F902E6114C20460FF005F90C231B
:10F7E0000294C6E70C4B18780A30C0B2FFF73AF91A
:10F7F000F4E50020FFF73CF9074B18780530C0B25C
:10F80000FFF730F9EAE5162B7FF4E8ADD4E700BF47
:10F810002851002024510020F4240020BC50002056
:10F820000378AA2B00D070474378553B012BFAD8B8
:10F8300070B5C378827883F0FF039A4282B0144691
:10F8400001D002B070BD1B2AFBD8022A00F10505C9
:10F850003CD900F1020C021DA444002312F8011F40
:10F860000B4494459BB2F9D1D9B22A1912F802CCB3
:10F870008C45E6D112F8012CB2EB132FE1D11F4BCE
:10F8800002791978914218BF1A70427902F0F00299
:10F8900014BF00230123602AD3D10193184B0646DD
:10F8A000186809F00DF940F6B8329042019B10D863
:10F8B0007278A2F15602A11EB2FA82F25209C9B2BE
:10F8C000284602B0BDE87040FFF7BEB900210B46E4
:10F8D000CBE709F053F90A4B0A4A18604FF480113C
:10F8E00091614FF47A700AF0F5FE064A1021916199
:10F8F00047F230500AF0EEFE019BD9E7FD500020A0
:10F900002C5100200000024070B51848184C1322FA
:10F9100000210FF01DF8012504F10C06206800F00D
:10F920000F01012205FA01F120F00F000CF078FF21
:10F9300054F8043B23F00F0203F00F0305FA03F31E
:10F94000B4421383EAD10B48012280210CF068FFF6
:10F95000084A0948802313834FF4004101220CF028
:10F960005FFF054A4FF40043538370BD1499002094
:10F97000FC240020000802400000024006F09CBD6C
:10F9800008B506F093FDBDE8084006F095BD00BF40
:10F99000044B054A1B78927B134314BF01200020BF
:10F9A000704700BF785100201499002008B5084B1B
:10F9B00000229A73FDF792F8FDF788F818B1BDE8B8
:10F9C0000840FDF777B8BDE80840FDF77DB800BFF7
:10F9D0001499002050B9DFF87CC01C491C4BCCF8AE
:10F9E00000004FF4004208705A83704700B583B09E
:10F9F00001F0C0F9174A136883420AD823B1C31A29
:10FA000047F230518B4202D910490B7853B103B001
:10FA100000BD0E4991F800C0BCF1000F0FD110607D
:10FA20000028F4D1019109F0A9F80B4B186001F0FE
:10FA3000A1F9084A0199106001230B70E7E7184407
:10FA400010600028E3D05B42DAE700BF7851002065
:10FA500000000240745100207C51002008B5224A69
:10FA600013788BB103F00F03052B0ED91F4B4FF406
:10FA70000041598300231370BDE8084000F074BDB5
:10FA800003F00F03052BF1D808BD194B186809F0D6
:10FA900017F8154AB0F57A7F1378F1D9180613498B
:10FAA0001BD44FF4004063F07F030883137009F008
:10FAB00065F80D4A13780E4A03F00F03052B10600A
:10FAC000E2D90C4B094A9B7B4FF400415183002B38
:10FAD000DAD1BDE80840FCF7F7BF03F07F034FF42D
:10FAE000004001334883E1E77851002000000240E4
:10FAF0007C5100201499002010B582B000F0C8FCA1
:10FB000010F0060F29D000F03FFF78BB019000F005
:10FB100031FF019A002847D101F03AF800284BD173
:10FB2000374B997BB9B15B7B01F00F0433BB354A8E
:10FB30001278A24229D011F0100151D1324B234446
:10FB40000A4613F8010C0B4606F01AF82C4B997B69
:10FB50002C4B1C7019E0FDF7ABFB00F099FC012861
:10FB60001FD006F00FFA012002B010BD002210468F
:10FB7000114606F01BF8012002B010BD002211460C
:10FB8000104606F013F81E4B997B0B0601F010028D
:10FB900015D4E2B100231A461946142005F0F0FFEF
:10FBA000DBE7FDF785FBDCE71146104605F0FEFFBD
:10FBB00000F0EEFF0028B3D000F0F2FFB0E7AAB1EA
:10FBC0000023FF221946142005F0DAFFC5E70E498D
:10FBD0002144134611F8010C114605F0D1FFBCE792
:10FBE0001A461946142005F0CBFFAFE70649214419
:10FBF000FF2311F8010C114605F0C2FFADE700BF6D
:10FC000014990020F7240020D4F601082DE9F041D2
:10FC10000278AB4B052A0CBF1A781A70A94B997B56
:10FC2000042A54D8DFE802F0465366B203000029E4
:10FC300043D0080640F1F6809C795A79D87942EA97
:10FC4000042242EA0042187A95B242EA0064987AA5
:10FC50005A7A42EA0022D87A42EA00429A4805805B
:10FC6000187B01F03F0152EA006299730ED093F8BD
:10FC700010C0D87B40EA0C2093F811C040EA0C4039
:10FC800093F812C040EA0C60824223D315B3187C6B
:10FC9000DA7B42EA0022587C42EA0042987C42EA3F
:10FCA000006212FA84F2140A100CDA73120E1C7439
:10FCB00058749A74002940F0E680FCF70FFF06F0B4
:10FCC0004DFA0246002800F0E180BDE8F0817E4A4E
:10FCD00000201080E1B900219973FFF70DFF794BE7
:10FCE00000229A7300F040FC764B9B7B002BE4D003
:10FCF000BDE8F0810029E0D0DA7B1C7C587C42EA28
:10FD0000042242EA0042987C52EA006200F0088134
:10FD10004FF0010801F00F0C0CF1FF3C11F0100E38
:10FD20005FFA8CFC68D1BCF1020F78D977460324C6
:10FD3000002007EB8C050246944511D0002F4FD0D0
:10FD40002A68012622F00F0E02F00F0206FA02F2D4
:10FD50000130AEF81820C2B2944205D99445EFD1D3
:10FD60000130C2B29442E7D80A0648D447B12A68A3
:10FD7000012022F00F0402F00F0200FA02F22283A7
:10FD8000B8F1000FB1D001F03F01A5E7002994D0F0
:10FD90001D7CDA7B5C7C587842EA052242EA044208
:10FDA0009C789D7C40EA0420DC7840EA04401C7981
:10FDB00052EA056240EA046480B240F08D80424D10
:10FDC00061F07F01997328800028A1D0A4B2200A95
:10FDD000DC731874240E002058749C74904699E7C4
:10FDE000421CD2B20230A2425FFA80FEC8D27445F1
:10FDF000BAD9F445F4D1B3E7344F012498E7B8F108
:10FE0000000F4FD1002F3FF470AF2A68012122F07C
:10FE10000F0002F00F0201FA02F2428365E72C4F55
:10FE2000032485E79C785A78D87842EA042242EA8B
:10FE3000004218799C7A95B242EA00605A7A42EA06
:10FE40000422DC7A42EA04421F4C25801C7B61F0CC
:10FE50007F0152EA0462997371D1002D3FF458AFCB
:10FE60001C7CDA7B42EA04225C7C42EA04429C7CF1
:10FE700042EA046212FA80F2140A100CDA73120ECB
:10FE80001C7458749A744FF0000843E7114605F04B
:10FE90008DFEFDF70DFA0F4BDB689847BDE8F0418A
:10FEA000FCF712BE002F3FF46EAF2A68012022F04B
:10FEB0000F0402F00F0200FA02F2228363E700BF90
:10FEC000845100201499002086510020F82400203D
:10FED000FC240020DCFD01089D7A5C7A44EA0524BC
:10FEE000DD7A44EA05441D7B44EA0564201A224D6C
:10FEF00001F03F0180B29973288014B1A2423FF60D
:10FF0000E9AE00283FF4E6AE1044040A020CD873B0
:10FF1000000E1C745A74987400293FF4CEAEB2E7F8
:10FF20005A7A9C7AD87A42EA042242EA0042187B42
:10FF300061F07F0152EA00629973A4D09CE793F8C4
:10FF400010C0DC7B44EA0C2493F811C044EA0C4452
:10FF500093F812C044EA0C64A242FFF4D9AE002D1B
:10FF60003FF4D6AE14FA80F4200A220CDC73240E7F
:10FF700018745A749C7486E786510020F0B583B0DB
:10FF80000446019100F084FA012857D001998F4866
:10FF90008F4A90F800C0182914BF0B4611239C45C6
:10FFA000117817D0022C51D0037001270193894B8F
:10FFB00014701D46197008F0E1FD874A1060FCF7C7
:10FFC00079FDA21E019B042A36D8DFE802F04DB964
:10FFD000B6128F008C4233D1052C2FD17D4901936D
:10FFE00014700C7008F0CAFD7B4A1060FCF762FDCB
:10FFF000019B7A490193132279480EF0F5FC784869
:020000040801F1
:10000000019B054663F07F018173FFF7FFFDAB7A2B
:10001000687AEA7A40EA03202B7B40EA024050EA01
:10002000036000F0B88049F64043984238BF184654
:1000300006F03CFA06F040FA6A4E347003B0F0BDA8
:10004000062901D1022CF9D00027AFE701F0FB030C
:10005000022BF3D05F4B14701D46197008F08EFD13
:100060005D4B1860FCF726FD5F495D4813220EF0DA
:10007000BBFCFFF7CBFD00F087FC594B002840F09C
:1000800097802A78032A00F09380052A14D0997A61
:100090005A7AD87A42EA0122197B42EA004353EAAB
:1000A000016000F0908049F64043984238BF1846FE
:1000B00006F0FCF906F000FA4C4B1B78002BBBD085
:1000C0004B4A4FF0010C02F10C0052F8043B23F0B4
:1000D0000F0103F00F030CFA03F390420B83F4D1EA
:1000E000444B404E80221A833470A7E73E493C4877
:1000F00013220EF079FC3A48FFF788FDFCF788FDE3
:1001000000284ED040F6B83006F0D0F906F0D4F909
:10011000364B1B78002B8FD0354A4FF0010C02F183
:100120000C0052F8043B23F00F0103F00F030CFA0C
:1001300003F390420B83F4D1D2E72F4901935AE79E
:10014000284A16461278032A39D0254D2B490193A7
:10015000132228460EF048FC019BAB732846FFF79C
:1001600055FDAA7A6B7AE97A43EA02232A7B43EAAD
:10017000014353EA026311D0214908884FF47A728F
:1001800002FB00F0984238BF184606F08FF906F0DF
:1001900093F9347052E74FF0FF3049E74FF0FF30EA
:1001A000F3E74FF47A7006F081F906F085F9AFE7CE
:1001B0004FF47A7006F07AF906F07EF97CE7002FAA
:1001C000C3D1074DCDE74FF0FF3071E772510020EA
:1001D000715100207051002080510020ECF6010880
:1001E0001499002088510020D8F601080825002025
:1001F000FC2400200008024014F7010800F7010861
:10020000B624002008B500F081FD0D4B9B7B1BB987
:10021000BDE80840FFF722BC0A4B186808F050FC04
:10022000094B1B889842F3D30848FFF7EFFC08F00E
:10023000A5FC044B1860BDE80840FFF70FBC00BFE9
:100240001499002080510020865100208451002004
:1002500008B500F01DF9012803D1044B1B78052BCC
:1002600003D0BDE80840FDF723B808BD709B00200F
:1002700001207047704700BF08B500F077FEFEF719
:10028000B9FAFFF7F7FF00F003F9012801D00120C8
:1002900008BD00F003F9012008BD00BF30B585B0EE
:1002A000B8B11748174D08F02DF9FEF799F808F086
:1002B00065FC044601E06B6B9847204608F000FCA3
:1002C0006328F8D900211E2005B0BDE83040FEF7B4
:1002D0005DB80446FFF76AFBFEF7B6FA032801D0C3
:1002E00005B030BD084B1B78022BF9D1044B0194AB
:1002F0005B68029401A88DF80C409847F0E700BFB6
:1003000094240020BC2400208951002030B585B001
:10031000B8B11748174D08F0F5F8FEF761F808F086
:100320002DFC044601E06B6B9847204608F0C8FBA3
:100330006328F8D90021182005B0BDE83040FEF749
:1003400025B80446FFF732FBFEF77EFA032801D0FA
:1003500005B030BD084B1B78042BF9D1044B019438
:100360005B68029401A88DF80C409847F0E700BF45
:1003700094240020BC2400208951002000B585B0C1
:1003800080B90E4A1278042A01D005B000BD0C4A8B
:10039000019003465268029301A88DF80C309047F3
:1003A00005B000BD08F0B4F8054B9842EDD01846F2
:1003B00005B05DF804EB08F0A5B800BF709B002005
:1003C0004C280020314A117881424ED000B50129D5
:1003D00083B0034635D00190FEF736FA03282B4A46
:1003E000019B2ED0022B137033D0042B3ED0012B57
:1003F00039D11846FFF7C2FF0020FFF74FFF4FF437
:10040000FA700AF067F90020FFF780FFFDF7E8FFB8
:1004100000F0C4F8FFF778FA06F050F842F21070D6
:100420000AF058F905F0CAFD4FF0FF3006F03EF82B
:1004300006F042F808F086F803B05DF804EBFBF72D
:1004400031BF019301F044FD019B104A022B137050
:10045000CBD10020FFF75AFF64200AF03BF90120BE
:10046000FFF71CFF0BE003B000BD70470020FFF753
:1004700015FF64200AF02EF90120FFF747FF002046
:10048000FFF77CFF00F070F8C4E700BF895100203F
:10049000014B1878704700BF8951002038B51F4CB8
:1004A00008F0F8FE2378052B00D038BD1C4D0AE07B
:1004B00000F05CFD2B78012B0DD108F029FB08F032
:1004C000E5FA60B92378052BF2D002F01BFBBDE8FA
:1004D000384007F00FB9BDE8384001F011B80F48B7
:1004E0000AF0BCFE47F230500AF0F4F8CF2007F0D3
:1004F00001F807F0FFF84FF47A700AF0EBF8D0201B
:1005000006F0F8FF07F0F6F84FF47A700AF0E2F818
:10051000D02007F04BF807F0EDF8D3E7709B0020F0
:100520008951002008B501210A4820220CF078F9F1
:10053000094B00221A7008F021FB084B1860FEF7E7
:1005400083F9074B03280CBF064A40F6B8321A60FD
:1005500008BD00BF00040240985100209C510020BB
:100560000C25002040771B0008B5084B00221A70AC
:1005700008F004FB064B1860FEF766F9054B0328EC
:100580000CBF054A40F6B8321A6008BD98510020E9
:100590009C5100200C25002040771B000249034A93
:1005A00000230B7013607047985100209C5100206D
:1005B00008B5302383F31188034805210CF0E2F9D4
:1005C000002383F3118808BD00080240704700BF74
:1005D000704700BF014B10225A8370470000024051
:1005E000704700BF024B1869C04300F0010070471C
:1005F0000004024030B585B0FFF74AFF012848D01B
:1006000039480AF083FD39480AF0ECFC38484022AA
:1006100020210CF005F93648402280210CF000F929
:100620004022334811460CF0FBF8302585F3118841
:100630003048022201210CF06FF9002484F3118864
:1006400085F311882B48032221460CF065F984F3C9
:10065000118885F311882648032209210CF05CF9E2
:1006600084F3118885F31188214803220A210CF0B4
:1006700053F984F31188F8F79FFA1E4840224FF48B
:1006800080510CF0CDF800F015F9FFF7A1FF05B08F
:1006900030BD0446FFF7A6FF02460028B0D1014650
:1006A00005F084FA144BDB68984705F007FF114901
:1006B000124B0F4A4FF4804048834FF4004151835E
:1006C00093E8070001AB83E807001A4652F8043BA1
:1006D00023F00F0103F00F0304FA03F30B8304ABC1
:1006E0009342F3D18CE700BF709B0020DC9B00207D
:1006F0000000024000040240DCFD010838F501085A
:1007000038B50AF06DF9204B1B680BB101209847F2
:1007100006F078FB302500F0C5F8FFF749FF85F3B8
:1007200011881A4801210CF02DF9002484F3118856
:1007300085F31188164809210CF024F984F31188F7
:1007400085F3118812480A210CF01CF984F31188F2
:1007500085F311880D4821460CF014F984F31188B3
:10076000FFF740FF50B902F0B1FF02F05DFF04F067
:10077000A1FDBDE83840012006F020BB08F078FD5F
:10078000044808F0F1FDEEE7BC240020000402401C
:1007900000000240709B002030B53B4C237883B0B2
:1007A000002B55D0FFF71EFF28B1384C2378012BC2
:1007B0005DD003B030BDFFF76BFE022801D00428E6
:1007C000F7D12378002BF4D0FFF7E2F80028F0D11E
:1007D00000F04CFD0028ECD005F0C0FC00284ED104
:1007E0002B492C480C220EF0A3F80028E1D1FFF78A
:1007F000F9FE05460028DCD1022000F03DFC00286F
:10080000D7D0FFF7E3FEFFF7F5FE00F0FDFB022077
:1008100000F06CFCFFF7DEFE00F092FC00F006FC3E
:10082000FFF76EFFFFF7DCFE257008F0A7F91A4B03
:100830001860FEF709F8194B03280CBF184A40F658
:10084000B8321A60FEF7B4F8002000F015FCB0E7EB
:10085000114A0193106808F033F910490968884279
:10086000A0D90D4A019B1360012121709AE708F07D
:10087000FFFC204603B0BDE8304008F075BD05F030
:1008800035FE0028ACD194E798510020709B0020E1
:100890008C510020389900209C5100200C2500200C
:1008A00040771B00024820224FF400510BF0B8BFE4
:1008B00000040240704700BF02210520FEF766BC1D
:1008C00010B5C8B1104B40F2234202FB01F4A3FB68
:1008D0000434A40905F042FC58B10C4B9B699847BD
:1008E000F3EE0E7A20EE270ABCEEC00A10EE103AA4
:1008F0001C44074B1C8010BD40F6E44303FB01F48D
:10090000A40A6400E6E700BF396BD520DCFD0108CE
:1009100010250020144B1B8841F20402934220D87A
:1009200040F6AC52934210D840F6E44293420AD9C2
:10093000A3F6E4430D4A03EB83039800A2FB0020D7
:10094000C0F38710704700207047A3F6AC53084AE5
:1009500003EB83031801A2FB002080091430C0B20E
:1009600070476420704700BF102500201F85EB51A1
:10097000B5814E1B034B18780A2894BF0020012034
:10098000704700BFA2510020034B1878142894BF71
:1009900000200120704700BFA151002008B500F0E1
:1009A000E9F9014B186008BDA451002070B55A4CFC
:1009B00082B0206800F0ECF90546FFF769FD10F001
:1009C000060F16D15549564A0B781078034306D0C6
:1009D00000920191FFF706FE009A019908B902B052
:1009E00070BD00200870107002B0BDE87040FEF7C6
:1009F000F1BFFDF729FF032843D04A4B1E461B7861
:100A00000E2BDFD8FFF7EEFD002832D040F6B833CA
:100A10009D4254D9444B1B699B046BD40120FEF7C3
:100A2000CFFB33780E2B01D8FCF750F83F4B3B49F6
:100A30001B8840F6AB52934225D80A780A2A04D87C
:100A40000132D2B20B2A0A705BD0354A40F6E34C31
:100A50006345107818D814281BD80130C0B2152867
:100A6000107016D101910092FDF72AFD009A0199AC
:100A70000FE033780E2B2FD940F6B8339D42D5D8EE
:100A8000A0E7284EBEE7264A1378142B9CBF00230C
:100A900013700191009200F06DF9254B009A0199B5
:100AA00098421ED8206001910092FFF705FF33782D
:100AB000009A01990E2B9CBF0133337084E7337881
:100AC0000E2B3FF67FAFFCF701F800287FF47AAFDA
:100AD000C82D7FF677AFA9E7FBF7F8FF0028F7D01E
:100AE000CAE7002301910092236000F035F90199D3
:100AF000009AD8E70220FEF763FB33780E2B95D8D7
:100B000092E701200091FEF765FF084B00991B88D2
:100B10000F22327099E700BFA4510020A25100209B
:100B2000A1510020A0510020000402401025002007
:100B3000005C26050E4B10B501221A70044608F021
:100B40001DF80C4B1860FBF7B5FF0B4A0B490C4B1B
:100B50000C704FF0000C82F800C096221A60094811
:100B600009490A4AFF2303700B70137010BD00BFC0
:100B7000B8510020B4510020B0510020B1510020E4
:100B8000AC510020A8510020A9510020AA510020FA
:100B9000024B1878003818BF01207047B851002068
:100BA0002DE9F0471D4A07CA84B001AB03C30024F6
:100BB0001A80002320461A461946013404F0E0FF4B
:100BC000592CF6D1164B1B7803F0FD03012B02D0F4
:100BD00004B0BDE8F087134E3378092BF8D9DFF85D
:100BE0004CA0DFF84C90DFF84C800F4F01AD002493
:100BF0009AF8003099F8002098F8001015F8010BC9
:100C000004F0BEFF33780134E4B2A7FB0323B4EB56
:100C1000D30FEDD304B0BDE8F08700BFBCF50108E9
:100C2000B8510020B0510020CDCCCCCCA851002030
:100C3000A9510020AA51002010B52B4A1378022B8D
:100C400021D0032B11D0012B18D1284928480B782B
:100C50000078984239D80BB90A230B70022313701D
:100C600007F08CFF234B186010BD00231370FBF7B7
:100C700035FF214B9B7B7BB3FFF776FC07F07EFFB4
:100C80001C4B186010BD1A4B1B781D2B12D91B482A
:100C90001B491C4C00230370FF20237008701A4965
:100CA000032340F6B8301370086007F067FF114B5C
:100CB000186010BD12481149124C00234FF0FF0C70
:100CC00084F800C003700B70E9E70A330B7007F07B
:100CD00055FF084B186010BD05F040FA0028CBD135
:100CE000FBF7F2FEC8E700BFB8510020B05100206A
:100CF000B1510020B451002014990020A8510020C7
:100D0000A9510020AA510020AC51002008B5084B81
:100D10001B7803B908BD074B186807F0D1FE064BD6
:100D20001B689842F6D9BDE80840FFF785BF00BFB1
:100D3000B8510020B4510020AC51002000B583B060
:100D4000002304486946CDE900330AF02BF903B0CB
:100D500000BD00BFD09B002000B583B00023044835
:100D60006946CDE900330AF01DF903B000BD00BFAC
:100D7000D09B002000B583B0044869460AF014F9FE
:100D8000019820F0784003B000BD00BFD09B002048
:100D900010B582B00446694604480AF005F9019886
:100DA000C0F31A00001B02B010BD00BFD09B002092
:100DB00008B50B4800224FF480610BF031FD084963
:100DC00007484FF400430B8300224FF400710BF0EF
:100DD00027FD0020FDF7DCFEBDE80840FDF792B9D5
:100DE0000000024000B547F60E62904283B022D068
:100DF0000FD8A0F5FC420B3A022A07D801910090C7
:100E0000FFF746FB0228009B019924D0012003B084
:100E100000BD47F60F629042F8D1FFF739FB10F0A2
:100E2000060FF3D0FFF7DEFB0028EFD1FFF772FDCE
:100E3000FFF780FEEAE70091FFF72AFB04280099FC
:100E4000E4D14B79CBB91149114A002301200B7031
:100E5000136003B000BD4A79002AF4D00B4A0A3B64
:100E6000137007F08BFE094A094B84460021107865
:100E7000C3F800C0FDF78AFAC8E7044B18221A70BD
:100E800007F07CFE024B1860C0E700BFC051002095
:100E9000C451002000B5194887B0FEF7C3F94FF4DC
:100EA000967009F017FC112200210DF105000DF0DC
:100EB0004FFD134B022019785A788DF800006FF01F
:100EC0004B0305204FF0000C8DF801108DF8022027
:100ED0005A218DF80330012240F68163ADF80600F7
:100EE00068468DF804C08DF808108DF80B20ADF819
:100EF0000E30FEF77DF907B000BD00BFC8F5010850
:100F0000B4240020FFF7C6BF08B50B4B1A7802B90E
:100F100008BD07F033FEB0F57A7FF9D2FFF7BAFFCC
:100F2000FFF7B6FA0228044B02D000221A7008BD5F
:100F3000FDF726F9004BF8E71225002008B5094B0C
:100F4000186800B908BD07F0BBFDB0F5FA6F054B96
:100F5000F8D9054A002119601078BDE80840FDF76E
:100F6000F7B800BFC4510020C051002010B5234C79
:100F70002068002832D1224A2249136912695B0A8B
:100F8000C2F3402203F0020313430A789A421FD1AE
:100F9000FFF77EFAD8B91A4A1A49136912695B0A2F
:100FA000C2F3402203F0020313430A789A420AD1A3
:100FB0000023012A23601BD0022A14D0BDE8104070
:100FC0000120FFF7FFB90B7007F0D8FD206010BDBE
:100FD0000B7007F0D3FD20600028D9D007F070FD1A
:100FE0006428D5D9D7E7BDE810400420FFF7EAB957
:100FF000BDE810400220FFF7E5B900BFBC5100205A
:1010000000000240B951002008B5074840224FF4C3
:1010100080510BF005FCBDE80840034840224FF426
:1010200000610BF0FDBB00BF0000024008B5114895
:1010300040F21A524FF400610BF0F2FB0D4840F2FF
:101040001A524FF480510BF0EBFB0A4840F2822217
:1010500020210BF0E5FB074840F2822280210BF0B3
:10106000DFFBBDE80840034840F2822240210BF03C
:10107000D7BB00BF000002400228194A034613D024
:10108000032806D001280CD1117809B30020137071
:10109000704711780029F9D11248016941F0040123
:1010A000016101201370704711780029EED1DFF83B
:1010B00034C00D48DCF8101041F00401CCF81010D9
:1010C000016841F4606141F0010101600120E9E73C
:1010D0000448016921F0040101610120E2E700BF39
:1010E000C851002000ED00E000700040114A08B532
:1010F000936823F003039360936813F00C0FFBD104
:1011000013680C4923F4803313600B689B03FCD4F1
:101110000948402201210BF083FB074840220221AD
:101120000BF07EFB30BF054A136923F00403136103
:1011300008BD00BF00380240001C024000ED00E086
:101140000AF070BD00B5034683B048B9CDE9001080
:1011500081420CBF0120042000F026FFDDE90013CE
:101160001846FBF78FFC012003B000BD08B507F05F
:1011700005FD044B1860FBF703F8BDE8084001F0DB
:10118000CDBD00BFCC51002008B5084B1A7802B97C
:1011900008BD00201870012205484FF400410BF0F3
:1011A0003FFB034A4FF40043138308BD172500207B
:1011B0000000024008B5284B186800B908BD07F0C8
:1011C0007FFC40F6B832904221D9234B00221A60AE
:1011D00007F0B8F9830703D4204B4FF480425A83B9
:1011E0001F4B204A4FF40041598302F10C0C01209F
:1011F00052F8043B23F00F0103F00F0300FA03F34E
:1012000094450B83F4D1184B80221A8308BD1349EF
:10121000134B4FF480404FF4004208831A83FFF7CA
:1012200037F904280FD00F4A4FF0010C02F10C00DF
:1012300052F8043B23F00F0103F00F030CFA03F301
:1012400090424B83F4D1FFF723F90228B6D0064B26
:1012500080225A8308BD00BFCC5100200004024008
:1012600000000240182500200008024008B5054B88
:101270001B680BB1002008BDFBF7CAFC80F0010021
:10128000C0B208BDCC510020032803D8052901D8DD
:101290000F2A01D90120704700EB400001EB40010B
:1012A000024B02EB011233F812007047D4FA010826
:1012B000012070470120704708B5FFF7FBFF08BD0C
:1012C0000120704701207047704700BF704700BF82
:1012D00008B5FFF7FBFF08BD01207047704700BF4E
:1012E000704700BF00B5144B1B7885B0CDE90201F3
:1012F00073B99DF80D3003B19AB9029800F036FF2A
:1013000003460299184605B05DF804EB01F074BF7E
:10131000029801F005F8029905B05DF804EB01F0C0
:101320006BBF00F0FDFF034619460298019300F0E1
:10133000E7FE019BE5E700BFD851002010B5038808
:1013400004464088A188012243EA0040FFF7CAFF13
:101350002146FFF7ADFF00B910BD23886088A18842
:10136000012243EA0040FFF7BDFF2146FFF7A4FF3B
:1013700010BD00BF10B584B001460446062202A885
:101380000DF032FB0C4B02981B7873B900F0EEFEA7
:10139000029901F031FF21460190FFF795FF019876
:1013A0002146FFF795FF04B010BD00F0B9FF029988
:1013B00001F022FFEFE700BFD851002038B50388C5
:1013C00004464088A188012243EA0040FFF78AFFD3
:1013D00021460546FFF774FF08B9002038BD2146B5
:1013E0002846FAF7A5FE0028F7D02146284606F041
:1013F000A7FE0028F1D02146284606F08FFD0028E0
:10140000EBD02146284605F0CFFE0028E5D0214646
:10141000284605F09FFE0028DFD02146284602F02E
:1014200067FD0028D9D02146284602F0AFFD0028EC
:10143000D3D02146284605F0BBFB0028CDD021465D
:10144000284606F0C3FD0028C7D02146284602F0F2
:1014500019F80028C1D02146284602F02BF80028B0
:10146000BBD021462846BDE8384002F041B800BF55
:1014700000B5012383B003FA00F0C0B2019001F07F
:10148000FBFB019803B05DF804EB00F08DBD00BFDD
:101490000120704708B5FFF7FBFF08BD08B500F055
:1014A00017FD0120FFF718FF0120FFF7F3FF46F2B9
:1014B000A81009F00FF9BDE8084007F0CBBB00BF4A
:1014C00008B500F005FD0020FFF706FF0020FFF73C
:1014D000E1FF46F2A81009F0FDF8BDE8084007F06A
:1014E000BFBB00BF08B5FFF7F9FEFBF79BFB05F09C
:1014F00033F800F03DF8BDE80840012005F0ECB8F5
:1015000008B500F03BF8002005F0E6F8FFF7E8FE2C
:10151000BDE80840FBF78EBB030906BF1A46034629
:10152000042299081CBF02320B4602EB5300C0B2E2
:10153000704700BF01207047034B4FF48042810782
:101540004CBF1A835A8370470004024008B5012239
:1015500004484FF480410BF063F9024A4FF4804392
:10156000538308BD0004024008B5FAF79BFE08BD8E
:1015700008B50020FFF7F8FF08BD00BF08B506F06A
:10158000D7FFFFF7F1FF08BD00B583B006F0D0FF2D
:10159000074A1178814209D01070019007F0EEFAE5
:1015A000044A019B10601846FFF7DEFF03B000BD40
:1015B000D0510020D451002000B587B002AB83E8A1
:1015C00003009DF80D20D2B993E803000023ADF885
:1015D0001630CBB20490ADF8141033B904AB93E8D5
:1015E000030001F0F7F807B000BD04AB1846019303
:1015F000FFF7A4FE019B0028F1D107B000BD01F068
:10160000F5F902ABE0E700BF0379012B00D070478A
:10161000008800F0A7BE00BF002837D000B5021F29
:10162000D2B2A02A83B0034615D900F12002D2B26B
:10163000072A2CD900F15B02D2B2022A18D900F194
:101640005802D2B21A2A2ED93333DBB2122B40F20F
:10165000848003B000BD019007F03CF8019B70B995
:10166000184607F0F1F803B05DF804EB01F04ABA50
:10167000243880B203B05DF804EB06F091BF184641
:1016800007F000F901F03EFA019BE9E7704700F02E
:10169000070301209840C0B201F048F903B05DF89B
:1016A00004EB01F02FBAA0F1A903192B5CD8DFE8F5
:1016B00003F00D52504E4C4A4745423F3C393633B9
:1016C000302D2A272523211F1C191613E92003B0CA
:1016D0005DF804EB06F082BF4FF42870F7E740F2A4
:1016E0009F20F4E740F2CB10F1E740F29F10EEE7C5
:1016F0007020ECE76F20EAE7B420E8E7B320E6E7E4
:1017000040F22A20E3E740F22720E0E740F22620DB
:10171000DDE740F22520DAE74FF40970D7E740F221
:101720002320D4E740F22120D1E74FF4CA70CEE75E
:101730004FF4C970CBE74FF4C570C8E7CC20C6E7BB
:1017400040F28310C3E7CD20C1E7B720BFE7B62042
:10175000BDE7B520BBE7EA20B9E705F0CBFE03B053
:101760005DF804EB05F0C6BFE220B0E778B3021FD6
:10177000D2B2A02A08B5034613D900F12002D2B292
:10178000072A19D900F15B02D2B2022A0FD900F15F
:101790005802D2B21A2A1BD93333DBB2122B1CD90E
:1017A00008BD07F06FF8BDE8084001F0ABB9BDE82F
:1017B0000840002006F0F4BE00F007030120984026
:1017C000C0B201F0C7F8BDE8084001F09BB970470E
:1017D000BDE80840002006F001BF05F0E7FEBDE8C7
:1017E000084005F087BF00BF38B50C460546FFF737
:1017F00013FFFDF713F89CB10E4B40F2E7300021C8
:10180000E4FB03014FF47A720023F6F7A5FC08F01D
:1018100061FF2846FFF7AAFFBDE83840FCF7FEBF8E
:10182000012008F057FF2846FFF7A0FFBDE8384029
:10183000FCF7F4BFA086010008B539280CBF502181
:101840000021FFF7D1FF08BD00B9704708B501F0CE
:101850006DF8BDE8084001F055B900BF00B9704708
:1018600008B501F077F8BDE8084001F04BB900BFBA
:101870002DE9F0438379457983B00C4606461F096C
:1018800001F020F8C4F3033250B3002D58D0C4F354
:10189000072000F0F003402B814698460BD0E1B2C0
:1018A00001F12003DBB2072B40F2198100F0E003C5
:1018B000202B00F00F81B04B5B78580700F1DE81E0
:1018C0000B2A3AD8DFE812F0BF01BF01BC01BC010E
:1018D000C100D70139003900D001CC015A005A00AB
:1018E00003460B2A29D8DFE812F08A008A00560046
:1018F0005600B100350128002800C3001901490035
:101900004900C4F307230F2BC4F3032240F22B82B8
:101910001201E4B220460092FFF728FF009A62B15C
:1019200004F12003DBB2072B104602D9002C40F053
:10193000758201F00FF801F0E5F803B0BDE8F0831F
:101940000B2AFAD801A353F822F000BF03190108AB
:1019500003190108691B0108691B01084B1A0108DA
:10196000C51A01083B1901083B1901082F1C010881
:10197000411B01087D1901087D190108E1B2A1F19F
:10198000F003042B00F25882DFE813F03201250146
:101990002B0149013C01E1B2C4F3072303F0F00835
:1019A0000023C4F303242201B8F1200F18BF14460A
:1019B000002900F09E81012900F00181002D00F036
:1019C000B4810093002F00F0EA810846FFF724FE5F
:1019D000009B002BB1D000F06DFF10F00100ACD1E6
:1019E000707100F061FF00F035FB304600F040FA06
:1019F00000F05AFF03B0BDE8F04300F03BBBE1B29A
:101A0000C4F30322C4F3072013010C460F2888BF38
:101A10001A46002D3FF47EAF002382B104F120016D
:101A2000C9B207290093104602D9002C40F0C081AA
:101A300000F07CFF009B009301F064F8009B009392
:101A40002046FFF7E9FD009BC3E7002314F4406F35
:101A5000C4F3812200F04581012ABAD1002D00F0A3
:101A60005781C4F30900009306F0B8FD009BB0E76E
:101A700014F4407F00F08280C4F30123002D00F0B5
:101A8000DB80DA0755D5C4F342129200D2B204F0DB
:101A90000F0090400F23C0B2934060EA030314F09C
:101AA000100FDBB2C4F3812418BF1846022C00F0DB
:101AB0009281032C00F08C81012C00F0868100F0D3
:101AC00005FB36E0E0B205F071FD03B0BDE8F04380
:101AD00005F010BE012902D9002F7FF4ECAE0B2ACD
:101AE0003FF62BAF01A353F822F000BF011A010803
:101AF000011A010899190108991901084B1A0108DE
:101B0000331E01083B1901083B190108711A01082D
:101B10001F1B01087F1901087F190108E1B2C4F3F6
:101B200003260C467DB1304600F094FA2046FFF7BC
:101B30008BFE06F0FDFC03B0BDE8F043FFF714BDDB
:101B4000C4F30326E4B22046FFF788FE304600F0D7
:101B500091FAEEE7E0B2002DB5D0009305F0CAFC93
:101B600005F0C8FD009B34E7C4F3072303F0F00839
:101B7000E1B2002315E700BF28990020002DD8D13D
:101B8000C4F342129200D2B204F00F0090400F232F
:101B9000C0B2934060EA030314F0100FDBB2C4F349
:101BA000812418BF1846022C00F00C81032C00F091
:101BB0000681012C00F0008100F00CFAB9E7002D3D
:101BC00000F0A880052F3FF604AF20460093FFF7F2
:101BD0003BFE009BFDE6C4F3042035B100F03AFA69
:101BE000A7E7C4F30420002DF8D000F043FAA0E7E3
:101BF000002D00F0D980042F9BD8C4F3042000F0FE
:101C000049FA96E7994B5B785B07E4D5002D00F025
:101C1000F4800321C4F3042000F090FF89E7002D35
:101C200000F0BA80C4F3042000F006FA81E714F44F
:101C3000407FA5D0C4F30123012B7FF67AAF22E7C2
:101C40000023E1B2ADE6C4F30322B9F10F0F84BF64
:101C50001201D2B2E4B20023002A3FF4F0AEDDE676
:101C6000C4F30326E4B25EE719F0030F3FF461AF5B
:101C7000C4F3012305E70023E0B26EE702200092DF
:101C800000F074FF00F01EFE009A80F00103DBB24A
:101C90000B2A3FF69EAE01A151F822F0CD1C01089F
:101CA000CD1C0108431C0108431C01084D1A010802
:101CB000791C0108D3190108D3190108691C01080E
:101CC000611C01087D1901087D190108C4F3032274
:101CD000B9F10F0F88BF1201E4B2002A3FF4AFAE92
:101CE0009CE605B3C4F30900009306F059FC009B81
:101CF0006FE65E4A5278510728D4002D6ED0002C32
:101D000040F08F8000200093FFF786FC009B60E688
:101D10002846A8E6042F3FF65CAE20460093FFF766
:101D20009DFD009B55E62846DEE7002FF5D03929BA
:101D3000019100936BD0012008F0CCFC0199009B2D
:101D400000930846FFF712FD009B42E6ADB1002F5D
:101D50003FF43BAF012F7FF43CAE2046009300F0F0
:101D60006FFE009B35E6E4B220460092FFF7FEFCD2
:101D7000009A002A7FF4D4ADDFE5002F7FF429AE6E
:101D800020460093FFF76AFD204600F067FE2046DC
:101D900000F042FE009B1CE600F042F9C9E6204636
:101DA000FFF752FD009B14E6052F3FF6C2AE24E775
:101DB00000F0F4FD009B3EE600F000F9B9E600F00B
:101DC000F3F8B6E600F012F9B3E600F073F9B0E606
:101DD00000F01CF9ADE600F085F9AAE6284600936C
:101DE000FFF7C4FC009B002C3FF4F3AD204600F04D
:101DF000B1FD00F087FE009BEBE5012000F0B6FE90
:101E0000012F7FF696AE022000F0B0FE91E64FF46F
:101E1000FA5008F05FFC009B019991E700F0D2FDB9
:101E200089E52046009300F081FD00F06BFE009BE9
:101E300068E70846002390E625B18FB10846FFF712
:101E4000EBFB76E67FB139290CBF4FF4FA50012045
:101E5000009108F03FFC00990846FFF787FC68E610
:101E6000C4F30420BAE6C4F30420BEE62899002097
:101E7000027902B9704710B582B00446FFF79EFAA6
:101E800090B12188607900F0A1F90146019100F03C
:101E900035F900F087F820460199FFF7E9FC204664
:101EA000FFF768FA02B010BD00F00CFD0028F9D071
:101EB0006379002BF6D0054B5B785B07F2D50220E7
:101EC00002B0BDE8104000F051BE00BF28990020CC
:101ED00008B500F053FD06F00FFD002006F060FB92
:101EE000002006F07BFB00F081FD00F00BFE05F00A
:101EF000F5FDBDE8084005F0FDBB00BF08B50020BA
:101F000006F04EFB002006F069FB00F06FFD00F0CC
:101F1000F9FD05F0E3FDBDE8084005F0EBBB00BFAF
:101F200008B503790BB9184608BD008800F01AFA05
:101F3000C0F30333062BC0B214D00CD9063303F020
:101F40000F03012B0CD8F02819D012D8E7288CBF2A
:101F50000020012008BD0E3303F00F03012BF2D93E
:101F6000002008BDF12818BFE72894BF01200020F9
:101F700008BDA0F1F400B0FA80F0400908BD0120CE
:101F800008BD00BF82B0CDE9000102B0704700BFBC
:101F900082B0CDE9000102B0704700BF704700BFBA
:101FA000704700BF704700BF08B5FFF7F9FFFAF7A9
:101FB00079FE014B187008BD0152002010B5044C89
:101FC00023781843FFF7ECFFFAF76CFE207010BD82
:101FD0000152002010B5044C23781840FFF7E0FFB1
:101FE000FAF760FE207010BD0152002010B5044CBD
:101FF00023785840FFF7D4FFFAF754FE207010BD45
:1020000001520020704700BF704700BF08B5FFF7BE
:10201000FBFFFAF769FE014B187008BD0052002063
:1020200008B50020FFF7F0FFFAF75EFE014B1870CD
:1020300008BD00BF0052002008B5012303FA00F0DC
:10204000C0B2FFF7E1FFFAF74FFE014B187008BD71
:102050000052002010B5064C01222378824043EA4A
:102060000200C0B2FFF7D0FFFAF73EFE207010BDAD
:102070000052002010B5064C0123227803FA00F02C
:1020800022EA0000FFF7C0FFFAF72EFE207010BD15
:102090000052002010B5064C01222378824083EACA
:1020A0000200C0B2FFF7B0FFFAF71EFE207010BDAD
:1020B0000052002010B5044C23781843FFF7A4FF0A
:1020C000FAF712FE207010BD0052002010B5044C2B
:1020D00023781840FFF798FFFAF706FE207010BD2E
:1020E0000052002010B5044C23785840FFF78CFFB5
:1020F000FAF7FAFD207010BD00520020704700BFB3
:1021000010B5C0F3072382B0052BADF8040003D847
:102110009DF804200F2A01D902B010BD02EB031371
:102120001148C3F3CF0303EB4303034402F0070258
:102130004FF0010E581E9C1C0EFA02FEC3F1010363
:102140001A1821FA02F210F801CF42F300028CEAC9
:1021500002020EEA02028CEA020CA04280F800C0E1
:10216000EED102B010BD00BFDC51002010B5C0F3AD
:10217000072382B0052BADF8040003D89DF8042096
:102180000F2A02D9002002B010BD02EB03130E4942
:10219000C3F3CF0303EB43030B44591E9C1C02F013
:1021A000070C0020C3F1010303EB010E11F8012F0E
:1021B00022FA0CF202F0010202FA0EF210438C42F3
:1021C000C0B2F1D102B010BDDC51002070B5504B4F
:1021D00086B01B78ADF80C10002B72D19DF80D4025
:1021E0009DF80C5040BB052C07D9034603991846AF
:1021F00006B0BDE8704001F011B80F2DF5D805EB21
:102200000412444BD20802EB42021A4402F1FF3E90
:10221000941C05F0070C0346C2F1010202EB0E000C
:102220001EF8011F21FA0CF101F0010181400B435E
:10223000A645DBB2F2D1D9E7374B384A1B78127882
:10224000ADF8141043EA0206032246FA02F3DB0754
:102250002AD4013AF9D20023052CC7D80F2DC5D8AE
:1022600005EB041C2B4A4FEADC0C0CEB4C0C9444A1
:1022700005F007014FF0010E0EFA01FE0CF1020409
:102280000CF1FF31CCF1010C0CEB010223FA02F24C
:1022900011F8010F42F3000242400EEA02025040E0
:1022A0008C420870F0D1A1E7D3B21846059902928A
:1022B000019300F0B3FF80B20128019B029AC8D0BD
:1022C000CAE7154B154A1B781278ADF8101043EA8F
:1022D0000204ADF81410032344FA03F2D20709D420
:1022E000013BF9D200220499104606B0BDE87040C7
:1022F00000F094BFDAB2104605990293019200F003
:102300008DFF80B20128019A029BE9D0EBE700BF64
:10231000D8510020DC510020005200200152002042
:1023200070B50E4A0E4B15781B7882B01D43ADF880
:102330000400032445FA04F3DB0705D4013CF9D279
:102340000026304602B070BDE6B20199304600F07A
:1023500065FF80B20128F1D0F3E700BF00520020F2
:102360000152002070B5114A114B15781B7884B0CA
:102370001D43ADF80400ADF80C00032445FA04F346
:10238000DB0709D4013CF9D200260199304604B09C
:10239000BDE8704000F042BFE6B20399304600F05D
:1023A0003DFF80B20128EDD0EFE700BF00520020D2
:1023B0000152002010B50E4C4FF0010C94F800E0D3
:1023C0000CFA00F30CFA01F10B430CFA02FC03EADD
:1023D0000E02DBB2934206BF4EEA0C0E5FFA8EF09D
:1023E0002EEA0C00FFF710FEFAF77EFC207010BDFD
:1023F0000052002070B5264DAB790F2B47D86B7972
:10240000002B44D0234B244A1B7892F800C063452C
:102410003DD095F801E02E78204C03E000F0070352
:10242000634534D004EBC302581C11790029F5D060
:1024300051787145F2D114F83330B342EED153796B
:10244000002BEBD1538869885B1A9BB2C72BE5D868
:10245000A8799379012161F30710A87161F307133B
:102460000B489371FFF704FD0A4B1D780A4B1B784C
:10247000AB420CD004EBC50393E80300FFF788FDE3
:10248000054B01351B7805F00705AB42F2D170BD55
:102490004452002002520020035200200452002027
:1024A0002DE9F04387B004460146062202A80CF04D
:1024B0009BFAA54B61791A790E462179002A3FD003
:1024C00062885D79104690465A88821A92B22078C6
:1024D0002F46F5B9C72A72D8B1B1002E39D0597834
:1024E0006278914203D11A78824200F08B802046B4
:1024F000FFF716FD944B002849D19A79204642F007
:1025000001029A71FFF7B4FC0122104607B0BDE842
:10251000F083C72A21D80029F6D0997993F801C011
:1025200094F801E00F293FD8E645324600F09C8040
:10253000002E00F0CF809A7942F001029A7149E0B2
:102540000029E1D02EB12046FFF7EAFC002840F038
:10255000B2802046FFF78CFCD6E79A790F2A40F22A
:102560009A800029D0D093F801C061788C451DD1A4
:10257000197881421AD1002E00F021812046FFF700
:10258000CFFC714B0028E4D09A791F2A5BD82146F2
:1025900008226D480CF028FAFFF72CFF6A4B93E8ED
:1025A0000300FFF7F5FCAFE7E64518D02046FFF73C
:1025B000B7FC0028CDD0644B002ECAD0E4E7DDE99B
:1025C0000201FFF7DFFC604B1D605D6093E80300D4
:1025D000FFF7DEFC0022104607B0BDE8F0831A7852
:1025E0008242E3D1002EC9D1A1712046FFF740FC01
:1025F0002146082254480CF0F7F9D0E90001FFF712
:10260000C7FC81E79A79D30700F197800F2A40F23F
:10261000948002F0F001F029A27106D0D2B2C2F388
:102620000311013161F30712A2712046FFF720FC6C
:102630002146082244480CF0D7F9434B93E80300A5
:10264000FFF7A6FC60E71988ADF8101019798DF82E
:10265000141004A80021ADF812808DF815108DF823
:102660001620FFF705FC92E793F800C084457FF43D
:102670005FAF002E7FF45FAF012262F30711997103
:1026800093E80300FFF784FC2F48FFF7F1FB2E4B84
:102690009B79A3719EE7DDE90201FFF773FC2A48ED
:1026A000FFF7E6FB284B00221A605A6093E803000C
:1026B000FFF76EFC8EE72146082223480CF094F9C0
:1026C000FEF7A2FFFFF796FE1F4B93E80300FFF70C
:1026D0005FFC19E71D4B1E491B7809789942884613
:1026E0003AD0DFF870C0194603E006F007018845CC
:1026F0001CD00CEBC105A9466D78754501F10106AA
:10270000F3D11CF831108142EFD199F8051000295E
:10271000EBD00BE01CF83330834203D14B79002B14
:102720007FF458AF06F00703984515D00CEBC301B2
:102730005E1C4D787545F5D1ECE70822214602482C
:102740000CF052F9E0E600BF445200200252002093
:10275000035200200452002002980192FFF702FE6B
:10276000C0F30333032B019AC1B212D8012B1FD837
:1027700010F4706F02D000293FF4C7AE01F12003BE
:10278000DBB2072B7FF6C1AE2046FFF771FB3A465E
:10279000BBE6063303F00F03012BF5D8EF297FF6D4
:1027A000B4AE01F10F03DBB2022B7FF6AEAEEBE766
:1027B00010F4706FE2D0A3790F2BDFD8A5E6A271D9
:1027C0002046FFF755FB024B1E605E609CE600BF93
:1027D00044520020F0B585B0CDE900016846FFF70E
:1027E0005FFE9DF8042020B3F2B92B4D2B4F2C78BF
:1027F0003B789C4216D02A4E0EE02B7806EBC303A2
:1028000093E80300FFF7C4FB2C783B78013404F015
:102810000704A3422C7005D006EBC400FFF740FE6E
:102820000028EAD105B0F0BDDDE90001FFF7B0FBFB
:10283000DBE70646DDE90001184F174D3B782C78A1
:10284000CDE90201002AD4D05A1C02F00702A242AC
:1028500018D0DDE90201124ED2B206EBC303A24248
:1028600083E803003A70DDD006EBC40393E803006D
:10287000FFF78EFB01343B7804F007049C42F3D150
:102880002C78B6E7FFF724FB064B3E702E701E60D7
:102890005E6005B0F0BD00BF025200200352002070
:1028A0000452002044520020014B1878C0087047A1
:1028B00075520020024B187800F00700704700BFE7
:1028C00075520020034B187810F0070018BF012044
:1028D000704700BF755200200E4B0F4910B51C68A1
:1028E000202220460CF024F828B90C4A137823F053
:1028F0000203137010BD2022214607480CF074F823
:10290000204605F035FE054A137823F002031370C4
:1029100010BD00BFEC2700204C520020279900205A
:10292000014B1878704700BFA6520020074A137861
:1029300030EA030107D0DFF818C09CF8001041F01E
:1029400001018CF80010034313707047A652002059
:1029500027990020074A1378034207D0DFF818C0F0
:102960009CF8001041F001018CF8001023EA0003EC
:1029700013707047A652002027990020054B1A7843
:1029800022B105490A7842F001020A7000221A7049
:10299000704700BFA652002027990020074A1378ED
:1029A00030EA030107D0DFF818C09CF8001041F0AE
:1029B00001018CF80010034313707047A5520020EA
:1029C00027990020074A1378034207D0DFF818C080
:1029D0009CF8001041F001018CF8001023EA00037C
:1029E00013707047A552002027990020054B1A78D4
:1029F00022B105490A7842F001020A7000221A70D9
:102A0000704700BFA552002027990020704700BFE3
:102A100008B5FFF7FBFF08BD08B5054A1378034268
:102A200000D108BD23EA00001070FFF7F1FF08BDD8
:102A300076520020704700BF08B5FFF7FBFF08BDC6
:102A400008B505490B7830EA030C00D108BD0343F3
:102A50000B70FFF7F1FF08BD7752002008B5054A5B
:102A60001378034200D108BD23EA00001070FFF77D
:102A7000E3FF08BD7752002030B51C4A1C4B11788B
:102A80001C4D1B781C4C0B432978226883B071B90C
:102A9000144653701949092220460BF049FFE0B94A
:102AA000174A137823F00103137003B030BD0B43B2
:102AB0000192009305F002FE009B019A58B129781B
:102AC00049B10020CDE900232870FFF7B5FFDDE90B
:102AD00000232468DDE72468DBE709222146074854
:102AE0000BF082FF204605F037FDD9E7A552002004
:102AF000A652002077520020F02700206C520020C0
:102B00002799002010B5094C2378DA0706D405F080
:102B100005FD10B123789B0703D410BDFFF7ACFF70
:102B2000F5E7BDE81040FFF7D7BE00BF27990020AA
:102B3000704700BF08B5FFF7FBFF08BD094A527890
:102B400052070CD5084A41EAC00108B51170FFF7D9
:102B500081FA054A1078C008FFF7ECFF08BDFFF7BF
:102B600079BA00BF28990020755200200E4B1A78C0
:102B700022EA000010F00701187005D1904203D03E
:102B80000A4A5278530700D4704700B583B0C00892
:102B90000191FFF76FFA0199034B08461970FFF78F
:102BA000C9FF03B000BD00BF755200202899002066
:102BB000074808B543785A0700D408BD23F004033A
:102BC000437000F05DF8BDE808400220FFF7CEBF7B
:102BD00028990020074808B543785A0700D508BD52
:102BE00043F00403437000F04BF8BDE808400220B6
:102BF000FFF7BCBF28990020114808B54378C3F3FC
:102C0000800282F0010262F38203437000F038F820
:102C10000C4A137803F0FD0103F00703022B117037
:102C200000D008BD064843785B07FAD5C808FFF70F
:102C300021FA044A00201070FFF77CFF08BD00BF96
:102C40002899002075520020002000F0BDBC00BF74
:102C500008B5FFF7F9FF08BD00F07EBC08B500F02D
:102C600069FC00B908BDBDE8084005F0F3B900BF34
:102C700000F07EBC00F08ABC00F08CBC00F08EBC82
:102C800000F094BC00F098BC00F09ABC00F0A0BC2E
:102C900000F0A2BC00B583B000F048FC00F056FC88
:102CA000002368468DF8003000F06AFC0B4B0120D1
:102CB000187000F06FFC4FF4A05301A8ADF8043079
:102CC00000F074FC02F0AAFCF9F7BCFF05F0E4F98F
:102CD000FFF7BEFF02F096FC03B000BD01520020DA
:102CE000FFF7D8BF014B186805F0EABEBC520020C0
:102CF00008B505F043FF024A024B1060186008BD9A
:102D0000BC520020B8520020704700BF704700BF7F
:102D100008B5FFF7FBFF08BD704700BF704700BF55
:102D2000704700BF0120704708B5064800F062FCFC
:102D300000F08EFDFFF7E8FFFFF7EEFFFFF7E8FF7B
:102D400008BD00BF813401080120704708B5FFF7B6
:102D5000FBFF08BD704700BF704700BF08B5FFF715
:102D6000F9FFF9F701FAFFF7F7FF08BD08B5FFF71C
:102D700075FF88B10A48FFF77BFF0A48FFF77EFF1F
:102D800004F012F8FFF776FFFFF70EF9064B1878FC
:102D9000BDE80840F9F7A8BFFFF7A2FFEAE700BFC8
:102DA000C0520020289900200052002008B505F0EC
:102DB000CDFE05F08BF900F037FCFFF7D7FFFEF7EB
:102DC000C5FB03F0FBF804F01DF803F0B9FFFFF7B3
:102DD000A7FFFEF7CBF908BD2DE9F04F85B0FFF74F
:102DE000A1FF002800F08E8000F03AFC524B0193C6
:102DF00000241D46E0B22E8800F00EFC052C05F1E3
:102E0000020504F1010465D08642F3D04B4B1B78D8
:102E10009B0700F18D80FFF799FF4FF00009804676
:102E20005FFA89F7384600F0F7FB019B33F8026B35
:102E30000193B042054635D0464000244FF0010BC7
:102E40000AE052462146384602F0D2FE0134E4B28E
:102E5000102C4FEA4B0B22D006EA0B0105EA0B02BD
:102E600089B292B20029F1D0B2F1000A18BF4FF036
:102E7000010AB8F1000FE4D08DF808408DF8097010
:102E800005F0B6FE4FF00103ADF80A008DF80C30E6
:102E90008DF80DA0DDE90201FEF78EFBD1E7019B65
:102EA00023F8025C09F10109B9F1060FB8D105F068
:102EB00065FE234A234B1060186003F0B1FF03F056
:102EC0004BFB04F033FC03F04FFF05B0BDE8F04FBF
:102ED000FEF75ABB864299D11B4C05F089FE238828
:102EE00083420546E9D00026ADF8086005F080FE73
:102EF000ADF80C60ADF80A00DDE90201FEF75CFBFD
:102F00002580DAE7104D044605F072FE2B888342D7
:102F10000646D2D0ADF8084005F06AFEADF80C4088
:102F2000ADF80A00DDE90201FEF746FB2E80C4E79A
:102F300000F078FB6FE700BFAC520020C0520020C9
:102F4000BC520020B8520020A852002010B582B018
:102F500000F070F9B0F5A44F034615D2B0F5A04FBC
:102F600080F08380DF282FD8CC2800F2D180A728DA
:102F70004AD8A42800F2CF80012822D0021F92B2A2
:102F8000A12A28BF00231CE045F29F22904200F2B4
:102F90008180B0F5A54F80F0C38045F25F2290425A
:102FA00057D845F23F22904200F2A68045F21F22F8
:102FB000904240F2958000F01F034AF2F10242EA8B
:102FC0000323184602B010BDB0F5804F36D2B0F5DD
:102FD000005F80F0AC80E728F3D9A0F5807292B250
:102FE000B2F5F85F80F00281C0F30720019300F092
:102FF000DDF904469DF8040000F01CF9220202F4F9
:10300000F85240EA0203DCE7A0F1A80292B21A2AC1
:1030100000F2EC80A0F1A903192B00F2E980DFE8AF
:1030200003F0979ACAC7C4C1E2DFDCD9D6D3D0CDAA
:10303000B2AFACA9A6A3A09DBEBBB8B5C0B2019368
:1030400000F0F8F8019B03F47063184340F4204348
:10305000B7E700F003000122C3F3820102FA00F394
:1030600043EA411343F40A43ABE700F01F00019326
:1030700000F09CF902B21101019B01F0F00110F087
:10308000100FC3F3431318BF0A4642EA032242F467
:10309000104396E745F2DF2290420DD845F2BF2259
:1030A000904215D800F01F0000F080F9030203F4ED
:1030B000F85343F4005384E7A0F5FE4292B2332A5A
:1030C00000F29480A0F5FA43343B43F4884378E758
:1030D000030203F4F85343F4204343F0F00370E792
:1030E00000F003000122C3F3850102FA00F343EA72
:1030F000411343F40D4364E700F003000122C3F3DE
:10310000820102FA00F343EA411343F40C4358E707
:1031100040F4A04355E7A0F1240343F4804350E773
:1031200000F01F034AF2F40242EA032349E7C0F326
:103130000420019300F03AF904469DF8040000F0E1
:1031400079F8230203F4F853034343F4005338E7B8
:1031500044F2E94335E744F2EA4332E744F270438C
:103160002FE744F26F432CE744F2B44329E744F2DB
:10317000B34326E744F22A6323E744F2276320E7B8
:1031800044F226631DE744F225631AE744F2A06384
:1031900017E744F29F6314E744F2CB5311E744F27C
:1031A0009F530EE744F2CD430BE744F2B74308E7E1
:1031B00044F2B64305E744F2B54302E744F2246320
:1031C000FFE644F22363FCE644F22163F9E644F2AD
:1031D0009453F6E644F29253F3E644F28A53F0E64F
:1031E00044F2CC43EDE644F28353EAE60023E8E6FA
:1031F00044F2E243E5E600BF82B0C1F30723052BAA
:10320000ADF8041003D89DF804200F2A02D900203D
:1032100002B07047194602B003F068BE00B583B033
:10322000ADF804100199FFF7E7FF03B05DF804EB78
:10323000FFF78CBEE72813D8DF2812D9A0F1E003EE
:10324000072B0DD8DFE803F0040C6B5E530C493CF0
:10325000554B1A78D10700F1A2805B78D90758D472
:103260007047392865D8282840F29280A0F12903B8
:10327000102BF5D801A252F823F000BF77330108D4
:1032800069330108613201086132010861320108C5
:1032900061320108613201086132010859330108C5
:1032A0006132010861320108613201084B330108C3
:1032B00061320108613201086132010837330108C7
:1032C000394B1A78110764D45B78990769D412F0E6
:1032D000100F14BF0020E7207047334B1B781A07EC
:1032E000BED513F0100F14BF0020E72070472E4BFF
:1032F0005A789107B4D51B7813F0100F14BF002033
:10330000E7207047284B1A78510744D45B78DB07D5
:103310003CD412F0100F14BF0020E3207047224B62
:103320001B785A079CD513F0100F14BF0020E32020
:103330007047822894D11C4B1A78920726D15B786B
:1033400013F0080F18BF29207047174B1B7813F094
:10335000200F18BF29207047134B1B7813F0400F24
:1033600014BF2A20312070470F4B1B7813F0400FF9
:1033700018BF312070470C4B1A7892060DD45B7839
:1033800013F0080F14BF392029207047E020704740
:103390007047E6207047E2207047352060E739200B
:1033A0007047E420704700BF28990020334A137803
:1033B000590700B513D500F0140C00F01801ACF15A
:1033C000040CA1F10801BCFA8CFCB1FA81F14FEABE
:1033D0005C1C490980F00C0E8C4518BF704619071B
:1033E00015D500F0140E00F0180CAEF1140EACF16F
:1033F000180C80F00C01BEFA8EFEBCFA8CFC4FEA71
:103400005E1E4FEA5C1CC9B2E64518BF08465278FA
:10341000D10715D500F0110E00F0180CAEF1010E19
:10342000ACF1080C80F00901BEFA8EFEBCFA8CFCEF
:103430004FEA5E1E4FEA5C1CC9B2E64518BF08465B
:10344000920714D500F0110C00F01801ACF1110C2A
:10345000A1F1180180F00902BCFA8CFCB1FA81F1EB
:103460004FEA5C1C4909D2B28C4518BF104600F0E7
:10347000E70213F0100F18BF104600BD2899002076
:1034800000207047A0F5A543603B1F2B03D84B7964
:1034900023B11846704701231846704700B583B022
:1034A00000F01F000193FDF7E3FF019B184603B0F6
:1034B00000BD00BF08B54B7983B147F65B4290422F
:1034C0000FD047F65C4290420ED047F65A429042E7
:1034D00005D1FFF77FFB0023184608BD01231846DE
:1034E00008BDFFF765FBF6E7FFF786FBF3E700BFD4
:1034F00008B54B797BB147F6014290420ED047F6B2
:10350000034290420DD0B0F5F84F05D1FDF7C6FF4C
:103510000023184608BD0123184608BDFDF7D0FF5B
:10352000F6E7FFF799FBFDF7CBFFF1E7002000F08E
:1035300091B900BF08B5002000F0F4F84FF6E3633E
:10354000C01AB0FA80F0400908BD00BF4FF6E36131
:10355000002000F049B900BF08B5002000F07AF95A
:10356000BDE808404FF6FF71002000F03DB900BFF4
:1035700010B50446022000F0C5F8207010BD00BF51
:1035800003460220197800F013B900BF032000F0B1
:10359000B9B800BF0146032000F00AB910B50446CF
:1035A000042000F0BFF8208010BD00BF03460420B7
:1035B000198800F019B900BF0822172100F04CB992
:1035C0000822172100F0D8B80146132000F028B9CE
:1035D00001460E2000F0ECB808B50F2000F0B2F85C
:1035E000024BC01AB0FA80F0400908BD0400343420
:1035F00000207047014B1860704700BFF42700207F
:10360000704700BF08B5FFF7FBFF08BD704700BF5C
:1036100008B5FFF7FBFF08BD014B33F810007047FA
:1036200038990020704700BF08B5F5F7A5F90A4999
:103630000A4A002306200B804B808B80CB800B81B5
:103640004B81138053809380D3801381538100F08A
:103650001DF8FFF7D7FF08BD2C99002038990020EE
:1036600000B5084883B0F5F749FA07490346062232
:10367000044800F00DF80190FFF7CAFF019803B06D
:1036800000BD00BF2C99002038990020704700BF72
:1036900093B110B584B0520003930B4601900C46D1
:1036A0000146184602920BF043F901A90EC928B948
:1036B0000346184604B010BD1846704720460193D3
:1036C0000BF092F9019B184604B010BD704700BF83
:1036D000FFF782BB08B505F013FA05F02FFFFFF7DF
:1036E00023FB05F02DFFFFF761FB05F037FF05F029
:1036F0003BFFFFF7EDFF05F039FF05F0F7FEFFF7A1
:103700002DFBF4E700B583B0014600230DF107005F
:1037100001228DF8073000F09FF89DF8070003B0F4
:1037200000BD00BF00B583B0014600230DF10600C7
:103730000222ADF8063000F08FF8BDF8060003B0A5
:1037400000BD00BF00B5042283B0014600230DEB8D
:103750000200019300F080F8019803B000BD00BFA3
:1037600000B583B001228DF8071001460DF1070066
:1037700000F078F803B000BDF8B5D31D23F00703BF
:1037800000AFADEB030D1446054668460E4600F04B
:1037900063F82246694628460BF0CAF808B9BD46C8
:1037A000F8BD22463146284600F05CF8BD46F8BD1B
:1037B00030B583B000230C460546014601220DF1C9
:1037C00007008DF8073000F047F89DF807309C425D
:1037D00007D0012229460DF107008DF8074000F0BF
:1037E00041F803B030BD00BF30B583B000230C46B4
:1037F0000546014602220DF10600ADF8063000F044
:103800002BF8BDF806309C4207D0022229460DF164
:103810000600ADF8064000F025F803B030BD00BF4B
:1038200030B5042283B000230C46054601460DEB5B
:103830000200019300F010F8019B9C4206D0042284
:1038400029460DEB0200019400F00CF803B030BDE6
:1038500000F012B900F00CB803460846194600F013
:103860004DB800BF03460846194600F0A5B900BF91
:1038700070B5214C94F8045882B05DBB00F0A2FAF8
:10388000D8B1012384F8043800F0A8FA4FF4C052EC
:1038900006462946A4F580500BF05AF894F80438EF
:1038A00041F60802C4F8002823B100F0E3FA10B191
:1038B00084F80458304602B070BD94F8042832B140
:1038C000019000F0D7FA10B1019B84F80438002071
:1038D00002B070BD00F082FA4FF4C05205460021DC
:1038E000A4F580500BF034F841F608032846C4F8DC
:1038F000003802B070BD00BFC462002008B5831854
:10390000B3F5C05F01D9002008BDDFF814C003463D
:1039100008460CEB03010BF067F8012008BD00BF5F
:10392000C452002092B1F8B51746044600250E1A7D
:1039300001E0AF4208D03119204600F0A3FA01356A
:1039400004340028F5D1F8BD0120F8BD01207047EE
:103950009AB10430F8B517460C1F0025461A01E04D
:10396000AF4208D0301954F8041F00F063FA013553
:103970000028F5D1F8BD0120F8BD0120704700BF37
:1039800010B53B4C94F8043884B02BB900F01AFA07
:1039900010B1012384F8043800F020FA18B9034666
:1039A000184604B010BD94F8043813BB019300F01E
:1039B00009FA58B34FF0010C2E49019884F804C855
:1039C0004FF4C062FFF7C4FF002839D1034694F8D2
:1039D00004283AB1019300F04DFA019B10B1002286
:1039E00084F8042841F60802C4F80028184604B0F8
:1039F00010BD20494FF4C0620020FFF7A9FF60B955
:103A000041F608020346C4F80028EFE719494FF4CD
:103A1000C062FFF79DFF0028F2D013A3D3E9002373
:103A200014484FF4C05103F085F80222CDE9020199
:103A300002A94FF4C050FFF78BFF4000C3B2D1E79B
:103A400009A3D3E900230B484FF4C05103F072F8E7
:103A50000222CDE9020102A94FF4C050FFF778FF1E
:103A60004000C3B2B3E700BF25232284E49CF2CB1D
:103A7000C4620020C45200202DE9F0414C4E06F5EE
:103A8000805786B04FF4C0520021304641F60804FA
:103A90000AF05EFFC7F8004800F036F930B14FF485
:103AA000C06231460020FFF73DFF68B94FF4C052B5
:103AB00000213F480AF04CFF41F608030020C7F8F8
:103AC000003806B0BDE8F08137A3D3E900234FF4F6
:103AD000C051304603F02EF8022280460D464FF4C6
:103AE000C05004A9FFF71EFFDDE904239D4208BF73
:103AF000904548D12F4C41F6080503A9284600F00F
:103B0000C1F9002848D00399C8B20ABA0304224078
:103B100003F4E02343EA322305F1040803EBD00C5D
:103B2000C20800293AD011F0C00F049109D0C7F89B
:103B30000088FFF725FF0028B8D0022006B0BDE8B6
:103B4000F081BCF5C05FF2D810F0300F19D005A994
:103B500040460192009300F095F90028E7D0009BC1
:103B6000019A08350DF11301F0180AF03DFFB5F583
:103B7000405FC2D3C7F80058FFF702FF0028DCD12E
:103B800094E74546EEE74FF4C052002130460AF074
:103B9000DFFEC7F80048ADE7A846C8E70120C7F830
:103BA000005806B0BDE8F08125232284E49CF2CBC6
:103BB000C452002000FFFF002DE9F04F8318B3F539
:103BC000C05F85B061D84F4F054688460846E91961
:103BD00014460AF0ADFE20B90124204605B0BDE828
:103BE000F08FE81907F58057224641460AF0FCFE9F
:103BF00097F80438002B66D100F0E4F80646002858
:103C000040D0012387F80438002C70D0D7F80098F2
:103C100001934FF0000A4FF0000B052C2646C5F328
:103C2000024228BF052642EAC602CDE902AB2B0AB2
:103C30008DF80820414632460DF10B008DF8093011
:103C40008DF80A500AF0D0FE0299484600F0F2F8CA
:103C500000B3D7F800080430B0F5405FC7F800089B
:103C60002DD2012C18D10124019B012BB5D197F83D
:103C70000438002BB1D000F0FDF830B1002387F8F4
:103C80000438AAE797F8043853BB0024204605B04F
:103C9000BDE8F08F0446E7E7039900F0CBF8002871
:103CA000F8D0D7F8003803F10409B9F5405F35447E
:103CB000B044C7F8009802D2A41BAED1D3E7FFF7F7
:103CC0005FFE0446D0E70223002C9FD1D7F80038CE
:103CD000B3F5405F80D305B0BDE8F04FFFF750BEAD
:103CE00000F0C8F80028D0D087F80468CDE7D7F8EE
:103CF0000028B2F5405F01D21C46BCE7FFF740FE4A
:103D00000446B4E7C45200202DE9F041244F254871
:103D1000386007F0CDF8386803685B689847224B35
:103D20008668B3F8222AB3F8243A42EA03480368C3
:103D30001E4A03F0010313705EB30024013E2546C2
:103D400006E0386807F030F80544B5F5405F17D253
:103D5000B44204F101042146F3D1154D2A684FF60F
:103D6000FF739A4206D0134A134B126803EA882362
:103D70009A4202D3114806F0C5F90120BDE8F0814E
:103D80000B4D38682C60012106F0FCFF094B1860D0
:103D9000E4E704460A4806F0B5F9A668CDE700BF97
:103DA000D06A0020609A00200070FF1FCE6A0020B9
:103DB000F8270020FC27002000FCFF0338F601084C
:103DC000D8F5010808B50021034807F063F8B0FAF8
:103DD00080F0400908BD00BF609A00202DE9F04145
:103DE000DFF84C80D8F80030DBB1104F00210126FD
:103DF000386803684C1C5B6921469847054638685B
:103E000006F0A0FFD8F800300543EDB2012D8CBFBD
:103E1000002606F001069C422146E9D33046BDE863
:103E2000F08101263046BDE8F08100BFD06A002055
:103E3000F827002010B50C4A0C4B12681B7882B092
:103E400000EB020C01910BB1C9430191084A1068C3
:103E5000046801ABE46804226146A047B0FA80F030
:103E6000400902B010BD00BFFC270020CE6A002030
:103E7000D06A002008B5024807F01AF8012008BDF2
:103E8000609A0020154BDFF860C01B6810B50C4627
:103E9000C118DCF8000006F095FF03461048DFF873
:103EA0004CC001220270BFF35B8F0021D3F800E009
:103EB0000C4B8CF800101B78BFF35B8F01709CF8E3
:103EC00000005B4283EA0E0310B91046236010BD68
:103ED0000B468CF800100846236010BDFC2700201C
:103EE000CD6A0020CE6A0020D06A0020CC6A002073
:103EF0004B790BB90120704700B583B00190FEF7F4
:103F00000FFD019B00F02202A3F5F04020380A28A3
:103F100039D8DFE800F00C0F132E2533181C2029A8
:103F200006001AB302F0A0FA002003B000BD02F0B0
:103F3000C5F8F9E722B102F059F9F5E7002AFAD0FD
:103F400002F034F9F0E7DAB102F0CEF9ECE722B191
:103F500002F05AFAE8E7002AFAD002F03BFAE3E767
:103F60004AB102F0A1F9DFE7002ADBD002F08EFAB5
:103F7000DAE7002AF5D002F0A7F9D5E7002AE3D066
:103F800002F0CAF9D0E70120CFE700BF4A7912B1A9
:103F900001221046704700B583B0CDE90002FEF75C
:103FA000BFFC009B019A00F02201A3F5F0404038CD
:103FB0000C285BD8DFE800F01020151A252C3245BC
:103FC000393F4C53070000294BD0009202F04CFAC5
:103FD000009A104603B000BD009202F0CBF9009A9F
:103FE000F7E7009202F06AF8009AF2E759B10092FE
:103FF00002F0FCF8009AECE7009202F087F8009AD1
:10400000E7E70029F3D0009202F0D0F8009AE0E749
:1040100031B1009202F058F9009ADAE70029F8D09D
:10402000009202F041F9009AD3E761B1009202F0E8
:104030005BF9009ACDE769B1009202F0E5F9009AC8
:10404000C7E70029F2D0009202F066F9009AC0E7B3
:104050000029F1D0009202F0BDF9009AB9E70029D9
:10406000B3D0009202F012FA009AB2E70122B0E750
:1040700000B585B010F47F4F0190C0F3072EC0F358
:10408000074235D09DF8040009B12D4B9A5C2D49AB
:1040900000EB40035B00A1FB0313D90901EB810393
:1040A00003EB0313C3EB400303EB4303DBB21EFB41
:1040B00003FCC3F1FF0313FB0EF34FEA2C2CCEF1EC
:1040C000FF0ECCF1FF0C1B121EFB02FE1CFB02FCC0
:1040D000C3F1FF034FEA2E2E4FEA2C2C13FB02F301
:1040E000062928D8DFE801F01509181C212715003A
:1040F00009B1134B9A5C944696465FFA8CFC0020FB
:104100006CF30700D2B262F30F206EF3174005B0D4
:1041100000BD94461A12F0E7F4464FEA232EECE76E
:104120006346F44696461A46E7E711464FEA232CC3
:1041300072468E46E1E76346944672469E46DCE749
:10414000F8FD01088180808084B0012104B0FFF770
:104150008FBF00BF84B001908DF80420019B002028
:10416000DAB262F30700C3F3072262F30F20C3F34E
:10417000074363F3174004B0704700BF84B0303189
:104180000A4B019013F811309B1A8DF80430019BF3
:104190000020DAB262F30700C3F3072262F30F20B4
:1041A000C3F3074363F3174004B07047842600202D
:1041B0000C4B84B003EB4103019093F861309B1AE0
:1041C0008DF80430019B0020DAB262F30700C3F3DC
:1041D000072262F30F20C3F3074363F3174004B0D1
:1041E000704700BF8426002084B0134B019030310B
:1041F000844603EB410013F8113041789A1AA1F17B
:104200002003C1F12001002049B25BB28342B8BF54
:104210000B461A4462448DF80420019BDAB262F323
:104220000700C3F3072262F30F20C3F3074363F3CE
:10423000174004B0704700BF8426002084B003EB11
:1042400043039DF81020019002EB53028DF80420E7
:10425000019B0020DAB262F30700C3F3072262F386
:104260000F20C3F3074363F3174004B0704700BF48
:1042700010B54C4264B249B231EA210128BF21464F
:10428000C1F1380102FB02F211FB012184B01FFAD7
:1042900081FCBCF1010F01903ED9BCF5F75F9DBFD9
:1042A0004FEA5C1E0EF1080E5FFA8EFE4FF0FF0E15
:1042B000012005E0FF2932D00132D0B2704516D876
:1042C00000EB0E01491001FB01F4A4B264450A465B
:1042D000F0D9013A5FFA82FE0EEB0002521002FBA7
:1042E00002F1704589B202D86145F2D8E4E701389D
:1042F00000EB400003448DF80430019B0020DAB24B
:1043000062F30700C3F3072262F30F20C3F30743EE
:1043100063F3174004B010BD0CEB4C00EAE7FD203E
:10432000E8E700BF84B0DFF84CC0019030330CEBFD
:1043300043001CF813304078703B01FB03F3203836
:1043400002FB0032002A9DF80430B8BF7F3203EB35
:10435000E2138DF80430019B0020DAB262F307000B
:10436000C3F3072262F30F20C3F3074363F317403D
:1043700004B070478426002084B0DFF84CC0019060
:1043800030330CEB43001CF813304078703B01FBDA
:1043900003F3203802FB0032002A9DF80430B8BF36
:1043A0003F3203EBA2138DF80430019B0020DAB2F8
:1043B00062F30700C3F3072262F30F20C3F307433E
:1043C00063F3174004B0704784260020FF2928BFFC
:1043D000FF21C943C0F30743C9B284B003FB0111F5
:1043E000091201908DF80610019B0020DAB262F3E9
:1043F0000700C3F3072262F30F20C3F3074363F3FD
:10440000174004B0704700BF84B003EB8303BDF8CE
:10441000102001901A4492B2FF2A28BFFF22C0F355
:104420000743D24353FA82F2FF2A28BFFF228DF8B6
:104430000620019B0020DAB262F30700C3F30722D3
:1044400062F30F20C3F3074363F3174004B07047D0
:1044500084B0482B0190BDF810C0C0F307402ED89F
:10446000ACEB03039BB2FF2B28BFFF23083189B2BB
:10447000102904D902F1080189B2102921D8DB439F
:10448000DBB211491844002A4978B8BF0332FF282B
:1044900001EBA20328BFFF208DF806008DF8043041
:1044A000019B0020DAB262F30700C3F3072262F334
:1044B0000F20C3F3074363F3174004B07047FF2393
:1044C000D4E70023DDE700BF4899002084B0BDF8A1
:1044D00010200190D31A9BB2FF2B28BFFF23DBB221
:1044E00083F0FF0CC0F307426244FF2A28BFFF227B
:1044F00003448DF806208DF80430019B0020DAB2C9
:1045000062F30700C3F3072262F30F20C3F30743EC
:1045100063F3174004B0704784B0BDF810200190D9
:10452000D21A92B2FF2A28BFFF22C0F30743D24318
:1045300053FA82F2FF2A28BFFF228DF80620019B42
:104540000020DAB262F30700C3F3072262F30F2000
:10455000C3F3074363F3174004B0704700B585B059
:10456000C0F3074C01909DF818001B1A6344BAB9B8
:10457000C90FC9015B1ADBB20CFB03331B128DF8A8
:104580000630019B0020DAB262F30700C3F3072272
:1045900062F30F20C3F3074363F3174005B000BD78
:1045A00082EAE270A0EBE27000B2002901EB000E9B
:1045B0000DDB091A490191FBFEF1C1F12001C9B2DD
:1045C0004842C0B231EA220128BF0146D2E7401A70
:1045D0004FEA4E1E9EFBF0FECEF1600E5FFA8EF1AA
:1045E000EEE700BF84B001909AB9C90FC9010B442E
:1045F0008DF80430019B0020DAB262F30700C3F3A8
:10460000072262F30F20C3F3074363F3174004B09C
:10461000704782EAE270A0EBE27000B2002900EB82
:10462000010C0DDB091A490191FBFCF1C1F12001DC
:10463000C9B24842C0B231EA220128BF0146D6E7DA
:10464000401A4FEA4C1C9CFBF0FCCCF1600C5FFA6A
:104650008CF1EEE784B09DF810C00190A3EB0C0341
:104660009AB9C90FC9015B1A8DF80430019B00206B
:10467000DAB262F30700C3F3072262F30F20C3F339
:10468000074363F3174004B0704782EAE270A0EB7F
:10469000E27000B2002900EB010C0DDB091A4901A0
:1046A00091FBFCF1C1F12001C9B24842C0B231EA2C
:1046B000220128BF0146D6E7401A4FEA4C1C9CFB5A
:1046C000F0FCCCF1600C5FFA8CF1EEE75308D209F4
:1046D00084B0194A01901ABF83F0FF0303F00F0C56
:1046E00003F00F0CC3F30113C0F3074102EB4300C7
:1046F00012F81330427818BF0CF1010C12FB0CF2C7
:1047000003EB12135BB2002BB8BF5B425B00DBB262
:1047100001FB03331B128DF80630019B0020DAB237
:1047200062F30700C3F3072262F30F20C3F30743CA
:1047300063F3174004B07047D4FD010884B004B09F
:10474000FFF702BD264B4A78034493F81031134219
:1047500000D1704710B504462248028802EB42237C
:1047600043F2196C02EB8302624402EB422384B0F1
:1047700002EB8303634402EB12228DF808200380CE
:10478000194A019103EB1323C3F34603D2788DF842
:104790000A207F338DF809300298FFF7CFFF019987
:1047A000124BCA781B5D8DF80C00C0F307219A42AA
:1047B000C0F307408DF80D108DF80E0001D004B045
:1047C00010BD0B4A52680192DDF804C0CAB29DF8D0
:1047D0000C10C3B2204604B0BDE81040604700BFD3
:1047E0008426002024280020489900205099002089
:1047F000DCFD01082DE9F04F037803EBC3046400EE
:10480000E4B204F112035FFA83F9B9F1580FCA4612
:1048100028BF4FF0580A544589B080F08F80DFF8E8
:104820006881554B98F804201B88544DCDF814909E
:10483000520802FB033305F20F16C3F3072304915A
:104840000746039305EB440506EB040919F8012F0D
:104850007B781A426AD095F8612095F86010203A6A
:10486000703902FB02FB01FB01BB1FFA8BFBBBF1A2
:10487000010F7BD9BBF5F75F9DBF4FEA5B1E0EF1C1
:10488000080E5FFA8EFE4FF0FF0E01204E4606E046
:10489000BCF1FF0F6DD00133D8B2704519D800EBD1
:1048A0000E0C4FEA6C0C0CFB0CF91FFA89F9D94578
:1048B0006346EDD9013B5FFA83FE00EB0E035B100C
:1048C00003FB03FC70451FFA8CFC02D8DC45F1D8D1
:1048D000E1E7431EB146DBB20398009098F802C0AE
:1048E00098F80100049E40EA0C2098F803C040EAC2
:1048F0000C40B047C0F307238DF81C00C0F30740FD
:104900008DF81D308DF81E000798FFF717FF1C4B20
:10491000FA781B5D8DF81800C0F307219A42C0F3A6
:1049200007408DF819108DF81A000FD00134E3B24A
:104930009A4505F1020589D8DDF81490B9F1570FB1
:104940008CBF0020012009B0BDE8F08F0D4BCAB22A
:104950005E689DF81810C3B220460134B047E3B238
:104960009A4505F102053FF671AFE5E75FFA8BF373
:10497000B2E7B146B0E700BFA89900208426002026
:1049800050990020DCFD0108489900202DE9F04FE6
:10499000047804EBC4046400E4B204F112035FFA87
:1049A00083FEBEF1580FF24628BF4FF0580A544517
:1049B00087B05CD2324B334FB3F80090324D3B7925
:1049C000DFF8CCB0029105F20F165B0803FB0999E2
:1049D00026448046C9F3072905EB4405CDF80CE0D1
:1049E0000196019A12F8011F019298F801201142D4
:1049F0004B4634D0B978787897F803C095F86120A1
:104A0000029E40EA012095F8601040EA0C4070399F
:104A1000203AB047C0F30722C0F307438DF81520B2
:104A20008DF816308DF814000598FFF787FE1BF8F7
:104A3000043098F803208DF81000C0F30721C0F36C
:104A4000074C9A428DF812C08DF8111007D10F4B08
:104A5000CAB25E68C1B25FFA8CF32046B047013437
:104A6000E3B29A4505F10205BBD8DDF80CE0BEF1D2
:104A7000570F8CBF0020012007B0BDE8F08F00BFAA
:104A8000A89900204899002084260020DCFD010818
:104A9000509900202DE9F04F047804EBC404640021
:104AA000E4B204F11203DAB2582A934628BF4FF059
:104AB000580B5C4585B04ED22A4E2B4B96F804809D
:104AC0001B882A4DDFF8ACA001924FEA980808F144
:104AD000020803FB08F8254489460746C8F307285F
:104AE0000095009B13F8010F00937B781842424613
:104AF000E1B22BD0B078737843EA0023F07843EA30
:104B00000040C847C0F30722C0F307438DF80D20CB
:104B10008DF80E308DF80C000398FFF70FFE1AF891
:104B20000430FA788DF80800C0F30721C0F3074C71
:104B30009A428DF80AC08DF8091007D10C4BCAB201
:104B40005D68C1B25FFA8CF32046A8470134E3B236
:104B50009B45C6D8019A572A8CBF0020012005B07A
:104B6000BDE8F08F48990020A899002093270020E5
:104B7000DCFD0108509900202DE9F04F04785D4ECE
:104B800004EBC4046400E4B204F11203DAB25A4B39
:104B90001D8833799B0803FB0555C5F30723582A65
:104BA00003F1400C934628BF4FF0580B1CF0400F08
:104BB00089B04FEA25255FFA8CF740F0948007F022
:104BC0000F0EBC4617F0800F4C4FCCF3011C07EBC7
:104BD0004C0817F81CA098F801C01CFB0EFC0AEB4F
:104BE0001C1A5FFA8AFACAF1000C5FFA8CFC18BF33
:104BF000E24613F0400F4FFA8AFA70D083F0FF0CB0
:104C00000CF00F0E0EF1010E15F0800FCCF3011514
:104C100007EB450C17F815909CF8015015FB0EF5A5
:104C200009EB15195FFA89F9C9F10005EDB218BF52
:104C3000A9465C454FFA89F94AD2314DDFF8C88060
:104C4000039125440746049305920295029810F8B3
:104C500001CF029078781CEA000FE3B24A46514631
:104C600031D0049D7078009596F802C0039D40EA0B
:104C70000C2096F803C040EA0C40A847C0F3072375
:104C80008DF81C00C0F307408DF81D308DF81E0014
:104C90000798FFF753FDC0F30723FA788DF8193012
:104CA00018F804308DF818009A42C0F307408DF8C8
:104CB0001A0008D1134B9DF819205D689DF8181053
:104CC000C3B22046A8470134E3B29B45BED8059A3B
:104CD000572A8CBF0020012009B0BDE8F08F03F0F7
:104CE0000F0E9C4690E787F0FF0C0CF00F0E0EF1B4
:104CF000010E67E748990020A8990020D4FD01081B
:104D000093270020DCFD0108509900202DE9F04F89
:104D1000037803EBC3046400E4B204F11203DAB2D3
:104D2000582A934628BF4FF0580B5C4587B07ED277
:104D3000DFF82481444E98F80430444DDFF81CA17C
:104D400001910133FF2B28BFFF234FF6FF7CBCFBF3
:104D5000F3FC1FFA8CF781462644CDF808C0009773
:104D6000039203E00134E0B283455FD916F8012FC6
:104D700099F801301A42F5D02B78013B180660D41F
:104D8000334A009FDBB21A44E0B202E0013B19064D
:104D900054D412F8011D8142F8D105EB430191F87A
:104DA00019C0897E4CEA0121B942EFD2009798F8E8
:104DB000043098F8022098F803000133FF2B28BF35
:104DC000FF2303FB011198F8013043EA0223C1F3EA
:104DD0000F2143EA0040019B9847C0F307238DF859
:104DE0001400C0F307408DF815308DF816000598B3
:104DF000FFF7A4FC99F803201AF804308DF810008E
:104E0000C0F307219A42C0F307408DF811108DF8C6
:104E10001200A7D10F4BCAB25F689DF81010C3B241
:104E200020460134B847E0B283459FD8039A572AF9
:104E30008CBF0020012007B0BDE8F08F02990097D9
:104E4000B5E70299B3E700BF93270020AC99002093
:104E5000BE990020DCFD01084899002050990020EF
:104E60002DE9F04F0B7803EBC3035B00DBB203F1DA
:104E70001204E4B2582CA44628BF4FF0580C6345E6
:104E80008DB080F0DC80744E744F0890984606F226
:104E90000F1303EB08093B78059106EB48060393D3
:104EA0000994CDF818C0CDF810904546029207E05D
:104EB000069A0135EBB29A4206F1020640F2BE8034
:104EC000049B13F8012F0493059B5B781A42EFD0E3
:104ED000032263490AA809F087FD039A089B9A42B6
:104EE00040F2B4800795029C5E4D984607EB03099B
:104EF0004FF0000B19F8013F96F8612099F808105F
:104F0000521A96F8601002FB02FAC91A01FB01AAB4
:104F10001FFA8AFABAF1010F40F28A80BAF5F75FF8
:104F20009DBF4FEA5A1C0CF1080C5FFA8CFC4FF045
:104F3000FF0C0120CDF808B007E0FF2B7BD00EF16D
:104F4000010E5FFA8EF0604519D800EB0C035B1080
:104F500003FB03FB1FFA8BFBD3459E46EDD90EF1F5
:104F6000FF3E5FFA8EFC00EB0C0E4FEA6E0E0EFB5E
:104F70000EF360459BB202D85345F0D8DFE7431EDD
:104F8000DDF808B0DBB295F804C007EB480E0CF171
:104F9000010C9EF819009EF81AE08DF82AB0BCF1B9
:104FA000FF0F28BF4FF0FF0C40EA0E200CFB000063
:104FB000C0F30F2000900A98A04708F10108039A57
:104FC0008DF828005FFA88F3C0F3074B9A42C0F3CC
:104FD00007208DF82AB08DF829005FFA8BFB89D85D
:104FE000AA46079D02949AF8033003FB0BBB4FEAD5
:104FF0002B238DF82A300A98FFF7A0FB059B8DF82C
:105000002C00DA78184B5B5DC0F307219A42C0F39D
:1050100007408DF82D108DF82E007FF449AF134B0B
:10502000CAB25C689DF82C10C3B22846A0473FE77F
:105030005FFA8AF3A7E7DDF808B0A4E7099C572CCC
:105040008CBF002001200DB0BDE8F08FDFF814A068
:105050004FF0000BC7E700BF84260020AC9900206A
:10506000499900204899002050990020DCFD010852
:105070002DE9F04F0478254A04EBC4046400E4B23F
:105080005378917804F1120906465FFA89F9D078CD
:105090004F4643EA012383B0582F43EA004028BF1C
:1050A0005827FFF74BFBBC42C0F307238DF80400E1
:1050B000C0F307408DF805308DF806001ED2144D60
:1050C000DFF85080DFF850A005EB040B1BF8012F30
:1050D00073781A420ED018F80430F2789A4209D147
:1050E000DAF804509DF806309DF805209DF804106C
:1050F0002046A8470134E3B29F42E7D8B9F1570FE1
:105100008CBF0020012003B0BDE8F08F489900203B
:105110009327002050990020DCFD01080149FFF78A
:10512000B9BC00BFCD4601080149FFF763BB00BF12
:105130005D4501080149FFF7ADBC00BF55410108BD
:105140000149FFF7A7BC00BF7D4101080149FFF7F6
:10515000A1BC00BFB14101080149FFF79BBC00BFE2
:10516000E94101080149FFF745BB00BF3D42010885
:105170000149FFF70BBC00BF714201080149FFF76D
:1051800005BC00BFE54501080149FFF733BB00BF7F
:10519000554601080149FFF7EFBC00BF2543010850
:1051A0000149FFF7E9BC00BF794301082DE9F0414F
:1051B0000478C278817882B00546002C3AD1394B08
:1051C0001879394B1030FF281B8828BFFF2000FBBF
:1051D00003331B1203EB430000EB001000EB002035
:1051E00003EB80039BB243F2333083423FD82F4816
:1051F0002F4F038803EB432603EB860303F5585335
:105200001933038003EB1323DBB203EB830003EBBF
:105210004000400927F81200B84600293BD001277A
:105220001226204601342946E4B2FFF78BFAB44235
:10523000F7D315E004EBC4046400E4B204F11203F4
:10524000DBB2582B1E4628BF5826572B8CBF002791
:10525000012749B9164B33F81200844298460ED9FB
:10526000384602B0BDE8F081B442DAD3F8E700294D
:10527000D5D10F4B33F81200984601271226B042C1
:10528000EED22946C0B20192FFF75CFA019A592387
:1052900028F81230E4E71226B0424FF00107DFD2BF
:1052A000EFE700BF48990020A8990020242800209B
:1052B00008280020024B00200021C3E900017047AC
:1052C000D86B0020F0B50378C67883B00446002B75
:1052D00063D0564D2A78002A55D1554A00211170C5
:1052E000544D35F8162003EBC3035B00DBB203F12A
:1052F00012069342F6B240D8582E334628BF5823A0
:1053000093423AD94C4B1344627893F810311342CC
:1053100033D04A490B8803EB432203EB820343F269
:105320001960034403EB132292070B8063D500231B
:10533000ADF800308DF802300098FFF7FFF9C0F3A8
:1053400007238DF80530E3788DF80400C0F307409B
:105350003B4A8DF8060035F81300125C9A4209D1D9
:10536000384B9DF805205F689DF804109DF80630C5
:10537000B847E378592225F81320572E8CBF002018
:10538000012003B0F0BD03F0F9FB2F4B002243F8DE
:1053900026002A702378E6789FE7254A012303FA3E
:1053A00006F0137803431370274B53F8260003F0DD
:1053B00087FB264AE67812792378C2F5A0728242EA
:1053C0008ED21E48194902881A4D4FF001070F70FE
:1053D00002EB422102EB810202F55852193202809F
:1053E00002EB1222D2B202EB820102EB410252091D
:1053F00025F8162077E703EB432203EB82030344EF
:1054000003EB432203EB820202440A8002EB1222E6
:1054100003EB1323C2F346028DF8003002F17F0341
:105420008DF80130094BDB7884E700BFD76A002094
:10543000D86A002004280020842600202428002088
:1054400050990020DCFD0108D86B0020489900200D
:105450002DE9F04F4E4E06EB001387B013F801A074
:10546000BAF1FF0F76D04B4A02EB00138C460B4487
:105470000AF1300A8146059306EB4A0B3446114681
:10548000002560468C46A64600275FFA85F8029103
:10549000039404951EF8011BFF294CD0C8455CD02D
:1054A000303106EB410316F811105C789BF801309F
:1054B0001B1B16F81A4003FB03F3641A04FB0434A5
:1054C000A4B2012C59D9B4F5F75F9DBF6109083129
:1054D000C9B2FF210123019705E0FF2D4FD0013212
:1054E000D3B28B4213D85D186D1005FB05F7BFB220
:1054F000A7422A46F1D9013AD1B2CA18521002FB8A
:1055000002F58B42ADB202D8A542F4D8E7E7013BE1
:10551000DBB2282B019F0ED8A3F1180110292CD83B
:10552000C3F128039CF800100B449BB2FF2B28BF4B
:10553000FF238CF800300137FFB2102F0CF1010C63
:10554000A8D102A932C90135062D04F1100401F1D8
:10555000100197D107B0BDE8F08FB842A0D1059AED
:10556000137801372033FF2BFFB228BFFF23102F02
:1055700013700CF1010C8DD1E3E71023D2E7019FEA
:105580000137FFB2102F0CF1010C83D1D9E700BF16
:1055900084260020106B00200149FFF7B7BB00BF35
:1055A000CD4301080146024A0020FFF759BC00BF65
:1055B000094401080146024A0020FFF751BC00BF20
:1055C00051440108044B054A1B78013B23EAE3736D
:1055D0000146D8B2FFF744BCAC990020CD44010885
:1055E000044B054A1B78013B23EAE3730146D8B21A
:1055F000FFF736BCAC99002019450108F8F77AB9D5
:10560000F8F7FEB908B50348FDF73EFB024B002250
:105610001A7008BD48990020D96A002009480A4933
:1056200008B51523032200F8013B09F0DDF9054810
:105630004FF67F738380FDF727FB044B00221A701F
:1056400008BD00BF4899002044F50108D96A002030
:105650000020704730B583B0044601911546FFF72E
:10566000F7FF064B019903EB04135B5CFF2B02D0A1
:10567000421C2B54D0B203B030BD00BF84260020A2
:10568000704700BF2DE9F04F037803EBC3077F009D
:10569000FFB207F11202D5B289B082780290582D7C
:1056A000AB4628BF4FF0580B002A40F0A880002BD3
:1056B00000F08F80674B0493674E0595D946DFF85D
:1056C000B8B14FF00008A6F1100AA6F110045D462B
:1056D000CDF80CB0019614F8013BBB425BD34B45AF
:1056E0000AEB030108F1010255D2029E91F8101154
:1056F000737819425FFA82F84DD095F800B0ABF19B
:1057000055026FF05501002AA8BF8B1A534AB8BF43
:105710000B468DF8183093788DF819300BF1AA03E9
:10572000FF2B28BFFF2303EB4303D2780233DBB206
:1057300002FB03331B128DF81A300698FEF7FEFFAA
:10574000474B14F8012C96F803C0995C8DF81C00A7
:10575000C0F307238DF81D308C45C0F307438DF847
:105760001E3009D13F4B9DF81C105E689DF81E301D
:1057700010469DF81D20B0473B4B1B785BB1029B48
:105780001A78049B1B780BF1FF3B2BEAEB7B9A42C8
:1057900018BF85F800B0019BA34205F101059AD11D
:1057A0001E46324BDDF80CB0B34206D0B8F1110FF3
:1057B00006F110060BF1100B87D9059D029B049A88
:1057C0001B781370572D8CBF0020012009B0BDE855
:1057D000F08F204B04931B78002B3FF46DAF244CCB
:1057E000208803F065F9204B18288CBF0122002285
:1057F0001A707FF661AF03F0FBF920805CE71D4E65
:1058000090F80380DFF85CA001956FF48779A9EB2D
:10581000060906F20F1406F2671601E0B44210D032
:10582000204614F8013FB8EB131FF7D14844DAF8CB
:105830000450FFF725FF00231A461946A847B44233
:10584000EED10D48019D6022002109F081F8029BF4
:105850001B782CE7D66A0020942600204899002067
:1058600050990020DCFD0108D06B0020E4260020C8
:10587000D26B002084260020106B00202DE9F04F11
:105880000178DFF8F4A24A1C02EBC20289B0520090
:10589000D2B29AF803500592827883462B467AB9A1
:1058A000002900F0F280DFF8D4A201238AF800304A
:1058B000059B572B8CBF0020012009B0BDE8F08F5D
:1058C000A54EC778DFF8A49200956FF48778A8EB0F
:1058D000060806F20F14019506F2671601E0B442BD
:1058E00010D0204614F8013FB7EB131FF7D1404406
:1058F000D9F80450FFF7C4FE00231A461946A847FA
:10590000B442EED1954E019B009D0396602200218A
:105910003046009309F01CF8914A002111709BF861
:105920000020002ABFD19AF80340009BA54201D075
:1059300000F281802546DFF844A203EB43099AF880
:105940000000FF21B1FBF3F304934FEAA903029394
:105950004FEA990218B183490B7801330B70DFF8D5
:10596000F891DFF8F8C100959046039BCDF804C08C
:10597000ACEB0307FFB266460024E5B280B1784B7A
:105980001B782B4378D0337853B1009A934207D2D7
:10599000744A049912788A4204BF03F1FF333370CA
:1059A000284606AA3946FFF753FE230119F80330AB
:1059B000FF2B04D00DEB000201301376C0B2C0B152
:1059C00032789DF81800684B9BF803101B5C424529
:1059D00043D999420DD1654B02995D68009B521ADB
:1059E0005B1A01FB02F292FBF3F2D3B21946009A62
:1059F000A8470134062C9AF8000006F11006BCD125
:105A0000DDF804C05A4B0CF1010C634509F10109A2
:105A1000ABD1009D68B1534B049A1978914204BFF1
:105A2000002119704E490B780133DBB21C2B2FD8A3
:105A30000B7000233AE706F160007036A0F16001B8
:105A40000A7812FB04F2B2FBF5F201F8102B88423F
:105A5000F6D10130B042F1D16CE79942C9D1009B37
:105A600013FB02F2029BB2FBF3F2404B5D68002392
:105A7000D2B21946A847BCE708F0DCFE3D4B98427D
:105A800081DCDDE900231A708AE7344A039252E789
:105A900000230B70039B4FF04F086FF03F0C052461
:105AA00003F15001A3F10F0703F1600E05F1FF3977
:105AB0005246052C084607EB0803164620D102780B
:105AC000AA4232D013F8012B95420ED901308645F7
:105AD000F5D1013C14F0FF0432460CF1100CA8F192
:105AE0001008E6D1B246A4E7009C03F8019C0130FF
:105AF0000CEB0302864502F80850EAD0052CDED0F4
:105B000002469A4600949AF800400133AC4202F1F2
:105B1000010003EB0C0B12D3704503F8019C024605
:105B20000BF8085016D09A46EDE780F8009013F86D
:105B3000012B9542D9D901307045C0D1C9E77045D4
:105B400002F1020206D01C78AC420AF10203CBD269
:105B50007245E8D1009CBCE784260020706B0020D1
:105B6000D56A0020D46A002050990020DCFD01088D
:105B7000806B0020545555054899002000280020CE
:105B800010B5DFF824C084B0DCF804400391029221
:105B90000193FFF775FD019B029A0399A44604B097
:105BA000BDE81040604700BFDCFD0108014B9B6869
:105BB000184700BFDCFD01088C4611461A460A4B07
:105BC00013F80C30834200D0704700B5074883B00B
:105BD000406801909DF810306046DDF804C003B0C5
:105BE0005DF804EB604700BF50990020DCFD010820
:105BF0002DE9F04F87B0804689461546FDF7A4F899
:105C000050B165B9494B1A78082A00F282802A46B9
:105C100049464046F8F7F0F807B0BDE8F08F04AA0F
:105C200049464046FFF714FDDFF80CE10EEB081380
:105C3000044613F80930FF2B04D00DEB00020134A9
:105C40001374E4B2394B1A782244082A2ADCF4B1DE
:105C50001A781444E7B20DF10F060024981816F8CC
:105C6000011F417401F1300C03EB420101324C760B
:105C70008C760EEB4C01D2B21EF81CC0497880F82D
:105C800001C0BA424172E9D11A70002DBFD0284B31
:105C90001B7803F0FC03402BB9D149464046FFF77F
:105CA000D7FBB4E7C4F10807620002F1190B7A00D0
:105CB000009204F11102611C04F1090A0192029799
:105CC0001C4E039319443A46304608F08DFE039B60
:105CD0003A4603EB0A0106F1080008F085FE039B33
:105CE000009A009303EB0B0106F1180008F07CFE0C
:105CF000DDE900133A46194406F1100008F074FE7D
:105D0000029B06F8013C002CBFD0DFF82CE0009B82
:105D10009EE7082710201122CDE9000202974FF0DC
:105D2000190B4FF0090A01212C46C9E7DC6A002053
:105D300048990020DD6A002084260020704700BFBB
:105D400070B5764B1B78834284B0054636D0744CD0
:105D50007448012358220021A37008F0F9FD08229D
:105D60000DEB02001721FDF777FD6F4B0193032226
:105D7000581C0DF1090108F037FE019B9DF80C201D
:105D80001A715B7962789A4206D068496370002282
:105D90008B68104611469847182D00F2B780DFE84F
:105DA00005F098948F8A85807B76716C67625D5868
:105DB000545038342F29473C4D251A005A4B5C4922
:105DC0001A780978564C02F003028A420CBF00226E
:105DD0000122A270D5E75248F7F712FE237801336B
:105DE0002370002800F0898004B070BD4C48F7F79C
:105DF00081FDF3E74F4A4A490020FFF731F8EDE70C
:105E00004D494748FEF782FFE8E74548FFF736FD72
:105E1000E4E74348FFF736FCE0E7484B484A187888
:105E20003F49013820EAE070C0B2FFF719F8D5E722
:105E3000444A3B490020FFF713F8CFE73F4B424A63
:105E4000EDE73748FFF73EFAC8E73548FFF7AEF908
:105E5000C4E73E493248FEF78FFEBFE73C49304871
:105E6000FEF78AFEBAE73B492D48FEF7C3FCB5E7CB
:105E700039492B48FEF78AFDB0E738492848FEF734
:105E800085FDABE736492648FEF7B4FCA6E7354961
:105E90002348FEF7FFFDA1E733492148FEF7FAFD4D
:105EA0009CE732491E48FEF7F5FD97E730491C484C
:105EB000FEF7F0FD92E72F491948FEF79BFC8DE7AE
:105EC0002D491748FEF7E6FD88E71548FFF7D0F89B
:105ED00084E7A378B3B1154B00229B6811461046A6
:105EE0009847F7F7E7F92378A2780133237022B9AE
:105EF000224B03221A7004B070BD204B02221A708C
:105F000004B070BD237801332370F1E723781B4A76
:105F1000013302212370117066E700BF18280020AA
:105F2000142800205099002048990020DCFD010829
:105F30001928002009440108CD430108AC9900202C
:105F4000CD4401085144010819450108794301086D
:105F50002543010855460108E5450108714201083D
:105F60003D420108E9410108B14101087D410108B4
:105F7000554101085D450108CD4601081028002063
:105F8000012070470120704700EBC0004300DBB2E6
:105F900003F11202002063F30700D3B2582B28BF8D
:105FA000582382B063F30F2002B07047012070477E
:105FB0000120704708B5FFF7FBFF08BD174B70B510
:105FC0001B68174D174E9847174800241022FF21D1
:105FD00000F8194B08F0BCFC14481022FF2100F80F
:105FE000194B08F0B5FC012328463370FCF74AFE34
:105FF0002B783470032B00D970BD2846152300F888
:10600000013B0B49032208F0EFFC4FF67F73284653
:10601000AB80FCF739FE347070BD00BFDCFD0108B9
:1060200048990020D96A0020AC990020DC6A002041
:1060300044F5010838B51C4C237803F0030282F0C4
:10604000010262F301032370184B00210546197009
:1060500010BB2378164813F0030F4FF003024FF0E4
:10606000180118D094F803C00CF11003BCF12F0FE5
:10607000DBB210D8E37015B1FDF7F4FBE9E72F2B85
:1060800009D80CF120020CF13003D2B2DBB22F2A76
:1060900098BF1A46E27038BD217801F0FC01172044
:1060A0001143FDF75DFBD4E748990020102800203C
:1060B000499900200020FFF7BDBF00BF0120FFF776
:1060C000B9BF00BF10B50F4C237813F0030304BF12
:1060D0000D4A13702278E378012161F301022270E6
:1060E0002F2B09D8207810F0030003F1100304D0FF
:1060F000DBB22F2BE370F5D910BDFFF79BFFE378E0
:10610000EEE700BF4899002010280020094A1378C4
:106110009B0702D0084B00211970137823F003036A
:10612000C3F385018900172001F0FC011370FDF70E
:1061300017BB00BF4899002010280020054B1A7893
:10614000920702D0044A002111701A7822F003024B
:106150001A7070474899002010280020024B1878C8
:1061600000F00300704700BF489900200A4B1A78DE
:10617000920708D040B901201A78084960F38702D5
:1061800000201A7008707047182801D91820F3E70A
:1061900000F03F00F0E700BF4899002010280020E1
:1061A000014B18788008704748990020DFF838C004
:1061B0009CF8002093080133192B28BF0123910775
:1061C0000ED063F3870202F0030141EA83018CF8E9
:1061D0000020044A0023C9B217201370FDF7C0BA8B
:1061E000704700BF1028002048990020114802780D
:1061F000C2F38503013B13F0FF0302F0030211D148
:10620000BAB160214FF0180C03780B4A6CF3870386
:10621000037003F003031943C9B20023172013705E
:10622000FDF79EBA2AB1182BEBD803F03F0C99006A
:10623000EAE770474899002010280020044B93F8A3
:1062400000C01CF0030F02D058709970DA707047CC
:106250004899002000B583B00949032201A808F03D
:10626000C3FB9DF804109DF805209DF80630002022
:1062700061F3070062F30F2063F3174003B000BD22
:1062800049990020014B5878704700BF4899002079
:10629000014B9878704700BF48990020014BD8788F
:1062A000704700BF48990020064803789B0707D035
:1062B0004378083300F8013F03221821FDF7D2BAD2
:1062C000704700BF48990020064803789B0707D015
:1062D0004378083B00F8013F03221821FDF7C2BABA
:1062E000704700BF489900200A4B1A7892070FD0D8
:1062F00093F802C00CF1100CBCF1FF0F28BF4FF057
:10630000FF0C03221821581C83F802C0FDF7AABA1B
:10631000704700BF48990020084B1A7892070CD0AC
:1063200093F802C0ACF1100C2CEAEC7C032218218B
:10633000581C83F802C0FDF795BA704748990020B1
:10634000DFF82CC09CF800309B0709D09CF8033084
:106350001033FF2B28BFFF238CF8033010B9704790
:10636000FFF768BE032218210CF10100FDF77ABA8D
:106370004899002010B5154C237813F0030304BF8F
:10638000134A13702378E278012161F301032F2A65
:10639000237008D80020FFF7D3FFE3782F2BF9D91B
:1063A000217801F00301237803F0FC03194317203F
:1063B000C9B2FDF7D5F9E3782F2B05D80120FFF7F7
:1063C000BFFFE3782F2BF9D910BD00BF48990020FB
:1063D000102800200B4B1A7892070FD093F803C0B7
:1063E0000CF1100CBCF1FF0F28BF4FF0FF0C032283
:1063F0001821581C83F803C0FDF734BA0120FFF7B9
:1064000019BE00BF4899002008B50F4B1A789107B4
:1064100013D093F803C0ACF1100C03222CEAEC7CEF
:10642000581C182183F803C0FDF71CFA064B1A7894
:10643000920702D0DB78302B00D908BDBDE80840B8
:106440000120FFF7F7BD00BF48990020024B1A78E2
:10645000920718BF1871704748990020014B1879AE
:10646000704700BF48990020074B1A78920709D05F
:1064700019791031FF2928BFFF21C9B21B201971DA
:10648000FDF76EB9704700BF48990020064B1A7897
:10649000920708D01979103921EAE171C9B21B209D
:1064A0001971FDF75DB9704748990020014B1860DC
:1064B000704700BF0C280020FCF71ABC08B5034B3E
:1064C0001B699847024B01221A7008BDDCFD0108C8
:1064D0000C6B002008B5034B5B699847024B002208
:1064E0001A7008BDDCFD01080C6B0020014B187808
:1064F000704700BF0C6B0020114B12491B78124AE9
:1065000070B5124C124E1070C3F301030B70237858
:1065100005461BB17369984700232370F3689847B9
:106520000DB923781BB10B4B03221A7070BDF9F71C
:106530009FFE0028F7D03369984701232370F2E7C4
:106540004899002019280020182800200C6B0020F2
:10655000DCFD0108102800202DE9F041544D286889
:1065600002F0AEFA044602F009FBDFF85CE12860B5
:106570009EF8007027B3C4F57F4C00210CF1FF0C8E
:106580003E46884606E023440131180A8E42537085
:10659000907010D001F10C020EEB4202537890780B
:1065A00043EA00236345EED901318E4207F1FF37FC
:1065B0004FF00108EED1B8F1000F01D08EF8007055
:1065C0003C4B1B78002B2ED03B4C2378032B10D850
:1065D000DFE803F002441117384A394B2D68394877
:1065E0001D60002111703849292208F0FDF90123AE
:1065F0002370BDE8F08100263046BDE8F041FFF78A
:106600007BBF324D2B7823B13148FCF73DFB002393
:106610002B702B4B186802F053FA0F28E9D900238E
:106620002370BDE8F081FCF75DFB2A4B1B689842A4
:10663000CAD8274B1E78B307C6D01F4C2378B6089C
:10664000032BD6D801A252F823F000BFD965010868
:1066500067660108F965010803660108BDE8F041B5
:106660000020FFF76DBB3046FFF76AFB002EC0D05D
:106670002378022B16D0114B1B78013B03EBC3038D
:106680005C00E4B204F11205EDB2582D28BF582584
:1066900029462046FFF78AFC29462046FFF78AFC58
:1066A000BDE8F081FFF76CFCF5F750FDE3E700BFB4
:1066B000086B00200D6B00201028002014280020FB
:1066C000A8990020AC990020DC6A0020D96A00203B
:1066D000489900200C2800200A4A034608B1107887
:1066E00008B11370704700B585B003930292019012
:1066F000FFF726FB0198FFF7FFFE039B029A13703A
:1067000005B000BD0D6B0020F0B583B001289DF8E9
:10671000204003D90023184603B0F0BD1F46124B9A
:106720001646002253F820000D461023114602F0B1
:10673000B9FBB0B1019005F00F010C4841F0200108
:1067400001700221467002F0BFFB50B92146384665
:1067500002F0BAFB28B902F0C1FB019B184603B056
:10676000F0BD02F0BBFBD5E71C280020E06B002049
:106770002DE9F041434C064654F82000012500F075
:106780000F01BCB005FA01F12A4620F00F0006F017
:1067900047F854F8263023F00F0203F00F030024CB
:1067A00005FA03F3138303210CAB22460095304610
:1067B0008DF83040FFF7A8FFAA2303278DF830306B
:1067C00000950CAB132203213046FFF79DFF0CAB65
:1067D00039460095142230464FF004088DF8307089
:1067E000FFF792FF0CAB39460095152230468DF825
:1067F0003080FFF789FF40238DF8303039460CABED
:10680000009516223046FFF77FFF0CAB3946009506
:106810001A2230468DF83040FFF776FF182206AB7B
:106820000092214622463046CDE90644CDE908448F
:10683000CDE90A44FFF768FF2146C0220CA808F002
:1068400087F8C02200920CAB224629463046FFF75B
:106850005BFF0D4A07CA0C2300936B4483E80700D3
:10686000414622463046FFF74FFF00950DF10B03DE
:106870002246394630468DF80B50FFF745FF3CB0B5
:10688000BDE8F0811C28002074F60108572822D8A2
:1068900070B5DFF858E0144C1D461EF820300EEBA2
:1068A000800003F0030EDA2390F801C003FB0E43CF
:1068B0008478C078064613F80C0088420CD00A4849
:1068C000DA2303FB0E00012300F80C100255855556
:1068D00080F8C03070BD7047185D9042EFD19B5D6D
:1068E000AB42ECD1F6E700BFE86B002068F9010885
:1068F0002DE9F04FDFF870801A4C81468A469346A6
:10690000C4464FF0000EDA200CE003F80290BEF10E
:10691000580F4FF0010203F806A083F8C02003F8D7
:1069200007B01CD018F82E309CF801209CF80260AB
:106930009CF8037003F0030300FB03410EF1010E0A
:106940008D5C4D450B460CF1040CDED18D5D55453B
:10695000DBD1C95D5945D8D1BEF1580FE2D1BDE8B0
:10696000F08F00BFE86B002068F901082DE9F043C3
:106970002B4D05EB800415F820C02A4894F803E05D
:106980009046994662780CF0030CDA2303FB0C0363
:1069900003EBD203012793F8C160A37802F0070448
:1069A000A74003F007050EF0070479B33E43DA2150
:1069B00001FB0C0101EBD20201EBD30182F8C160B3
:1069C00091F8C1200121A940B8F1000F24D042EA7A
:1069D0000105DA2202FB0C0202EBD30102EBDE021C
:1069E00081F8C15092F8C1300122A240B9F1000FE4
:1069F0000FD01343DA2202FB0C0000EBDE0E012263
:106A00008EF8C13080F8D920BDE8F08326EA070669
:106A1000CDE723EA0203EDE722EA0105D9E700BF4B
:106A200068F90108E86B002030B5802183B0184870
:106A3000012205F0F5FE164A8023138302F050F977
:106A40000020FFF795FE0120FFF792FE00240123AE
:106A5000E0B21A4619460134FFF788FF582CF6D1E8
:106A60000C4C0025237E43B96B1C022B04F1DA0485
:106A70004FF00105F6D103B030BD1823002200937A
:106A8000114623462846FFF73FFE00232376EBE717
:106A900000040240A96C00200C4A002302F1C0004F
:106AA00012F8011F82420B44FAD1094A02F1C000D8
:106AB00012F8011F90420B44FAD107EE903A9FED75
:106AC000050AF8EE677A87EE800A7047E76B0020C8
:106AD000C16C0020007C834710B50E4B84B00024AD
:106AE00093F8C02042B9621C022A03F1DA034FF086
:106AF0000104F5D104B010BDC02200920121002292
:106B000020460393FFF700FE039B002283F8C0207A
:106B1000E9E700BFE86B0020014B80225A837047F1
:106B200000040240014B80221A8370470004024097
:106B300001F0A0BDF0B586461C4643189E451046A0
:106B4000214633D200241EF8012B4240CD004FEAEB
:106B5000C20C1CEB020C45EA527541EB05061CEB1E
:106B60000C004FEA41154FEA421C764145EAD265D6
:106B70001CEB000C45EB0605D701CE011CEB020C0B
:106B800041EB050510021CEB070C4FEA012146EA18
:106B9000526645EB060541EA12611CEB000C45EB21
:106BA0000105411914EB0C007345CCD1F0BD00BFB9
:106BB00008B5A0F5E8433F2B06D84B79C0B22BB9F6
:106BC00000F066F8002008BD012008BD00F044F880
:106BD000F8E700BF704700BF052806D8044B00EB5C
:106BE000400003EB8003D88870470020704700BF47
:106BF0004824002010B500EB4004FFF7EDFF0E4ADB
:106C000002EB840203B2D18890885B1AA3EBC31312
:106C1000401A93FBF0F0002804DD10895B42401A13
:106C200093FBF0F06FF07E039842B8BF18467F28C0
:106C3000A8BF7F2000B210BD48240020054808B539
:106C4000837B03B908BD01F0E7FC0248002383738E
:106C500008BD00BF9C6D00200F2800D9704708B503
:106C60000A4AC1084FF0010C00F0070382F80EC079
:106C70000CFA03F312F801C0104643EA0C03535414
:106C800001F0CAFC014A0023937308BD9C6D0020EB
:106C90000F2800D9704708B50A4A4FEAD00C0121E5
:106CA00000F00703917301FA03F312F80C10104679
:106CB00021EA030302F80C3001F0AEFC014A002384
:106CC000937308BD9C6D00202DE9F843124FDFF847
:106CD0004C9000253E462C464FF0010859F82530CF
:106CE0000133E0B208D0FFF785FFB6F902308342E6
:106CF0001CBF708087F80E800134062C05F1030557
:106D000006F10206EAD1BB7B23B1034801F084FC03
:106D10000023BB73BDE8F8839C6D0020482400204D
:106D2000052809D8054B03EB4000B0F902208A4240
:106D300002D0012241809A73704700BF9C6D0020F1
:106D400070B50024074E254656F824300133E8B2CA
:106D500001D0FFF73FFF0334122C05F10105F3D1F9
:106D600070BD00BF48240020FFF7AEBFFBF774BF23
:106D700008B50020FCF750FC00F0010008BD00BF82
:106D800008B5FCF76DFC40F6B83003F0A3FCFCF747
:106D900067FCFFF7EDFF00B908BDFFF7E7FFBDE8AF
:106DA000084001F057BF00BF08B5FFF7E9FF08BD75
:106DB0000120704708B5FFF7FBFF08BD0E4B0F4AD7
:106DC0001B6910B50E4C6FEA133394F800C003F042
:106DD00001018C4582B00B46117000D148B10020F2
:106DE0000193FAF7AFF90198FFF7E4FF034A13782C
:106DF000237002B010BD00BF00040240B06D00203F
:106E0000AC6D002008B5054820224FF4805105F0F4
:106E100007FDBDE808400120FFF7D0BF0004024095
:106E20000E4B0F4A186992F800C010B56FEA103087
:106E300000F001010B4C8C4582B0217001D102B0F1
:106E400010BD00200191FAF77DF90198FFF7B2FF1C
:106E50002378034A137002B010BD00BF0004024043
:106E6000AC6D0020B06D002010B5044682B0006803
:106E70000DF10702012100F00BF923689DF80700CE
:106E80000133236002B010BD0420704700F082B8C7
:106E900000F0A2B82DE9F84300F078F84FF00009AF
:106EA0005FFA89F74FF000085FFA88F60024E2B233
:106EB00031463846FAF7E8F9E2B203463146384639
:106EC000013400F089F8102CF1D108F10108B8F173
:106ED000060FE9D109F10109B9F1040FE0D1BDE8CC
:106EE000F88300BF00F09AB800F0B4B8032803D8C4
:106EF000052901D80F2A01D90020704700F04AB8AF
:106F00001020704708B500F0BFF880B208BD00BF80
:106F100000F0BEB800F0DEB808B500F039F8BDE802
:106F2000084000F0FBB800BF0F2800D9704770B5CB
:106F300082B0054600F0A8F8012101AA013800F04E
:106F4000A7F89DF80440D4B900F09EF80646C5B1F4
:106F5000A64201AA4FF00101204610D000F098F897
:106F60009DF804306A1E0134002BF1D112F0FF05A8
:106F7000EED105480194002201A900F0C1FE02B043
:106F800070BD2C46F5E700BF696E0108704700BF71
:106F9000704700BF03281CD805291AD80F2A18D813
:106FA00010B5520002EB41124FF0C00382B010FB4B
:106FB000032303F622500193FCF7A4FB019B044634
:106FC00003F62350FCF79EFB40EA042080B202B097
:106FD00010BD0020704700BF03281DD805291BD80D
:106FE0000F2A19D800B5520002EB41124FF0C00130
:106FF00083B010FB012202F62250190A009201937D
:10700000FCF7D6FB009A9DF8041002F6235003B05B
:107010005DF804EBFCF7CCBB704700BFC1B1F8B51D
:1070200000F6225714465618851ABF1A04E00020AD
:1070300004F8010BB4420AD06319B3F5407FF6D2CD
:10704000E019FCF75FFB04F8010BB442F4D1F8BD82
:10705000704700BFB1B1F8B500F622571446561874
:10706000851ABF1A02E00134B4420AD06319B3F59D
:10707000407FF8D22178E0190134FCF799FBB44243
:10708000F4D1F8BD704700BF40F2DE70704700BF1A
:10709000F1B12DE9F84300F581560236002481460E
:1070A00088461546B61A234640F2DD7707E00020F1
:1070B0000134A4B2444505F8010B234606D24B44E3
:1070C000BB42F4D8A819FCF71DFBF1E7BDE8F88333
:1070D000704700BF09B32DE9F84300F5815808F166
:1070E0000208002407460E461546A8EB0208234670
:1070F00040F2DD7906E00134A4B2B44205F10105A5
:10710000234608D23B444B45F5D8297805EB0800C7
:10711000FCF74EFBEFE7BDE8F8837047F0B50023BE
:1071200085B0CDE90033CDE902337E2740F2DE762B
:1071300041F22205102E344628BF1024294622464B
:107140006846FCF719FB013F2544A6EB0406F1D184
:1071500005B0F0BD47F61643984201D001207047B4
:1071600000B583B00191FBF7DBFB01994B7983B14B
:1071700000F0AA0000280B4B13BF01220022292097
:1071800035201A7001F060FBFBF7BCFC002003B057
:1071900000BD044B1B78002B0CBF2920352001F0CB
:1071A00071FBF1E7B16D00204B7933B1A0F5E042FE
:1071B00091B2222904D91846704701231846704716
:1071C00000B583B094480192FBF758FD019A501E18
:1071D000212800F21A81DFE810F0120108010201F3
:1071E000FC00F600F000EA00E400DE00D800CE006B
:1071F000C800C200BC00B600AC00A4009C00900017
:107200008A008400770071006B0065005F00590000
:1072100053004800440040003A00340022007E49F8
:107220004B78C3F3C00282F0010262F3C3034B70D8
:107230007948FBF725FDFAF74BFE0023184603B00B
:1072400000BD754A537823F008035370F0E7724A83
:10725000537843F008035370EAE70020FBF716FD6C
:10726000E6E70120FBF712FDE2E76B494B78DA43D2
:1072700002F0010262F3000362F341034B70D7E7AF
:10728000654A537823F003035370D1E7624A537879
:1072900043F003035370CBE75F4A537823F00203B4
:1072A0005370C5E75C4A537843F002035370BFE75D
:1072B000594A537823F001035370B9E7564A53787B
:1072C00043F001035370B3E753490B78C3F38002D3
:1072D00082F00102D2B262F3820362F3C3030B7045
:1072E000A6E74D4A137823F00C031370A0E74A4A2F
:1072F000137843F00C0313709AE7FAF7E9FD464957
:107300000B78C3F3C01282F0010262F3C7130B7053
:107310008EE7FAF7DDFD404A137823F080031370FF
:1073200086E7FAF7D5FD3C4A137843F080031370E3
:107330007EE739490B78C3F3801282F0010262F3D1
:1073400086130B7074E7344A137823F040031370EC
:107350006EE7314A137843F04003137068E72E4A12
:10736000137823F02003137062E72B4A137843F05D
:10737000200313705CE728490B78C3F3001282F0F6
:10738000010262F304130B7052E7234A137843F0AF
:10739000100313704CE7204A137823F01003137086
:1073A00046E71D4A137823F00803137040E71A4A92
:1073B000137843F0080313703AE7174A137823F061
:1073C0000403137034E7144A137843F00403137072
:1073D0002EE7114A137843F00203137028E70E4A90
:1073E000137823F00203137022E70B490B78C3F3E1
:1073F000000282F0010262F300030B7018E7064AF4
:10740000137823F00103137012E7034A137843F053
:10741000010313700CE700BF28990020184B1B785C
:10742000D90707D5174B187840007F2809D850B9DD
:10743000012070479A0708D5124B187880007F28E2
:10744000F5D97F207047C0B270475B070AD40E4B56
:107450001B785BB10D4A0B4912780878934207D329
:10746000C000E2E7074B1878C000DEE7082070474D
:1074700010FB03F0C000B0FBF2F080B2D5E700BF14
:10748000B86D00202B280020B76D00202A2800208E
:10749000144B1B78D90705D5134B1878800840B9D1
:1074A000012070479A0706D50F4B1878400800282E
:1074B000F6D0C0B270475B0711D40C4B1B78002B81
:1074C000EED00B4A08491278087893423CBF10FB73
:1074D00003F0B0FBF2F07F28E1D97F207047024B28
:1074E0001878F8E7B86D002027280020B66D002036
:1074F0002628002008B5A0F1CD03122B10D8DFE814
:1075000003F03A40454B1010101010101010181DC9
:1075100023292E0A3400234A137843F00203137000
:1075200008BD214AD1385178012383400B43537061
:1075300008BDFFF7ADFF1C4B187108BDFFF7A8FF92
:10754000194B4042187108BDFFF7A2FF164B40428D
:10755000587108BDFFF79CFF134B587108BD114AC5
:10756000137843F00103137008BD0E4A137843F0FB
:107570000403137008BDFFF751FF0B4B4042D87056
:1075800008BDFFF74BFF084BD87008BDFFF746FF5B
:10759000054B4042987008BDFFF740FF024B9870C2
:1075A00008BD00BFB86D0020BC6D00204D4BCD283C
:1075B00093F9042093F9021037D0CE280AD0CF28AF
:1075C0001CD1002935DA0021997093F9031049B1D3
:1075D0006AB1704793F9030000282ADD0020D870B3
:1075E0000029F5D1404900200870002AF1D193F913
:1075F0000530002BEDD13D4A13707047D0283AD0AA
:10760000D9281DD0DA2831D0DB2826D0DC2842D07A
:10761000D1380E280DD8DFE800F03333333333335D
:1076200033330C0C0C0C594E430093F90300002823
:10763000D4DB0029CCD193F903100029C8D1D1E7BC
:10764000002AF6DD00221A710029D0D193F9032017
:10765000002ACCD1244A1170C9E793F9050000280B
:10766000E7DA002058710029B2D1E4E7002AE9DB0B
:107670000029ADD1DFE70029A5DC0029A8D1DAE790
:107680004FF0010C0CFA00FC587820EA0C005870FE
:1076900000299DD1CFE793F905000028E1DCC8E778
:1076A000DFF84CC09CF8000020F004008CF80000CB
:1076B00000298DD1BFE7DFF838C09CF8000020F02A
:1076C00002008CF80000002982D1B4E7DFF820C066
:1076D0009CF8000020F001008CF8000000297FF4E5
:1076E00077AFA8E7BC6D0020B76D0020B66D002015
:1076F000B86D002008B501F07BFA094B9A78D9786B
:107700000A431CBF074A10801A795B791A431CBFD1
:10771000054B1880BDE80840014800F035BF00BFA8
:10772000BC6D0020B46D0020B26D002030B5B14CAE
:1077300094E80300030E85B043EA104300225BB2D5
:107740000290ADF80C106280A28063B1AA4B188839
:1077500001F0AEF9A9490B78002B68D0A84A12783D
:10776000904200F3CD809DF80C309DF80D2013431E
:107770000BD0A44B188801F09BF9A3490B78CBB12F
:10778000A24A1278904200F3BE809A4802A901F002
:10779000D7F838B9A378E17822790B43134362799B
:1077A000134301D0FFF7A6FFDDE902012060A180AD
:1077B00005B030BD964A127802EB8202B0EB420F60
:1077C000E3DD01330B709DF90C209DF90D30002A8B
:1077D0007FD000930192FFF75BFE019A009B002A85
:1077E00040F3958041B22171002B40F0958094F9CF
:1077F00005C0BCF1000FC8D000EB4003C3EB03137E
:1078000000EB830380331A120CEB4C03C3EB03131E
:107810000CEB830003B2002B227180F29A80803B34
:107820001BB2002BB8BFFF331B126371ADE7794A5F
:10783000127802EB8202B0EB420F94DD01330B7041
:107840009DF90A309DF90B503BB30093FFF7E6FD1D
:10785000009B002B40F3948042B2A270002D40F0B8
:10786000A68094F90330002B3FF47DAF00EB40027B
:10787000C2EB021200EB8202803203EB4301C1EB48
:10788000011103EB810319B212120029A270C0F298
:10789000058180331B12E37065E794F90220002D07
:1078A00065D00092FFF7BAFD4142CBB2002DC8BFB0
:1078B0000346009A5BB2E370002A3FF454AF02EB38
:1078C0004201C1EB011102EB810211B2002967DB19
:1078D000D2E794F90410002B3FD0CDE90013FFF755
:1078E000D7FD019B00994242D2B2002BC8BF02468D
:1078F0004FFA82FC84F805C000293FF446AFAAE0A5
:10790000FF2B9DD09AE7FF2B3FF45DAF59E7404234
:1079100041B22171002B59D001910093FFF7B8FDBE
:10792000009B0199002B40F3938001EB4103C3EBD3
:10793000031301EB83031AB2002A40B2C0F2B580F0
:1079400000EB400280331B12C2EB0212237100EBEA
:10795000820080300312637117E700293FF415AFEE
:1079600094F905C0BCF1000F3FF40FAF73E0002A9B
:107970003FF4F9AE94F90330002B3FF4F4AE9EE7E8
:10798000404242B2A270002D46D194F90330002B40
:107990003FF4E9AE02EB4201C1EB011102EB8101C0
:1079A00080390AB2002ABFF668AFFF3265E700925D
:1079B000FFF734FD002D009A014657DD02EB42012E
:1079C000C1EB011143B202EB810255E794F905C006
:1079D000BCF1000F3FF4D9AE01EB4102C2EB021241
:1079E00001EB8202803A12B2002AB8BFFF321212B3
:1079F0000AE700BFBC6D0020B46D0020B76D002009
:107A00002C280020B26D0020B66D00202828002010
:107A1000292800202D2800200092FFF7FFFC002DD0
:107A2000009A014622DD02EB4203C3EB031302EB93
:107A30008303803B1BB2002B41B2B8BFFF3301EB85
:107A400041021B12C2EB0212A37001EB820320E77A
:107A500040424FFA80FC01EB4103C3EB031301EBFF
:107A600083031AB2002ABFF6CDAEBBE702EB420396
:107A7000C3EB031302EB83031AB24942002A49B253
:107A800021DA803A12B2002A01EB4103B8BFFF327B
:107A90001212C3EB0313A27001EB830180390BB206
:107AA000002BBFF6F7AEFF33F4E6803A12B2002A9D
:107AB00000EB4003B8BFFF321212C3EB0313227175
:107AC00000EB830045E701EB410280331B12C2EB60
:107AD0000212A37001EB8201E0E700BF10B4064878
:107AE000064C0749074A0023237003700B7010BC33
:107AF00013609380704700BFB66D0020B76D002003
:107B0000B86D0020BC6D00202DE9F041C308774A14
:107B1000774ED55C774C00F00702305CE45C07469A
:107B20007548C35C13411441154113F0010382B041
:107B30000E4604F0010405F0010543D1BCB93846F6
:107B4000F9F752FE002E50D06C4B40F2E730214640
:107B5000E6FB03014FF47A720023F0F7FDFA80464A
:107B600002F0B8FD002D70D102B0BDE8F081E62032
:107B70000193F9F751FD002E72D0019B5F4A40F24C
:107B8000E730E6FB020319464FF47A720023F0F760
:107B9000E3FA04468046F6F741FE204602F09AFDDD
:107BA00031463846F9F720FE204602F093FDE620E4
:107BB000F9F7DCFDF6F732FE204602F08BFD002DD2
:107BC000D2D042E0E120F9F727FDE6B9012002F02A
:107BD00081FD002C73D121463846F9F705FE0120BE
:107BE00002F078FDE120F9F7C1FD012002F072FDFD
:107BF000002DB9D02C20F9F71FFE012002B0BDE8FE
:107C0000F04102F067BDF6F709FE3C4B40F2E73069
:107C10000021E6FB03014FF47A720023F0F79CFA8F
:107C2000804602F057FD7CBB31463846F9F7DCFD53
:107C3000404602F04FFDE120F9F798FDF6F7EEFD22
:107C4000404602F047FD002D8ED02C20F9F7F4FDC0
:107C5000F6F7E4FD404602B0BDE8F04102F03ABD5F
:107C6000012002F037FD31463846F9F7BDFD01200D
:107C700002F030FDE620F9F779FD012002F02AFD3F
:107C8000002D3FF471AFB5E7E620F9F7C5FCF6F734
:107C9000C5FD404602F01EFD31463846F9F7A4FD09
:107CA000404602F017FDE620F9F760FDF6F7B6FD55
:107CB000404602F00FFDE120F9F758FDBEE7E6204F
:107CC000F9F7AAFC012002F005FD31463846F9F724
:107CD0008BFD012002F0FEFCE620F9F747FD0120B4
:107CE00002F0F8FCE120F9F741FD7EE778FF01089A
:107CF000F8FE010888FF010898FF0108A08601002E
:107D00002DE9F0479046434ADFF80C9140F2E73303
:107D10000E460021E8FB023107464FF47A721846FE
:107D20000023F0F719FA82463046B847002838D0C9
:107D3000012860D13046B847431E0446032B26D89D
:107D4000DFE803F04F4031023046B84719F8003001
:107D50005B07044659D500253046B84719F800108E
:107D6000303C05EB850511F0040104EB45050446A4
:107D7000F2D1002D49D0274B40F2E730C5FB03017B
:107D80004FF47A720023F0F7E7F902F0A3FCF6F75C
:107D900045FDB8F1000F32D0504602F09BFC002C9C
:107DA000C2D1BDE8F0873046B847F9F7DFFCF6F7F7
:107DB00035FDF6F733FDB8F1000F0ED0504602F056
:107DC00089FCB1E73046B847F9F726FCF6F726FDFF
:107DD000F6F724FDB8F1000FF0D1012002F07AFC93
:107DE000A2E73046B847F9F727FDF6F717FDB8F1D7
:107DF000000FF2D0E2E74146FFF786FE94E701204C
:107E000002F068FC002C8FD1CBE7012002F062FC6D
:107E1000BDE700BFA0860100B005020810B541799A
:107E200084B09DF8184051B93A490978914227D059
:107E300002F12003DBB2072B18D904B010BD354B7B
:107E400001921A7000F0D4FE019A334902F1200326
:107E5000DBB2072B0880F0D802F007020120904027
:107E6000C0B204B0BDE81040F9F7EEBC02F0070262
:107E700001209040C0B204B0BDE81040F9F7EEBC5C
:107E80002548019200880393029100F011FEC72853
:107E9000019ACDD8039B029903F120029942D2B2F4
:107EA0000CD001F12000C0B2072827D9072A15D924
:107EB000204604B0BDE81040F9F7BEBC2046029150
:107EC0000192F9F7B9FC019A0299072AB5D801F095
:107ED000070101238B40DBB21846CCE7012203F0F7
:107EE000070302FA03F3DBB218460193F9F7ACFC7F
:107EF0002046F9F7A1FC019B1846BCE701F00701F9
:107F000001208840C0B202930192F9F7A7FC029BBE
:107F1000019ACBE7C46D0020C26D002000B5A0F52A
:107F2000F843183B83B00846062B46D8DFE803F039
:107F30000F18212A333C040028230093E522012353
:107F400047F61E41FFF76AFF002003B000BD26235D
:107F50000093E022E12347F61841FFF75FFFF3E7C4
:107F600027230093E422E52347F61941FFF756FF44
:107F7000EAE72622E123009247F61A411A46FFF764
:107F80004DFFE1E72722E523009247F61B411A4601
:107F9000FFF744FFD8E726230093E222E12347F6C8
:107FA0001C41FFF73BFFCFE727230093E622E523A1
:107FB00047F61D41FFF732FFC6E74B7913B1024B7D
:107FC00000221A700120C0E7C46D002010B547F6EA
:107FD0007743984282B00DD047F67843984202D05A
:107FE000012002B010BD4B79FBB100F027F8FAF781
:107FF00031F805E04B799BB900F01AF8FAF73AF836
:1080000000F016F8044600F019F8019000F01CF892
:10801000019902462046FAF7CDF9002002B010BDC2
:1080200000F006F8FAF716F8EAE700F007F8E5E7D7
:10803000014B1878704700BF30280020014B18789A
:10804000704700BF2F280020014B1878704700BFF1
:108050002E28002000B583B00DF107020DF10601B6
:108060000DF1050000F00EFA9DF80530262B02D028
:10807000002003B000BD9DF80630082BF8D19DF814
:108080000700A0F10300B0FA80F0400903B000BD82
:10809000704700BF704700BF08B500F0F1F9FF223C
:1080A0001146104600F00CFA0020FFF7F3FF002005
:1080B00000F022FAFEF7EEFEFEF72EFFBDE80840C4
:1080C00003220821262000F0FBB900BF00B583B0D1
:1080D000FFF7DEFF00F00AFAFFF7DCFF0DF1070201
:1080E0000DF106010DF1050000F0CCF99DF8053009
:1080F000262B18D000F0C4F9FF221146104600F0DC
:10810000DFF90020FFF7C6FF002000F0F5F9FEF7C9
:10811000C1FEFEF701FF03220821262003B05DF80F
:1081200004EB00F0CDB99DF80630082BE2D19DF8A4
:108130000730032BDED103B000BD00BFFDF7BABF8F
:1081400008B54B792BB1A0F5EE427F2A04D9184629
:1081500008BD0123184608BDC0B2FEF7E5FE0023A6
:10816000184608BDFF230370704700BF10B50378A1
:10817000013B0446032B06D8DFE803F0150D020689
:10818000FEF76CF9607010BDFEF77CF86070FEF7CA
:108190007FF8A07010BDFDF7E1FF0028F2D0FDF7D9
:1081A000FFFF6070EFE7FEF779F8607010BD00BF69
:1081B00038B51C4903780446012208789A400243E6
:1081C000013B0A70032B2CD8DFE803F018120D02D4
:1081D0006578A478FEF762F8214602462846BDE895
:1081E0003840FEF72BB86078BDE83840FEF72EB96E
:1081F00063787BB9BDE83840FDF7A0BFFEF742F8D1
:108200000546FEF745F8627801462846BDE8384045
:10821000FEF714B8FDF756FF6078BDE83840FDF76B
:10822000A5BF38BDC56D002008B51B4A1378022BC9
:1082300008D0042B0FD0102B16D0082B22D00023EF
:10824000137008BD154B1A20D978FBF789FA124A2A
:108250001378042BEFD1114B17201978FBF780FA14
:108260000D4A1378102BE8D10C4B18205978FBF7E6
:1082700077FA0A4B19209978FBF772FA064A1378B5
:10828000082BDCD1054B1B201979FBF769FA024A50
:108290000023137008BD00BFC56D00204899002061
:1082A00008B54378032B02D0FFF75CFF08BD0346F7
:1082B00013F8022B082A08D0092A0ED0072A09D160
:1082C0001846BDE80840FFF773BF1846BDE80840F0
:1082D000FFF74CBFFF23037008BDBDE80840FFF760
:1082E000A3BF00BF70B582B006460C461546F4F732
:1082F0001FF9B0B92378013B122B0BD8DFE803F04C
:1083000018271D2F46381313130A0A527E73686507
:1083100061563B00FF2323702A4621463046F4F77E
:1083200009F902B070BD29462046FFF7B9FFF3E70F
:1083300000220C236270A370EEE76378022B00F03A
:108340008C80052BE6D1A078FFF7F8FEE4E7637890
:10835000013B032BDED8DFE803F07D735D57E27845
:10836000A1786078FEF792FD030A23716071D3E76C
:10837000FEF790FDD0E76078A378E17840EA03202B
:1083800040BA221D80B2FEF7AFFDC5E762792379BE
:10839000A178607843EA02235BBAE2789BB2FEF7E9
:1083A00077FDB9E7FEF7ACFD6070B5E76078A378BC
:1083B000E17840EA032040BA221D80B2FEF792FD28
:1083C000AAE7FEF761FD6070A6E7FEF7A5FDA3E74B
:1083D0006078A378E17840EA032040BA221D80B299
:1083E000FEF798FD98E76078A378E17840EA0320EB
:1083F00040BA221D80B2FEF78BFD8DE7FEF782FDAD
:10840000030A6370A07087E70023A370E3702371F1
:10841000637181E7A378052B3FF67EAF2246D8B281
:1084200001920093FBF7F8F8009B019A0133107159
:10843000062B4FEA1020D07002F10202EFD16BE759
:1084400000F054F8030EA370030CE370030A2371C9
:10845000607161E700F092FBF4E7E378A07840EA0E
:108460000320237940EA0340637940EA036000BABD
:108470000090FFF70FFE009800F03EF84CE700BFB9
:10848000704700BF10B5144682B040B1019040F66D
:108490001E500091FBF736F9019B0099187031B11D
:1084A00040F61F500091FBF72DF90099087024B198
:1084B0004FF45260FBF726F9207002B010BD00BFE8
:1084C00010B582B00C46014640F61E500192FBF7F3
:1084D0006FF9214640F61F50FBF76AF901994FF4F6
:1084E000526002B0BDE81040FBF762B908B540F633
:1084F0002150FBF707F908BDC1B240F62150FBF748
:1085000057B900BF014B1860704700BFCC6D002009
:10851000014B1868704700BFCC6D002008B500F013
:1085200089FAA0F10100B0FA80F0400908BD00BF4F
:10853000034B1B6813B11B6803B1184718467047FB
:10854000CC6D002008B5034B186810B1006800B16D
:10855000804708BDCC6D0020044B1B6823B15B68CD
:1085600013B1012101701847704700BFCC6D002086
:10857000044B1B6823B19B6813B106210170184797
:10858000704700BFCC6D0020044B1B6823B1DB6833
:1085900013B1022101701847704700BFCC6D002055
:1085A0000C4B1A88824213D00B4A188013687BB197
:1085B0001B696BB100B583B0020A03218DF8050079
:1085C0008DF804108DF8062001A8984703B000BD6F
:1085D000704700BFC86D0020CC6D00200C4B1A887E
:1085E000824214D00B4A1880136883B11B6973B19F
:1085F00000B583B00421020A8DF805008DF804103F
:108600008DF806200DEB0100984703B000BD7047C0
:10861000C66D0020CC6D0020154B1B6833B300B530
:10862000014687B0CA884088B1F804C08DF80D00B3
:108630008DF80F2008894A898DF80EC04FF0070E7B
:10864000B1F80CC08DF810008DF811200DF1130059
:1086500002228DF80CE08DF812C0019306F0C4F9E7
:10866000019B03A85B69984707B000BD704700BF36
:10867000CC6D0020034B1B6813B1DB6903B11847B5
:10868000704700BFCC6D0020094B1B6873B100B56B
:1086900083B0811C0C220748019306F0A5F9019BC9
:1086A00005489B6903B05DF804EB1847704700BFAD
:1086B000CC6D00203628002034280020034A044BCB
:1086C00010781B781844C0B2704700BF7952002060
:1086D0007852002008B90020704700B583B001909F
:1086E000FFF71CFF019A10B10F4B1B7863B90F4BBA
:1086F0001868831C083013F8011F914211D083427F
:10870000F9D1002003B000BDEF2AF0D8084B1B6858
:1087100003EBD20302F007019B780B41DB07E6D5A0
:10872000F0E7012003B000BD78520020F0270020C0
:10873000EC27002090F803C08C452DD0002300B515
:10874000C21C9E46BCF1000F0DD00133062B4FFA20
:1087500083FE03D012F801CF6145F3D100BD12F8BA
:1087600002CF8C45FAD0052B03F1020305D092F815
:1087700001C08C45F2D0062BF1D1DFF824C0074AA6
:108780009CF8003043F001038CF8003013787044FB
:108790000133C170137000BD704700BF79520020D3
:1087A00027990020EF290CD800EBD10001F0070138
:1087B000837843FA01F2D20704D501228A40134399
:1087C00083707047DFF81CC09CF8002042F0020262
:1087D0008CF80020DFF810C09CF8002001328CF8E3
:1087E0000020EAE72799002078520020EF2922D8BC
:1087F00000EBD1034FF0010C9A7801F007010CFA5D
:1088000001F042FA01F122EA000211EA0C0014D050
:1088100000B5DFF82CE09A709EF800106046DFF893
:1088200024C041F002018EF800109CF800100139BC
:108830008CF8001000BD002070479A70704700BF90
:10884000279900207852002010B50446FFF766FEF5
:1088500018B1094B1B78062B06D0084B2146186827
:10886000BDE81040FFF766BF054B21461868BDE81C
:108870001040FFF797BF00BF79520020F02700207B
:10888000EC270020F8B50446FFF748FE10B1154B61
:108890001B78F3B9144B154F154E186897F800C0A4
:1088A00031784FF0000E831C7546083013F8012F05
:1088B000A24205D11D704CF0010C01394FF0010EA0
:1088C0008342F3D1BEF1000F02D087F800C03170AF
:1088D000F8BD084B21461868FFF788FF0028D9D05B
:1088E000F8BD00BF78520020F02700202799002013
:1088F00079520020EC27002038B5FFF70FFE0D4D10
:108900002C7860B90C4B1B68002244F00104DA702B
:108910001A715A719A71DA711A722C7038BD074B3C
:1089200018681E220021023006F012F844F00204FA
:10893000E8E700BF27990020F0270020EC2700205F
:1089400042784B789A4201D00120704790F902306A
:108950001BB191F902209A42F6D190F9033083B904
:1089600090F905301BB191F905209A42ECD190F9AC
:1089700004000028E9D091F90430181A18BF01202A
:10898000704791F903209A42DED1E9E782B002B044
:10899000704700BF00B583B0FFF7F8FF03B000BD1C
:1089A00000B5044B013083B0D8701868FFF7F2FFB0
:1089B00003B000BD4828002000B5044B032283B05B
:1089C000DA701868FFF7E6FF03B000BD4828002002
:1089D00000B5044B013083B0D8701868FFF7DAFF98
:1089E00003B000BD4828002000B5044B012283B02D
:1089F000DA701868FFF7CEFF03B000BD48280020EA
:108A000000B5044B012283B0DA701868FFF7C2FF8B
:108A100003B000BD4828002000B50038044B18BF43
:108A2000012083B098701868FFF7B4FF03B000BD51
:108A300048280020014B9878704700BF4828002044
:108A400000B5044B83B058701868FFF7A3FF03B05C
:108A500000BD00BF48280020014B5878704700BF78
:108A60004828002000B5044B83B018701868FFF741
:108A700091FF03B000BD00BF48280020704700BF31
:108A8000704700BF704700BF704700BF10B5FFF7C9
:108A9000F5FFFAF7E5FDFFF7F3FF0024E0B2FAF780
:108AA000BBFD18B90134062CF8D110BD012010BD52
:108AB00010B5044600F09CF8001B80B210BD00BF4A
:108AC00010B5044600F05AF8001B10BD84B0002316
:108AD000CDE90033CDE90233084AD2F8101AD2F8B2
:108AE000143AD2F8182A0292CDE9001384469DE880
:108AF0000F008CE80F00604604B070470070FF1F45
:108B000008B501F06DFFBDE8084001F0E3BA00BF11
:108B100008B5F8F7E7FCBDE8084040F2A46001F0B2
:108B2000D9BD00BF08B5F9F729FFF9F75FFFFFF7D7
:108B3000E3FEFEF7D3FF0020FFF732FD0020FFF732
:108B40004DFDBDE80840F8F7DBBC00BF08B5302399
:108B500083F3118801F05EFFDFF81CC00449054A69
:108B6000CCF8000000230B60136083F3118808BD6C
:108B7000D46D0020D06D0020D86D002070B501F0BC
:108B8000CFFA064601F046FFDFF860C0134ADCF872
:108B900000301349C41A10680D68A0420ED905F1BF
:108BA0002375A3F5833305F55635E03B05F5C4750C
:108BB00004F58334CCF80030E0340D6030461460A6
:108BC00001F0B8FA0748084A4FF47A730021E4FB31
:108BD00003010023EFF7C0FA284470BDD46D0020D4
:108BE000D06D00209F860100A0860100D86D002076
:108BF00008B5FFF7C3FF80B208BD00BFBFF34F8FBA
:108C00000549064BCA6802F4E0621343CB60BFF328
:108C10004F8F00BFFDE700BF00ED00E00400FA0544
:108C2000014B024A1A607047FCFF0020EFBEADDE28
:108C3000034A044B1068C01AB0FA80F0400970472C
:108C4000FCFF0020EFBEADDE014B00221A60704732
:108C5000FCFF002008B5FFF7E3FFFFF7CFFF00BFE1
:108C600008B5FFF7CBFF00BF08B5FFF7E1FF00B97C
:108C700008BDFFF7E9FF72B6BFF34F8FBFF36F8FE9
:108C800015494A6A22F480324A62D1F894C04FF002
:108C9000E02000232CF0010CC1F894C01A460361B7
:108CA0004FF0FF3183614361930003F1604303F5AB
:108CB00061430132082AC3F88010C3F88011F3D150
:108CC000002383F31488054B1A6882F3088862B680
:108CD0005B689847FEE700BF00ED00E00000FF1F63
:108CE000184B10B51C7804B110BD0121197016483D
:108CF0002246202103F094FD13482246802103F0F0
:108D00008FFD22464021104803F08AFD4FF47A700F
:108D100001F0E0FC0C4840F29A22202103F080FD93
:108D2000094840F29A22802103F07AFD064840F279
:108D30009A22402103F074FD044802F053F9044BD9
:108D40001C7010BDDC6D002000000240DC9B002088
:108D5000F86D002010B504464F4802F0ABF9DFF87B
:108D600040E19EF800309BBB21684B1C30D0E2886C
:108D7000022A4FF0020306D95B009BB29A42FBD84D
:108D80009A1EFE2A24D82279DFF810C1D201ACF84D
:108D900014206079022846D0032871D0012847D0DA
:108DA000202B1AD8032B25D9043B1C2B22D8DFE813
:108DB00003F04B212121592121212121212152215F
:108DC0002121212121212121212121212121600075
:108DD000314802F073F9002010BD802B2DD0B3F57F
:108DE000807F52D0402B05D1BCF8143043F02803CB
:108DF000ACF81430012421F00F0001F00F01CCF881
:108E00001010224604FA01F1CCF80C008EF8004054
:108E100003F006FD2149204802F0D2F81E4802F076
:108E2000F3F8204610BD42F00202ACF81420B7E778
:108E300042F00102ACF81420B2E7BCF8143043F061
:108E40003003ACF81430D5E7BCF8143043F0080315
:108E5000ACF81430CEE7BCF8143043F01803ACF88B
:108E60001430C7E7BCF8143043F01003ACF81430EA
:108E7000C0E7BCF8143043F02003ACF81430B9E775
:108E800042F00302ACF814208AE7BCF8143043F037
:108E90003803ACF81430ADE7DC9B0020E06D002017
:108EA000F86D002000B585B04FF0010C019001A8CD
:108EB0008DF808108DF80920ADF80A30CDF80CC0F7
:108EC000FFF748FF05B000BD08B50246024802F0B2
:108ED000D5F8002008BD00BFDC9B002008B50B4B77
:108EE0001A7822B9BDE80840094802F0E7B80848F6
:108EF00002F098F8064802F075F8044B0448002286
:108F00001A70BDE8084002F0D9B800BFF86D002023
:108F1000DC9B0020704700BF70B590F8443003F030
:108F20007F02212A05464DD003F09F02812A2DD0D1
:108F3000C02B0ED0514C04F5FC76D4F89C3028465A
:108F400013B1984700283BD1A834B442F5D1002092
:108F500070BD95F84530042BECD195F84910686840
:108F600095F84830446895F8472043EA012328469D
:108F700095F84610A0470028E9D04268002AE6D0BC
:108F80000368002BE3D0AA63002417E090F8452083
:108F9000062ACDD195F84910686895F8483044689C
:108FA00095F8472043EA0123284695F84610A04744
:108FB0000028CCD042680368AA630024EB632C64C9
:108FC000012070BD1A0614D590F84520022A30D031
:108FD000032A3FD0012A30D00A2A32D00B2A1CD0D3
:108FE000092A0ED003F09F03812BA3D1062AD1D0EA
:108FF000A0E790F845300A2B23D00B2B0DD0092B7E
:1090000098D195F8483095F8492053EA022391D138
:109010001B4BAB631B4C0223D0E795F8483095F807
:10902000492053EA022324D000221346AA6314469F
:10903000C4E7BDE8704000F0BFBFBDE8704000F07D
:109040006DBE95F84700FFF70DFD2846BDE870405E
:1090500000F0E2BF90F8483090F8492053EA02242B
:109060007FF468AFFFF7E6FC074BAB631870012392
:10907000A4E795F84600FFF7CFFCD5E7A82A002023
:10908000086E002001910108046E002030B51B4CD1
:1090900090F84450002383B0636090F8473090F814
:1090A00046C090F848E090F84A204CEA032C90F82B
:1090B00049304EEA032E90F84B3042EA032205F085
:1090C000E003C02B0DD0231D7146604600F07CFAF2
:1090D00063680A4A2060002B0CBF1846104603B094
:1090E00030BD009290F8451005F01F00251D734615
:1090F0006246019500F022FBEAE700BFFC6D00200C
:1091000090F84A3090F84B10074A43EA0123022BAB
:10911000107807D1012802D0062800D07047507877
:10912000FFF78EBCFFF78CBC086E002010B5052938
:109130002AD8DFE801F003294F03032A4348444BB0
:10914000027893F800C0531C03F00F039C4504D031
:10915000DFF814C103700CF80210302383F3118878
:1091600000296ED03B4800F0B7FB3B4800F0B4FB51
:109170003A4800F0B1FB3A4800F0C2FB394800F031
:10918000BFFB002383F3118810BD302383F31188C4
:10919000304800F0C5FB304800F0C2FB2F4800F01B
:1091A000BFFB2F4800F0C0FB2E4800F0BDFB0023A2
:1091B00083F31188254A264B117818784B1C03F04D
:1091C0000F039842E0D0284813704FF0050C00F8C8
:1091D00001C010BD302383F311881E4800F0A8FBA6
:1091E0001D4800F0A5FB1D4800F0A2FB1C4800F044
:1091F000AFFB1C4800F0ACFB002383F311881B4B32
:10920000124913481B780A7800785BB9531C03F0A5
:109210000F039842B8D014480B704FF0020C00F8BE
:1092200002C010BD531C03F00F0C6045ACD00E4CB7
:1092300081F800C04FF0050C04F802C003F00F02E3
:10924000E4E70120FFF7E8FB8CE700BFE899002086
:10925000E9990020A82A0020502B0020F82B00209C
:10926000942900201C2A0020D89900200A6E002092
:1092700008B510220021044805F06AFB0349044A9E
:1092800000230B70137008BDD8990020E8990020C6
:10929000E99900202DE9F041DFF8C8802D4D2E4ED0
:1092A0002E4F2F4C287898F80030002183424BD065
:1092B000F25C013303F00F030121052AF6D80FF207
:1092C000080C5CF822F000BF39930108AD92010848
:1092D0002593010817930108FD920108E192010806
:1092E000002288F800302270FFF71CFC97F84F101E
:1092F000081E18BF0120FFF76BFBD3E797F84F104C
:1093000088F80030081E4FF0010218BF01202270BB
:10931000FFF752FBC6E70021084688F80030FFF748
:109320003FFBBFE797F84F1088F80030081E18BFC2
:109330000120FFF735FBB5E788F80030FFF754FB55
:109340000120FFF769FBADE709B188F80030BDE8FF
:10935000F08100BFE8990020D8990020709B002080
:109360000A6E0020E999002070B5134C064604F5FA
:10937000FC75204600F05CFA2046A83400F08CFA18
:10938000AC42F6D10D4800F071FA0C4800F094FAA6
:109390000B4800F06BFA0A4800F08EFA304601F0F4
:1093A000B5FE41F2883001F095F930460549BDE837
:1093B000704001F095BE00BFA82A0020942900202B
:1093C0001C2A0020A8FF010800B5074B83B04FF00E
:1093D000A80C0CFB00300023009342F2107300F045
:1093E0007DFB03B000BD00BFA82A002010B582B0ED
:1093F0000446FFF71FFB48B9009042F210730822A1
:10940000611C084800F06AFB02B010BD0023009305
:10941000092242F210732146024800F05FFB02B0BD
:1094200010BD00BFA82A002000B583B0002301466C
:109430000093202242F21073024800F04FFB03B069
:1094400000BD00BFA82A002000B583B0002301465C
:109450000093062242F21073024800F03FFB03B073
:1094600000BD00BFA82A002000B583B0002301463C
:109470000093032242F21073024800F02FFB03B066
:1094800000BD00BFA82A002000B583B0002301461C
:109490000093092242F21073024800F01FFB03B050
:1094A00000BD00BFA82A002000B583B000230146FC
:1094B0000093142242F21073024800F00FFB03B035
:1094C00000BD00BFF82B0020202900D0704700B558
:1094D00083B000230A460093014642F2107302480B
:1094E00000F0FCFA03B000BD502B002000B589B09D
:1094F00001E0FEF7F7FE002320226946054800F050
:1095000067FB0346202269460020002BF1D109B0F9
:1095100000BD00BF94290020FFF7A6BB704700BF25
:1095200008B5FFF7F9FF04F0CDFFFFF7F7FF08BD1F
:1095300008B505F053F8F7F727FE08BDFFF760BA46
:1095400008B5FFF795FE0448FFF70EFFBDE8084099
:1095500041F2883001F0BEB8709B00200148FEF750
:10956000D1BF00BF4C280020FFF794BE00F09ABC8A
:1095700000B5124B85B0012268461A70FFF7A6FAB3
:10958000DFF840C00E4900230CF1020E04AA02EBE2
:10959000630212F8102C100902F00F02085C8A5CBA
:1095A0002CF813002EF813200233202BEED140F2BA
:1095B00042332CF8023C05B000BD00BF0B6E00200A
:1095C000B8FF01080E6E002000B589B04FF0000C06
:1095D000ADF81EC04FEA102C0CF1FF3CBCF1210F7E
:1095E00012D8DFE80CF029483011111111111111B6
:1095F000111111111111111111111111111111115B
:109600001111111111113E1F4FF0000CC3F800C0D1
:109610000DF11E0CCDF800C0EFF760FFBDF81E0085
:1096200009B000BD71B30129EED14FF0220CADF8A5
:109630001EC0DFF8D8C0E9E74FF0120CADF81EC02D
:10964000DFF8CCC0E2E710F0FC0F5FFA80FC4BD1F2
:109650000CF1FF3CBCF1020F50D8DFE80CF02821E0
:109660002F00B1B10129CFD14FF0090CADF81EC0C8
:10967000DFF8A0C0CAE74FF06A0CADF81EC0DFF8F3
:1096800098C0C3E74FF4987CADF81EC0DFF88CC0DB
:10969000BCE74FF0090CADF81EC0DFF884C0B5E799
:1096A0004FF01E0CADF81EC0DFF878C0AEE74FF0EB
:1096B000120CADF81EC0DFF870C0A7E7DFF86CC071
:1096C0009CF800C0BCF1000F07D1059304920391F0
:1096D0000290FFF74DFF02A80FC8DFF854C09CF8B6
:1096E00000E0ADF81EE091E7BCF1EE0F8CD14FF039
:1096F000120CADF81EC0DFF83CC087E74FF0040C39
:10970000ADF81EC0DFF830C080E700BF2C000208B3
:1097100018000208532900202829002050000208C0
:109720003A290020E0FF0108000002080B6E00202B
:109730000C6E0020CCFF01081400020830B587B081
:10974000BDF82840DDF82CC020B9042914D0864685
:10975000054602E04FF0000E7546CCF80050CDE90A
:10976000004C0DF116040294ADF816E0EFF748FF37
:10977000BDF8160007B030BD042B07D0052BE6D18D
:10978000002CE4D1034D4FF0280EE6E7024D4FF0D8
:10979000280EE2E76C28002000290020426BD2F856
:1097A00088301978042907D192F88CC018890121D2
:1097B00001FA0CF3034200D0704700B585B003A94D
:1097C0001046019201F00EFA844640B1019A039BC3
:1097D00092F88C10D2F88800624601F023FD05B0A3
:1097E00000BD00BF436B1A6F1178042900D0704789
:1097F00093F874C05089012101FA0CF20242F6D1AB
:1098000000B583B01846019301F03EF9024660B1FD
:10981000019BD3F81CC093F87410186FACF10403CB
:1098200003B05DF804EB01F0E1BC03B000BD00BF84
:1098300000B590F8843000F15C0285B0C26413B1C9
:1098400000F170030365D0F89010DFF81CC0D0F869
:109850009430D0F898200290CDE9001C012101F04D
:1098600099F905B000BD00BF9D97010800B5816F53
:10987000DFF820C0D0F8802085B000F15C03CDE98E
:10988000001C03650290C36F012101F0D9F805B0F7
:1098900000BD00BFE5970108302383F31188D0F89D
:1098A000883090F88C1003EB81030022986180F8D7
:1098B000A02082F311887047302383F3118890F839
:1098C0007430016F0933002241F8230080F88420AE
:1098D00082F31188704700BF012310B56FF00101BA
:1098E0000372044600F03AFF204601F06DF9D4F807
:1098F000A43023B1BDE81040DA681868104710BDE5
:1099000000B5012383B06FF001010372019000F0F4
:1099100025FF019803B05DF804EB01F0A9B800BF82
:1099200000230372704700BF00230372704700BF1B
:1099300010B500F1380290F88C100446D0F8880079
:1099400001F00EFC204601F03FF90023237210BD08
:1099500010B5044601F08CF80022236F22721A78A9
:10996000042A07D194F874005989012202FA00F3FD
:109970000B4200D010BD204601F086F802460028B8
:10998000F8D0E36994F87410206F043BBDE81040F0
:1099900001F02CBC00EB81039B69002B5AD070B501
:1099A000302284B00D46044682F3118819695A6941
:1099B0000020914283F8A00048D004EB8502D268D1
:1099C0005269126882B903AE3146184601F00AF9AD
:1099D00038B30246039B2946204601F023FC0023AE
:1099E00083F3118804B070BDD3F8A42003AE6AB12C
:1099F00003A91846019301F0F5F8019B039A01466B
:109A0000D3F8A400836800689847019B0193184627
:109A100001F0F8F8019B3146184601F0E3F8002800
:109A2000D7D104EB8503DA681368022BD7D15369C9
:109A300019680029D3D0138A013B0B40CFD104F120
:109A400044022946204601F0EDFBC8E7DA68002A07
:109A5000B3D0B8E7704700BF01F1090350F82330D5
:109A6000002B39D000B5302283B082F3118800EB8F
:109A70008100C2689269526802BB1A6F117804298A
:109A800017D193F874C05089012101FA0CF20242F7
:109A90000FD11846019300F0F7FF024648B1019B31
:109AA000D3F81CC093F87410186FACF1040301F0E4
:109AB0009DFB002383F3118803B000BD93F874105D
:109AC0001A6F019302EB81021846D26892695168BD
:109AD00000F0E6FF019BD0E7704700BF70B582B091
:109AE0004FF0300C9DF818508CF31188D0F8884056
:109AF00094F800C0BCF1040F04D0002080F311885A
:109B000002B070BD90F8A0C0BCF1000F12D10E469B
:109B10000446002181F3118831462046CDE9002317
:109B200001F084F8009A019B82420ED845B10120D1
:109B300002B070BD01334FF0FF3318BF0023E6E7DA
:109B4000204601F0DBF80120F2E70192009330217A
:109B500081F3118894F8A010002808BF41F001019A
:109B6000012084F8A01020726FF00101204600F05F
:109B7000F5FD204601F028F80021217200F018FDC3
:109B8000002181F31188009B019AC5E7302383F3FC
:109B90001188026943699A4204D00020002383F3AC
:109BA00011887047C36873B1D0F8883090F88C1072
:109BB0001A8901238B4013420CBF0120002000238F
:109BC00083F3118870471846002383F31188704788
:109BD00010B54FF0300C82B08CF31188046F94F8FC
:109BE00000C0BCF1040F04D0002080F3118802B043
:109BF00010BD90F884C0BCF1000F04D001334FF0C9
:109C0000FF3318BF00230446002080F3118820464C
:109C1000019200F059FF019AB0FA80F3101AB0FADD
:109C200080F05B09400984F8843002B010BD00BFA9
:109C300010B5046884B08CB103920291019000F0D9
:109C4000E9FE019B039A1B680299606003F108001A
:109C50009A6404B0BDE8104004F0C6BE04B010BD64
:109C60000168134631B18A6C9A64083103F1080027
:109C700004F0BABE704700BF036863B110B5044674
:109C80009A6C03F10800002104F062FE23680022B0
:109C90001A605A6010BD70470B78082B1AD830B57F
:109CA00050F8234085B09CB1029205460191039380
:109CB00000F0B0FE039B029A55F8233001996060D2
:109CC00003F108009A6405B0BDE8304004F08CBE92
:109CD00005B030BD704700BF0829134609D850F8B9
:109CE000211031B18A6C9A64083103F1080004F044
:109CF0007BBE704770B5041F00F12006002554F8A4
:109D0000043F002103F108002BB19A6C04F020FEFF
:109D100023681D605D60B442F1D170BD38B590F824
:109D20004830022B1ED890F8461008291AD80F4A3E
:109D3000D35C022B16D80E4A4FF0A80C0CFB032361
:109D4000D3F8A42082B10546D2E90004094AA0470D
:109D5000084B00219C6CEC6303F108020120AA630C
:109D6000296438BD002038BD104638BDA42A002023
:109D7000A82A002070710020016851B105480378BD
:109D80004FEA820C002A18BF43F00103C1F800C05B
:109D900003707047BC710020006810B10068C0F308
:109DA00087007047036823B310B5302382B083F374
:109DB0001188036800211C685B6881F3118814B95D
:109DC000002002B010BD019300F024FE019B0A4A5E
:109DD000C01A00214FF47A73E0FB032110460023E0
:109DE000064AEEF7B9F984428CBF0020012002B088
:109DF00010BD0020704700BF9F860100A0860100B3
:109E00004B1E072B0DD850F8211051B1054803788F
:109E10004FEA820C002A18BF43F00103C1F800C0CA
:109E200003707047BC710020082906D850F8210043
:109E300020B10068C0F3870070470020704700BF62
:109E4000082928D850F821302BB310B5302382B020
:109E500083F3118850F8213000211C685B6881F37E
:109E6000118814B9002002B010BD019300F0D2FD9A
:109E7000019B0A4AC01A00214FF47A73E0FB0321C8
:109E800010460023064AEEF767F984428CBF002093
:109E9000012002B010BD0020704700BF9F86010066
:109EA000A08601002DE9F84FDFF8048198F8003012
:109EB000002B76D03D4ED6F8A470002F73D000242E
:109EC00001254FF0300AA1468AF311887B69386872
:109ED000E9B29847002818BF44F0010489F31188BB
:109EE0003248FFF753FEB0B1BB693868E9B2984712
:109EF00088B18AF31188DFF8BCB0D7E90003E9B272
:109F00005A46984789F311880020DBF848200BF166
:109F10000801FFF759FA0135092DD5D14FF0000A94
:109F20004FF0300957460AF1010ABAF1030F06F162
:109F3000A80634D0D6F8A450002DF4D089F31188A7
:109F400000216B6928689847002818BF44F0010475
:109F500087F311883046FFF719FE00210028E2D070
:109F6000AB69286898470028DDD089F31188DFF8AD
:109F700044B0D5E900035A460021984787F3118879
:109F80005FFA8AF0DBF848200BF108010AF1010AB8
:109F9000FFF71AFABAF1030F06F1A806CAD188F83A
:109FA0000040BDE8F88F3C46B8E700BFA82A002073
:109FB000BC7100202471002090F84830022B22D878
:109FC00090F8461008291ED8104AD35C022B1AD8E4
:109FD0000F4A4FF0A80C0CFB0323D3F8A42092B136
:109FE00000B583B053690190106898470949019BF7
:109FF000087001224FF0000C10469963DA63C3F831
:10A0000040C003B000BD0020704700BFA42A00205C
:10A01000A82A00202071002090F84830022B20D878
:10A0200090F846C0BCF1080F1BD80F4AD35C022B36
:10A0300017D80E4AA82101FB0323D3F8A41081B13D
:10A0400010B582B00C6990F847200190086861460D
:10A05000A047019B002201209A63DA631A6402B0D0
:10A0600010BD0020704700BFA42A0020A82A0020AD
:10A07000704700BF704700BFFEE700BF70B5144DCA
:10A0800005F1800455F80C0C55F8081C88420FD2D5
:10A0900055F8102C0346043A52F8046F43F8046B49
:10A0A0008B42F9D30139091A21F003010430084425
:10A0B00055F8042C824207D9013A121A22F0030201
:10A0C0000432002104F044FC1035A542DAD170BD01
:10A0D0009001020838B5084C012300252370656003
:10A0E00000F050FC0549064800F070FA0223237086
:10A0F00085F3118838BD00BFF099002000020208E6
:10A10000F899002072B60349034BC86503221A7000
:10A11000FEE700BFF8990020F099002000F016B982
:10A12000EFF3118020B9EFF30583302383F3118817
:10A13000704700BF38B9EFF30583C3F308031BB1C1
:10A1400080F311887047704700B583B0019300F029
:10A150002FFA019B83F3118803B000BD034A5168B5
:10A1600053685B1A9842FBD8704700BF001000E0AC
:10A17000024AD36A0343D362704700BFF8990020B4
:10A1800070B5154E0D46022A82B0F561826038BF67
:10A19000022214463269026006F1100141605060EB
:10A1A0003061281900F03AFC022600F033FC421B13
:10A1B000A24209D2022E01D802B070BD012002B025
:10A1C000BDE87040FFF7D4BF741C0190281900F05F
:10A1D00033FC2646019DE8E7F899002070B584B06D
:10A1E000294E0191044600F015FC3346054653F80C
:10A1F000100F019998423BD0F3698268EB1ACB1893
:10A2000028BF0B469A4214D8934204D900689B1A7F
:10A2100082689A42FAD34268A360C4E900021460DB
:10A2200082684460D21A4FF0FF338260B36104B099
:10A2300070BD022938BF02210222681803930292DE
:10A24000019100F0F9FB00F0E5FB0199029A039BF4
:10A25000451BA94214D9022A02D830698268D3E783
:10A2600001200193FFF784FF3069019B8268CBE7EF
:10A270000A462046294604B0BDE87040FFF780BF7B
:10A28000013211460546D8E7F89900200361002302
:10A29000C2604361FFF7A2BF10B52B4B1A69904211
:10A2A00084B011D0026884689168D0F804C0214459
:10A2B000CCF800209160C2F804C000214FF0FF32BA
:10A2C00001609A6104B010BD1A46016842F8101F7F
:10A2D0004FF0000C4A60C0F800C01969914229D0C3
:10A2E0008A68806802448A6000F094FB164B196902
:10A2F000DB6989680246C01A8142E3D90B449B1A84
:10A30000022B38BF02230221D0180391029301923D
:10A3100000F092FB00F07EFB019A029B0399821AE7
:10A3200093420CD90229CDD9012004B0BDE81040D8
:10A33000FFF71EBF04B0BDE8104000F077BB01314D
:10A340000B460246E0E700BFF89900202DE9F043F4
:10A350003F4E83B0002706F110084FF0300909E0A6
:10A3600087F31188E36821692046984789F31188AB
:10A370006369ABB9346900F04DFBF369A268C11A97
:10A380008A4205462BD8216860689D18F5610160F6
:10A390004860276033694345E2D100F047FBDFE7BF
:10A3A00000F038FB6369421B9342014630D33069A9
:10A3B000404542D08268934204D900689B1A826863
:10A3C0009A42FAD34268A360C4E90002146082682A
:10A3D0004460D21A4FF0FF338260B361CAE731693B
:10A3E000414512D013441B1A022BF0611E46A36094
:10A3F00038BF02260224A81900F01EFB00F00AFB59
:10A40000451BAE4215D9022C0DD803B0BDE8F08330
:10A41000CDE900020220FFF7ABFE3069009940450C
:10A4200013D0019BC6E7012003B0BDE8F043FFF75E
:10A430009FBE013426460546DDE72B445A1A2046C6
:10A4400003B0BDE8F043FFF79BBE0022F7E700BF73
:10A45000F8990020302383F311880B7D052B0CD84D
:10A46000DFE803F0240B0B2007038A6993680133AC
:10A4700093604A680B6813605A604FF0FF3C0022FB
:10A480000B698868C1F818C00A751B689A6882420F
:10A49000FBD25A684A600B6000201160596080F35B
:10A4A000118870478B6900221A60E6E7002383F366
:10A4B0001188704700220369816802751B689A68D9
:10A4C0008A42FBD25A68426003601060586070474D
:10A4D000074BD9681A680875D2F800C0C3F800C0E5
:10A4E0000120CCF8043010751046DA60EDF71ABE82
:10A4F000F899002070B5164C4B1CE56886B00646EE
:10A5000017D0144A2B466846FFF7C0FEE168206862
:10A510000E75036823605C6001230375E060EDF74E
:10A5200001FE009B13B16846FFF7B6FEA86906B0AE
:10A5300070BD20682E750368236001225C60294687
:10A540000275E060EDF7EEFDA86906B070BD00BFD2
:10A55000F899002055A40108044B1A68DB6890683C
:10A560009B68984294BF002001207047F899002012
:10A570000E4A1068D16803684FF0010C10B45A609D
:10A5800080F814C013604FF0000CD0600B698A682B
:10A5900081F814C01B689C689442FBD85A684A60D2
:10A5A0000B6010BC11605960EDF7BCBDF89900203C
:10A5B000044B1A68DB6892689B689A4201D9FFF7DE
:10A5C000D7BF7047F899002030BFFDE770B51B4B2F
:10A5D000002586B00446856201630E46586000F08F
:10A5E0007BF904F11003C4E904334FF0FF32002378
:10A5F000C4E90623C4E90044A560E56200F00AFA54
:10A600002B460246C4E9082304F134010C4AE565EF
:10A610008023204600F01AF80123E0600375726879
:10A620000848B168CDE90002074A6846CDE902133F
:10A63000CDE9042500F016F806B070BDF0990020B1
:10A6400088F6010890F60108C9A5010800224FF01C
:10A65000020C08618B60A1F814C04B620A62CA61E7
:10A66000084670478368D0F814C0C16800B5D0F8B8
:10A6700010E043F848CCA3F18C0043F81C0C4FF0D9
:10A68000020C0C4843F82C0C00220B4823F814CC85
:10A6900043F84CEC43F8180C5DF804EB43F8201C2D
:10A6A00043F8041C43F8082C43F80C2CA3F12800B1
:10A6B000FFF700BF3D810008F899002002463023D3
:10A6C00083F31188024BDB680F209A61FFF700BF0C
:10A6D000F899002008B50146302383F3118808203B
:10A6E000FFF708FF002383F3118808BD034631B14B
:10A6F000044AD2681A6003209361FFF7FBBE4FF053
:10A70000FF307047F899002003682BB100220260E7
:10A7100018469961FFF7CEBE704700BF024659B197
:10A72000074BD0F804C0DB680420C3E9002CCCF848
:10A7300000305360FFF7DEBE4FF0FF30704700BFC0
:10A74000F899002003460068834205D002681A6029
:10A7500053608161FFF7AEBE704700BF38B5044655
:10A760000068844209D00D46036823605C608561FF
:10A77000FFF7A0FE2068A042F6D138BD002300609C
:10A7800040608360704700BF2A4B8168DA68002907
:10A790004BD030B5936804468868984283B005D2A0
:10A7A000087D8B60002834D0062814D0234603E0AF
:10A7B00091689868884202D31B689C42F8D1596816
:10A7C0005160062013600A605A60946103B0BDE8CE
:10A7D0003040FFF77DBED1F818C00B6848680360B1
:10A7E0005860634603E088689D68854202D31B6811
:10A7F0009C45F8D1586848600B6001605960DCF8EE
:10A800000810936888689842D0D2087D8B60002831
:10A81000CAD1D1E9003C0846CCF80030C3F804C0E6
:10A820000192FFF747FE019AC0E7136AC360826096
:10A8300010627047F899002008B5302383F311881F
:10A84000FFF7A2FF002383F3118808BD08B5194B59
:10A85000D3F80CC0302383F311880268C368CCF8A6
:10A86000203082421FD0DCF824104BB11A6893428A
:10A8700003D09268914238BF1146DB68002BF5D1B6
:10A88000CCF80810034600680268016A1A60536039
:10A89000D96098600362FFF70DFEFFF789FE002381
:10A8A00083F3118808BD00239360002383F311888C
:10A8B00008BD00BFF8990020EFF3098305494A6BF2
:10A8C00022F0010268334A6383F30988002383F38B
:10A8D0001188704700EF00E0302080F3118862B6E5
:10A8E0000D4B0E4AD9684FF6FF0C01EA0C010A43E2
:10A8F000DA60D3F8FC200A4942F08072C3F8FC20E9
:10A900000A684FF0200C42F001020A6083F81FC071
:10A9100083F82200704700BF00ED00E00003FA0555
:10A92000001000E0302383F31188124B5B6813F4AE
:10A93000006302D183F31188704700B583B0F1EE54
:10A94000103AEFF30983683B4FF080710A4AD961EE
:10A95000D26B1A6683F309880193FFF7FDFD019B13
:10A9600018B9064A9A6103B000BD054A9A6103B05E
:10A9700000BD00BF00ED00E000EF00E052810008E4
:10A980004F810008024B0349034AC3E90012704794
:10A99000589A0020189C00200000012000B53023A8
:10A9A00083F311880D4BD3F800C001F1FF3E6244E0
:10A9B000494272440A4059681044884207D8844585
:10A9C00005D81860002383F31188104600BD0022CB
:10A9D000002383F31188104600BD00BF589A002061
:10A9E00008B501F0C3F801F00FFF00F0F7F900F02F
:10A9F00045FA00F06DFA00F0D9FA00F063FB00F0C0
:10AA0000C9FAFEF795FDBDE8084000F001B800BFA7
:10AA100003F01CBD4FF08043586A70474FF08043ED
:10AA20000021022258631961DA6070474FF08043B9
:10AA30000022DA60704700BF4FF0804358637047D0
:10AA4000DDF800C001720433C3610CFB0323002155
:10AA50004261026183614262029B019A0060406030
:10AA6000C160C0F820C08162C16202634363704765
:10AA7000416A416100220161C2608262C2626FF07C
:10AA80000101FFF76BBE00BF03694269934201D029
:10AA9000181D7047C268002AFAD00020704700BF16
:10AAA0000369D0F818C01960C169C2680B446345D6
:10AAB000036102F1010228BF436AC26028BF03613B
:10AAC0000021FFF73FBE00BF2DE9F84F04460F46B7
:10AAD000904699464FF0300B8BF311880026B24612
:10AAE00013E04022384603F07FFFA36AE26A403356
:10AAF0009A4207F1400706F14006A3621DD98AF386
:10AB00001188464542D28BF31188A16A00292ED0C4
:10AB1000E36AA8EB06055B1A9D4228BF1D46402D3F
:10AB2000DFD82A46384603F05FFFA36AE26A2B4467
:10AB30009A422F442E44A362E1D86369E069A16977
:10AB4000E268C4F828A003448B42636124BF636AAF
:10AB50006361236B013AE260002BD0D02046984716
:10AB6000CDE7237A7BB9FFF7D9FD00280BDBE3683B
:10AB700049462046002BF4D061690B6804310B4430
:10AB8000A162E362C5E7002383F311883046BDE884
:10AB9000F88F00BFDDF800C00172043303FB0C2105
:10ABA000426102618161C3610021029B4262019A9C
:10ABB00000604060C0F80CC0C0F820C08162C16273
:10ABC00002634363704700BF10B4416A046AC46003
:10ABD00000224161016110BC8262C2626FF001011A
:10ABE000FFF7BCBD034640691A69824203D050F8A2
:10ABF000043B0B607047DB68002BF8D0002318463D
:10AC0000F7E700BF10B44369C4698169C26823448F
:10AC10008B42436102F1010228BF436AC26010BC4B
:10AC200028BF43610021FFF78DBD00BF2DE9F84F1C
:10AC300004460F46904699464FF0300B8BF311882F
:10AC40000026B24613E04022394603F0CDFEA36A47
:10AC5000E26A40339A4207F1400706F14006A362D8
:10AC60001DD98AF31188464545D28BF31188A06A15
:10AC7000002831D0E36AA8EB06051B1A9D4228BFC5
:10AC80001D46402DDFD82A46394603F0ADFEA36AA3
:10AC9000E26A2B449A422F442E44A362E1D8E2692F
:10ACA0002369A169043A1A60E069E268C4F828A03F
:10ACB00003448B42236124BF636A2361236B013AFF
:10ACC000E260002BCDD020469847CAE7237A7BB9B3
:10ACD000FFF724FD00280BDBE36849462046002BE4
:10ACE000F4D02069E36903440430A062E362C2E760
:10ACF000002383F311883046BDE8F88F302383F3B7
:10AD00001188836A1BB10269043B9B1A03D100239B
:10AD100083F31188704710B51360C469C3688169F3
:10AD20002244013B8A42C36028BF436A026128BFB4
:10AD30000361036B0022826203B19847002383F30F
:10AD4000118810BD70B5044682B00BE001980C4E1E
:10AD500040F2E73C0021E0FB06C16046EDF7FCF95C
:10AD6000FFF7B8FC236801A99B6920469847012892
:10AD70004FF47A724FF00003E8D002B070BD00BF0C
:10AD8000A086010000B5036883B05B680191984715
:10AD9000C36801991BB153F8310003B000BD0069CD
:10ADA00001FB00F003B000BD036810B55B680C4602
:10ADB0009847C3681BB103EBC403586810BD006912
:10ADC00010BD00BF00B5036883B05B680191984770
:10ADD00001994069084403B000BD00BF01F0F8B814
:10ADE00000230122027043608360C36003614361FA
:10ADF0001830FFF7C3BC00BF10B53023044683F3FF
:10AE00001188416001F00CF902230020237080F3C7
:10AE1000118810BD00B583B03023019083F31188F1
:10AE200001F03CF90198002301224360027083F392
:10AE3000118803B000BD00BF10B5302484F3118821
:10AE4000044682600322C360016104F8142B01F000
:10AE50004BF94FF0FF312046FFF748FC002383F306
:10AE6000118810BD08B50C30FFF7F0FC002008BDBC
:10AE700008B50C30FFF7E0FC002008BD00F052BF21
:10AE8000034A0260012303710C30FFF777BC00BF57
:10AE90000C02020810B53023044683F31188816048
:10AEA00000F06CFF02230020237180F3118810BD95
:10AEB00000B583B03023019083F3118800F074FF54
:10AEC000019801220023027183F3118803B000BDB1
:10AED00001F02CBF01220023027043600C30FFF709
:10AEE0004DBC00BF10B53023044683F31188416088
:10AEF00001F02CFF02230020237080F3118810BD85
:10AF000000B583B03023019083F3118801F0EAFF8C
:10AF10000198002301224360027083F3118803B07B
:10AF200000BD00BF70B584B00446089D4FF0300CE2
:10AF30008CF311880A9E0296099E4FF0030CCDE90E
:10AF400000560025856080F800C002F051F8431CCF
:10AF500014BF02230523237085F3118804B070BD4C
:10AF600030B583B00446069D4FF0300C8CF3118849
:10AF70004FF0040C00950025856080F800C001F0BA
:10AF8000DBFF431C14BF02230523237085F31188C4
:10AF900003B030BD02F016BF014B0360704700BF25
:10AFA000802F002002F054BF02F0ECBF03F03EB946
:10AFB000002301220270436083600C30FFF7DEBB88
:10AFC00010B53023044683F31188416003F046F93D
:10AFD000002814BF012302232370002383F3118868
:10AFE00010BD00BF00B583B03023019083F31188FA
:10AFF00003F0BCF90198002301224360027083F33F
:10B00000118803B000BD00BF302383F3118842686C
:10B010001169D26801238B405383002383F3118885
:10B02000704700BF302383F3118842681169D268EA
:10B0300001238B401383002383F31188704700BFE3
:10B0400010B54FF0300C04468CF311884FF0030C10
:10B0500080F800C003F0B8F910B92378032B03D0AF
:10B06000002383F3118810BD4FF0FF3104F1080075
:10B07000FFF73CFB002383F3118810BD10B530238C
:10B08000044683F311880323037003F0BFF910B95A
:10B090002378032B03D0002383F3118810BD4FF0D6
:10B0A000FF3104F10800FFF721FB002383F311882F
:10B0B00010BD00BF0C30FFF7BFBB00BF0C30FFF767
:10B0C000C5BB00BF02F06CB80023012202704360D0
:10B0D000C36183620362C362436203638360704738
:10B0E00010B5302382B083F3118800244160C4601E
:10B0F000046144618461019002F062F801980223C6
:10B10000037084F31188204602B010BD70B530235F
:10B11000054683F311882C4602F0C4F8002601236B
:10B120006E6004F8083B183554F8043F83B15A693F
:10B130006FF0010102F10C0012B1FFF7E5FA23688C
:10B140009B696FF0010103F10C000BB1FFF7DCFA12
:10B15000AC422660E8D1FFF72BFA86F3118870BD68
:10B1600030B51346044600EB8102586983B00D46A2
:10B17000D36028B114220021019303F0E9FB019B65
:10B18000986918B11422002103F0E2FB29462046F9
:10B1900003B0BDE8304002F01BB900BFF8B58368CA
:10B1A00003F00113054600F10C0400F11807836059
:10B1B000002654F8043F83B15A696FF0010102F18F
:10B1C0000C0012B1FFF7A0FA23689B696FF0010130
:10B1D00003F10C000BB1FFF797FABC422660E8D1EF
:10B1E0002846BDE8F84002F09BB900BF10B500EB5F
:10B1F00081044FF0010CE468D4F818E044890CFA9B
:10B2000001FC4CEA040CA0F80AC0CEF80820002289
:10B21000CEF80030CEF80420CEF80C20BDE8104067
:10B2200002F0AAB910B500EB81044FF0010CE468FC
:10B23000D4F814E004890CFA01FC4CEA040CA0F8E0
:10B2400008C0CEF808200022CEF80030CEF8042046
:10B25000CEF80C20BDE8104002F036BA0378052B7A
:10B2600000D07047426D00B5D2F8001E21F00301F6
:10B2700083B0C2F8001ED2F80418019041F0010119
:10B28000C2F80418516941F008015161916941F017
:10B2900008019161C820FFF71DFA019B5A6DD2F891
:10B2A000043823F00103C2F8043803B000BD00BF26
:10B2B0002DE9F0410446002502230370C56444F8DB
:10B2C000085F064600F118074FF0300854F8043FB5
:10B2D000ABB188F3118823685A696FF0010102F15C
:10B2E0000C0012B1FFF710FA23689B696FF001019F
:10B2F00003F10C000BB1FFF707FA85F31188BC428C
:10B300002560E3D186F83450304601F0F5FF7368CC
:10B310001B6823B130460021BDE8F0411847BDE865
:10B32000F08100BF0278052A2CD0F8B5416880F87A
:10B330005020052404700A6805460AB1042190478C
:10B340002C46002644F8086F1835302754F8043F7F
:10B35000ABB187F3118823685A696FF0010102F1DC
:10B360000C0012B1FFF7D0F923689B696FF001015F
:10B3700003F10C000BB1FFF7C7F986F31188AC425B
:10B38000E4D1F8BD704700BF0178052900D07047AF
:10B3900090F850C0426880F800C01368002BF6D0C7
:10B3A000184700BF70B590F83430044613B100233D
:10B3B00080F8343004F14402204602F0D5F8636886
:10B3C0009B688BB32046984770B3E16B94F84A2092
:10B3D00094F84B3042EA03228A4280F0D58094F8F8
:10B3E00044C0E2636346190600F1B180002A73D0BD
:10B3F000152384F83430302383F311886289E3689D
:10B40000E16B9B69D4F838C042F0010262812046AA
:10B410000024C3E90014C3F808C0DC60214602F030
:10B42000ABF884F3118870BD94F8443013F06002D7
:10B430009C46164628D194F8451003F07F0242EA54
:10B44000012240F202318A4200F051815CD8B2F50B
:10B45000807F00F0EF8029D8012A00F03481022A91
:10B4600000F0098182B904F14C01A1630221E1637A
:10B47000226494F84A1094F84B2041EA0222012AEF
:10B48000AFD9002BB4D063E00021204602F0BEFB10
:10B490000021204602F0B0FB63681B6813B106214F
:10B4A00020469847062384F8343070BDB2F5817F7A
:10B4B00000F0CF80B2F5407FE6D194F84620012A13
:10B4C000E2D1B4F84C20A66342F00202A4F84C206A
:10B4D000E66326641B066FD40B2384F834303023D4
:10B4E00083F31188E36822895B69002142F001023D
:10B4F00022812046996019605960D96002F0E4F811
:10B50000002181F3118870BDB2F5006F40D06BD877
:10B51000B2F5A06F00F08380A2F5C062012AB3D813
:10B52000626894F84910526894F84830154643EA26
:10B53000012394F8462094F847102046A847002895
:10B54000A2D0D0E900132664A363E1633EE79AB377
:10B55000092384F83430302383F311882289E36887
:10B56000E16B5B69D4F838C042F0010222812046C9
:10B570000024C3E90014C3F808C0DC60214602F0CF
:10B58000A3F884F3118870BD94F844300A462AE782
:10B5900094F84A2094F84B10266404F14F00A063FD
:10B5A00052EA01224FF00100E06340F0BC8094F9C0
:10B5B0004430E263002B8FDA142384F834303023D4
:10B5C00083F31188E36862899B69002142F00102DC
:10B5D00062812046996019605960D96001F0CCFF02
:10B5E000002181F3118870BDB2F5106F66D1237808
:10B5F000042B00F09C8094F846304BB1626884F8CC
:10B600004F3004212170136813B10221204698475E
:10B61000002294F84430A263E26322645AE7B4F84B
:10B620004420B2F5A06F00F0A0800022A263E26384
:10B6300022644FE794F84620012A7FF425AFB4F83E
:10B640004C20A66322F00202A4F84C20E663266494
:10B6500040E794F84620002A7FF416AF94F848207B
:10B6600012F00F01E1D01606204679D402F0D8FA84
:10B6700094F84430D9E794F8483003F00F011B06E2
:10B68000204646D401F054FF012846D002287FF41A
:10B69000FBAE94F84A2094F84B003D4BA36342EA7A
:10B6A000002202210023012AE16323647FF697AE82
:10B6B00094F94430002BBFF69BAE49E740F60243B5
:10B6C0009A427FF4E1AE94F84A2094F84B30314925
:10B6D000A16342EA032202200021012AE0632164DF
:10B6E0007FF67FAE1CF0800F3FF482AE30E794F817
:10B6F0004620002A7FF4C8AE94F8482012F00F01CB
:10B7000093D01506204626D402F076FA94F84430F9
:10B710008BE701F01BFF0128B8D194F84A2094F878
:10B720004B001D4BBAE71A067FF562AE10E73023D7
:10B7300083F311882046FFF731FD86F3118803213A
:10B74000636884F84F6021701B68002B3FF453AF8F
:10B75000204698474FE702F059FA94F8443064E7DE
:10B7600002F068FA94F844305FE794F8463084F8C1
:10B770004E30204601F020FE63681B6813B10121A2
:10B7800020469847032294F8443022704DE700BFCA
:10B79000380202083C0202083402020800B590F8A0
:10B7A000343083B0152B2BD8DFE803F02C2A2A2A5B
:10B7B0002A2A2C2A2A0B14402A2A2A2A2A2A2A2A06
:10B7C0002C2C90F84A3090F84B20C16B43EA0223AE
:10B7D000994235D3142380F83430302383F3118811
:10B7E000C36842899B69002142F00102428199604D
:10B7F00019605960D96001F0BFFE002181F3118802
:10B8000003B000BD0021009002F000FA0098002172
:10B8100002F0F2F9009843681B6813B106219847BB
:10B820000098062380F8343003B000BD036C13B1D8
:10B83000009098470098002380F8343003B000BD92
:10B84000C3681B8AB1FBF3F203FB12110029C1D1BB
:10B85000302383F31188C36802895B6942F00102D7
:10B860000281996019605960D960CDE9000101F049
:10B870002BFF019981F3118800980A2380F8343056
:10B88000BEE700BF00B590F8343083B0152B22D846
:10B89000DFE803F023212121212123212123232358
:10B8A0002121212121212121370B0B2380F8343044
:10B8B000302383F31188C36802895B69002142F059
:10B8C00001020281996019605960D96001F0FCFEA3
:10B8D000002181F3118803B000BD0021019002F026
:10B8E00095F90198002102F087F9019843681B68D7
:10B8F00013B1062198470198062380F8343003B02D
:10B9000000BDC3689B695B68002BE4D1036C13B175
:10B91000019098470198002380F8343003B000BDAF
:10B9200043099B0000F1604C03F1604303F5614360
:10B930000CF5614C00F01F000122824009018CF8D7
:10B940000013C3F880211A60704700BF43099B00B1
:10B9500000F1604103F1604303F5614300F01F0013
:10B9600001F56141012282400020C3F88020C3F824
:10B97000802181F800037047074A08B5536903F036
:10B980000103536123B1054A13680BB1506898470E
:10B99000BDE80840FEF7C6BF003C0140B89A002051
:10B9A000074A08B5536903F00203536123B1054AFE
:10B9B00093680BB1D0689847BDE80840FEF7B2BF66
:10B9C000003C0140B89A0020074A08B5536903F0CB
:10B9D0000403536123B1054A13690BB150699847B9
:10B9E000BDE80840FEF79EBF003C0140B89A002029
:10B9F000074A08B5536903F00803536123B1054AA8
:10BA000093690BB1D0699847BDE80840FEF78ABF3B
:10BA1000003C0140B89A0020074A08B5536903F07A
:10BA20001003536123B1054A136A0BB1506A98475A
:10BA3000BDE80840FEF776BF003C0140B89A002000
:10BA4000164B10B55C6904F478725A61A30604D5EC
:10BA5000134A936A0BB1D06A9847600604D5104A1E
:10BA6000136B0BB1506B9847210604D50C4A936BAE
:10BA70000BB1D06B9847E20504D5094A136C0BB1A2
:10BA8000506C9847A30504D5054A936C0BB1D06C54
:10BA90009847BDE81040FEF745BF00BF003C01409D
:10BAA000B89A0020194B10B55C6904F47C425A61C5
:10BAB000620504D5164A136D0BB1506D98472305E6
:10BAC00004D5134A936D0BB1D06D9847E00404D5AB
:10BAD0000F4A136E0BB1506E9847A10404D50C4A5F
:10BAE000936E0BB1D06E9847620404D5084A136F69
:10BAF0000BB1506F9847230404D5054A936F0BB1DF
:10BB0000D06F9847BDE81040FEF70CBF003C0140E5
:10BB1000B89A002008B502F0BFFCBDE80840FEF767
:10BB200001BF00BF062108B50846FFF7F9FE062150
:10BB30000720FFF7F5FE06210820FFF7F1FE06219A
:10BB40000920FFF7EDFE06210A20FFF7E9FE062196
:10BB50001720FFF7E5FE06212820FFF7E1FEBDE8EC
:10BB6000084007211C20FFF7DBBE00BF08B52B4BA8
:10BB70001A6962F09F021A611A6902F09F021A6143
:10BB80004FF0FF3C1A695A69C3F814C000205A6983
:10BB900058615A69196A224A61F080511962196A1A
:10BBA00001F080511962196A596AC3F824C0596AB0
:10BBB0005862596A196C41F080511964196E41F04C
:10BBC000805119661B6E136843F480731360136809
:10BBD000D905FCD5114A136F03F44073B3F5007F08
:10BBE00004D04FF480310023116713670B4B1A6F99
:10BBF000120407D41A6F42F400721A671A6F42F4E3
:10BC000000421A67064A536823F40073536000F039
:10BC10006FFDBDE80840FFF785BF00BF0038024058
:10BC2000007000403649374B4FF080504FF40042CF
:10BC300008641A600B6843F001030B600B689B07F4
:10BC4000FCD58B682E4A23F003038B60936813F0B6
:10BC50000C03FBD110682A4900F0F90010609360D2
:10BC6000136843F4803313600B689803FCD54B6F63
:10BC7000234A43F001034B67536F9907FCD5224BCE
:10BC8000536013681F4943F0807313604B685A0474
:10BC9000FCD51B4A13689B01FCD51C4B1C489060CB
:10BCA0000321C2F88C101A681A4B9A421DD01A4B05
:10BCB00040F202721A60184A136803F00F03022B55
:10BCC000FAD10F4A936843F002039360936803F03C
:10BCD0000C03082BFAD1536C43F480435364536E26
:10BCE00043F480435366536E70470C4A0C4B126802
:10BCF0009A42DCD1084B4FF481721A60DBE700BF37
:10BD0000003802400070004008244106002004E092
:10BD10000010883811640020003C024000ED00E073
:10BD200041C20F4108B51148FFF7AAF8104A0F4960
:10BD3000528C104BCB61802A0CD09302B3F5802F2C
:10BD40000FD0B3F5C02F0ED0B3F5002F08BF0323DB
:10BD500001D008BD0023084A52F82330034A136279
:10BD600008BD0123F7E70223F5E700BF609A002032
:10BD7000007AFF1F003C024040020208C3690749E5
:10BD8000D3F804C0064A07484CEA010159605968D3
:10BD90000A4300215A600161704700BF23016745D3
:10BDA000AB89EFCD003C0240C269136943F0004308
:10BDB00013617047006A704790F804C0BCF1050F2A
:10BDC00018D010B59C46034603201C6A82B0187137
:10BDD0006046D4F814C0DC69019361444FF6FF7CDF
:10BDE000C4F80CC002F000FE019B022200201A7170
:10BDF00002B010BD012070472DE9F0430479052CF5
:10BE000083B060D006469946F469376A04233371DB
:10BE10004FF6FF73E360236923F4407323612369C2
:10BE200043F400732361236943F001031046236147
:10BE3000002A3DD0D7F8148001F0030EFF257B685F
:10BE40004FF0000C43B10DEB0C020CF1010C5FFA4A
:10BE50008CFC9C451570F6D321F0030C4B46EE4448
:10BE600013F8012B8EF8002001318A0700F1FF3012
:10BE700001F0030E01D00028F1D1009A48F80C20FF
:10BE8000E268D203FCD4E26896F804901FFA82FCC0
:10BE900012F0100FC4F80CC013D112F0620F02D1CF
:10BEA00030B19946CBE7B9F1040F14BF0420032049
:10BEB0002369022223F001032361327103B0BDE83C
:10BEC000F0830620F4E7012003B0BDE8F08300BF53
:10BED0000379052B0CBF0120072070470379052B40
:10BEE0001FD0C3694FF0050C4FF6FF7280F804C0F5
:10BEF000DA601A6942F002021A611A6922F0F80245
:10BF00001A611A6922F440721A611A6942EAC1027E
:10BF100042F400721A611A6942F4803200201A61F8
:10BF200070470120704700BF0379052B024601D0FE
:10BF300000207047C069D0F80CC01CF4803F03D0CB
:10BF400001B10B6001207047036923F00603036110
:10BF5000C36892F804C099B2C160D9060CD413F03A
:10BF6000620303D11846022313717047BCF1040F1A
:10BF700014BF04200320F6E70620F4E70279052A1F
:10BF80001FD0F8B5036A04465D690E46FEF7FAFE57
:10BF900003230746237131462046FEF705FF80083C
:10BFA0000CD0EB1903EB8000021F043B01E093422D
:10BFB00009D053F8041F0131F9D005200223237161
:10BFC000F8BD01207047022323710020F8BD00BF97
:10BFD00010B50F480E4CFEF703FF0E4BDFF838E0AC
:10BFE0005A6ADFF838C042F480725A625A6A0021F5
:10BFF00022F48072E1625A625B6AC4F828E0C4F8F5
:10C0000030C00621BDE810401220FFF789BC00BFF8
:10C01000849A00200038024000200140162C0200C3
:10C020000378012B00D0704700B5174A904283B0C7
:10C03000034610D015489A6A436803F44003002170
:10C0400043F440334FF0010C436051609160C2F8FB
:10C0500008C003B000BD0E4A019006210C2000F07C
:10C0600067FB019B01680B4ADFF82CC0D862C1F85E
:10C0700008C0516C41F480715164516E41F480717B
:10C080005166526ED6E700BF849A0020002301401B
:10C09000C1C10108003802404C2001400378022B46
:10C0A00000D0704700B583B00346C06A019300F02A
:10C0B00045FB019B0A48996A00228342DA624A6082
:10C0C0008A6001D003B000BD064B5A6C22F4807226
:10C0D0005A645A6E22F480725A665B6EF2E700BFB1
:10C0E000849A00200038024003691A7810B5046B66
:10C0F000D0F80CE032B1BEF1010F94BF44F480746B
:10C1000044F48474C26A11685A8802F1FF3C0EFB41
:10C1100002FE8268CA60C1F804E00C600C68826AA2
:10C1200044F001000860196A5C69D86841EA0C5162
:10C130004FF0000CC2F800C0D4609C6914619C8B65
:10C140005462DC8B9462D16219695C6A9B6A1463E5
:10C1500040F08060536340F480704B0050600AD51B
:10C1600021F0804340F2033023F0020303430143F4
:10C170009360916010BD41F4407141F00101916004
:10C1800010BD00BFC16A0A68136823F01F0300B521
:10C190001360136813F00103FBD191F809E0D1F8A3
:10C1A00004C0826A3D2101FA0EF1CCF80010536000
:10C1B0009168890748BF93600123936000BD00BF69
:10C1C00000B511F00C0F83B013D102697AB111F0F0
:10C1D000200F2BD01178002936D052683AB10421B3
:10C1E000017000909047009B1A78042A48D003B051
:10C1F00000BD0090FFF7C6FF009B1A699268F2B17C
:10C200000521197001219047009B1A78052A16D044
:10C21000302282F311884FF0FF3103F11400FEF752
:10C2200073FA002383F3118803B000BDCB06DED57B
:10C230005368002BDBD003B05DF804EB18470221F4
:10C24000002219701A61E3E7CDE90020FFF79AFF99
:10C25000009A019B5268B2B1042119700093904773
:10C26000009B1A78042A0ED0302282F31188002114
:10C2700003F11400FEF748FA002383F31188B6E7B0
:10C2800003221A70B3E70221002219701A61EBE74A
:10C290001F4B204A196910684FF0000CC2F800C00B
:10C2A00051B310B500F00102800682B002D51878B3
:10C2B000032828D0DAB1042415480191FFF762FF62
:10C2C00001998A680346CAB1052101702146904749
:10C2D0000F4B1A78052A11D0302383F311880E48AA
:10C2E0004FF0FF31FEF710FA002383F3118802B0FC
:10C2F000BDE81040FEF716BBFEF714BB022100227A
:10C3000019701A61E8E7002A0CBF02240624D3E75B
:10C31000849A002000200140989A002030B5DFF870
:10C32000E8E04FF0010C1C46DEF800300CFA00FC8F
:10C330001CEA030F83B018BF002302D0184603B0D5
:10C3400030BD4CEA0303CEF800300EEBC00E00EB1C
:10C350004003CEF808402B4CCEF804205FFA8CFE48
:10C3600004EB8303BEF1000F38D1DFF8A0C0DCF886
:10C3700030E04EF4800ECCF830E0DCF850E04EF4C3
:10C38000800ECCF850E0DCF850C01E4C00EB400CA6
:10C3900054F82CE0DEF800C02CF01F0CCEF800C0E2
:10C3A000DEF800C01CF0010CFAD1164C00EB400086
:10C3B00004EB80003D25447A05FA04F445682C60BE
:10C3C000CEF800C04FF0210CCEF814C0002AB5D032
:10C3D000C07A0193FFF7A4FA019BAFE7DFF82CE0E6
:10C3E000DEF8304044F40014CEF83040DEF850401F
:10C3F00044F40014CEF850401CF47F4FDEF850E0B7
:10C40000C3D0B2E790030208A073002000380240B6
:10C4100008B5074B07481968426801F03D0199606B
:10C420000AB180689047BDE80840FEF77BBA00BFBC
:10C4300000600240A073002008B5094B0948196844
:10C44000C26801F4746CC3F808C022B1890900699C
:10C4500001F03D019047BDE80840FEF763BA00BF18
:10C4600000600240A073002008B5094B0948196814
:10C47000426901F4741CC3F808C022B1090C806938
:10C4800001F03D019047BDE80840FEF74BBA00BF00
:10C4900000600240A073002008B5094B09481968E4
:10C4A000C26901F0746CC3F808C022B1890D006A3A
:10C4B00001F03D019047BDE80840FEF733BA00BFE8
:10C4C00000600240A073002008B5074B0748596878
:10C4D000426A01F03D01D9600AB1806A9047BDE827
:10C4E0000840FEF71FBA00BF00600240A0730020A2
:10C4F00008B5094B09485968C26A01F4746CC3F85D
:10C500000CC022B18909006B01F03D019047BDE8E4
:10C510000840FEF707BA00BF00600240A073002089
:10C5200008B5094B09485968426B01F4741CC3F8FB
:10C530000CC022B1090C806B01F03D019047BDE8B1
:10C540000840FEF7EFB900BF00600240A073002072
:10C5500008B5094B09485968C26B01F0746CC3F8FF
:10C560000CC022B1890D006C01F03D019047BDE87F
:10C570000840FEF7D7B900BF00600240A07300205A
:10C5800008B5074B07481968426C01F03D019960F6
:10C590000AB1806C9047BDE80840FEF7C3B900BF00
:10C5A00000640240A073002008B5094B09481968CF
:10C5B000C26C01F4746CC3F808C022B18909006D23
:10C5C00001F03D019047BDE80840FEF7ABB900BF60
:10C5D00000640240A073002008B5094B094819689F
:10C5E000426D01F4741CC3F808C022B1090C806DBF
:10C5F00001F03D019047BDE80840FEF793B900BF48
:10C6000000640240A073002008B5094B094819686E
:10C61000C26D01F0746CC3F808C022B1890D006EC0
:10C6200001F03D019047BDE80840FEF77BB900BF2F
:10C6300000640240A073002008B5074B0748596802
:10C64000426E01F03D01D9600AB1806E9047BDE8AD
:10C650000840FEF767B900BF00640240A0730020E5
:10C6600008B5094B09485968C26E01F4746CC3F8E7
:10C670000CC022B18909006F01F03D019047BDE86F
:10C680000840FEF74FB900BF00640240A0730020CD
:10C6900008B5094B09485968426F01F4741CC3F886
:10C6A0000CC022B1090C806F01F03D019047BDE83C
:10C6B0000840FEF737B900BF00640240A0730020B5
:10C6C00008B5094B09485968C26F01F0746CC3F88A
:10C6D0000CC02AB1890DD0F8800001F03D019047CF
:10C6E000BDE80840FEF71EB900640240A0730020B8
:10C6F0000B4ADFF838C000210B4611605CF82300BC
:10C7000008320333302B016042F8041CF6D105498E
:10C71000054A4FF0FF338B60CB609360D360704766
:10C72000A0730020006002400064024090030208F1
:10C730000F2801D8FFF7F2BD0020704710B504465E
:10C74000C07AFFF703F91149A07A0B6801228240F1
:10C7500023EA0203DAB20B604AB90D4A116B21F4E5
:10C7600000111163116D21F400111165126D13F4A4
:10C770007F4F09D1064B1A6B22F480021A631A6D9F
:10C7800022F480021A651B6D10BD00BFA07300204B
:10C79000003802408B0712D11A4B1A6822EA0002B5
:10C7A0001A605A6822EA00025A609A6822EA000275
:10C7B0009A60DA6822EA0002DA6058617047114A2A
:10C7C000936811F0010F14BF0343834393600D4A34
:10C7D000D36811F0020F14BF03438343D3604A07A9
:10C7E000084B07D41A6802431A605A6822EA00020A
:10C7F0005A6070475A6802435A601A6822EA000277
:10C800001A607047003C0140044B002203F1800194
:10C810001A605A6008338B42FAD17047B89A0020E8
:10C820002DE9F04711F0010302F003099046C2F32D
:10C830008005C2F3C106C2F341174C4639D000232C
:10C8400042684FF0010C0CFA03FC22EA0C022A4366
:10C85000426082684FEA430C4FF0030E0EFA0CFE62
:10C8600022EA0E0232438260C26822EA0E023A4392
:10C8700003F0070C4FEA8C0CC2604FF00F0AC8F3AC
:10C88000C312B9F1020F0AFA0CFA02FA0CF220D024
:10C89000D0F800C02CEA0E0C4CEA040C072BC0F8B0
:10C8A00000C028D8D0F820C02CEA0A0C4CEA0202BA
:10C8B000026249081DD0CA074FEA45054FEA8606BD
:10C8C0004FEA87074FEA840403F10103B8D449080B
:10C8D000F1E7072B17D8D0F820C02CEA0A0C4CEA55
:10C8E00002020262026822EA0E0222434908026042
:10C8F000E1D1BDE8F087D0F824C02CEA0A0C4CEA5C
:10C9000002024262D5E7D0F824C02CEA0A0C4CEAB5
:10C9100002024262E6E700BF21F0030303F1804315
:10C9200003F59C3310B501F0030C0124D3F808E0A3
:10C9300004FA01F14FEA8C0C1446C0F383200F2255
:10C9400000FA0CF002FA0CFC2EEA0C0C0C4A40EA3D
:10C950000C0098609368E0074CBF0B438B439360D7
:10C96000074AD368A0074CBF0B438B43D360044BEB
:10C970001A680A431A605A6822EA01025A6010BD16
:10C98000003C0140174BD3F808C0D868012210B50D
:10C990008A404CEA000E1EEA020F22D04FEA910EA6
:10C9A000114C0EF1020E2CEA020C54F82EE0D3F8D2
:10C9B00000E02EEA020EC3F800E0D3F804E02EEA0D
:10C9C000020EC3F804E0C3F808C0DFF820C020EA74
:10C9D0000200D8605A6100230CEBC1024CF83130E0
:10C9E000536010BD003C014000380140B89A00205F
:10C9F000D0F830C0436B4FF4004200B500211A60FC
:10CA0000DCF80020196059605961136823F01F0396
:10CA100013601368D907FCD49CF809E0C16ADCF8FC
:10CA200004000A683D2303FA0EF30360136823F041
:10CA30001F0313601368DB07FCD4487A4A683D2360
:10CA40008340136000BD00BF10B511F00C0F446BA4
:10CA500082B0034613D1196B0A68136823F01F03D1
:10CA600013601368DB07FCD4487A4A683D2383408F
:10CA70001360636843F40073636002B010BD0190FB
:10CA80000248FDF73FFB019BE5E700BF98F6010870
:10CA900010B511F00C0F426B82B0044629D1E06A48
:10CAA0000368196821F01F011960196811F001016C
:10CAB000FBD1D0F804C0407A3D238340CCF800304D
:10CAC000536823F480535360136823F48063136026
:10CAD000136843F400733020136080F3118804F16D
:10CAE0001C000191FDF710FE019981F3118802B03D
:10CAF00010BD03480192FDF705FB019ACFE700BF87
:10CB000098F6010848484949426B10B59369546941
:10CB100044EA034303F0FF138B4282B01FD8B3F5FE
:10CB2000403F31D9A3F54033013B102B0ED8DFE84D
:10CB300003F02E440D0D0D0D0D090D0D0D0D0D0DF8
:10CB40000D0D3A00038CC3F34703136114F00A0F71
:10CB500018BF936902B0BDE81040FDF7E3BE344949
:10CB60008B4240D002318B42F0D1C36A11691B68FD
:10CB70005968002942D0018C136841F0010143F447
:10CB8000A06301841360E5E7B3F1011FDED1038CDC
:10CB9000190ADAD001F0060103F00103194341F04C
:10CBA000F0011161D2E720480092FFF721FF009ABF
:10CBB000536823F400735360C8E75168C06A21F4D6
:10CBC000007103685160196841F0010119605168F2
:10CBD00041F4805151605B68012BB7D8136823F48E
:10CBE00080631360B2E75368016B23F40073096834
:10CBF00053600B6843F001030B60A7E75368019291
:10CC000023F400735360136843F4007313603023FC
:10CC100083F311881C300091FDF776FD009981F3B4
:10CC20001188019A92E700BF389B00201100030091
:10CC3000820007003B4938B5D1F834E00C6BDEF8D0
:10CC400014C022680CF45F43DB43CEF81430136841
:10CC500023F01F031FFA8CF013601368DB07FCD46A
:10CC6000657A6268CC6A3D23AB4013602268136822
:10CC700023F01F0313601368DD07FCD4657A626834
:10CC80003D23AB4013608405C0F3002348BF43F04D
:10CC9000020342058B600ED5DEF8042022F40072F8
:10CCA000CEF80420DEF8002043F0040342F40072C2
:10CCB000CEF800208B60050544BF43F008038B606D
:10CCC00044041ED543F02003C0048B600FFA8CFC93
:10CCD00024D543F01003BCF1000F8B6002DA43F05F
:10CCE00040038B60302383F311880F486FF00101FC
:10CCF000FDF70AFD002383F31188BDE83840FDF7F6
:10CD000011BEC2040FFA8CFCE3D4BCF1000FE6DBC9
:10CD1000002BE7D1BDE83840FDF704BEBCF1000FA1
:10CD2000E0DADCE7389B0020549B002008B505487A
:10CD3000FEF7D0F80349044A4A630023CB61CB6273
:10CD40000B6308BD389B0020005C004030B50278C2
:10CD5000446B012A83B0034653D02246D96AD3F8E4
:10CD600030C0096804F1100088605968DCF80030B0
:10CD700098604FF40040206000234FF4106023605F
:10CD80006060D2F804C048684FF6C07E0CEA0E0C12
:10CD900091F808E0C2F804C0D2F804C04CF0240CAA
:10CDA000C2F804C0DFF834C160451BDC2523400015
:10CDB0001362454B93FBF0F3C3F30B03D361097884
:10CDC000136802299BB261D003295CD023F00A00CA
:10CDD000012908BF03461360236843F00103236061
:10CDE00003B030BDDFF8F8C06045E7DCBEF1020FEC
:10CDF00052D0BEF1030F5AD048F6FF730B201062D9
:10CE0000DCE7324A40F2564040F2164193429862C3
:10CE10005962A2D12E4D2F4A296A41F4000129629C
:10CE2000296A21F400012962296A0193052102205F
:10CE3000FFF77EFC019B284AD86205210420FFF7FA
:10CE400077FC2A6C019B42F4000218632A642A6E64
:10CE500042F4000205212A6648202A6EFEF760FD92
:10CE600005214920FEF75CFD019B586A996A5A6BBF
:10CE700040F0C06041F0C06140F4403041F44031C6
:10CE8000586299626AE743F00A03A4E723F00803B3
:10CE900043F002039BB29EE70B4B00EB4000B3FB59
:10CEA000F0F36FEA43436FEA53439BB2A6E700EB0C
:10CEB0008000054B00EB8000B3FBF0F36FEA834387
:10CEC0006FEA93439BB299E700512502389B0020FB
:10CED0000038024091CA010849CA0108A086010031
:10CEE000801A06000378012B00D1704710B5044664
:10CEF000FFF77EFD206BFFF721FCE06AFFF71EFCC9
:10CF00000B4A002394422363E36200D010BD482003
:10CF1000FEF71CFD4920FEF719FD064B1A6C22F4A2
:10CF200000021A641A6E22F400021A661B6E10BD0B
:10CF3000389B00200038024049002DE9F84341F0B9
:10CF400001010025446B01848146856085F31188C9
:10CF5000C16A406A09680860CA604B60FDF75AFD03
:10CF60003026804641F2873701E085F3118886F349
:10CF70001188A3699A0702D423689B0518D5FDF789
:10CF800049FDA0EB0800B842EFD9D9F82C100A6887
:10CF9000136823F01F0313601368D807FCD4487A82
:10CFA0004A683D23834013604FF0FF30BDE8F883AB
:10CFB0006368089943F400736360236843F4A063D3
:10CFC00009F11C002360FDF791FB0028EED0D9F891
:10CFD0002C100A68136823F01F0313601368DB0723
:10CFE000FCD44C7A4A683D23A3401360BDE8F88323
:10CFF0002DE9F84349000025089F446B01848146D0
:10D00000856085F31188016BD9F828600868D9F824
:10D010002C1009680660C2604360D9F824300B60A8
:10D02000099BCF604B60FDF7F5FC3026804641F24E
:10D03000873701E085F3118886F31188A3699A0781
:10D0400002D423689B0527D5FDF7E4FCA0EB08007C
:10D05000B842EFD9D9F830000268136823F01F03F3
:10D0600013601368DC07FCD4447AD9F82C104068AC
:10D070000A683D23A3400360136823F01F03136075
:10D080001368D807FCD4487A4A683D23834013606C
:10D090004FF0FF30BDE8F88363680A9943F40073EA
:10D0A0006360236843F4807309F11C002360FDF77B
:10D0B0001DFB0028EED0D9F830402268136823F019
:10D0C0001F0313601368D907FCD4627AD9F82C10B7
:10D0D00064683D2393400A682360136823F01F03AC
:10D0E00013601368DB07FCD44C7A4A683D23A340E5
:10D0F0001360BDE8F88300BF12498A6DD1F854C0AF
:10D1000070B5956800230831012451F804EFDEF86A
:10D11000186003F1100204FA03F0013336B1DCF8B1
:10D120001C6804FA02F23243CCF81C28DEF8142002
:10D1300022B1DCF81C281043CCF81C08AB42E4D91F
:10D1400070BD00BF709B002010B50022D1F808E030
:10D150004FF0FF3400E0013200EB42110B46D1F8F2
:10D1600000C9BCF1000F05DAD1F800C94CF0804CC1
:10D17000C1F800C9D1F800CBBCF1000F05DAD1F835
:10D1800000CB4CF0804CC1F800CB9645C3F8084961
:10D19000C3F8084BDFD14FF00113C0F81C3810BDA5
:10D1A00008B50548FDF790FF0349044B8B654FF028
:10D1B000A0424A6508BD00BF709B002050040208D1
:10D1C0000378012B00D0704730B5304B446D984246
:10D1D00083B005463BD02346C0220021C4F8001E80
:10D1E00022604FF40412A2631A69002AFCDA0122B9
:10D1F0001A610C200193FCF7B1FF019B1A69D20759
:10D20000FCD412200193FCF7A9FF019B1A69002AA4
:10D21000FCDA0023A96D686DA360FFF795FF6A68CB
:10D22000D2680023C4F81038C4F81438C4F81C3885
:10D2300052B1174BA3614FF0FF336361A36843F012
:10D240000103A36003B030BD124BA361F3E7124B9F
:10D250005A6B42F080025A635A6D42F080025A655E
:10D260005A6D5A6942F080025A615A6922F080026E
:10D270005A610E2143205B69FEF752FB074B084AB7
:10D28000E3606B6DC4F80028A6E700BF709B002028
:10D29000083C30C0003C30C0003802404014004020
:10D2A000030020020378012B00D1704700B583B042
:10D2B0000346816D406D0193FFF746FF0C49019BCA
:10D2C00000228B42C0F81C288260826301D003B028
:10D2D00000BD4320FEF73AFB064B5A6B22F080025A
:10D2E0005A635A6D22F080025A655B6DEFE700BF0A
:10D2F000709B00200038024070B5456D2023064623
:10D300002B612C6914F02004FBD11220FCF726FFBE
:10D31000D6F858C0C5F83448DCF808004FF00113BF
:10D32000C5F81C3801304FF000614FF0FF3205EBBB
:10D33000441301348442C3F80019C3F8001BC3F836
:10D340000829C3F8082BF2D1726DDCF80030F365C0
:10D3500010216B621161146914F01004FBD11220CA
:10D36000FCF7FCFED5F80038114823F4FE63C5F83D
:10D370000038AB6943F4402343F01003AB61F36D15
:10D3800009224FF0C041C5F81028C5F81428F060F4
:10D39000084AC5F8101B03F1100143F48013C5F8C7
:10D3A000002BC5F81049C5F80029F165AB6270BDC6
:10D3B0005C04020840800010426D90F84E10D2F8D4
:10D3C000003823F4FE6343EA0113C2F800387047C3
:10D3D00000EB810370B5DB68446D1A68D3F818E080
:10D3E00002F003020546501E022804EB411C98BFC0
:10D3F00092044FF0000082B098BF02F18052CCF846
:10D40000100B4FF0010601F110008CBF424A02F5EB
:10D41000004206FA00F0BEF1000F4ED0B3F812E061
:10D4200001F1580C4FEA4C1C4EEA020644F80C601D
:10D43000D4F81C683043C4F81C0804EB41104FF0CA
:10D44000000C5E69C0F810C94FEA811C4CF0200C3A
:10D45000002E3FD0B3F81CE0188ABEF1010F4FEA4E
:10D460009003E86D88BF0EFB03F304EB810E1E18DA
:10D4700040EA0340EE65CEF80001C4F810C023690D
:10D480009806FCD4122001910092FCF767FE0199E6
:10D49000009A05EB810001F14805C068008A6D0122
:10D4A00040EA8150104360510123D4F81C288B407E
:10D4B0001343C4F81C3802B070BDDCF8006B26F4CE
:10D4C0000046CCF8006BD4F81C6826EA0000C4F8CB
:10D4D0001C08B2E704EB8103104AC3F80021C4F82A
:10D4E00010C023699B06FCD412200091FCF736FE85
:10D4F000009904EB4110012303FA01F2D0F800393E
:10D5000023F40043C0F80039D4F81C3823EA02039E
:10D51000C4F81C3802B070BD008000100004000286
:10D52000816D03460A68406DDA65FFF70DBE00BFE6
:10D530005831436D49015B5813F4004004D013F493
:10D54000001F14BF01200220704700BF4831436D07
:10D5500049015B5813F4004004D013F4001F14BFBA
:10D5600001200220704700BF00EB81011046CB680C
:10D570000822196A01F038BA00EB810300B5DA68B5
:10D58000D2F818E0DEF800C0CEF810C011B9BCF136
:10D59000400F2ED8538A1268406D02F0030E5A1EB7
:10D5A0006244B2FBF3F202FB03F3033323F0030301
:10D5B00043EAC24300EB411243F0C043BEF1010F06
:10D5C000C2F8103B0CD1D0F8083813F4807FD2F8A1
:10D5D000003B14BF43F0805343F00053C2F8003BBC
:10D5E00000EB4110D0F8003B43F00443C0F8003B8F
:10D5F00000BD4023CEF800309C46CBE7314A30B521
:10D60000546D014604EB401083B0D0F8083BC0F8DD
:10D61000083B180703D5D4F81408050738D4D807F1
:10D6200034D5D4F81438DB0730D58C1C02EB8403D6
:10D630005B6891B9D3F818C0B3F812E0DCF8045075
:10D64000DCF80400B0FBFEF00EFB105028B9DCF84B
:10D6500000E0DCF81000864526D3DD685389012000
:10D66000884023EA0003538115B11648A847154A9C
:10D67000302383F3118802EB840253689869416870
:10D680000C30FDF741F8002383F3118803B030BD5F
:10D6900002EB81000193C0680091436810469847EF
:10D6A000DDE90013074ABAE7A0EB0E00CCE9000160
:10D6B000302383F311880348FFF75EFF81F311885D
:10D6C000E4E700BF709B002000EB8103426DD3F8BC
:10D6D0000CC0DCF81400036800B5036153BB02EB17
:10D6E00041134FF4002E4801C3F810E9DCF8003074
:10D6F00003F00303012B0ED1D2F8083802EB000C23
:10D7000013F4807FDCF8003914BF43F0805343F0FA
:10D710000053CCF8003910440123D0F800C98B40E5
:10D720004CF00441C0F80019D2F834180B43C2F889
:10D73000343800BD19B9402B84BF40230360BCF8C6
:10D7400010E00EF1FF301844B0FBFEF043EAC04396
:10D7500002EB411043F00053C0F810394801C5E70F
:10D760002DE9F0474C4D6E6D06EB40120346D2F8A2
:10D770000849E00782B0C2F8084903D5D6F8102856
:10D78000D1070BD4220606D5D6F8342801219940BA
:10D790000A4289462FD102B0BDE8F0879A1C05EBFA
:10D7A0008201D1F804C0DCF81410D1F800E0086957
:10D7B00086455FD32989DCF808700120984021EA6A
:10D7C0000001298137B11946284601920093B847D4
:10D7D000019A009B0093302181F3118805EB8202AE
:10D7E0000021526850690C30FCF78EFF002282F352
:10D7F0001188009BC6E705EB8302D5F854A0D268D8
:10D8000055696C682E68A6422DD9128A581CC0B280
:10D8100017460AEB00300AEB4318A6EB040CD8F8C5
:10D820001839BC459BB228BFBC46BCEB830FB2D8AD
:10D83000D5F808E0BCF1040FDEF8003003600BD926
:10D84000ACF1050121F0030104317144734653F832
:10D85000042F02608B42FAD164440EEB0C03A64203
:10D86000AB606C60D9D8DAF8343823EA0903CAF817
:10D87000343890E7A0EB0E00002208604A603021A7
:10D8800081F31188194628460093FFF71DFF0022F7
:10D8900082F31188009B75E7709B00202DE9F04F03
:10D8A000AD4E83B0776D4FF0400B4FE028056ED43E
:10D8B000A9040CD5D7F8083813F0060FFB6823F439
:10D8C00070530CBF43F4105343F4A053FB602A077A
:10D8D0000ED57468E368002B00F042813378052B85
:10D8E00000F04681FFF708FCE3680BB1304698472B
:10D8F000EB0200F18F80AC0251D42903D7F818480D
:10D900000BD5E20300F12381A30300F11C81600326
:10D9100000F11581210300F10E816A030BD5E307A5
:10D9200000F10581A00700F1FE80610700F1F7809A
:10D93000220700F1F080EB0600F1BB80874B1D420F
:10D9400000F0E480BBF1010B00F0E0807D69BB6971
:10D950001D4015F480587D6140F04381002DA5DA0B
:10D96000D7F8003E9C0705D0D7F8003E23F003030C
:10D97000C7F8003EFFF7C0FBD7F8043823F00103D7
:10D980003046C7F80438FDF7FFFC280590D5706DC8
:10D99000B16DFFF7D9FB3046FDF7C4FC88E7D6F838
:10D9A000549000244FF0010A05E0B36D01349B68E8
:10D9B000E4B29C42A1D809EB4412D2F8003B03F434
:10D9C0004023B3F5802FF0D1D2F8002BA31C002AFE
:10D9D00006EB83000AFA04F1E7DA4268B6F80AC0F7
:10D9E000D2682CEA010C30462146A6F80AC012B1D2
:10D9F00001939047019B302282F3118806EB830349
:10DA00005B68986941680C30FCF77EFE002383F365
:10DA10001188CAE70021D6F854900C4607E0B36D90
:10DA200001349B68E4B29C4221463FF664AF09EBA7
:10DA30004412D2F8003903F44023B3F5802FEED11D
:10DA4000D2F80039002BEADAD2F8003943F09043DB
:10DA5000C2F80039D2F80039002BFBDB726D890166
:10DA600041F02001116113699806FCD41220FCF7E3
:10DA700075FB33890122A24023EA020304F1020A62
:10DA8000338106EB8A035B689B6813B121463046FD
:10DA90009847302383F3118806EB8A0A0021DAF8CD
:10DAA000043058690C30FCF72FFE002383F31188F3
:10DAB000B5E7726D136A03F4F011B1F5802FC3F36B
:10DAC0000A1003F00F035ED0B1F5402F7FF43AAF98
:10DAD00000283FF437AF06EB830302F58054DB6880
:10DAE0004546196A002313F0030F08BF2568072B6A
:10DAF0000A4603F1010303D802F8015B2D0A11461F
:10DB00009842F0D1BBF1010B7FF420AF03B0BDE828
:10DB1000F04FFCF707BF0320FFF722FE0BE70220C0
:10DB2000FFF71EFE04E70120FFF71AFEFDE60020C6
:10DB3000FFF716FEF6E60320FFF760FDEDE6022094
:10DB4000FFF75CFDE6E60120FFF758FDDFE6002069
:10DB5000FFF754FDD8E600BF709B002030000004A2
:10DB6000BB6923F00803BB613378052B7FF4BAAEA1
:10DB7000D7F8003E23F00303C7F8003E3046FDF718
:10DB800003FC7468AEE6991C06EB81035B689D6933
:10DB90002C686B68A4EB030CAC68C8B1A64602F510
:10DBA00080550023444613F0030F08BF2C689C45A2
:10DBB000724603F1010303D902F8014B240A964689
:10DBC0009842F0D106EB81035B689D69AC686B6895
:10DBD000604539BF24181B1864446344AC606B6013
:10DBE000B0E60448FDF764FB03B0BDE8F04FFCF776
:10DBF00099BE00BF709B0020436D03EB4111D1F82B
:10DC0000003B43F40013C1F8003B7047436D03EB46
:10DC10004111D1F8003943F40013C1F800397047BD
:10DC2000436D03EB4111D1F8003B23F40013C1F81D
:10DC3000003B7047436D03EB4111D1F8003923F4E9
:10DC40000013C1F80039704750207047BAB110B5C1
:10DC500044689C4650341344A1EB0C010CEB0100CA
:10DC60004FEA900E00F0030054F82E20C00022FA74
:10DC700000F00CF8010B9C45F0D1002010BD0020F5
:10DC8000704700BFF2B1F0B50D4641689E46503175
:10DC90009C18ED1AFF260EEB0500820800F0030029
:10DCA0001EF801CB51F82230C00006FA00F723EA33
:10DCB00007030CFA00F01843A64541F82200EAD108
:10DCC0000020F0BD00207047184A194938B5536844
:10DCD0009568DC6824F4F040D8604FF40010486187
:10DCE00005B3996809040DD5230503D51046022113
:10DCF000A8470E4AE50404D593680C4803219847C9
:10DD00000A4A53681B6C58070CD5A10404D59368C4
:10DD1000064804219847054A630403D593680348DD
:10DD200005219847BDE83840FCF7FCBDD09B00209A
:10DD3000003C01400B480C494368DA6810B522F4F6
:10DD40008064DC604FF480044C61846834B19B686B
:10DD5000590403D5530501D50721A047BDE810405C
:10DD6000FCF7E0BDD09B0020003C01401348144963
:10DD7000436810B5DA6822F4407482B0DC604FF476
:10DD800000344C6184689CB19B68D90408D5D105E6
:10DD900006D50021CDE90023A047DDE9002307488F
:10DDA000990405D5930503D5836804480121984754
:10DDB00002B0BDE81040FCF7B5BD00BFD09B00200D
:10DDC000003C014008B51F48FDF7E6F81E4BCA218C
:10DDD000532259625A62DA681A4912F0100F4B60E6
:10DDE000DA6818D022F02002DA60164A00230121F6
:10DDF0004FF4C4009360FEF7CDFC0F210220FDF725
:10DE00008FFD0F210320FDF78BFDBDE808400F219A
:10DE10002920FDF785BD42F08002DA60DA685206FB
:10DE2000FCD5202000219860084A1964802040F227
:10DE3000FF31D86019611A61DA6822F08002DA6075
:10DE4000D3E700BFD09B002000280040FF031F0045
:10DE50002DE9F04F0F4647497B68474A474EBC784B
:10DE600097F80190C3F31A03A1FB03139B09A2FBCC
:10DE7000031583B0ED080190A6FB05018908A2FBFC
:10DE800001CE4FEADE0E04F01F04A6FB0E6C3878BC
:10DE9000A2FB04684FEAD808A2FB00B608EB880B87
:10DEA00009F00F0AA4EB4B044FEA591944EA49342C
:10DEB000A2FB0AB901EB410BF608A5EB4B0B05EBF6
:10DEC0008505A3EB450306EB8605A0EB450044EA78
:10DED00000400EEB8E04A1EB44014FEA9C0C4FEA8C
:10DEE000D90943EA0B1343EA0123A2FB0C41A2FB2D
:10DEF000064209EB8904AAEB440A40EA0A24D20844
:10DF000002EB820244EA0934A6EB420244EA081416
:10DF100044EA02540CEB4C02C908AEEB420E43EA51
:10DF20000E3501EB8103ACEB430C45EA0C4545EAA9
:10DF30000155FCF7F5F8124B5A68D36843F080039B
:10DF4000D360D3685B06FCD5019B59680D604C60BB
:10DF50008B687C7823F48023C4F3001443EA844361
:10DF60008B60D36823F08003D36003B0BDE8F04F2B
:10DF7000FCF7E0B8D34D6210CDCCCCCCABAAAAAAAA
:10DF8000D09B0020F0B50546002483B00F462646FE
:10DF9000FCF7C6F86B68254622469C6AA242AC464E
:10DFA000B6461D685E68F7D1AC45F5D1B645F3D1EC
:10DFB0009B680193FCF7BEF8019B2F489B0903F473
:10DFC00080512E4BC5F3034203FB02F2C5F301530C
:10DFD00000FB03224FF47A7C05F00F030CFB0322B5
:10DFE000C6F3035303EB830EC6F3003303EB830C3A
:10DFF000234B244804FB03F3C5F3023400FB042045
:10E00000C6F3034202EB4E023A70C6F3032202EB60
:10E010004C0202F00F0241EA02224EF66024C5F3E0
:10E02000032104FB0101C6F3011000EB800406F09C
:10E030000F0000EB440006F46046324300F01F007E
:10E0400042EA0042C5F3021542F2107000FB0511CE
:10E0500003F5792321F0784103F6184301EB93236C
:10E06000796863F31A013B6879606FF314231343F3
:10E070003B6003B0F0BD00BF0051250280EE3600CA
:10E0800018FCFFFFC0270900D0F804C0416A9CF8C3
:10E0900001200B68F2B91A6822F01F021A601A6890
:10E0A000D207FCD44A7A49683D239340C2690B6089
:10E0B00093681B06FCD4016A0A68136823F01F03E7
:10E0C00013601368D807FCD4487A4A683D2383401C
:10E0D000136070471A6822F01F0200B51A601A68B0
:10E0E000D207FCD491F809E04A68016A3D2303FA9B
:10E0F0000EF313600A68136823F01F03136013689C
:10E10000DB07FCD44A7A49683D239340104A0B60F0
:10E11000904212D0BCF81420BCF81610C36922F04B
:10E1200044024FF0000C41F0030142F04000C3F8FC
:10E1300000C059601A60186000BD064B5A6A42F46C
:10E1400080525A625A6A22F480525A625B6AE1E74C
:10E15000DC9B00200038024010B511F00C0F82B09B
:10E16000044629D143681A78B2B1CA0604D55B685F
:10E1700083B10191984701998B060BD563685B6861
:10E1800043B104222270204698472378042B01D102
:10E190000323237002B010BD0193FFF775FF019BAD
:10E1A0005B6833B104222270204698472378042B01
:10E1B0000DD1022323700AE00B48FBF7A3FF204692
:10E1C000FFF762FF63689B680BB1204698473023D6
:10E1D00083F31188002104F10800FCF795FA00236D
:10E1E00083F3118802B010BD98F6010811F00C0FEE
:10E1F00000D1704710B504460B48FBF783FF20465B
:10E20000FFF742FF63689B68204603B198473023BD
:10E2100083F31188002104F10800FCF775FA00234C
:10E2200083F3118810BD00BF98F6010810B50748A8
:10E23000064CFCF7BDFE002305480649064AE0618E
:10E2400023626362A162E26210BD00BFDC9B00201A
:10E2500000300140160001064600010610B50278A4
:10E260004FF0FF31012A82B0034641633BD0D0F822
:10E270001CC0D3F804E0996ABEF81420D86A1405CB
:10E280009EF8004021F4F04120F4F04044BF41F4F6
:10E29000205140F42050E4B921F4847120F48470BA
:10E2A000D8629EF8010099620023BEF81610CCF8DF
:10E2B000003022F0440388B141F0030243F04001F2
:10E2C000CCF804200020CCF80030CCF8001002B0CC
:10E2D00010BD41F4847140F48470E1E743F441736C
:10E2E00041F00702EAE71D4A90420AD0196A5A6AC9
:10E2F000D3F81CC0086811680CF10C0282608A60B7
:10E30000B7E70190164A0A210820FEF711FA019B8F
:10E310001862F8B1134A01930A210B20FEF708FA9C
:10E32000019B586298B1104A516C41F4805151647C
:10E33000516E41F480515166516E516A41F48051E1
:10E340005162516A21F480515162526ACEE7186AD3
:10E35000FEF7F4F96FF01000B9E700BFDC9B002076
:10E3600059E10108EDE10108003802400278022A73
:10E3700000D0704700B583B00190FFF785FE019B88
:10E38000D969586A00220A604A60FEF7D7F9019BF2
:10E39000186AFEF7D3F9019B094900228B421A62E1
:10E3A0005A6201D003B000BD064B5A6C22F4805271
:10E3B0005A645A6E22F480525A665B6EF2E700BFCE
:10E3C000DC9B00200038024010B4046AD4F800C07E
:10E3D000CCF80C30836ACCF8041043F48063CCF89A
:10E3E0000030436AC06A1B6840F48060DA6059609C
:10E3F0001860DCF8002042F00102CCF800201A6816
:10E4000042F00102002010BC1A607047036AD3F882
:10E4100000C000F13003CCF80C30836ACCF8041053
:10E42000CCF80030436AC06A1B6840F48060DA6050
:10E4300059601860DCF8002042F00102CCF800209E
:10E440001A6842F0010200201A607047104A114811
:10E45000116C41F001011164116E41F0010111666E
:10E46000126E82684FF0804342F001028260012107
:10E47000002240F2CF2C4FF0FF30C3F828C0D86202
:10E480009A615A63DA605A6059611960704700BF37
:10E4900000380240002004E04FF0804208B51169C6
:10E4A000D3680B40D9B2C9439B07116100D408BDA2
:10E4B000302383F31188FBF731FE002383F31188A7
:10E4C00008BD00BF3A4A3B49106940F09F0070B553
:10E4D00010611069384D20F09F0010611069106BB9
:10E4E00040F09F001063106D40F09F001065126DAA
:10E4F0003248334A00234FF0FF3C4FF6FF7E4B601B
:10E50000C1F808C0C860C1F814E00A622D4A4A6226
:10E5100002F1854202F5B0120A602B4A2B48536083
:10E520004FF0AA31C2F808C0D1604FF08051C2F854
:10E5300014E01362536211602549C2F80434C2F832
:10E5400008C4C2F80C142349C2F814E4C2F8201419
:10E550002149C2F824144FF4A031C2F8001401F18B
:10E56000804101F5504102F5C0524FF0553440F65C
:10E57000FF764360C0F808C0C4604661036243622E
:10E5800003604B60C1F808C0CC60C1F814E00B62B6
:10E590004B620B605360C2F808C0D560C2F814E04B
:10E5A0001362BDE8704053621360FDF73BBB00BFD0
:10E5B000003802400000024050555555645001A4F7
:10E5C0000000565500AA0A0000040240000C024058
:10E5D000556955550050006000060600704700BFA1
:10E5E000162303604FF0FF30704700BF00207047D4
:10E5F000184670470020704710B5002204460846B0
:10E600000121FCF7CBF900B110BD0C2323604FF0C2
:10E61000FF3010BD08B500211046582200F098F9CF
:10E6200003464FF4005200205A6008BD0120704795
:10E6300008B50248FBF766FD00F00EF8A4F60108E5
:10E6400008B50248FBF75EFD00F006F8ACF60108DD
:10E6500001207047704700BF08B5062000F0A8F9F8
:10E660000120FFF7E5FF0000024B0A46014618684B
:10E6700000F002B8902F002070B5A1FB026535B9FB
:10E68000314600F059F8044628B9204670BD0C23E5
:10E6900003600024F9E73246294600F059F9F4E70F
:10E6A000931E222B10B50C4604D900230B701C4678
:10E6B000204610BD0A2A09D1002807DA2D230B7045
:10E6C00040420121214400F0F3F8F1E70021F9E78D
:10E6D000FFF7E6BF024B0146186800F02DB800BFF7
:10E6E000902F0020024B0146186800F0A9B900BF26
:10E6F000902F002070B50F4C0E462168054611B9C9
:10E70000FFF77AFF206031462846FFF775FF431C6C
:10E7100003D14FF0FF34204670BDC41C24F0030425
:10E72000A042F8D0211A2846FFF766FF0130F2D147
:10E73000EFE700BF407400202DE9F843CD1C25F021
:10E74000030508350C2D38BF0C25002D064601DBCE
:10E75000A94204D90C2333600020BDE8F883334F6D
:10E7600000F066F83B681C463CBB29463046FFF784
:10E77000C1FF431C044656D13C68A046B8F1000FC7
:10E7800040D1002C49D023684146304604EB0309B0
:10E79000FFF732FF814540D121686D1A2946304686
:10E7A000FFF7A8FF013038D023682B4423603B6873
:10E7B0005A685ABBC7F800800EE02268521B1ED46C
:10E7C0000B2A16D96119A342256018BF59606368E6
:10E7D00008BF396062514B60304600F02AF804F1FE
:10E7E0000B00231D20F00700C21A1CBF1B1AA350E8
:10E7F000B3E76268A3420CBF3A605A60ECE7234675
:10E800006468B1E74446D8F80480B7E71A465B6805
:10E81000A342FBD100235360DEE70C233360304674
:10E8200000F007F898E70560D6E700BF44740020C1
:10E8300070477047164B10B51C68226BB2B9182090
:10E84000FFF748FF0246206320B9124B12485221BD
:10E8500000F0D8F81149124BC0E90013114B836046
:10E860000B23838100210120C2E9040113690E48B2
:10E8700054690E49584301FB0400A3FB01310133E5
:10E8800040EB0100C2E9043020F0004010BD00BFA1
:10E89000902F002080040208970402080E33CDABAD
:10E8A00034126DE6ECDE05002DF451582D7F954CA9
:10E8B000F0B51E4C8BB005460B466E4604F1200C9D
:10E8C00020686168374603C7083464453E46F7D17F
:10E8D00021793971911E2068386022294FF000019A
:10E8E00004D919700B4618460BB0F0BD581E84466B
:10E8F000B5FBF2F702FB175628366E44AA4216F80B
:10E90000286C0CF8016F0C463D4601F10101EFD96E
:10E9100000225A541919A51AAA42E4DA10F8015F24
:10E920000E780670013201F80159F4E71B05020860
:10E9300010B501390244904201D1002005E003786E
:10E9400011F8014FA34201D0181B10BD0130F2E7AE
:10E9500002440346934200D1704703F8011BF9E7D4
:10E960001F2938B505460C4604D9162303604FF01D
:10E97000FF3038BDC26B12B152F821304BB9284676
:10E9800000F030F8224601462846BDE8384000F045
:10E9900017B8012B0AD0591C03D11623036001209C
:10E9A000E7E7002142F82410204698470020E0E7DE
:10E9B000024B01461868FFF7D3BF00BF902F00201D
:10E9C00038B5074C00230546084611462360FFF77B
:10E9D00037FE431C02D1236803B12B6038BD00BF52
:10E9E00048740020FFF734BE0A44914200F1FF331F
:10E9F00000D1704710B511F8014B03F8014F914257
:10EA0000F9D110BD1FB51D46094B1B680646D868D5
:10EA100052B1084C0091CDE90142074933462A46DC
:10EA200000F05AF8FFF718FE044C2246F2E700BF48
:10EA3000902F0020400502084D0502087B050208C2
:10EA400037B5002944D051F8043C0190002BA1F1C6
:10EA50000404B8BFE418FFF7EBFE1E4A01981368E0
:10EA600033B96360146003B0BDE83040FFF7E1BE26
:10EA7000A34208D9256861198B4201BF19685B68F8
:10EA800049192160EDE71A465B680BB1A342FAD938
:10EA900011685518A5420BD1246821445418A3428B
:10EAA0001160E0D11C685B6853600C441460DAE7C5
:10EAB00002D90C230360D6E7256861198B4204BF95
:10EAC00019685B68636004BF491921605460CAE734
:10EAD00003B030BD447400200EB403B5014603AB4F
:10EAE000054853F8042B0068019300F02FF802B09A
:10EAF0005DF804EB03B07047902F00209368013B52
:10EB0000002B10B4936007DA9469A34201DB0A2951
:10EB100002D110BC00F07BBB1368581C1060197048
:10EB2000084610BC7047F8B506460F461446D5187F
:10EB3000AC4201D1002007E014F8011B3A463046F0
:10EB4000FFF7DCFF431CF3D1F8BD00002DE9F047CF
:10EB5000064696B00D4614461F4618B1036A0BB917
:10EB600000F0E6FAAB891B0759D52B69002B56D06C
:10EB70000023099320238DF8293003973023604F19
:10EB80008DF82A304FF0010823461A7899461AB1B9
:10EB9000252A03F10103F8D1B9EB040A0BD053463F
:10EBA000224629463046FFF7BEFF013000F0A38021
:10EBB000099A5244099299F80030002B00F09B808A
:10EBC00000224FF0FF33CDE9053209F1010904922B
:10EBD00007928DF853204C46052214F8011B484833
:10EBE000E9F736FC049A28BBD00644BF20238DF8F1
:10EBF0005330110744BF2B238DF8533099F8003060
:10EC00002A2B1ED007994B4600204FF00A0C1A7889
:10EC1000303A092A1C4655D900B307911EE029460F
:10EC2000304600F031FB0028A2D04FF0FF3016B084
:10EC3000BDE8F087C01B08FA00F010430490A1461D
:10EC4000C9E7039B191D1B680391002BBBBF5B42E7
:10EC500042F0020207930793B8BF049223782E2B49
:10EC60000AD163782A2B32D1039B1A1D1B680392A9
:10EC700043EAE37302340593DFF89090217803228E
:10EC80004846E9F7E5FB38B1049BA0EB09004022B8
:10EC9000824013430134049321781A488DF82810D8
:10ECA0000622E9F7D5FB03AB00932A46164B04A9CD
:10ECB000304600F0A3F8421C1DD0099B03440134E8
:10ECC000099361E701330CFB012101209FE7002339
:10ECD0000593611C18464FF00A0C0A78303A092A4D
:10ECE0000C4603D9002BC7D00590C5E701310CFBBA
:10ECF00000200123F1E7AB895B0696D4099896E7DB
:10ED00007C0502088605020827EB01088205020837
:10ED10002DE9F047914698468A680B69089E934210
:10ED2000B8BF1346C9F8003091F8432007460C4697
:10ED300012B10133C9F800302368990642BFD9F8EF
:10ED400000300233C9F80030256815F0060507D1F8
:10ED500004F1190AE368D9F800209B1AAB4229DCB8
:10ED600094F843302268003B18BF012392062ED44A
:10ED700004F1430241463846B047013021D02368B0
:10ED8000A168226903F00603042B01BFE568D9F8E6
:10ED90000030ED1A25EAE57518BF00258B1A2B44C3
:10EDA0009142C8BF1D464FF000091A344D451AD193
:10EDB000002008E00123524641463846B047013062
:10EDC00003D14FF0FF30BDE8F0870135C2E7E1180D
:10EDD0005A1C302081F84300224494F8451082F8F0
:10EDE00043100233C4E70123224641463846B04768
:10EDF0000130E6D009F10109D8E700002DE9F04320
:10EE000098460B7E85B0782B174606460C9A0C4622
:10EE100009D8622B01F1430108D8002B00F0DC80F7
:10EE2000582B00F0BD8004F1420539E0A3F16300E6
:10EE30001528F8D801A555F820F000BF95EE010877
:10EE4000A9EE010827EE010827EE010827EE0108C8
:10EE500027EE0108A9EE010827EE010827EE0108B8
:10EE600027EE010827EE0108B9EF0108D5EE0108E9
:10EE700067EF010827EE010827EE0108E1EF01081E
:10EE800027EE0108D5EE010827EE010827EE01085C
:10EE90006FEF01081368191D1B68116004F142052A
:10EEA00084F842300123A8E013682568181D10601B
:10EEB000280601D51B6803E06A06FBD5B3F90030CC
:10EEC000002B03DA2D225B4284F84320DFF878C15F
:10EED0000A2213E02568106815F0800F50F8043BF3
:10EEE00002D16D0648BF9BB21060227EDFF858C188
:10EEF0006F2A5DD10822002084F843006568A56070
:10EF0000002D05DB20681D4320F00400206051D057
:10EF10000D46B3FBF2F002FB103E9A421CF80EE0E5
:10EF200005F801ED0346F4D9082A0BD12368DA0766
:10EF300008D5236962689A42DEBF302305F8013C98
:10EF400005F1FF35491B2161CDF800803B4603AA3E
:10EF500021463046FFF7DCFE013053D14FF0FF3041
:10EF600005B0BDE8F083236843F020032360DFF899
:10EF7000DCC0782384F845302068156810F0800FD5
:10EF800055F8043B03D110F0400F18BF9BB2156039
:10EF9000C50744BF40F02000206023B11022AAE73B
:10EFA000DFF8A4C0E6E7226822F020022260F5E73D
:10EFB0000A22A0E70D46B7E71368D4F800C06069DD
:10EFC0001D1D15601CF0800F1B6801D0186003E048
:10EFD0001CF0400FFAD01880002323610D46B3E7E0
:10EFE0001368191D11601D68626800212846E9F741
:10EFF0002FFA08B1401B606063682361002384F826
:10F000004330A1E723692A4639463046C0470130DC
:10F01000A4D023689B0714D4E068039B9842B8BF30
:10F0200018469DE7012304F1190239463046C047CE
:10F03000013093D00135E36803995B1AAB42F1DCF0
:10F04000EAE70025F7E700BF8D0502089E050208E4
:10F05000002310B50446C0E90033C0E904338360DF
:10F0600081814366C2818361194608225C30FFF7C3
:10F070006FFC054B6362054BA362054BE362054BD6
:10F080002462236310BD00BF87F10108A9F10108C4
:10F09000E1F1010807F20108024A0349034800F0C0
:10F0A00055B800BFE02F002031F40108942F002054
:10F0B00041680C4B994210B5044601D000F0B8F9F4
:10F0C000A168094B994202D0204600F0B1F9E168ED
:10F0D000064B994204D02046BDE8104000F0A8B984
:10F0E00010BD00BF4C740020B47400201C750020BB
:10F0F00010B50A4B0A4A1A600A4800220421FFF799
:10F10000A7FF094801220921FFF7A2FFBDE810402F
:10F11000064802221221FFF79BBF00BF8475002022
:10F1200099F001084C740020B47400201C75002074
:10F13000036A33B9034B0362034B1B680BB9FFF738
:10F14000D7BF7047B1F00108847500202DE9F8435E
:10F150008046894614460026D4E90175013F05D54D
:10F160002468002CF8D13046BDE8F883AB89012B28
:10F1700007D9B5F90E30013303D029464046C847B8
:10F1800006436835EAE710B50C46B1F90E10FFF7F3
:10F1900027FA0028ABBF636DA3891B1823F48053A3
:10F1A000ACBF6365A38110BD2DE9F0411F468B897B
:10F1B000DB0505460C46164605D5B1F90E100223AF
:10F1C0000022FFF713FAA389B4F90E1023F4805339
:10F1D000A38132463B462846BDE8F041FFF708BA16
:10F1E00010B50C46B1F90E10FFF700FAB4F90C3067
:10F1F000421C0BBF23F4805343F48053A381A381AB
:10F2000018BF606510BDB1F90E10FFF7F3B9F8B57E
:10F2100005460F46144618B1036A0BB9FFF788FF7D
:10F22000A369A360A3891A0701D5236943B92146BD
:10F23000284600F029F818B14FF0FF363046F8BDE7
:10F2400023692068C01A6369834205DC2146284689
:10F2500000F0EEF80028EFD1A368013BA36023681B
:10F260005A1C22601F70636901308342FEB204D0D1
:10F27000A389DB07E2D50A2EE0D12146284600F01B
:10F28000D7F80028DAD0D7E738B5284B05461868F4
:10F290000C4618B1036A0BB9FFF74AFFB4F90C30FA
:10F2A000190720D4DA0607D409222A6043F0400364
:10F2B000A3814FF0FF3031E0580711D5616B41B1A8
:10F2C00004F14403994202D02846FFF7B9FB00231A
:10F2D00063630022A38962602269226023F0240311
:10F2E00043F00803A38123694BB9A38903F4207376
:10F2F000B3F5007F03D02146284600F0D2F8B4F9D8
:10F300000C3013F001020AD00022A260626952425E
:10F31000A261226942B913F08000C7D138BD9907B4
:10F3200058BF6269A260F4E70020F7E7902F002041
:10F33000B1F90C202DE9F041160705460C4651D4D1
:10F340004B68002B02DC0B6C002B49DDE66A002EBB
:10F3500046D0002312F480522F682B6031D0626DAA
:10F36000A389590705D56368D21A636B0BB1236C67
:10F37000D21A0023E66A216A2846B047421CB4F933
:10F380000C3006D129681D2945D8284ACA40D6071D
:10F3900041D500226260D9042269226004D5421C52
:10F3A00001D12B6803B96065616B2F60C1B104F1B5
:10F3B0004403994202D02846FFF742FB00236363CF
:10F3C0000EE0216A01232846B0470246501CC7D1EF
:10F3D0002B68002BC4D01D2B01D0162B1AD12F6007
:10F3E00000201DE00F69002FFAD093070E6808BFB8
:10F3F0004B690F6018BF0023A6EB07088B60B8F1BC
:10F40000000FEDDD216AA66A43463A462846B0471A
:10F41000002807DCA38943F04003A3814FF0FF30AD
:10F42000BDE8F0810744A8EB0008E8E701004020B0
:10F4300038B50B6904460D466BB118B1036A0BB9B8
:10F44000FFF776FEB5F90C302BB129462046BDE812
:10F450003840FFF76DBF184638BD70B50E46B1F99C
:10F460000E10002996B014461D460ADAB28912F031
:10F47000800213D14FF4806100202A60216016B011
:10F4800070BD6A46FFF7C6F80028EFDB019A02F468
:10F490007042A2F500535A425A41EBE70022402144
:10F4A000EAE78B8973B59E0705460C4607D504F13C
:10F4B0004703236023610123636102B070BD01AB88
:10F4C0006A46FFF7CAFF009E28463146FFF734F927
:10F4D000B4F90C3038B99A05EFD423F0030343F0A4
:10F4E0000203A381E3E743F08003A381019B206033
:10F4F000C4E90406002BE0D0B4F90E102846FFF74B
:10F5000095F80028D9D0A38923F0030343F0010321
:04F51000A381D2E71A
:10F5140000080240010802400208024003080240B9
:10F52400000002400100024000000000030100004E
:10F5340000000000080802400808024008080240D1
:10F5440000FFFF0001000000A08601000100000090
:10F55400414243000080FF7F0080FF7FFF00FF00E7
:10F564000080FF7F0080FF7F0080FF7F0C0D0E0F67
:10F57400080905040607000102030A0B02E32B0035
:10F5840002E3080003E1E32102E30600E2E6E3E725
:10F59400323032362D30382D30332D30303A323946
:10F5A4003A33320053544D33324634303100000084
:10F5B4000407080B0E000000111213141516171877
:10F5C400191A00004B65796368726F6E204B3820FE
:10F5D400484500004C61737420736563746F722036
:10F5E400696E74656E64656420746F20626520754D
:10F5F400736564207769746820776561725F6C65F0
:10F6040076656C696E67206973206265796F6E64D4
:10F6140020617661696C61626C6520666C617368F7
:10F624002064657363726970746F722072616E67AF
:10F6340065000000496E76616C69642073656374CB
:10F644006F7220636F756E7420696E74656E646585
:10F654006420746F20626520757365642077697413
:10F664006820776561725F6C6576656C696E6700AA
:10F6740026262626262626262626262600000000BE
:10F68400633000006D61696E0000000069646C65A0
:10F6940000000000444D41206661696C757265008C
:10F6A40065786974000000006B696C6C00000000F0
:10F6B400003131295A1B750A0000000000000000C7
:10F6C4000000000000000240040000001C000000D4
:10F6D40011121300006400000064000000580200CE
:10F6E400000000000000000004640000006400004A
:10F6F40000580200000100000000000003D00700D1
:10F7040000FA000000D00700000100000000000023
:10F7140004E8030000E8030000000000000100000A
:10F7240000000000000000000000000000000000D5
:10F7340000000000000000000000000000000000C5
:10F7440000000000000000000000000000000000B5
:10F7540000000000000000000000000000000000A5
:10F764000000000000000000000000000000000095
:10F774000000000000000000000000000000000085
:10F784000000000000000000000000000000000075
:10F794000000000000000000000000000000000065
:10F7A4000000000000000000000000000000000055
:10F7B4000000000000000000000000000000000045
:10F7C4000000000000000000000000000000000035
:10F7D4000000000000000000000000000000000025
:10F7E4000000000000000000000000000000000015
:10F7F4000000000000000000000000000000000005
:10F8040000000000000000000000000000000000F4
:10F8140000000000000000000000000000000000E4
:10F8240000000000000000000000000000000000D4
:10F8340000000000000000000000000000000000C4
:10F8440000000000000000000000000000000000B4
:10F8540000000000000000000000000000000000A4
:10F864000000000000000000000000000000000094
:10F874000000000000000000000000000000000084
:10F884000000000000000000000000000000000074
:10F894000000000000000000000000000000000064
:10F8A4000000000000000000000000000000000054
:10F8B4000000000000000000000000000000000044
:10F8C40000000000700200000000000000000000C2
:10F8D4000000000000000000000000000000000024
:10F8E400900270030000000070003002000000006D
:10F8F400500230010000000000001002000000006F
:10F904000000000000001000500030000000000063
:10F91400D0001001F0000000F001D0010000000050
:10F9240000000000B0020000000000000000000021
:10F9340000000000000000000000B0010000D00240
:10F944000000F00290000000000000000000000031
:10F95400000000000000000000000000B0003003C0
:10F9640010035003006F8F7F006E8E7E006D8D7DBF
:10F97400006C8C7C006B8B7B006A8A7A00698979C5
:10F9840000688878006787770066867600658575E5
:10F994000064847400638373006282720061817105
:10F9A40000608070000F2F1F000E2E1E000D2D1DF5
:10F9B400000C2C1C000B2B1B000A2A1A0009291905
:10F9C4000008281800072717000626160005251525
:10F9D4000004241400032313000222120001211145
:10F9E4000000201001012111003F5F4F003E5E4ED8
:10F9F400003D5D4D003C5C4C003B5B4B003A5A4A79
:10FA04000039594900385848003757470036564698
:10FA140000355545003454440033534300325242B8
:10FA2400003151410030504001002010010F2F1FC0
:10FA3400010E2E1E010D2D1D010C2C1C010B2B1B68
:10FA4400010A2A1A01092919010828180107271788
:10FA540001062616010525150104241401022212AB
:10FA6400016F8F7F016E8E7E016D8D7D016C8C7CAC
:10FA7400016B8B7B016A8A7A0169897901688878CC
:10FA840001678777016686760165857501648474EC
:10FA94000162827201608070013F5F4F013E5E4EE1
:10FAA400013D5D4D013959490136564601355545EB
:10FAB4000134544401335343013252420131514120
:10FAC40001305040FFFFFFFFFFFFFFEFFFAF47FE96
:10FAD4002900BE00BD00047E057E28782778AC008E
:10FAE400AE00AB00A800AA00A900087E0A7E217817
:10FAF40035001E001F0020002100220023002400E6
:10FB04002500260027002D002E002A0049004A0067
:10FB14002B0014001A000800150017001C00180020
:10FB24000C00120013002F00300028004C004D0080
:10FB3400390004001600070009000A000B000D003C
:10FB44000E000F0033003400000032004B004E0062
:10FB5400E10064001D001B000600190005001100EF
:10FB640010003600370038000000E50000005200A5
:10FB7400E000007E027E0000000000002C00000077
:10FB84000000037E017E2152E400500051004F002A
:10FB940001003A003B003C003D003E003F004000B5
:10FBA4004100420043004400450001000100207868
:10FBB40001000B7E0C7E0D7E0E7E01000100010013
:10FBC4000100010001000100010001000100010029
:10FBD4002078217827782378257829780100010076
:10FBE4000100010001000100010001000100010009
:10FBF400010022782878247826782A7801000100E8
:10FC040001000100010001000000010001000100E9
:10FC14000100010001000100010001000F7E01004C
:10FC240001000100010001000000010000000100CA
:10FC340001000100010000000000000001000000BC
:10FC440000000100010001000100010001000100A9
:10FC540029003A003B003C003D003E003F004000CC
:10FC6400410042004300440045004600097E2178DB
:10FC740035001E001F002000210022002300240064
:10FC84002500260027002D002E002A0049004A00E6
:10FC94002B0014001A000800150017001C0018009F
:10FCA4000C00120013002F00300028004C004D00FF
:10FCB400390004001600070009000A000B000D00BB
:10FCC4000E000F0033003400000032004B004E00E1
:10FCD400E10064001D001B0006001900050011006E
:10FCE40010003600370038000000E5000000520024
:10FCF400E000E300E2000000000000002C0000002F
:10FD04000000E600E7002352E400500051004F00D9
:10FD14000100BE00BD00067E077E28782778AC006F
:10FD2400AE00AB00A800AA00A900010001002078E1
:10FD340001000B7E0C7E0D7E0E7E01000100010091
:10FD440001000100010001000100010001000100A7
:10FD540020782178277823782578297801000100F4
:10FD64000100010001000100010001000100010087
:10FD7400010022782878247826782A780100010066
:10FD84000100010001000100000001000100010068
:10FD94000100010001000100010001000F7E0100CB
:10FDA4000100010001000100000001000000010049
:10FDB400010001000100000000000000010000003B
:10FDC4000000010001000100010001000100010028
:10FDD400003131295A1B750A296A01088D68010806
:10FDE400F1680108D96A0108196B0108256B01083B
:10FDF400996A0108000101010101010101010202E6
:10FE040002020202020202030303030303030304C4
:10FE1400040404040404050505050506060606068F
:10FE2400070707070708080808090909090A0A0A49
:10FE34000B0B0B0C0C0C0D0D0D0E0E0E0F0F0F10EB
:10FE44001011111112121313141415151616171775
:10FE5400181819191A1A1B1B1C1D1D1E1E1F2020E1
:10FE6400212222232424252626272829292A2B2C2B
:10FE74002D2D2E2F30313232333435363738393A4E
:10FE84003B3C3D3E3F404142434445464748494A46
:10FE94004C4D4E4F50515354555658595A5B5D5E14
:10FEA4005F616264656668696B6C6D6F70727375AF
:10FEB40077787A7B7D7E8082838587888A8C8E8F13
:10FEC40091939596989A9C9EA0A2A3A5A7A9ABAD41
:10FED400AFB1B3B5B7BABCBEC0C2C4C6C9CBCDCF2F
:10FEE400D1D4D6D8DBDDDFE2E4E7E9EBEEF0F3F5DD
:10FEF400F8FAFDFF00000000000000002A2B280093
:10FF040000000000000000000000000000000029C4
:10FF1400000000002C1E3420212224342627252E04
:10FF2400362D3738271E1F2021222324252633333C
:10FF3400362E37381F0405060708090A0B0C0D0E68
:10FF44000F101112131415161718191A1B1C1D2F34
:10FF54003130232D350405060708090A0B0C0D0E54
:10FF64000F101112131415161718191A1B1C1D2F14
:10FF74003130354C0000000000000000000000009B
:10FF8400000000000000000000000000000000006D
:10FF940000000000000000007E0F00D4FFFFFFC738
:10FFA400000000782D9101088D900108198F010837
:10FFB400158F010830313233343536373839414200
:10FFC400434445460000000012034D005300460020
:10FFD4005400310030003000040000001E034B00C8
:10FFE400650079006300680072006F006E002000F5
:0CFFF4004B0038002000480045000000D1
:020000040802F0
:1000000012034B00650079006300680072006F0006
:100010006E00000004030904120100020000004009
:100020003434810E11010102030100000660FF0952
:1000300061A1010962150026FF0095207508810263
:100040000963150026FF00952075089102C0000085
:1000500005010906A1018501050719E029E7150039
:100060002501950875018102950175088101050733
:10007000190029FF150026FF009506750881000567
:1000800008190129051500250195057501910295AD
:100090000175039101C005010902A1018502090151
:1000A000A100050919012908150025019508750108
:1000B00081020501093009311581257F95027508F6
:1000C000810609381581257F950175088106050C83
:1000D0000A38021581257F950175088106C0C00583
:1000E000010904A1018507A10005010930093109B1
:1000F000320933093409351581257F950675088144
:1001000002050919012910150025019510750181B5
:1001100002C0C005010980A101850319012AB700A9
:10012000150126B700950175108100C0050C090165
:10013000A101850419012AA002150126A00295013A
:1001400075108100C005010906A101850605071982
:10015000E029E715002501950875018102050719B9
:100160000029EF1500250195F07501810205081998
:10017000012905950575019102950175039101C04D
:10018000A4120208149C0020149C0020149C00203F
:10019000A41202080000002000000020000000203F
:1001A000A41202080000012000000120000001202C
:1001B000A41202080000000000000000000000007F
:1001C000A41202080000001000000010000000103F
:1001D000A4120208004002400040024000400240D9
:1001E000A41202080000000000000000000000004F
:1001F000A41202080000000000000000000000003F
:1002000084F60108C0710020A073002000000000E7
:10021000B5BD0108B9BD0108F9BD0108D1BE01088D
:10022000DDBE010829BF01087DBF010871AE0108CC
:1002300065AE0108010000000000000000000000A1
:10024000A4020208880202086C0202085002020896
:10025000030000000400000008000000C0020208C3
:10026000000000000000000800000800030000007B
:100270000400000007000000000302080000000066
:100280000000000800000600030000000400000059
:10029000060000003803020800000000000000080B
:1002A000000004000300000004000000050000003E
:1002B00068030208000000000000000800000200BF
:1002C000000000000040000000400000004000006E
:1002D000008000000040000000C00000004000005E
:1002E0000000010000000100000002000000020008
:1002F00000000400000002000000060000000200F0
:10030000000000000040000000400000004000002D
:10031000008000000040000000C00000004000001D
:1003200000000100000001000000020000000200C7
:100330000000040000000200000000000040000077
:10034000004000000040000000800000004000006D
:1003500000C000000040000000000100000001009B
:100360000000020000000200000000000040000049
:10037000004000000040000000800000004000003D
:1003800000C000000040000000000100000001006B
:1003900010600240086002400000000B286002402C
:1003A000086002400006010C406002400860024004
:1003B0000010020D58600240086002400016030E53
:1003C000706002400C6002400000040F8860024030
:1003D0000C60024000060510A06002400C60024064
:1003E00000100611B86002400C6002400016072F92
:1003F000106402400864024000000838286402408B
:100400000864024000060939406402400864024062
:1004100000100A3A586402400864024000160B3B80
:10042000706402400C64024000000C3C886402408E
:100430000C64024000060D44A06402400C640240BB
:1004400000100E45B86402400C64024000160F46CE
:1004500080000000400100000300000000000000D8
:10046000A5B301089DB7010885B801084000400008
:100470002C7400202C740020010000002474002043
:100480005245454E54206D616C6C6F6320737563EB
:10049000636565646564002F742F6275696C642FF1
:1004A000686F73745F77696E646F77735836342D35
:1004B0007461726765745F626172656D6574616CA9
:1004C00041524D2F2E6275696C642F484F53542D45
:1004D0007838365F36342D7736342D6D696E677710
:1004E00033322F61726D2D6E6F6E652D656162699D
:1004F0002F7372632F6E65776C69622D6E616E6FFC
:100500002F6E65776C69622F6C6962632F737464F8
:100510006C69622F72616E642E6300303132333445
:1005200035363738396162636465666768696A6B56
:100530006C6D6E6F707172737475767778797A00FE
:100540002C2066756E6374696F6E3A200061737358
:10055000657274696F6E2022257322206661696C52
:1005600065643A2066696C6520222573222C206C14
:10057000696E65202564257325730A00232D302BB1
:100580002000686C4C006566674546470030313294
:1005900033343536373839414243444546003031EB
:1005A000323334353637383961626364656600004A
:1005B0002020202020202020202828282828202013
:1005C000202020202020202020202020202020202B
:1005D00088101010101010101010101010101010A3
:1005E0000404040404040404040410101010101083
:1005F000104141414141410101010101010101015C
:10060000010101010101010101010110101010108F
:10061000104242424242420202020202020202022C
:100620000202020202020202020202101010102054
:1006300000000000000000000000000000000000BA
:1006400000000000000000000000000000000000AA
:10065000000000000000000000000000000000009A
:10066000000000000000000000000000000000008A
:10067000000000000000000000000000000000007A
:10068000000000000000000000000000000000006A
:10069000000000000000000000000000000000005A
:1006A000000000000000000000000000000000004A
:0806B000D87AFE7F0100000072
:1006B8000000060000000000F586000800000000A9
:1006C80000000040000000000000000000000000E2
:1006D80000000000000000000000000000080240C8
:1006E80001080240020802400308024000000240DC
:1006F8000100024014300020FFFFFFFF00003F0010
:100708007F000000FFFFFFFF00003F007F000000A8
:10071800FFFFFFFF00003F007F000000FFFFFFFF1B
:1007280000003F007F000000FFFFFFFF00003F00C8
:100738007F000000FFFFFFFF00003F007F00000078
:10074800FFFF000049E00008D1E100083DE2000891
:10075800A9E2000869E40008E1E2000819E30008DA
:1007680051E30008201C58020101FF0191EB000829
:100778002DF000086DEF0008B5F000082DED000819
:1007880071ED0008B5ED0008F5ED000885EE0008EC
:10079800CDEE000801EF000835EF000809F1000868
:1007A800CDF30008010016FF0708024008080240C0
:1007B800080802400808024001000000B80B0000C9
:1007C8000410010001020201080802400808024062
:1007D80008080240000000000000000000000000BF
:1007E8000000000000000000000000000000000001
:1007F80000000000000000010000000000000000F0
:1008080000000000000000010101000000000000DD
:1008180000000000000000000000000000000000D0
:1008280000000000000000000000000000FFFF2B97
:10083800FFFF2BFFFF2BFFFF2BFFFF2BFFFF2BFFE4
:10084800FF2BFFFF2BFFFF2BFFFF2BFFFF2BFFFFD4
:100858002BFFFF2BFFFF2BFFFF2BFFFFAAFFFFAA9A
:10086800FFFFAAFFFFAAFFFFAAFFFFAAFFFFAAFF39
:10087800FFAAFFFFAAFFFFAAFFFFAAFFFFAAFFFF29
:10088800AAFFFF2BFFFF2BFFFF2BFFFF2BFFFF2BE9
:10089800FFFFAAFFFFAAFFFFAAFFFFAAFFFFAAFF09
:1008A800FFAAFFFFAAFFFFAAFFFFAAFFFFAAFFFFF9
:1008B800AAFFFFAAFFFF00FFFF2BFFFF2BFFFF2B65
:1008C800FFFF2BFFFFAAFFFFAAFFFFAAFFFFAAFF58
:1008D800FFAAFFFFAAFFFFAAFFFFAAFFFFAAFFFFC9
:1008E800AAFFFFAAFFFFAAFFFF2BFFFFAAFFFFAA8D
:1008F800FFFFAAFFFFAAFFFFAAFFFFAAFFFFAAFFA9
:10090800FFAAFFFFAAFFFFAAFFFFAAFFFF2BFFFF17
:100918002BFFFF2BFFFF2BFFFF2BFFFFAAFFFF2B58
:10092800FFFF2BFFFF2BFFFF2BFFFF2BFFFF2BFFF3
:10093800FF2BFFFF000102030405060708090A0B45
:100948000C0D0E0F101112131415161718191A1B67
:100958001C1D1E1F2122232425262728292A2B2C4B
:100968002D2E2F3032333435363738393A3B3C3D2B
:10097800FF3E20313F404142434445464748494AAB
:10098800FF4BFF4C4D4E4FFFFFFF50FFFF5152539F
:1009980054555657010019002600330040005400F2
:1009A80061006E007B0090009B00A800B500C600A7
:1009B800D300E000010E0C0E190E260E330E400E69
:1009C8004D0E5A0E670E740E810E8E0E9B0EAF0ED4
:1009D800C60ED30EE00E031A131A201A2D1A3A1A4D
:1009E800471A541A611A6E1A7B1A881A951AA21A8B
:1009F800B220C61AD31AE01A04271627232730274D
:100A08003D274A275727642771277E278B27982752
:100A1800A72703330F331D332A3337334433513376
:100A28005E336B33783384339433AF33D33301403D
:100A380011402240584089409640A740B440C640E3
:100A4800D340E0400101010101010101010101015F
:100A5800010101010101010101010101010101017E
:100A6800010101010101010101010101010101016E
:100A7800010101010101010101010101010101015E
:100A8800010101010101010101010101010101014E
:100A98000101010101010101010101017C52002054
:100AA8009C520020F1350108FFFF0000FFFFFFFF07
:100AB800010000005900590059005900FFFFFFFFCD
:100AC8000300000000FF0000FFFF000008040240D0
:100AD800090402403905280850011E0A14010302BE
:100AE80001000000001400000000000000000000E9
:100AF800000000000000000000000100598A010801
:100B0800ED930108299401084994010869940108A2
:100B180089940108A9940108C99401089200000069
:100B280000010500010088000000070000002A00FD
:100B380044006500760069006300650049006E00A6
:100B4800740065007200660061006300650047007C
:100B580055004900440073000000500000007B006D
:100B6800390039006300340062006200620030001E
:100B78002D0065003900320035002D0034003300A7
:100B8800390037002D0061006600650065002D0002
:100B9800390038003100630064003000370030004D
:100BA80032003100360033007D00000000000000F4
:100BB80028000000000104000100000000000000FF
:100BC8000201585553423130000000000000000077
:100BD800000000000000000009026A00030100A0F4
:100BE800FA090400000103010100092111010001B3
:100BF80022300107058303200001090401000203D4
:100C080000000009211101000122220007058203CA
:100C1800200001070502032000010904020002FF69
:100C28005D0100112100010125811400000000135D
:100C380001080000070581032000010705010320C2
:100C4800000100000000000000000000000000009B
:100C5800000000000000000000000000000000008C
:100C6800000000000000000000000000000000007C
:100C7800000000000000000000000000000000006C
:100C8800000000000000000000000000000000005C
:100C9800000000000000000000000000000000004C
:100CA800000000000000000000000000000000003C
:100CB80000000000709B00200200000004000000FB
:100CC80020000000E06E002000000000000000008E
:100CD800000000000000000000000000000000000C
:100CE80000000000000000000000000000000000FC
:100CF80000000000000000000000000000000000EC
:100D080000000000000000000000000000000000DB
:100D180000000000000000000000000000000000CB
:100D280000000000000000000000000000000000BB
:100D3800000000000000000000000000709B002080
:100D4800010000000400000020000000506E002098
:100D58000000000000010200000000000000000088
:100D6800000000000000000000000000000000007B
:100D7800000000000000000000000000000000006B
:100D8800000000000000000000000000000000005B
:100D98000300000000000000959901080000000011
:100DA8002000000000000000000000000200000019
:100DB800000000000000000000000000000000002B
:100DC800000000000000000000000000000000001B
:100DD800000000000000000000000000000000000B
:100DE800709B0020030000000400000020000000A9
:100DF800907000200000000000000000782D002006
:100E080000000000000000000000000000000000DA
:100E180000000000000000000000000000000000CA
:100E280000000000000000000000000000000000BA
:100E380000000000000000000300000000000000A7
:100E480095990108599A0108200020000000000027
:100E58000000000002000000000000000000000088
:100E6800000000000000000000000000000000007A
:100E7800000000000000000000000000000000006A
:100E88000000000001000000709B0020020000002C
:100E98000400000020000000007000200000000096
:100EA800000000000C2D00200000000000000000E1
:100EB800000000000000000000000000000000002A
:100EC800000000000000000000000000000000001A
:100ED800000000000000000000000000000000000A
:100EE800030000000000000095990108599A0108C4
:100EF80020002000000000000000000002000000A8
:100F080000000000000000000000000000000000D9
:100F180000000000000000000000000000000000C9
:100F280000000000000000000000000001000000B8
:100F3800709B002001000000040000002000000059
:100F4800706F00200000000000000000A02C0020AE
:100F5800BC2C0020619C0108319C0108799C010887
:100F6800799D0108999D0108A59D0108C02C0020C4
:100F78000000000000000000000000000000000069
:100F88000000000000000000000000000000000059
:100F98000000000000000000000000000000000049
:100FA8000000000000000000000000000000000039
:100FB800000000000000000020000000282D002094
:100FC800619C0108319C0108799C0108799D010800
:100FD800999D0108A59D01082C2D00200000000006
:100FE80000000000000000000000000000000000F9
:100FF80000000000000000000000000000000000E9
:1010080000000000000000000000000000000000D8
:1010180000000000000000000000000000000000C8
:101028000000000020000000942D0020D99C010839
:10103800999C0108F59C0108019E0108299E010858
:10104800419E010800000000342F0020E82E0020F7
:101058009C2E0020502E002000000000042E0020AE
:10106800B82D002000000000000000000000000073
:101078000700000000000000000000000000000061
:101088000000000000000000000000000000000058
:101098000000000000000000000000000000000048
:1010A8000000000000000000000000000000000038
:1010B8000900000000000000000000000600000019
:1010C8000000000000000000000000000000000018
:1010D8000000000000000000000000000000000008
:1010E80000000000000000000000000000000000F8
:1010F80000000000000000000000000020000000C8
:1011080000000000000000000400000000000000D3
:1011180000000000000000000000000000000000C7
:1011280000000000000000000000000000000000B7
:1011380000000000000000000000000000000000A7
:101148000000000000000000030000000000000094
:101158000000000003000000000000000000000084
:101168000000000000000000000000000000000077
:101178000000000000000000000000000000000067
:101188000000000000000000000000000000000057
:101198000000000003000000000000000000000044
:1011A8000200000000000000000000000000000035
:1011B8000000000000000000000000000000000027
:1011C8000000000000000000000000000000000017
:1011D8000000000000000000000000000000000007
:1011E80006000000000000000000000001000000F0
:1011F80000000000000000000000000000000000E7
:1012080000000000000000000000000000000000D6
:1012180000000000000000000000000000000000C6
:1012280000000000000000000000000009000000AD
:101238000000000049DC01084DDC010885DC0108DC
:10124800942F0020000000004C740020B47400208B
:101258001C750020000000000000000000000000D5
:101268000000000000000000000000000000000076
:101278000000000000000000000000000000000066
:101288000000000000000000000000000000000056
:0C12980000000000030000004C74002067
:040000050800811D51
:00000001FF
