:020000040800F2
:10000000000400201D8100081F8100081F810008D6
:100010001F8100081F8100081F8100081F81000840
:100020001F8100081F8100081F810008EDA801083A
:100030001F8100081F8100081F8100081F81000820
:100040001F8100081F810008FDDC010869DD01082F
:100050001F8100081F810008ADB90108D5B901084A
:10006000FDB9010825BA01084DBA010845C40108C7
:100070006DC401089DC40108CDC40108FDC4010878
:1000800025C5010855C50108C5C201081F81000822
:100090001F8100081F8100081F81000875BA010830
:1000A0001F8100081F8100081F8100081F810008B0
:1000B00049BB01081F8100081F8100081F8100083B
:1000C0001F8100081F8100081F8100081F81000890
:1000D0001F8100081F8100081F8100081F81000880
:1000E000D9BA0108A1DD01081F8100081F8100089D
:1000F0001F8100081F8100081F81000885C50108B5
:100100001F8100081F8100081F8100081F8100084F
:100110001F8100081F8100081F8100081F8100083F
:10012000B5C50108DDC501080DC601083DC60108B9
:100130006DC601081F8100081F8100081F8100088B
:100140001F8100081F8100081F810008D1D8010805
:1001500095C60108C5C60108F5C601081F8100083B
:1001600039CB010869CC01081F8100081F810008F4
:100170001F8100081F8100081F8100081F810008DF
:100180001F8100081F8100081F8100081F810008CF
:100190001F8100081F8100081F8100081F810008BF
:1001A0001F8100081F8100081F8100081F810008AF
:1001B0001F8100081F8100081F8100081F8100089F
:1001C0001F8100081F8100081F8100081F8100088F
:1001D0001F8100081F8100081F8100081F8100087F
:1080000072B6374880F30888364880F309883648C6
:108010003649086040F20000CCF200004EF63471A0
:10802000CEF200010860BFF34F8FBFF36F8F40F2B5
:108030000000C0F2F0004EF68851CEF20001086058
:10804000BFF34F8FBFF36F8F4FF00000E1EE100AC8
:108050004EF63C71CEF200010860062080F31488D1
:10806000BFF36F8F12F01EF811F074FA4FF0553015
:108070001F491B4A91423CBF41F8040BFAE71D49D6
:10808000184A91423CBF41F8040BFAE71A491B4ACF
:108090001B4B9A423EBF51F8040B42F8040BF8E721
:1080A00000201849184A91423CBF41F8040BFAE7F6
:1080B00011F0FEFF11F0F8FF144C154DAC4203DA3D
:1080C00054F8041B8847F9E70BF004FB114C124DE0
:1080D000AC4203DA54F8041B8847F9E711F0E6BF15
:1080E00000040020002400200000000808ED00E04B
:1080F0000000002000040020F806020800240020F0
:1081000008300020083000203C9C0020008000083F
:1081100000800008008000080080000870E700F080
:1081200000F8FEE72DE9F04F2DED108AC1F80CD0D4
:10813000C3689D46BDEC108ABDE8F08F002383F331
:1081400011882846A047002012F0D2FAFEE712F06C
:1081500029FA00DFFEE7000053B94AB9002908BF39
:1081600000281CBF4FF0FF314FF0FF3000F062B924
:10817000ADF1080C6DE904CE00F006F8DDF804E07E
:10818000DDE9022304B070472DE9F047089F15464A
:1081900004468C461E46002B40F0CB808A4248D9CC
:1081A000B2FA82F149B1C1F120030CFA01FC20FAC4
:1081B00003F38D4043EA0C0C8C404FEA154EA8B2F5
:1081C000BCFBFEF8230C0EFB18CC08FB00F943EABD
:1081D0000C43994529D9EB1808F1FF3204D299458F
:1081E00002D9A8F102022B44A3EB0903A4B2B3FB0A
:1081F000FEFC0EFB1C330CFB00F044EA0344A042DF
:1082000015D92C190CF1FF3304D2A04202D9ACF1DC
:1082100002032C44241A43EA02401FB1CC4000233D
:108220003C607B603146BDE8F0874246DCE7634650
:10823000F0E7002A73D0B2FA82F3DBB31E46C6F130
:10824000200302FA06F521FA03F2B14020FA03F303
:108250000B434FEA154E00FA06F4B2FBFEF1A8B24A
:108260000EFB112C1A0C01FB00F842EA0C4290455F
:1082700057D9AA1801F1FF3C04D2904502D9A1F1C7
:10828000020C2A44A2EB08029BB2B2FBFEF10EFBE9
:108290001122484343EA0243984244D9EB1801F1C2
:1082A000FF3203D2984201D98A1E2B441B1A42EA9C
:1082B0000C4201E08B1A01224FEA154EA8B2B3FB23
:1082C000FEFC210C0EFB1C330CFB00F841EA0343BF
:1082D00098452AD9EB180CF1FF3104D2984502D900
:1082E000ACF102012B44A3EB0803A4B2B3FBFEFCE8
:1082F0000EFB1C330CFB00F044EA0344A04216D9E9
:108300002C190CF1FF3304D2A04202D9ACF10203C4
:108310002C44241A43EA0140314616467DE71F26C5
:108320008DE78C46AEE70A46C0E76146DBE7634669
:10833000EFE78B4206D917B90026304672E7C7E946
:108340000001F9E7B3FA83F686B98B4201D3824282
:1083500007D8841A61EB030301209C461FB900264D
:1083600060E73046FAE7C7E9004CF8E7C6F1200CB1
:10837000B34022FA0CF41C4320FA0CF521FA0CF35A
:10838000B14029434FEA144900FA06F5B3FBF9F866
:108390001FFA84FE09FB18300B0C08FB0EFA43EAA7
:1083A00000439A4502FA06F240D9E31808F1FF307B
:1083B00004D29A4502D9A8F102002344A3EB0A0390
:1083C00089B2B3FBF9F809FB183308FB0EFE41EA4A
:1083D00003418E452CD9611808F1FF3304D28E4534
:1083E00002D9A8F10203214443EA0040A0FB02980D
:1083F000A1EB0E014145CE46434602D306D14D4581
:1084000004D2B9EB020E68EB04030138002FA6D0AA
:10841000B5EB0E0261EB030101FA0CFC22FA06F344
:108420004CEA0303F140C7E9003198E74046C5E74D
:108430004346D9E7704700BF034613F8012B002AD3
:10844000FBD1181A0138704700000000000000003E
:1084500001F0FF01102A2BDB10F0070F08D010F8F5
:10846000013B013A8B422DD010F0070F42B3F6D1F9
:10847000F0B441EA012141EA014122F007047FF012
:1084800000070023F0E80256083C85EA010586EA69
:10849000010685FA47F5A3FA87F586FA47F6A5FAA5
:1084A00087F68EB9EED1F0BC01F0FF0102F00702B1
:1084B00032B110F8013B013A83EA010313B1F8D15C
:1084C0000020704701387047002D06BF354603383D
:1084D000073815F0010F07D1013015F4807F02BF76
:1084E000013015F4C03F0130F0BC0138704700BFC7
:1084F000F0B587B00F464508144915480593002488
:10850000164612F009FD059B124A214640F2E7305B
:10851000E3FB02014FF47A720023FFF71DFE019482
:10852000029000940A4833463A46294612F014FD58
:10853000044640B1064812F0FDFC013414BF4FF070
:10854000FF306FF0010007B0F0BD00BF7CF50108FF
:10855000609B0020A086010070B584B004460E46E2
:10856000134814490393154612F0D6FC124A039B94
:1085700040F2E7300021E3FB02014FF47A7200235E
:10858000FFF7EAFD2B46009032460948610812F0D9
:1085900001FD50B10390064812F0CCFC039B01335F
:1085A00014BF4FF0FF306FF0010004B070BD00BF8A
:1085B000609B00207CF50108A086010008B51048EA
:1085C00000224FF4807114F045F900224FF400713D
:1085D0000C4814F03FF94FF47A7012F095F80848FF
:1085E00040F206224FF4807114F034F9BDE80840DF
:1085F000044840F206224FF4007114F02BB900BF7A
:10860000000002400008024008B5FFF7D7FF054B05
:108610004FF48061198318462022BDE8084014F009
:1086200019B900BF0004024030B583B049BA05460D
:108630001446ADF80410642301A90222A220FFF71A
:1086400057FF6423A2B22946A220FFF785FF03B09B
:1086500030BD00BFF0B515468BB001220E4607466F
:108660004FF48061184814F0F5F8174A4FF480630E
:108670005383F5B106F01F04C4F12004AC4228BFB7
:108680002C4673BA394622460DF10600ADF8043087
:1086900016F0C4F9A21C642392B201A9A220FFF72C
:1086A00027FF4FF4FA7012F02FF82D1B27442644B1
:1086B000E0D1054B4FF4806119832022184614F055
:1086C000C9F80BB0F0BD00BF0004024010B588B07F
:1086D00020220021684616F055F900242146202268
:1086E00068462034FFF7B6FFB4F5806FF6D108B0C6
:1086F00010BD00BF704700BF302383F31188134BB8
:10870000082208B31A83322300BF013B9BB2002B1F
:10871000FAD103F1804303F5013320221A83322377
:1087200000BF013B9BB2002BFAD103F1804303F55C
:10873000013320225A83322300BF013B9BB2002B1E
:10874000FAD183F3118870475A83DCE700040240B2
:10875000234B98423AD00FD800F13F4303F57E03F4
:10876000072B37D81F4BC318062B37D8DFE803F089
:10877000202C2A28262422001B4B984228D000F1C6
:108780004043A3F50233052B24D8184BC318042B00
:1087900022D8DFE803F0090705030B000E2070471D
:1087A0000D2070470C2070470B2070470F2070473A
:1087B000012070470720704706207047052070474A
:1087C000042070470320704702207047082070473C
:1087D00009207047FF2070470A207047002070472B
:1087E00000040240FFFFFDBF01040240FFF7FDBF90
:1087F0002DE9F04F074685B00C46A0B9574B04222F
:108800005A83142300BF013B9BB2002BFAD1534B78
:1088100004221A83142300BF013B9BB2002BFAD120
:108820000120FFF769FF4FF4346011F0B1FC012320
:108830004FF0000B03FA07FA0323CDF804B00093BE
:108840005D460394464E47494748484ADFF81CB105
:10885000B046012312F00AFB4FF0000902962E46A3
:1088600045464FF0000812E0012303FA08F1009B8F
:10887000002A08BF46F00106032B49EA01022FD067
:108880005FFA82F908F10108B8F1060F1AD03BF837
:10889000022B39465FFA88F002F07CFD39465FFA18
:1088A00088F002F05DFE35F8022B0AEA0202002889
:1088B000DAD108F10108824218BF46F00106B8F18A
:1088C000060FE4D1009B032B3546029E0ED0019B80
:1088D0004B4510D0002005B0BDE8F04FFFF70CBFAE
:1088E000019B43EA0102D3B20193CBE70223009339
:1088F000002DA7D1EEE7009B03F1FF3B1BF0FF0328
:108900000093F5D1AB46039C3546BBF1000FE1D097
:10891000174BDDF800801749019E01221A700DE007
:1089200010B90A8822430A80234308F10108B8F1EC
:10893000060F25F8023C01F10201CBD035F8023BCD
:1089400046FA08F2D20704EA0300E9D410B10A8813
:1089500022430A8023EA0403E7E700BF000C024039
:10896000BC75002000240020AC9A002008300020B4
:1089700014300020B07500202DE9F04F85B000259F
:108980005448019501224FF400510295039513F0CC
:1089900061FF50494F48DFF85CB1DFF85CA14FF44C
:1089A000005320220B83114613F054FF4A48012242
:1089B000082113F04FFF48480122202113F04AFFFD
:1089C00001224648042113F045FF444A04235383FF
:1089D0000BF118072C46A94601264FF003085BF857
:1089E000043B03F00F01B3F1FF3F4FF0030206FA1F
:1089F00001F123F00F000BD013F02CFF5BF8043CC7
:108A000003F00F02103223F00F0106FA02F28A611E
:108A10001846FFF79DFEFF2827D0A0F10A0309287A
:108A200002B21BB298BF02EB420203EB430308FA07
:108A300003F396BF08FA02F21D4349EA0209AAFBB2
:108A40000432930803EB430302F0FC02A4EB43035C
:108A500010326A44DBB203EB8303984052F80C3CBB
:108A60000134184342F80C0CE4B25F45B7D11C4BFB
:108A7000019A03999A621962029A1A485D6100216B
:108A80005A62C3F8189012F0D1F9174A536843F4A8
:108A90008033052553600024E0B200210134FFF744
:108AA000A7FE102CF8D1013D15F0FF05F3D10F4AB8
:108AB0000F4B158055809580D580158155811D807F
:108AC0005D809D80DD801D815D8105B0BDE8F04F3A
:108AD00002F046BC0008024000040240000C0240C4
:108AE00000240020AC9A002000380140BC75002012
:108AF000B07500202C240020ABAAAAAA70B584B0BF
:108B00002549264E0C2201A815F088FF2449254846
:108B10000C2215F083FF244B00251D805D809D8075
:108B2000DD801D815D81357001242146E8B201356B
:108B3000FFF75EFE6400102DA4B2F6D102F002FE33
:108B4000154B1A4903F10C041A8831F8020B024044
:108B500023F8022BA342F7D1124B154C154803F111
:108B60000C0C198834F8025B30F8022B29430A43B5
:108B700023F8022B6345F4D10C2201A9064815F015
:108B8000F1FE04460AF044FD3078002C18BF40F096
:108B9000010004B070BD00BF5499002014300020C3
:108BA0006099002018300020B075002008FB0108F3
:108BB0000C3B00204C3A002030B5204887B012F022
:108BC00043F91F484022082113F044FE1C4840226C
:108BD000202113F03FFE1B484022042113F03AFEEF
:108BE000194A4FF400535383302383F311881648F6
:108BF0000222052113F0AAFE002383F31188134CEF
:108C00000FCCEC46ACE80F0094E803008CE80300BE
:108C10006C46012554F8040B00F00F01431C4FF083
:108C2000400205FA01F120F00F0001D013F012FE0E
:108C300006AB9C42EED107B030BD00BFAC9A00201D
:108C400000040240000C02400008024048F5010800
:108C50002DE9F04F4FF45772324D02FB00F805EB4F
:108C60000804064683B00021204615F08BFE2E4BEB
:108C700001949B5D03F0030343F48A6325F80830F5
:108C8000A37823F00F0343F00103A370274B06EBF7
:108C9000460203EB821EEF1DD72303FB06F1474478
:108CA0004046002688467146BE4600228A4608EBAA
:108CB000061B0BEB02033AF8024F05EB8303C4F3E8
:108CC000820993F804C09F79B9F1040F64F3010C91
:108CD00069F3071708BF640983F804C09F7108BFD0
:108CE0000EF822400132102AE3D10136062E0EF191
:108CF000400E01F12001D8D1019C804609F0C8FF47
:108D000050B120464FF4577208F2211101F092FF42
:108D1000012003B0BDE8F08F05490F200AF080FD67
:108D2000EFE700BF2C300020142500205AF701087F
:108D300004003434F8B550B10020FFF789FF01205A
:108D4000FFF786FFBDE8F8400220FFF781BF054628
:108D5000012140F63E3015F0A1FC0446262140F6E4
:108D60003E3207460AF078FD63782F4A2F4C2F4891
:108D7000022B96BF4FF457712B4601FB0341137032
:108D80002B4B88BF2146196040F6142207F22111AF
:108D900015F044FE00234FF4577000FB03F500FB71
:108DA000034C625D910705D1224E16F803E06EF385
:108DB00001026255615DC1F385023F3202F03F025C
:108DC000272A03D9142262F3870161559CF80120F8
:108DD00002F13F0101F03F0126294FF0040161F348
:108DE000050201D98CF8012000FB03F2A518A25856
:108DF00012F47C2F0FD16978AA7801F0030E01F0EC
:108E00003F0C22F00F02C1F383014CEA8E1C0A438F
:108E100085F801C0AA700133032BBED13846BDE8E6
:108E2000F84015F079BC00BF2A3000202C3000201B
:108E30004424002014250020014B1868704700BF0F
:108E400044240020014B1878704700BF2A300020CE
:108E500000B583B002288DF8070030D80B461B49B7
:108E6000C2B20878904203D1F3B9012003B000BD2B
:108E700017480A7000934FF45771164B01FB02021A
:108E80001A6003F009F901F0C5FE13490F200AF03A
:108E9000C7FC012211460DF1070001F0CBFE03F0E3
:108EA00003F9009B002BE0D00DF072F950B10FF0E8
:108EB0007FFE0A490A4B086086221A70D5E7002017
:108EC00003B000BD0DF018F9F1E700BF2A30002013
:108ED0002C300020442400200400343424300020AE
:108EE0002830002002281FD8F8B58C1840F6142E20
:108EF000744501DD0020F8BD0D46064600211846E8
:108F0000174615F03FFD094BC5F15C024FF4577150
:108F100001FB0651D2B2B4F5577FD8BF3A46194487
:108F200015F07CFD0120F8BD002070472C3000209A
:108F30002DE9F04F85B002289DF838809DF83C500F
:108F400050D802294ED8272A4CD817461A4603462D
:108F5000002D4BD14FF0D709DFF8E0A0109E09FBA0
:108F600000F983460B46E9B20391002402E0013484
:108F7000102C31D030684FF0010C09EB05110CFAC0
:108F800004FC21441CEA000F0AEB810107F03F0EAC
:108F9000EDD003F0030040EA8E0002F03F0E91F89E
:108FA00006C040EA0E2040EA883088802CF00F0C82
:108FB000C8F3830040EA0C0088711F4909785945BD
:108FC000D5D1E1B2039802920134019301F074FD0E
:108FD000102C029A019BCDD10135062D06F1040615
:108FE000C1D124E0002005B0BDE8F08F09B301F045
:108FF000030007F03F0702F03F024FF4577440EAC6
:10900000870004FB03F340EA02200C4C40EA88305E
:10901000E0521C44C8F38308A378109823F00F0390
:1090200048EA03031822FF21A37015F0ABFC0120CE
:10903000D9E70846D7E700BF2A3000202C300020AF
:109040002DE9F0410478022C88B01AD88378052BDA
:109050001F4616D8C3780F2B984612D800224178A5
:109060000392049205920692ADF81C208DF81E2002
:10907000027903461046032903D8DFE801F01B28D4
:109080006E06002008B0BDE8F081D72304FB03F38F
:109090003D4A03EB0713434402EB8302D38803F0FA
:1090A0000F0343F05003D380384B1B78A34266D0A4
:1090B0000120E7E7D7223B0102FB0433324A434455
:1090C00002EB8303DA8802F00F02DA80ECE7132860
:1090D0000546D6D899795A79019301F03F0102F0FB
:1090E0003F0242EA8112D979274E42EA0132ADF8B5
:1090F0000C201A7AC1F3011141EA82018DF80E1099
:10910000082203F109010DF10F0015F087FC019B06
:10911000082203F111010DF1170015F07FFC05EB9A
:10912000C5004FF4577305EB400003FB04003044C7
:1091300003A9132200F5C27015F070FCD72304FBBD
:1091400003F303EB0713434406EB830303219A79EC
:10915000DD7161F307129A71A6E72C2891D8D72305
:1091600004FB03F3084A03EB0713434402EB8303B6
:1091700004219A79D87161F307129A7194E74146F4
:10918000384601F099FC93E72C3000202A3000206B
:109190000378022B31D84278052A2ED8C1780529C8
:1091A0002BD810B5847890F804E044EA0E0CBCF19A
:1091B0000F0F26D890F805C0BCF1130F21D8807985
:1091C00006281ED8F8B18A4219D002F0070201F031
:1091D000070142EAC40241EACE01124C0CEB4C0CEE
:1091E0004FF4577E0EFB03C3234483F8002383F818
:1091F000011383F80203012010BD0020704774455D
:10920000E3D1002010BD4FF457720CEB4C0C054914
:1092100002FB03C303F540735A18C8545070907092
:10922000E9E700BF2C300020022801D90020704758
:1092300010B50E4A82B04FF45771019001FB002423
:1092400009F026FD019B58B14FF4577202FB03F35E
:10925000204603F2211101F0EDFC012002B010BD07
:1092600003490F200AF0DCFA019BEDE72C300020C7
:1092700004003434022801D900207047FFF7E8BC0D
:10928000134A1378D9070CD51248818813F0020FBE
:1092900001F4806104D041B923F0020313707047D8
:1092A00001B9704743F0020313700389590707D4CB
:1092B0001A0709D4DB06F4D501210220FFF7C8BD47
:1092C00001210020FFF7C4BD01210846FFF7C0BD02
:1092D0002930002018300020022801D81C2901D98B
:1092E0000020704738B5084B15464FF4577202FB03
:1092F00000300C461E22002115F044FB2246294670
:1093000015F08CFB012038BD6833002008B545F20C
:109310002F23984208D9A0F5FC43103B022B0ED80E
:109320004B799BB9002008BD45F21F23984206D90E
:10933000094A4979137821B923F0010313700120F8
:1093400008BD43F0010313700120F9E71038012133
:10935000C0B2FFF77DFDE5E72930002008B50FF02A
:1093600027FC034B034901221A70086008BD00BFA7
:10937000283000202430002008B5184B186800B9A8
:1093800008BD0FF0B7FBB0F5FA7FF9D91449134BBC
:109390000A78501C02F00F02062A087016D94FF006
:1093A000000C104881F800C008221721C3F800C043
:1093B0000AF052FA0B480378032B0CD90CF0E8FEA4
:1093C0000028DDD1BDE808400CF0D2BE0FF0F0FB64
:1093D000024B186008BD0CF033F9EFE72430002091
:1093E0002830002070990020104B187800B9704781
:1093F000C043002240F30000114610B5C0B20CF08B
:10940000EDFB0A4B93F900201B78002A00DB10BD0E
:10941000074A08491278DB4343F30003DBB2885C58
:10942000BDE810401A4619460CF0C2BB2830002097
:109430002A30002088F50108F0B5254B5C7E9B7E24
:1094400083B044EA0324042C224B01933CDD0646FE
:1094500021480F46251F0346002203E00132AA429D
:10946000634631D019789DF804E0714503F1010C91
:10947000F4D193F801E09DF805108E45EED19CF8EB
:1094800001109DF806309942E8D19CF802109DF831
:1094900007309942E2D1A11E9142134614DD02EB3E
:1094A000000C02E001338B420EDA1CF801EBBEF136
:1094B000C00FF7D19CF80000C028F3D1023301207F
:1094C00032803B8003B0F0BD002003B0F0BD00BF90
:1094D000442900200501090490000208F0B5414C20
:1094E0000546208883B02A0A40B9DFF800C19CF8FD
:1094F00019009CF81AC040EA0C202080032A27D0CB
:10950000222A0DD0022A09D1019201F0F7F9019A1D
:1095100000282AD0344C2378002B2FD003B0F0BD84
:109520000029FBD1314A324D1D600193517E927E5C
:1095300041EA022601F0E2F90028EFD02D49019B13
:109540000A681746002A30D01F60089B1E80E5E796
:10955000019301F0D3F90028E0D1EDB2EE2D019B8B
:10956000DCD11860089B1880D8E7204B42211A7183
:109570009970D870089B198003B0F0BD1E491F4830
:10958000FFF75AFF0028C9D0184A1C4B957E18884F
:109590001949537E098843EA052303445B1A180AD4
:1095A0000121537690762170B8E72488204615F083
:1095B000ABF81049224608602946074615F02EFAF6
:1095C0000E4A019B1088221F9042BDDA0A4A118878
:1095D000A21E9142B8DA621A3818791815F01EFAEC
:1095E000019BB1E74A3A0020483A00204429002074
:1095F00090000208403A0020443A0020463A0020F9
:1096000008B501F07BF918B9039B1860049B18801A
:1096100008BD00BF4378012B06D01BB98178C27A00
:1096200091420AD200207047837813B1027B9A429C
:10963000F8D90023437001207047012343700120B3
:10964000704700BF42780346032A06D8DFE802F0DD
:10965000152207028278F02A1DD9002070478278EF
:10966000017B91422BD2417B91422CD8C17A91420D
:1096700029D803214170012005E08278C17A914206
:10968000EBD801205870197C5A73521A22EAE27200
:109690009A7370478278197B91420CD2997B9142E0
:1096A00004D3197CC1F1E4018A4215DB597B914254
:1096B000D3D20020E7E700225A7001207047002231
:1096C000427000207047997B9142C6D90020D97B17
:1096D0009A730A445A737047022159700120F6E7C1
:1096E00000B50B1F83B09BB278B1A02B22D9A1F19A
:1096F000E003072B0FD801F0070101208840C0B21A
:1097000003B05DF804EB09F011B9A02B05D9A1F164
:10971000E003072B1BD903B000BDC9B20846019175
:109720000EF0F2FF0028F6D0019803B05DF804EBCC
:109730000FF0C2B8C9B2084601910EF0E5FF00284B
:10974000E9D1019803B05DF804EB0FF097B801F090
:10975000070101208840C0B203B05DF804EB09F0B6
:10976000F9B800BF10B5002282B0044604EB4201F4
:10977000CB78097953EA012307D10132042AF5D1C4
:1097800002B0BDE8104009F0BDB9191FA029A3F12E
:10979000E0000BD90728F0D803F007030120984018
:1097A000C0B2009209F0D6F8009AE6E7DBB218469C
:1097B000019200930EF0A8FF019A0028DDD00098D6
:1097C00000920FF079F8009AD7E700BF2DE9F04337
:1097D000044683B0FFF730FB6178E37B024604293F
:1097E00035D8DFE801F08503BDCE380003EBC300B8
:1097F00003EB40001518A67895F8851195F884516B
:1098000001F00F01890041EA951101EB4101B6EB2E
:10981000410F08DA05F03F05013D05EB4505B6EBC4
:10982000450FC0F27E8103EBC30103EB41055119E3
:1098300091F8863191F8851103F003031B0143EA87
:10984000111303EB4303B6EB430F80F22981002091
:1098500003B0BDE8F08303EBC30103EB41055119ED
:10986000A07891F8853191F8841103F00F039B00E3
:1098700043EA911303EB4303B0EB430FE7DC01F042
:109880003F01013901EB4101B0EB410FDFDA00216B
:1098900005F5C273617002EB03090F460026012132
:1098A00001FA07F8B44605EB46001044331D90F862
:1098B000871190F8880105EB430351EA0021134416
:1098C00005D093F8873118EA131340F01981013657
:1098D000042EE8D1BCF1000F40F02B817B1C032B40
:1098E0001F46DBD109F00EF94846FFF73BFF7CE04D
:1098F00003EBC30103EB41055319A17893F88431BD
:1099000003F03F0303EB4303B1EB430F9FDB4FF047
:109910000103637000260023012101FA06F79C462B
:1099200005EB43001044191D05EB410102EB010E4C
:1099300090F8871190F8880151EA002105D09EF82F
:10994000870100F00F00384262D10133042BE7D1C8
:10995000BCF1000F40F09C800136032EDBD144E0C7
:1099600003EBC30103EB41015018A57890F8863151
:109970009B0803EB4303B5EB430F5FDD03236370E9
:1099800065E703EBC30103EB4103D118A07891F81D
:109990008611890801EB4101B0EB410F3FF757AF4A
:1099A0000421617000270025012000FA07F8AE4667
:1099B00003EB450C9444291D03EB41019CF888619D
:1099C00050189CF8871151EA062104D090F88801BC
:1099D00018EA101027D10135042DE9D1BEF1000F8E
:1099E0004CD1791C03290F46DDD165795548627841
:1099F000A67930F81510013A0123B340022A94BF2A
:109A00001943994320F81510012003B0BDE8F083F5
:109A100006F0010001920093FFF762FE019A009B9D
:109A20004FF0010C91E707F0010001920093FFF75E
:109A300057FE019A009B4FF0010ECCE790F885315C
:109A400090F8840103F00F039B0043EA901303EBAB
:109A50004303B5EB430FBFF6FAAE00F03F00013809
:109A600000EB4000B5EB400FBFF6F1AE002301F56F
:109A7000C27163705018FFF775FEB6E7019200934C
:109A800009F040F8642010F03FFE019A009BA8E71F
:109A9000009209F037F8642010F036FE009A5BE778
:109AA000022363704FF000080026012101FA08F735
:109AB000304605EB46031344311D05EB410102EB33
:109AC000010C93F8871193F8883151EA032105D0EE
:109AD0009CF8883103F00F033B4209D10136042E74
:109AE000E7D1B0B908F10103032B9846DCD17CE73C
:109AF00008F001000092FFF7F3FD009A0120EDE766
:109B000007F001000092FFF7EBFD009A4FF0010C07
:109B1000DDE6009208F0F6FF642010F0F5FD009AF3
:109B2000E0E7002300F5C27063701044FFF71AFEEF
:109B30005BE7009208F0E6FF642010F0E5FD009A74
:109B4000CCE600BF4C3A0020024B00221A605A605B
:109B50009A6070474C3A00204378012B06D01BB91D
:109B60008278C37A9A420BD80020704783781BB959
:109B70000023437000207047027B9A42F4D9F7E734
:109B8000C27BB2FA82F2012352094370C2731846B3
:109B9000704700BF3A4A3B4BA2FB002099798008EE
:109BA00007EE101A07EE900AB8EEC77AF8EEE77AD9
:109BB000F4EEC77AF1EE10FA21DC1A7907EE102ADA
:109BC000B8EEC77A82B0F4EEC77AF1EE10FA1BDD78
:109BD0005B792D4A77EEC77A07EE103AD2ED026A2A
:109BE000B8EEC77AA6EEA77AFCEEC77ACDED017A79
:109BF0009DF804007F2828BF7F2002B07047D879E5
:109C00007F2828BF7F2070479A7807EE102AB8EE89
:109C1000C77AF4EEC77AF1EE10FA1CDC1A7807EE78
:109C2000102AB8EEC77AF4EEC77AF1EE10FA25DD05
:109C30005B78154A77EEC77A07EE103AD2ED006AE4
:109C4000B8EEC77AA6EEA77AFCEEC77ACDED017A18
:109C50009DF80400CEE7DB780B4A77EEC77A07EE73
:109C6000103AD2ED016AB8EEC77AA6EEA77AFCEEFA
:109C7000C77ACDED017A9DF80400BBE70020BCE770
:109C8000ABAAAAAAD4750020E075002010B583788D
:109C9000052B9CBF00238370C37B0B2B044605D888
:109CA0001B4980781B4AC8540121D1542046FFF734
:109CB000B1FCB0B1E07B63780D38012BC0B211D09C
:109CC0001F281FD960791449A47931F81030012276
:109CD000A24023EA0203BDE8104021F8103000F052
:109CE00015BE10BD1F2810D961790B4AA47932F82E
:109CF00011000123A3400343BDE8104022F81130B6
:109D000000F004BE0CF0DEFFDCE70CF0BFFFEBE779
:109D1000843A0020783A00200C3B0020124B134973
:109D2000134A144810B500240C604C608C60146019
:109D300054609460046084801C605C609C60DC60A3
:109D40001C615C61E0B201340CF0BCFF102CF9D155
:109D50000024E0B2002101340CF0FCFF062CF8D105
:109D6000BDE810400CF084BF583A0020843A00202F
:109D7000783A0020703A00202DE9F04782B000F0D8
:109D8000BDFD10B102B0BDE8F087944E944CDFF8F1
:109D90005C82944D944FB1466FEA040A14F8013B7B
:109DA00013B91AF81430E3B13B78062B0CD9787844
:109DB000062869D900F10C02934270DC03F10C0211
:109DC000904270DD012305E0002B5DD17878C31A45
:109DD00018BF012388F80030FFF7DCFEC9F8000047
:109DE0000120A54209F1040908F1010807F1020761
:109DF000D4D10028C6D07D4B7C4A93F9003092F92B
:109E00000120002B784BB4BF1B785B78002A764A80
:109E1000B4BF9078D07803FB03F300FB00304EF61C
:109E20006443984200F28180704B704A93F903308A
:109E300092F90420002B6C4BB4BF9B79DB79002A8C
:109E4000694AB4BF107A507A03FB03F300FB003079
:109E50004EF6644398422BD80024122556F8042B62
:109E600025FA04F313F0010F11B218BF5142E0B20A
:109E700018BF09B201340CF06DFF062CEED102B010
:109E8000BDE8F0470CF0F4BE4FF0FF3288F8002038
:109E90001846FFF77FFE4042C9F80000A0E7FF2206
:109EA00088F80020F4E798F90020002A94DAEFE718
:109EB00000F050FC07EE900A9FED4D7A474BF8EE0C
:109EC000677ADA680092C7EE276A1A690192184623
:109ED000DDED007AB8EEE77A07EE902AF8EEE77A41
:109EE000424A27EE267A67EEA67A92F90310BDEE73
:109EF000C77AFDEEE77A002983ED037A17EE102A80
:109F000017EE903AC0ED047A51DB7F2A02DD334927
:109F10007F22CA60354A92F90420002A4DDB7F2B4C
:109F20009ADD2E4A7F23136196E700F013FC07EEBB
:109F3000900ADFED2F6A2948F8EE677A036886EE0B
:109F4000A77A07EE903AF8EEE77A4368009367EE57
:109F5000877AFDEEE77A17EE902AC0ED007A07EED9
:109F6000903AF8EEE77A214B67EE877A93F9001082
:109F7000FDEEE77A002917EE903AC0ED017A10DB8A
:109F80007F2A02DD15497F220A60184A92F90120D2
:109F9000002A1ADB7F2B7FF747AF104A7F235360DD
:109FA00042E77F32F1DA6FF07E020260EDE77F3246
:109FB000B0DA6FF07E02C260ACE77F33BFF64CAF21
:109FC000064A6FF07E03136146E77F33BFF62CAF7E
:109FD000024A6FF07E03536026E700BF583A002024
:109FE000783A00207E3A0020843A0020703A00201F
:109FF00000008A43031F012B3AD981B9384A394BF3
:10A0000032F8102002FB01F1A3FB0103C91A03EB94
:10A0100051008009904228BF104680B27047324AF2
:10A02000937903EB4303B1EB430F28DA137903EB86
:10A030004303B1EB430F24DBA1EB430307EE903A5C
:10A04000DFF8ACC05379B8EEE77ADCED027A27EEA0
:10A05000277AF1EE086AC7EE267A07EE103AB8EED4
:10A06000C77A77EE877AFCEEE77A17EE901AC5E7A3
:10A070001E4BC1EBC111A3FB0131C909BEE7D17968
:10A08000BCE7937803EB4303B1EB430F15DA137886
:10A0900003EB4303B1EB430F1FDBA1EB430307EEDD
:10A0A000903ADFF84CC05378B8EEE77ADCED007AEE
:10A0B000F1EE086A27EE277ACDE7A1EB430307EE1E
:10A0C000903ADFF82CC0D378B8EEE77ADCED017A6D
:10A0D000F1EE086A27EE277ABDE700218EE700BF80
:10A0E0008CF5010811080402D4750020898888883D
:10A0F000E075002008B50E490E48142214F032FC19
:10A1000018B90D4B00221A7008BDDFF828E0DFF8FF
:10A1100020C0BEE80F00ACE80F00704650F81039C0
:10A12000CCF800300EF0CAFA034B00221A7008BDBA
:10A13000903A0020E43A0020E03A002010B58378FD
:10A14000052B9CBF00238370C37B0B2B044605D8D3
:10A1500024498078244AC8540121D1542046FFF76D
:10A1600059FAB0B1E37B62780D3B012ADBB211D022
:10A170000F2B29D960791D49A47931F810300122BB
:10A18000A24023EA0203BDE8104021F8103000F09D
:10A19000BDBB10BD0F2B09D815481649C35C4888B4
:10A1A00002FA03F3034314484B80027061790F4AAB
:10A1B000A47932F811000123A3400343BDE8104005
:10A1C00022F8113000F0A2BB094A0A48D25C438849
:10A1D000012101FA02F223EA0203074A43801170C7
:10A1E000C8E700BFD43A0020C83A00200C3B00204A
:10A1F000A4F50108E43A0020E03A00202DE9F04FF0
:10A20000A14FA24C3A79A249DFF8A0B2A14EDFF8E3
:10A210009092DFF890A2C2EBC212A4FB0202D20914
:10A22000C2EB0222A1FB0250121A00EB52007A7913
:10A23000994DC2EBC212A4FB0242D209C2EB022228
:10A24000A1FB0241521A800901EB52018909FF2842
:10A2500083B028BFFF200024FF2928BFFF21022C44
:10A26000009001914FF0010824D0315D99B1600058
:10A2700039780629C0B22AD997F801C0BCF1060F77
:10A280005ED90CF10C0E714562DC01F10C0EF44547
:10A2900063DD012123E0814B13F8141060000029D5
:10A2A000E6D10134062C28D0022C0BF1010B07F16A
:10A2B0000207DAD1009B8AF80430019B8AF8053046
:10A2C00085F800800BF1010B02370324CDE700294C
:10A2D00036D197F801C0BCEB010118BF01218BF802
:10A2E000001001306146C0B2FFF784FE49F8240037
:10A2F0000134062C85F80080D6D12B78EBB1684C60
:10A30000D4E900301B12001203FB03F300FB003002
:10A31000B0F5804F60D8E2682369111201FB01F1AA
:10A32000181200FB0010B0F5804F1CD8D4E9005083
:10A330005C49CD8008814A818B8103B0BDE8F08FF4
:10A340004FF0FF338BF80030FFF754FE4042CDE76B
:10A350004FF0FF0C8BF800C0F6E79BF900E0BEF170
:10A36000000FBEDAF0E700F0F5F907EE900A9FED76
:10A370004E7A4E4BF8EE677A93F90310C7EE276AD0
:10A380000029D4ED037AB8EEE77AD4ED047AF8EE3A
:10A39000E77A27EE267A67EEA67ABDEEC77AFDEE5B
:10A3A000E77A17EE102A17EE903A84ED037AC4ED9F
:10A3B000047A53DBB2F5004FA4BF47F6FF72E260A8
:10A3C0003A4991F9041000293FDBB3F5004FA4BFCF
:10A3D00047F6FF732361A9E700F0BCF907EE900A86
:10A3E0009FED317A314BF8EE677A93F90010C7EEA2
:10A3F000276A0029D4ED007AB8EEE77AD4ED017A25
:10A40000F8EEE77A27EE267A67EEA67ABDEEC77AEF
:10A41000FDEEE77A17EE102A17EE903A84ED007AF7
:10A42000C4ED017A29DBB2F5004FA4BF47F6FF72F5
:10A4300022601E4A92F90120002A17DBB3F5004F73
:10A44000A4BF47F6FF73636065E713F5004FBFF6DF
:10A450006DAF174B23614FF4004367E712F5004FD0
:10A46000AEDA134AE2604FF40042A9E713F5004F59
:10A47000BFF651AF0E4B63604DE712F5004FD8DACF
:10A480000B4A2260D5E700BFD43A0020898888882B
:10A4900011080402C83A0020E03A0020C93A00201E
:10A4A000A83A0020E43A002000000C43C03A002003
:10A4B0000080FFFF30B40F4A0F49104C1048114D77
:10A4C0000023C2E90033C2E90233C2E90433036066
:10A4D0004360836023600C486360A3602B60AB80A3
:10A4E0000B604B608B60CB600B61012230BC027053
:10A4F000FFF700BEA83A0020E43A0020D43A00203A
:10A50000C83A0020C03A0020E03A002008B500F028
:10A51000F5F900B908BDFFF771FE044B1B78002B5D
:10A52000F8D0BDE80840FFF7E5BD00BFE03A0020E5
:10A530002DE9F04F89B0002305930693079305ABEF
:10A540001A68D24343F8042B08AA9342F8D1FEF7C5
:10A5500073FCDFF8FC917B4E4FF0020B4FF0010AC9
:10A5600000F54074002509E009B186F800B0013516
:10A57000142D06F1010604F103043ED0A078002852
:10A58000F5D02778627807F0070802F0070339F85A
:10A5900018C039F81310FF08D2084CFA07FC114113
:10A5A0001CF0010F01F00101DED0002937D0013885
:10A5B0000528DCD8DFE800F03636036D0F786249F5
:10A5C00031F818103941C80757D5604931F81310D0
:10A5D0001141C90751D50DEB480301219A8AB940B1
:10A5E00022EA010201359A82142D4FF002033370E2
:10A5F00004F1030406F10106C0D1554A524805A9E9
:10A6000002F10C0532F8023B31F8024B954203EAA5
:10A61000040320F8023BF5D109B0BDE8F08F86F8BD
:10A6200000A0A4E7394640460292019300F038FAB0
:10A63000E628019B029A6ED8317802294CD0012974
:10A6400095D1394640460392029300F029FA0399C6
:10A650000190029800F024FA019B039A8342029B26
:10A6600050D33849495D012949D10DEB430391404D
:10A670009A8A22EA01029A8279E7334931F8131063
:10A680001141C807EDD5314931F818103941C907D2
:10A69000E7D50DEB43010123337003FA02F28B8AF5
:10A6A00023EA02038B8262E708A901EB480E01EB63
:10A6B000430C3EF80C0C012101FA07F720EA0700D1
:10A6C0002EF80C0C3CF80C3C914023EA01032CF8CA
:10A6D0000C3C002333704AE739464046039202930C
:10A6E00000F0DEF903990190029800F0D9F9019B7E
:10A6F000039A8342029B1BD831780129A1D00229F9
:10A700007FF435AF0DEB480301219A8AB94022EA64
:10A7100001029A822BE71146184600F0C1F9E6289B
:10A72000019B029A88D9A17802297FF420AF98E78B
:10A730000DEB4301012303FA02F28B8A23EA0203A1
:10A740008B8214E7F83A002054990020B07500205D
:10A75000BC750020431CB0EB530F4FEA53020AD9DB
:10A76000B0FBF2F311461344B1EB530F4FEA53021F
:10A77000F6D80846704701460846704710B5114C98
:10A7800001460822204614F049F9E278637861799D
:10A790001343E2790B43134312D10A2023706370F1
:10A7A0001F23094AA070E3701E205F230749207110
:10A7B000637128207F23A071E37191605160116063
:10A7C00010BD00BFD4750020E075002033334B402E
:10A7D000014B1870704700BFDC750020024B1B78DE
:10A7E00043700120704700BFDC75002008B50B4B9B
:10A7F0001A78824210D0187008F04AFA38B1074827
:10A80000012240F63D3100F015FA012008BD04494F
:10A810000F2009F005F8F2E7002008BDDC750020E4
:10A820000400343408B52E4B9A7893F800C0944550
:10A8300054D819798A4251D89A798A424ED301461E
:10A840000822184614F0EAF801788278914203460B
:10A8500012D0C07893F801C0A0EB0C0007EE900A6C
:10A86000511AB8EEE77A07EE901AF8EEE77A1D492A
:10A87000C7EE276AC1ED006A19798A4212D0587969
:10A8800093F803C0A0EB0C0007EE900A8A1AB8EE0A
:10A89000E77A07EE902AF8EEE77A124AC7EE276ABF
:10A8A000C2ED016A9A79914210D0521AD9795B7936
:10A8B000C91A07EE902A07EE101AF8EEE77AB8EEFA
:10A8C000C77A084BC7EE276AC3ED026A044808221C
:10A8D00040F6353100F0AEF9012008BD002008BD7A
:10A8E000D4750020E075002008B50349082214F053
:10A8F00095F8012008BD00BFD4750020024B1878E0
:10A9000000F00100704700BFDC750020024B187892
:10A91000C0F34000704700BFDC75002008B50A494D
:10A920000A4B087800221A605A609A60C20703D561
:10A93000BDE80840FFF7BEBDFFF7F0F902490B780C
:10A94000DB07F5D408BD00BFDC7500200C3B002000
:10A950002DE9F04F2248234E00256FF0470436F8CA
:10A9600002EB002305EB450C03EB43014EFA03F227
:10A9700001EB0C1100EB010912F0010F4F460A46E2
:10A9800003F1010325D099F8018010F801A008F027
:10A990000F0B5AEA0B2A06D128F00F0848F00B08D3
:10A9A000445489F80180B97897F80190090151EA77
:10A9B000191109F00F080CD1825C42EA0822A2F5B5
:10A9C000617202F00F0148EA0118120987F801804C
:10A9D000BA70102BC8D10135062DC0D1BDE8F08F5B
:10A9E000E84C002008FB010870B5DFF8B0C0244D2A
:10A9F0009FED243ADFED243A9FED244ADFED244A0F
:10AA00009FED245ADFED245A00242846002204EB4F
:10AA1000440E02EB420303EB0E130CEB03011CF894
:10AA200003608B7849781B0143EA111301F00F0191
:10AA300003F6314346EA01215B1A9BB207EE903AD6
:10AA4000F8EEE77AB0EE647AA7EE847A0132102A43
:10AA500027EEA36A67EE836AA7EE867A66EEA76A98
:10AA6000A7EEA67A77EE457A85EEA77AA0EC017A72
:10AA7000CFD10134062C05F14005C6D170BD00BF11
:10AA8000443B0020DC9300B3D4935639CC97F7BEF7
:10AA9000DF71D5430054563F00002042084E00208D
:10AAA00000EB0010034B01EB011101EB00110B4413
:10AAB00098787047884600202DE9F04182B004461E
:10AAC0000191FEF7B9F90199DFF844E104EB0412B2
:10AAD00001EB011303EB0213734404EB04165C71E6
:10AAE000997101EB041300EB830301EB04171D794B
:10AAF000AA0708BF027801EB011303EB061314BF8A
:10AB000005F0030202F003020EF8032001EB041229
:10AB100000EB820200EB870792F806C0BCF10F0F32
:10AB200084BFCCF303120EF80320032D85BF01EB85
:10AB3000041300EB830305781D7901EB041300EB8C
:10AB40008303AD085A79032D2E4638BF032693069A
:10AB5000BB797F7908BF427803F00F039B0053EA6B
:10AB60009713A6F1030602F03F0209D183784778D4
:10AB700003F00F039B0053EA971308BF07F03F034E
:10AB800006EB460602EB4202770004EB041856007F
:10AB900001EB011202EB0812964405EB450503EBAD
:10ABA00043030CF0F00C6D005B00BCF1300F8EF82D
:10ABB0000B508EF80C708EF80F608EF810301FD08E
:10ABC000BCF1400F08D0BCF1500F0ED100238EF81D
:10ABD0000F3002B0BDE8F08101EB041300EB8303FA
:10ABE000DB792C2B01D80C2BF1D101EB041100EBFC
:10ABF0008100837923F0F003837102B0BDE8F08116
:10AC000001EB041300EB8303DB79132BEDD8DEE7B4
:10AC10008846002038B500250024E1B228460134DA
:10AC2000FFF74AFF102CF8D10135EDB2062DF3D114
:10AC300038BD00BF263108F09FBD00BF2DE9F047A9
:10AC4000DFF868C0DFF868904FF0000840F6033581
:10AC50006FF047076FF07C0639F8024B002308EBD2
:10AC6000480E03EB430244FA03F102EB0E1211F01B
:10AC7000010F0CEB020003F101030ED090F801A0CC
:10AC80001CF802100AF00F0A41EA0A21A94204D86E
:10AC90004B210CF8027041708670102BE1D108F145
:10ACA0000108B8F1060FD7D1BDE8F087E84C0020C5
:10ACB00008FB01082DE9F043044604EB840301EB93
:10ACC00081005B010D4603EB40039F49CB5C1B09F0
:10ACD00083B0042B2AD8DFE813F03F0005006000A2
:10ACE00012012C0040F697039A421FD804EB84030C
:10ACF00005EB85055B0103EB4503CC1802F00F0063
:10AD000012092271E27802F00F0242EA0012E270A8
:10AD1000CA5C032060F30712CA540DF049FF010A10
:10AD2000020C030E6071A171E271237203B0BDE8E1
:10AD3000F08304EB840305EB85055B0103EB45031E
:10AD4000C8184088C0F30B0032308242EEDDCA5C86
:10AD500022F0F002CA54E9E704EB840305EB850016
:10AD60005B0103EB4003C85C860706D540F6043C54
:10AD70006245DBD920F00200C85405EB850304EBE3
:10AD800084045B0003EB4413CA5A02F00F0242F042
:10AD90001002CA5203B0BDE8F08304EB840305EB54
:10ADA00085005B0103EB400301EB030EBEF802C01C
:10ADB000CCF30B00904280F0CD8062F30B0C0023AB
:10ADC000AEF802C08EF8093004EB840305EB85026F
:10ADD0005B0103EB4203C81842780B2AA6D9CA5C70
:10ADE000DFF86CC14FF0040E6EF30712CA5404EB87
:10ADF000440105EB450202EB01120CEB02010E4689
:10AE000091F801E001794388C0781CF8022009011B
:10AE100041EA10110EF00F00C3F30B0342EA0022C7
:10AE20009A1A002AB8BF52420A2A00F30A81B2785D
:10AE3000120142EA1E1201F15000821A002AB8BF24
:10AE400052421E2A7FF772AF04EB440E05EB450217
:10AE500002EB0E120CEB020E0CF8023000F00F06A3
:10AE60001B0A43EA06138EF80130C0F307138EF86D
:10AE70000230C0F30B0098461CF8023001903348B2
:10AE80009EF801C0B1468618825C70780CF00F0CF9
:10AE900000F00F0743EA0C2342EA0722D21A002AE5
:10AEA000B8BF52420F2A00F3CF80B278120142EAB3
:10AEB00010120198121A002AB8BF5242322A00F327
:10AEC000C3800F3901F00F034CEA031C09098EF807
:10AED00001C08EF80210FFF73BFD00250024E1B20F
:10AEE00028460134FFF7E8FD102CF8D10135EDB20A
:10AEF000062DF3D103B0BDE8F043FFF775BD04EBB9
:10AF0000840005EB8505400100EB45000C18237912
:10AF1000E5781B0143EA1513934200F28280D31AAD
:10AF2000642B7FF7FAAEB3F5487F7FF7FFAE6588F5
:10AF30000B5C62F30B05022262F3071300220B5431
:10AF400065806272F2E600BFC83C0020E84C002039
:10AF5000084E0020801A323064286CD89EF8090010
:10AF600005EB0416431CDBB200EBC6003746664E09
:10AF70008EF80930072B26F810207FF625AF9EF8B3
:10AF80000530BEF806209EF8080043EA022343EA93
:10AF900000600DF0AFFDB0F57A7F5C4934D2B31E8E
:10AFA00006F10E0203EB071302EB0712002033F841
:10AFB00002CF9A426044FAD104EB840305EB850288
:10AFC0005B0103EB420301EB030CC008BCF8022059
:10AFD000143860F30B02ACF802209CF804209CF8B3
:10AFE0000360120142EA161240F24C4E821A724578
:10AFF0006AD9CB5C13F0010F9CF801300CBF06221C
:10B000000C2213448CF8013004EB840305EB850219
:10B010005B0103EB42030120CA5C60F30712CA54D0
:10B02000D2E602F00F0105F00F0343EA0113120903
:10B03000E370227171E6CA5C012060F30712CA5402
:10B04000C2E601F15000FFE605EB450204EB440CBB
:10B050002F4E3048304902EB0C12B35432441B0AD5
:10B0600043EA0913537082F8028003780A789A42FF
:10B0700004D00B7001220421FDF7ECFA05EB450228
:10B080004FF0300314FB0323214904EB440402EB8B
:10B0900004128C1820460322591D5D1CFDF7DAFAB4
:10B0A00007F0F6FD58B11B480122262108F064FB89
:10B0B000032205F12601204608F05EFB0BE7174945
:10B0C0000F2008F0ADFBEEE7B2F57A7F09D9CB5C33
:10B0D0009CF8012003F00103033213448CF8013083
:10B0E00092E7B2F5617F8FD9A0230A2204FB03F314
:10B0F00002FB0533C818CB5C427803F0010302322F
:10B100001344437080E700BF88400020C83C002003
:10B11000E84C0020ED750020203B00200400343472
:10B120002DE9F04F89B007F099FD002800F0D1809B
:10B130000020FDF7FFFD012140F63E3013F0AEFA8E
:10B1400040F63E328046262108F086FB082208F6AB
:10B15000353106A813F062FC06A8FFF70FFB794E05
:10B1600098F83D0B784CFFF733FB98F80050774880
:10B1700035704FF49072002113F004FC4FF490727C
:10B180000021204613F0FEFB002D00F0AB804FF4B1
:10B19000907208F10101204613F040FC6C4F0395BA
:10B1A000414640F214596FF0470A4FF0000EB8467E
:10B1B00038F8026BCDF804E000230EEB4E0CCDF80E
:10B1C000088003EB430526FA03F205EB0C1504EBAC
:10B1D000050812F0010FC6462A4603F1010332D0DA
:10B1E00098F80170605D07F00F0B40EA0B2000F249
:10B1F0007450C0F30B00B0F5487F07D927F00F0754
:10B2000047F00B0704F805A088F801709EF80200CB
:10B210009EF80150000140EA151000F53560C0F3BA
:10B220000B00484505F00F050DD9A25C42EA052246
:10B23000A2F5617202F00F0045EA001512098EF8BE
:10B2400001508EF80220102BBBD1DDF804E0DDF8B0
:10B2500008800EF1010EBEF1060FA9D1039D8846AC
:10B26000002D3AD1384939484FF4907213F0D6FB8B
:10B2700038484FF4CC62002113F084FB00250024F1
:10B28000E1B228460134FFF717FC102CF8D1013544
:10B29000EDB2062DF3D1FFF7A7FB00202E490246A1
:10B2A000A1F1A0031A805A809A80DA801A810A33A9
:10B2B0008B42F7D1A030B0F5707F03F1A001EFD140
:10B2C000264B012240461A7009B0BDE8F04F13F03A
:10B2D00023BA07F005FD01202BE7FFF7AFFCFFF7CE
:10B2E00037FBBFE70422294605A8FDF79DF9059B1A
:10B2F00043F23447BB4209D0FDF7E8F9294605A8D7
:10B3000004220597FDF7A6F9357847E701220421C5
:10B310003046FDF789F93578002D3FF43FAF4FF403
:10B32000907205212046FDF77FF901222621304643
:10B3300008F022FA4FF490722721204608F01CFAF8
:10B3400035782BE7ED750020E84C0020084E0020F2
:10B3500008FB010888460020683D0020C63C00200C
:10B3600010B5FDF751F9FFF7DBFE084B0848002147
:10B370004FF4C062197013F005FB082408F070F94F
:10B38000631E13F0FF04F9D110BD00BFC43C0020C0
:10B390008840002070B5A2F596639BB240F6FC048D
:10B3A000A34282B01AD8634B1D7806469646C5B1B3
:10B3B000614A127801EB001301EB011C00EB00164F
:10B3C00002EBC3025D4B5E480CEB061C63444FEA84
:10B3D0001E2120F812E083F807E01972002002B065
:10B3E00070BD0C460192FFF765FC06EB0611534851
:10B3F000019B04EB041202EB01120244517A92F811
:10B400000AC041EA0C21C91A04310829E6D9DFF83B
:10B410004CC1537206EB460E04EB440101EB0E11D6
:10B420004FEA132E82F80AE082F808E00CEB010ED6
:10B43000D3711CF801209EF8011001F00F0142EABF
:10B44000012203F631439B1A9BB240F631429342EC
:10B4500033D807EE903ADFED3B6A9FED3B7A9FEDE4
:10B460003B6A3B4BDFED3B5AF8EEE77A04EB061202
:10B47000A7EEA67A03EB820327EE866ADFED366A33
:10B48000A7EE867A67EEA66A93ED006A66EEA76A73
:10B49000A7EEA67AF1EE086A77EE657AB6EE007A44
:10B4A00067EE867AA7EEA67AFCEEC77A17EE903A98
:10B4B0009DB2F52D28BFF525EDB204EB041C06EB7B
:10B4C00006160CEB061C00EB0C04E378A570AB42EF
:10B4D00084D010F80C30E570023B032B24D8DFE851
:10B4E00003F017110802204602B0BDE87040FEF7D5
:10B4F00033BBFFF703FA88B1204602B0BDE87040C5
:10B50000FEF71CBE204602B0BDE87040FEF75EB9F3
:10B51000204602B0BDE87040FEF794B8204602B065
:10B52000BDE87040FEF7B2BB204602B0BDE87040F7
:10B53000FEF770B8C63C0020C43C002088460020BE
:10B5400088400020CC97F7BEDF71D543D49356399D
:10B55000443B00200054563FDC9300B3084E0020CB
:10B5600001EB011200EB001C284B02EB0C129A5C61
:10B57000013A042A47D8DFE802F03828460F0300D2
:10B5800000EB001001EB011101EB00110B44D87B23
:10B59000003818BF0120704700B583B0CDE9000125
:10B5A000FFF7B4F978B10199009A184B02EB021039
:10B5B00001EB011101EB001119444878A0F10100E1
:10B5C000B0FA80F0400903B000BD00EB001001EBC1
:10B5D000011101EB00111944487800F0FD00A0F1C1
:10B5E0000100B0FA80F04009704700EB001001EB59
:10B5F000011101EB001119444878A0F10100B0FAE3
:10B6000080F0400970470020704700BF8846002046
:10B6100008B50378022B0AD0042B01D0002008BD06
:10B6200014490A78901E012820D9012008BD12482B
:10B63000DFF840C0002101704FF4C0620F488CF861
:10B64000003013F09FF90E4B0E4800214FF490721A
:10B65000196013F097F90C4A0C4B002111605160EE
:10B6600091601960596099600120DFE708480B700C
:10B670000270DAE7C63C0020C43C0020884000206D
:10B68000243B0020084E0020383B0020283B0020AF
:10B69000C53C00200278052A4AD841780F29034684
:10B6A00046D800B501EB011C02EB021E21485A707E
:10B6B0000CEB0E1C6044997090F802C0DFF878E043
:10B6C000AEFB0CEC4FEA9C0C83F803C090F802C070
:10B6D00083F804C090F807C083F805C0007A987119
:10B6E00001EB410C02EB4200DFF850E00CEB0010E4
:10B6F0000EEB000C1EF80000D8719CF8010000F061
:10B700000F0018729CF802009CF801E0000140EA6A
:10B710001E1058729CF80200DFF824C000099872CD
:10B720003CF8122001200A4102401032DA7200BDBA
:10B730000020704788460020ABAAAAAA084E002025
:10B74000BC7500202DE9F04F8A4B93F800C087B0FC
:10B75000BCF1040F0ED8DFE81CF00D00EE00EE0087
:10B7600018000500844B1B78032B00F0E581814A0B
:10B7700000231370FDF700FEFEF7DAFEFEF7FCFA79
:10B7800007B0BDE8F04FFEF7C1BE7C4BDFF814A256
:10B7900093F8009000250127794B3AF8026B019548
:10B7A00003EB450300244FEA45080293CDF80CA0B3
:10B7B00002E00134102C7DD046FA04F3DA07F8D504
:10B7C00004EB05136F4A09EBC30332F81310B1F50C
:10B7D000966F40F2A28008220023023A12F0FF0284
:10B7E00003EB4103F9D108EB0502674804EB440180
:10B7F00001EB021100EB010C4FEA440E9CF8022011
:10B800009CF801A0120142EA1A12002B4AD04FEA1A
:10B81000D30BC3F3CF03002A74D05033934241DAE1
:10B820009CF800100AF00F0A41EA0A2108EB050310
:10B83000A6440EEB031E00EB0E09544B99F80120B1
:10B8400003F80E10734402F00F0E029A0120B2F8B2
:10B8500000C0A04040EA0C000BF1500B1080090A18
:10B860000BF00F004EEA0012CBF3071B41EA001168
:10B8700089F80120597083F802B089F802B00DF000
:10B8800097F9434B019A1860424B1A70424B1C7057
:10B8900099F8022099F80130120142EA1312374B4D
:10B8A00093F800900134002A0CBF002707F001072D
:10B8B000102C81D10135062DDDF80CA07FF46CAF82
:10B8C00009F10103DBB2354C2C4A2068082B28BF54
:10B8D00000231370002F00F0EC80002800F0E680B9
:10B8E0000DF008F940F6B83398427FF643AF2C4D7F
:10B8F0002B78002243F0020322602B70FDF72EFD0F
:10B900002F7851E110F801C00AF00F014CEA012133
:10B91000A1F5487C9C4589DCC4E71B4A04EB440341
:10B9200008EB050103EB011313449A785B781201CD
:10B9300042EA1312B6E7114A1378062B40F2F98057
:10B9400000240123174DDFF864E01748DFF8388042
:10B95000DFF85CB00593A14609EB890335F8026B6B
:10B9600002905B0101930246002109EB490A03940E
:10B97000049524E0C63C0020C53C0020C43C0020C7
:10B98000383B002088400020084E0020E84C002072
:10B99000243B002091240020902400201C3B002008
:10B9A000ED75002008FB010896400020283B002090
:10B9B000C83C00200131102902F1100234D046FAAF
:10B9C00001F3DB07F6D5A2F11000002330F8024F97
:10B9D00082422344FAD1C3F3CF03A3F60430B0F577
:10B9E0002A7F6AD9BEF80040012088402043BCF17C
:10B9F000010FAEF80000DDD140F6033083420CD8D1
:10BA000009EB890301EB81005B0103EB40031BF8A9
:10BA1000030040F002000BF803000131002310295D
:10BA2000059302F11002CAD102A831C81034602C6B
:10BA300009F101090EF1020E00F580708CD1BCF104
:10BA4000020F00F0EF80059B002B3FF490AEDFF873
:10BA500000E29EF8003043F0010713F0010340F0CC
:10BA6000DB80794D794C9C4600220CEB4C0002EBBC
:10BA7000420303EB0013E918E61891F80180E95C32
:10BA800008F00F0841EA0821E1547378013223F0ED
:10BA90000F0343EA1123102A7370E8D10CF1010C53
:10BAA000BCF1060FE0D18EF800707DE00DF080F85B
:10BAB000206000283FF45EAE12E701EB410505EB84
:10BAC0000A1508EB050718F80540787800F00F0014
:10BAD00044EA0020A3F11404A4B2201A0028B8BF3D
:10BAE00040421E287FF766AF08F80540019801EB39
:10BAF000810500EB45057878C4F3032420F00F009E
:10BB0000204378701BF80500BCF1010F40F00800DD
:10BB10000BF805007FF44EAF7878A3F5667303F059
:10BB20000F0400F00F0040EA04101B097870BB708E
:10BB300040E7013313701DE6DFF824C1424D434E48
:10BB400000273CF8024B002307EB470003EB4302BE
:10BB500044FA03F102EB001211F0010F05EB020EA3
:10BB600003F1010316D09EF802109EF8018009012E
:10BB700051EA181132440DD15178927801F0F00158
:10BB8000120108F00F0848EA010812098EF8018036
:10BB90008EF80220102BD9D10137062FD1D12C4A93
:10BBA00017782C4A002313702B4B1A78BA4205D011
:10BBB00027481F7001220421FCF74CFD23484FF455
:10BBC00090720521FCF746FD07F062F8002836D098
:10BBD0001F480122262107F0CFFD1C484FF4907228
:10BBE000272107F0C9FDFEF7B3FE00250024E1B2CE
:10BBF00028460134FEF760FF102CF8D10135EDB274
:10BC0000062DF3D1FEF7F0FE124B1B7803F0FD0377
:10BC1000012B7FF4AFADAAE50E4A8EF80070002329
:10BC20001370A7E50B4A03231370059B002B3FF409
:10BC30009EAD074A137843F0010313709AE5074954
:10BC40000F2007F0EDFDC3E7084E0020E84C002070
:10BC5000ED750020C63C0020183B00200400343461
:10BC600008FB01080378A92B40F095802DE9F04FDF
:10BC70004378013B8FB00F460446412B00F284808D
:10BC8000DFE813F0640182008200820082008200FB
:10BC90008200820082008200820082008200820094
:10BCA00082005801500146013D01420036012F013A
:10BCB00082008200820082008200820082001701DE
:10BCC00010010C010501FE00FA00820082008200D2
:10BCD0008200820082008200820082008200820054
:10BCE0008200F300820082008200820082008200D3
:10BCF0008200820082008200820082008200820034
:10BD00008200EC00C5008A00E3798078E17822792E
:10BD100094F805C094F806E0002B4FF00003CDE93D
:10BD20000833CDE90A33CDE90C3314BF4FF00108D5
:10BD300098461DD104F10805079408AB81468A4650
:10BD40009346CDF814C0CDF818E01A3429461846A9
:10BD5000032212F063FE0335A54200F10403F5D17E
:10BD6000DDF814C0DDF818E0079C484651465A46F5
:10BD700008AB0293CDF804806346CDF800E0FDF7F0
:10BD8000D7F880F00103A370394620460FB0BDE814
:10BD9000F04F0AF0E7BE70478378C278FF2B00F1BE
:10BDA000050000F0D980052B00F2D3800F2A00F2A5
:10BDB000D080764931F813101141C90740F1E08075
:10BDC00002EB420102EB031203EB430301EB03110D
:10BDD00093006F4A12F801C084F805C00A44042594
:10BDE000517801F00F01A171917892F801C0A9403A
:10BDF00041EA1C11E1719278EA40227265492844B7
:10BE00001944042212F00AFE00232371BCE7624B9E
:10BE1000002208ADCDE90822CDE90A22CDE90C22A5
:10BE200003F10C002A4633F8021B42F8041B83423C
:10BE3000F9D15A4A5A4B12781B78E370A270231D2D
:10BE40002646163429461846032212F0E7FDC31C85
:10BE5000A34205F10405F5D1344695E70230FFF71A
:10BE6000D7FB80F00103A3708EE70230FFF712FCCE
:10BE700080F00103A37087E78078FEF7B7FC83E7C3
:10BE80000230FEF7ABFC80F00103A3707CE70230C8
:10BE9000FEF7C8FC80F00103A37075E70230FEF7DF
:10BEA00023FD71E78078FDF7BFF980F00103A370EF
:10BEB0006AE78078FDF7DEF9A046064600240025F3
:10BEC000E9B220460135FEF7F7FD102DF8D1631CCD
:10BED000DCB2062CF3D186F00100444688F802005B
:10BEE00052E70230FDF754F980F00103A3704BE7ED
:10BEF0000230FDF7A5F880F00103A37044E7C17894
:10BF00008078221DFDF7E8F980F00103A3703BE77C
:10BF1000C37801796279807843EA0121A31DFCF797
:10BF2000E1FF31E780780021FCF792FF80F0010308
:10BF3000A37029E7FCF786FF5C23032223711423F7
:10BF4000A070E2706271A371E3711DE70423837036
:10BF50001AE70123237117E7FF2AFAD106220023EB
:10BF600062711022A371E271237204F1090244F29A
:10BF7000BC3308250021117051709170D1703DE7DC
:10BF800002EB03139B0002460425F3E708FB0108BC
:10BF9000E84C0020443B0020383B0020ED75002099
:10BFA000C63C0020314B1B78032B01D0FDF71CBA97
:10BFB0002DE9F04F9622104683B0002109F00EFEC5
:10BFC000DFF8BCA02A4ADFF8BCB02A4FDFF8B880FF
:10BFD0004FF00009284B32F8026B019203EB091570
:10BFE000002412E03B789342E1B203D198F800308C
:10BFF0008B4232D000232878FF22194609F0D8FD61
:10C000000134102C05F101051AD046FA04F3D907C2
:10C01000F6D5BAF80030234113F001035FFA89F234
:10C02000E0D1BBF800202241D207E9D528781A4692
:10C03000FF21013409F0BCFD102C05F10105E4D10C
:10C0400009F10109B9F1060F019A0AF1020A0BF18F
:10C05000020BBFD103B0BDE8F08F084B18680CF09D
:10C0600049FDB0F5FA7FC5D2CAE700BFC63C002043
:10C0700008FB01089124002094260020243B002086
:10C08000383B0020283B002090240020014B33F84F
:10C09000100070471830002002484FF4CC62002195
:10C0A00012F070BC8846002008B5FDF74DFDBDE8D4
:10C0B0000840FEF733BC00BF0120704738B5044686
:10C0C0000D4600F065F808B9002038BD2946204625
:10C0D000FDF71CF90028F7D02946204602F0BAFBEC
:10C0E0000028F1D02946204600F086FA0028EBD03F
:10C0F00029462046FFF7E0FF0028E5D029462046E4
:10C1000001F08CFE0028DFD029462046BDE83840EB
:10C1100001F0DAB808B501F0CBF803F0EDFCFFF759
:10C1200041FF00F00BFB00F03DFD012008BD00BF0A
:10C1300038B505460C4605F0C5F800B938BD2146AE
:10C140002846BDE83840FFF7B9BF00BF00B583B04F
:10C1500009F030FF034618B10190FFF7DBFF019BA8
:10C16000184603B000BD00BF08B504F085F800F024
:10C1700063FB01F019FF00F073F805F01BF808BD30
:10C1800008B500F089FEBDE8084004F011BE00BF0C
:10C1900010B5A0F5FC4382B00A2B56D8DFE803F0B7
:10C1A0001C1C1C1C30370606060625002848497949
:10C1B000063B10F8232000292ED19AB102EB83020E
:10C1C000141800EB830313F8010F019305F0CEFA66
:10C1D000019BA342F7D105E01E4A4B79805C9BB1DD
:10C1E00005F01AFA002002B010BD4B79002BF9D0EF
:10C1F000194B1A7802B30CF0DBFC184B1860F1E70E
:10C200004B79C120002BEBD105F0B0FAEAE74B796E
:10C21000C220002BF8D0E3E7002AE3D002EB830230
:10C22000141800EB830313F8010F019305F0F4F9E0
:10C23000019B9C42F7D1D5E70122E3201A7005F05B
:10C24000EBF92C2005F0E8F9D5E70120CBE700BF9A
:10C25000B4F50108C47701082C4F0020284F0020B6
:10C2600008B50E4B1A781AB9BDE80840FDF708B8B2
:10C270000B4B18680CF03EFCB0F5FA7FF4D9E320C4
:10C2800005F074FA2C2005F071FA044B00221A70A4
:10C29000034B1A60BDE80840FCF7F2BF2C4F0020AA
:10C2A000284F002010B582B0044605F043F903463C
:10C2B00010B9184602B010BD0090204605F03CF9B8
:10C2C00009F066FF009B0028F3D101900AF01CF9E9
:10C2D00001980246014609F081FC00F0E9FF064A98
:10C2E000D268904703F0C4FF009B0028E1D00AF019
:10C2F000FFF8009BDDE700BF1CFE01082DE9F041BF
:10C300008478052C06460F460BD80546E0B2FFF7A9
:10C31000BDFE0134030A062CEB70287105F10205FD
:10C32000F4D1034B39463046DB69BDE8F04118478C
:10C3300068280020014638B50446762301F8013B01
:10C340002E251022012012F0DDF9E11C1022A5702B
:10C35000012012F0D7F9611D10222571012012F081
:10C36000D1F92023A371E01D0249BDE83840142211
:10C3700012F054BBC8F501080B4620B90A48114613
:10C38000C2691846104770B515460C4602F05CFAB3
:10C39000032800D070BD054BDB6A002BFAD029467C
:10C3A0002046BDE87040184768280020BC240020C3
:10C3B00030B50C460B7883B0054660B9022B1CD013
:10C3C000A03B0B2B1DD8DFE803F03228695C561C1C
:10C3D0001C463D38801F012B67D003F16001C9B2B4
:10C3E0000B290ED8A03B0B2B0BD8DFE803F020164F
:10C3F000574A440A0A342B260D0D4B78032B00F0C4
:10C400008D80002003B030BDB5FA85F0214640098B
:10C4100000F070FA012003B030BD601C0192FFF7FC
:10C4200089FF019A21462846FFF7A6FFF2E702237B
:10C4300000216370A170E370F4E711462046FFF716
:10C4400011FCE7E7B5FA85F021464009019200F0BA
:10C45000FDFD019AE6E76378013B122B30D8DFE857
:10C4600003F0554E47472F2F2F2F2F2F40402F2FB0
:10C470002F2F2F393900019204F04CFA019A607085
:10C48000D0E7294B0192187805F046F8274B6070E9
:10C49000187805F041F8019AA070C3E79F230021A6
:10C4A000A37003236170E370BCE734220E20822165
:10C4B000E270227111226071A171E3712272A0E712
:10C4C000FF21002321706370ACE71146204603F082
:10C4D000A7F99FE711462046019200F0C9FB019A97
:10C4E000A0E711462046019202F040FA019A99E72E
:10C4F00011462046019200F02DFC019A92E7114668
:10C500002046019200F0A0FB019A8BE70221002354
:10C51000E170D321A3702371617183E71146204636
:10C52000FFF7ECFE76E700BF2552002024520020E2
:10C53000FFF73EBF0B4620B90A481146C2691846AC
:10C54000104770B515460C4602F07EF9032800D05E
:10C5500070BD054BDB6A002BFAD029462046BDE8AA
:10C560007040184768280020BC24002010B582B015
:10C5700005F0AEFC05F0C2FC1C491D4B0C780022F6
:10C580001A7006F069FBFEF7CBFDFFF78DFD06F094
:10C5900065FB38B3174806F071FB204605F004FD33
:10C5A00009F002FF09F024FD09F04AF800F000FC50
:10C5B00002F0D0F941F288300EF0A6F8022002F025
:10C5C0004FFE00F0B5FBFF220023ADF804208DF8EC
:10C5D0000630FA21019B0322084602B0BDE8104054
:10C5E00000F08EBA06F07CFBD4E700BF2552002095
:10C5F0002F4F0020509900204A2808B543D016D963
:10C6000020F0020345F22122934222D04F280CD180
:10C610004B79002B59D0454A1378002B7DD001333C
:10C62000DBB2042B88BF01231370012008BD0D2845
:10C6300018D01D28F9D13E4A49791378002935D000
:10C6400043F00403072B137016D0D84300F0010009
:10C6500008BD374A4979137800294DD043F00103CA
:10C660001370E2E7324A49791378002935D043F054
:10C670000203072B1370E8D10CF09AFA2D492C4ACB
:10C6800008601378E1E74B79002B3BD0274B1A78F1
:10C69000002A3FD1264A137843F01003192B137058
:10C6A000C3D10CF085FA234B1860BEE72248DFF8AF
:10C6B00084C023F0040313700378CCF800105A07E9
:10C6C000B3D523F004030370AFE7194919480A787A
:10C6D000036022F008030B70A7E71748DFF854C087
:10C6E00023F0020313700378CCF8001099079CD54F
:10C6F00023F00203037098E70E4823F00103137040
:10C70000016092E70A490B480A78036022F010039F
:10C710000B708AE700221A7087E7054A137843F006
:10C720000803192B137080D1BBE700BF2F4F0020E7
:10C73000304F0020344F00202D4F002008B5124B01
:10C740001B780BB9012008BD013B032B08D8DFE89B
:10C7500003F0150F09020021FF22084609F03EFAF6
:10C76000002008BD0022FF21104609F037FAF7E744
:10C7700000221146FF2009F031FAF1E7FF221146AD
:10C78000104609F02BFAEBE72F4F002008B5274A97
:10C790001378D90719D52648C18813F0020F01F084
:10C7A000800113D0B1B90089DFF888C023F0020EF0
:10C7B0005B0782F800E000F00400CCF8001031D4F0
:10C7C00018B14EF0040E82F800E008BD99B143F0B4
:10C7D000020313700189580701F004011BD589B1C8
:10C7E000072BF2D1134B1A68002AEED10CF0E0F9B6
:10C7F000104B186008BD0189580701F004010AD5E3
:10C800000029E2D1DFF82CC023F0040300211370CB
:10C81000CCF8001008BD0029D7D043F00403DBB2E8
:10C820001370DDE70028D0D17346EDE7304F0020CC
:10C8300018300020344F002008B5174B186818B97D
:10C84000BDE80840FFF7A2BF0CF054F940F6B8323B
:10C850009042F5D9114A104B117800200729186031
:10C8600007D019290CD000231370BDE80840FFF74A
:10C870008DBF0B4B06211970FFF778FE074AF2E7D0
:10C8800009F086FC054A18B1064B01211970EAE748
:10C8900009F08AFD014AF7E7344F0020304F0020AD
:10C8A0002D4F00202F4F002070B588B00D46144644
:10C8B000002120220646684612F064F8AB23294680
:10C8C00022460DF101008DF8003012F0A7F84FF06C
:10C8D000000C6B4607A913F8012F99429444FAD132
:10C8E0002022694686F00100ADF81EC0FFF744FD26
:10C8F00008B070BD0B78AB2B00D0704710B50A465E
:10C9000088B001F11C0E002312F801CF6344964554
:10C910009BB2F9D191F81EC0DAB2944541D1CA7FD9
:10C92000B2EB132F3DD14B7808B9072B39D9013B16
:10C930000446082B35D8DFE803F07F78346D5A348D
:10C940005205360047F2086310220DF10201012062
:10C95000ADF8003011F0D6FE2E23102201A90120DF
:10C960008DF8033011F0CEFE2E2310220DF10601BA
:10C9700001208DF8053011F0C5FEDFF804E1202319
:10C980008DF80730BEE80F000DF1080CACE80F0081
:10C99000DEF80030CCF800301C2269462046FFF754
:10C9A00083FF08B010BD40F609432D49ADF80030B3
:10C9B00004220DF1020012F031F82A4904220DF18F
:10C9C000060012F02BF8284904220DF10A0012F09B
:10C9D00025F80E2269462046FFF766FFE1E78878D2
:10C9E0004E28DED808B0BDE8104002F08FBC052309
:10C9F0008DF8003003F04CFD1C4B8DF801001B69D5
:10CA0000032203F00103694601208DF80230FFF78D
:10CA10004BFFC6E78B78A12B15D0A22BC1D1CB78C9
:10CA2000D3B1134B10221A83BBE78B78114A003B1A
:10CA300018BF01231370B4E70F48104B89780170B9
:10CA400000221A60ADE7C878003818BF012008B08E
:10CA5000BDE8104002F042BC054B10225A83A0E70B
:10CA6000107AFF1F207AFF1F307AFF1F0004024058
:10CA7000000002402E4F00202F4F0020344F002096
:10CA8000C8F501080A4B1B780BB90120704700B5A7
:10CA900083B00B464FF4817C032201A90120ADF83D
:10CAA00004C08DF80630FFF7FFFE012003B000BD83
:10CAB0002E4F002008B509F06BFB00B108BDBDE8A2
:10CAC000084009F019BB00BF09F052BB08B509F0D6
:10CAD0005FFB003818BF012008BD00BF08B507483C
:10CAE0000822172106F0B8FE04480378032B00D96A
:10CAF00008BDBDE8084008F0A3BD00BF7099002044
:10CB000010B5104C82B0A0800193002040F20113B8
:10CB100022726381E18060720CF04AF8019B206010
:10CB20001A0CA381A27309F033FB38B1A27B617B9D
:10CB3000207B02B0BDE8104009F050B809F0DCFAE3
:10CB4000F4E700BF384F002008B5134B13484FF0EF
:10CB5000000C0822172183F80BC006F07DFE0F4859
:10CB60000378032B04D909F013FB024638B108BD42
:10CB700008F066FD09F00CFB02460028F7D10146DB
:10CB800009F02CF800F094FB054BDB689847BDE8F2
:10CB9000084009F0EDBA00BF384F0020709900201E
:10CBA0001CFE010808B5194BDA7A02B908BD1868ED
:10CBB0000BF0A0FF154B9A7A4AB19A88904210D296
:10CBC0009A7B597B187BBDE8084009F007B8DA88E2
:10CBD000904206D20022BDE808401146104608F0F7
:10CBE000FDBF0BF0E5FF094B9A7A186082F0010255
:10CBF0009A72002AEED05A7A197A0132D2B2914250
:10CC00005A72DDD8BDE80840FFF79EBF384F0020BC
:10CC1000014BD87A704700BF384F0020704700BFE3
:10CC2000704700BF08B5FFF7F9FFBDE808400BF0FB
:10CC300043BF00BF08B5FFF7F3FFBDE808400BF0A6
:10CC40003DBF00BF00F0B4B838B50922002301256C
:10CC500004468370C57002710449053011F0DEFE90
:10CC60000223A373E573257438BD00BFDCF501080A
:10CC70000378A72B06D14378122B07D0132B02D0B1
:10CC8000FF2303707047012383707047044B1B78A8
:10CC9000DB09002243F004038270C370704700BFB9
:10CCA0005099002030B50F4B89B020220446002156
:10CCB00068461D7811F066FEA32320468DF80030EB
:10CCC00004F02AFC8DF80100284604F025FC202100
:10CCD0008DF80200684609F045FF204605F05EF930
:10CCE00009B030BD2452002030B5104B89B01D78FA
:10CCF000202204460021684611F044FEA323284662
:10CD00008DF8003004F008FC8DF80100204604F096
:10CD100003FC20218DF80200684609F023FF20461D
:10CD200009B0BDE8304005F06DB900BF25520020C4
:10CD300000B589B020220021684611F023FE41F29F
:10CD4000A71320216846ADF8003009F00BFF09B0A9
:10CD500000BD00BF00B54278032A83B0034616D059
:10CD6000042A0ED1114893F802C001930122252113
:10CD700080F800C006F000FD019B00229A7003B00D
:10CD800000BDFF22027000229A7003B000BD019026
:10CD900001220648252106F05FFD0448019B027828
:10CDA000DA7000229A7003B000BD00BF484F002027
:10CDB00038B5314B0024FF251846042240F6643173
:10CDC000DD705D701C709C7006F0D6FC2B4B012250
:10CDD000184640F668311C7006F0CEFC284B012244
:10CDE000184640F669311C7006F0C6FC25492648F5
:10CDF00040F2111211F012FE234840F2111240F6D7
:10CE00006A3106F0B9FC214921485B2211F006FE87
:10CE10001F485B2240F67B4106F0AEFC21464F22C4
:10CE20001C4811F0AFFD1B497F234D7081F829503C
:10CE300005224D1E01F8012C8B706FF0770281F8EE
:10CE40002A30132381F82B20CA704C718C7185F81D
:10CE50002D306B7128460223502240F6D64185F8CA
:10CE60002E4085F82F4085F8283006F085FCBDE877
:10CE7000384000F08FBD00BFF4750020D150002075
:10CE8000F8750020802500204C4F0020242500202C
:10CE900070500020FD75002010B540F211121D4C9D
:10CEA0001D491E4811F0BAFD1D490F2006F0B8FCBF
:10CEB0002046042240F6643106F0CEFC19480122D7
:10CEC00040F6683106F0C8FC94F903301648002B90
:10CED000A8BF80234FF0010240F66931A8BFE3707C
:10CEE00006F0BAFC0D4840F2111240F66A3106F025
:10CEF000B3FC0E485B2240F67B4106F0ADFC0C48CB
:10CF0000502240F6D64106F0A7FCBDE8104000F0E4
:10CF100041BD00BFF4750020802500204C4F00204B
:10CF200004003434D1500020F875002070500020E7
:10CF3000FC7500200248012240F6683106F01CBC56
:10CF4000D150002042781C2A14D810B503781C4612
:10CF500013445B2B82B00ADC72B1431CD11801E090
:10CF60008B4209D013F801CFBCF1010FF8D9002092
:10CF700002B010BD00207047074B0192811C1819A8
:10CF8000009111F04BFD0548DDE90012204411F03D
:10CF900045FD012002B010BD70500020789900209E
:10CFA00090F802C0BCF1030F1CD830B590F800E037
:10CFB000BEF1020F83B012D843781C466344052BA0
:10CFC0000DDCBCF1000F39D000EBCC01034601E0D1
:10CFD0008B4209D0DA78172A03F10803F8D9002028
:10CFE00003B030BD00207047C11D6FF027000EEB6D
:10CFF0008E0300FB0EFEE2180EEBC30E124B01EB8C
:10D00000CC040EF1040503EBC20311F8042C1A70D2
:10D0100011F8032C5A7011F8022C9A7011F8012C97
:10D02000DA70E81804220191009311F0F7FC0199DD
:10D03000009B0831A14203F10803E6D100F0AAFCED
:10D04000012003B030BD00BFFC750020F0B54B7867
:10D05000013BA5B00C460E2B00F21D81DFE813F05A
:10D0600017001F003F004B005C005F006800EE00EF
:10D07000B800D3006C0071007E0084000F00881C93
:10D08000FFF78EFF80F00100A07025B0F0BD0122F7
:10D090000023CA700B710020A07025B0F0BD7F483E
:10D0A000042240F6643106F067FB7D48012240F619
:10D0B000693106F061FB7B4840F2111240F66A319B
:10D0C00006F05AFB78485B2240F67B4106F054FBA1
:10D0D0007648502240F6D64106F04EFBDBE76F4B18
:10D0E0000022CA70187859789A78DB7820716171BB
:10D0F000A271E371CFE74A79684B8878C978597093
:10D10000802A2179187038BF80229970DA700BF06C
:10D1100033FAFFF7C7F8BEE75B23CB70BBE78B782A
:10D12000062B1F4640F291800120A07025B0F0BD73
:10D130005B4B1B78CB70AEE702220523CA700B71E4
:10D14000A9E7CA781D2AEFD88B7899185B29EBDC00
:10D150005549E01C194411F061FC9CE7881CFFF75D
:10D16000F1FE80F001008FE70A79032ADCD88B7882
:10D17000022BD9D8C97888180528D5DC002A8AD08E
:10D1800003EB8300DFF824C101440CEBC105C000B0
:10D190006FF0270101FB03031F1DE31D03EBC20614
:10D1A0002A7803F8042C6A7803F8032CAA7803F889
:10D1B000022CEA7803F8012C79191846042211F0A0
:10D1C0002DFC00F10803B34205F10805E8D162E740
:10D1D000C9780929A8D800293FF45DAFA278314B5E
:10D1E00002EB420201EB41011A442144234610782C
:10D1F000D870507818719078587103338B4202F1CF
:10D200000302F4D147E7C97809298DD800293FF4F2
:10D2100042AFA278234802EB420201EB41012346D0
:10D2200002442144187910705879507098799070A0
:10D230000333994202F10302F4D12CE78B78042BDB
:10D240003FF672AF164A137025E7032200231144FC
:10D2500003A80393A51C11F0E1FB039E002308E043
:10D26000FF222946013301F8012F102B0D463FF410
:10D2700012AF01229A404FF0FF3132428DF8101068
:10D28000EED004AAD9B23846019308F0F5F99DF81A
:10D290001020019BE5E7FF230B70FCE6F4750020EE
:10D2A000F87500204C4F002070500020FC750020C5
:10D2B00003F0EEB808B503F0EBF802F0C9FFBDE8E3
:10D2C000084008F053BD00BF38B505460C4608F0CD
:10D2D00081FF18280CD1637973B1A5F5F04023388C
:10D2E000072809D8DFE800F0222222220A4B37243F
:10D2F00008F070FF1728EED0012038BD2C4A1378B3
:10D30000980743D0D3781033FF2B194628BFFF214D
:10D31000302BC9B206D8C1F1300323F00F0310310E
:10D320000B44D9B21A20D17006F01AFA002038BD89
:10D3300008F02EFF0028F9D008F04CFF1728F5D18F
:10D340001B4B1979103921EAE171C9B21B201971FF
:10D3500006F006FAEAE708F01BFF0028E6D008F01E
:10D3600039FF1728E2D1124B19791031FF2928BF54
:10D37000FF21C9B21B20197106F0F2F9D6E70C4B58
:10D380001A789107D2D0DA78302A02D808F0B0FEA5
:10D39000CCE7103AD1B21A20D97006F0E1F9044B6B
:10D3A0001A789207C2D0DB78302BBFD8EEE700BFE7
:10D3B0007099002084B003EB8303BDF81020019026
:10D3C0001A4492B2FF2A28BFFF22C0F30743D24378
:10D3D00053FA82F2FF2A28BFFF228DF80620019B14
:10D3E0000020DAB262F30700C3F3072262F30F20D2
:10D3F000C3F3074363F3174004B0704784B0BDF82C
:10D4000010200190D31A9BB2FF2B28BFFF23DBB261
:10D4100083F0FF0CC0F307426244FF2A28BFFF22BB
:10D4200003448DF806208DF80430019B0020DAB209
:10D4300062F30700C3F3072262F30F20C3F307432D
:10D4400063F3174004B070472DE9F041064686B0FB
:10D45000007808F0B1FDC4B2C0F30725AC421ED27B
:10D46000DFF84C80114F04EB44010322414404A82F
:10D4700011F0D4FAFB788DF81230049806F064FEAF
:10D480000246C0F307432146F07800930134C2F30B
:10D490000723D2B208F0A8FBE3B29D42E3D85A2D8D
:10D4A0008CBF0020012006B0BDE8F08170990020FB
:10D4B0004C4F00202DE9F04F814687B0007808F0EE
:10D4C0007BFDC4B2C0F3072B5C45ADF80C0069D2FC
:10D4D000DFF8F0A037499AF80430B1F80080364EF2
:10D4E000364DDB0803FB0888C8F30721C1F380131E
:10D4F0005B424B40CF4311F0400FC3F3011307F0E1
:10D500000F0701F00F0107F1010748F3072808BFD3
:10D510000F4606EB43062544294B04EB440119440E
:10D52000032204A811F07AFA7278337812FB07F21A
:10D5300003EB1213DBB25A42D2B233EA280328BFFC
:10D5400013465A4213F0800FD2B218BF13465B0045
:10D550009AF80320DBB202FB03331B128DF8123062
:10D56000049806F0F1FD15F8012F99F801308DF8B7
:10D570001400C0F30721C0F3074C1A428DF81510B0
:10D580008DF816C0214609D05FFA8CF200929DF802
:10D590001530C2B299F8030008F026FB0134E3B25B
:10D5A0009B45B9D8BBF15A0F8CBF0020012007B0B2
:10D5B000BDE8F08FD4990020E8F60108A9270020E3
:10D5C0004C4F0020709900202DE9F04F804689B023
:10D5D000007808F0F1FCC4B2C0F3072A5445ADF856
:10D5E000140071D2DFF804913C4E99F804303C4DA0
:10D5F0000133FF2B28BFFF234FF6FF7C2644BCFBE3
:10D60000F3FC1FFA8CF7CDF80CC003E00134E0B254
:10D61000824559D916F8012F98F801301A42F5D0F1
:10D620002B78013B190657D42E4ADBB2D118E0B251
:10D6300002E0013B1A064FD411F8012D8242F8D1C5
:10D6400005EB430292F819C0927E4CEA0222BA42DC
:10D65000EFD299F804300133FF2B28BFFF2303FBDF
:10D660000222214B04EB440119444FEA222B06A865
:10D67000032211F0D3F9BBF1FF0FD8BF6FEA0B0300
:10D6800099F80320D4BFDBB2002302FB03331B1243
:10D690008DF81A30069806F057FDC0F307438DF851
:10D6A0001E30DBB20093C0F307238DF81C00C2B21A
:10D6B0008DF81D3098F803002146DBB2013408F0E4
:10D6C00093FAE0B28245A5D8BAF15A0F8CBF002078
:10D6D000012009B0BDE8F08F039ABAE7A92700201E
:10D6E000D8990020EA9900204C4F00207099002022
:10D6F0002DE9F04F8FB0144609900878059108F095
:10D700005BFCC3B2C0F3072C6345ADF82C0080F07E
:10D71000DA80734E734FCDF818C0984606F2151292
:10D720004244714B049208EB480297F800B0CDF8E0
:10D7300008B0D31806EB48060393C1460CE0039BE0
:10D74000069A033309F1010903935FFA89F39A42B8
:10D7500006F1020640F2B680049B13F8012F0493F1
:10D76000059B5B781A42EAD0032260490CA811F0AD
:10D7700055F9029A099B9A4240F2AD801D4607EB8B
:10D7800003085B4BCDF81C904FF0000A089318F883
:10D79000013F96F8612098F80810521A96F8601028
:10D7A00002FB02FBC91A01FB01BB1FFA8BFBBBF199
:10D7B000010F40F28480BBF5F75F9DBF4FEA5B1E0F
:10D7C0000EF1080E5FFA8EFE4FF0FF0E012006E00C
:10D7D000BCF1FF0F1FD00133D8B2704519D800EB50
:10D7E0000E0C4FEA6C0C0CFB0CF91FFA89F9D945A9
:10D7F0006346EDD9013B5FFA83FE0EEB00035B103D
:10D8000003FB03FC70451FFA8CFC02D8DC45F1D801
:10D81000E1E7431EDBB2364807EB450E90F804C043
:10D820009EF819009EF81AE08DF832A00CF1010C58
:10D83000BCF1FF0F28BF4FF0FF0C40EA0E200CFB9D
:10D840000000C0F30F2000900C98A0470135029A09
:10D850008DF83000EBB2C0F3074A9A42C0F30720BC
:10D860008DF832A08DF831005FFA8AFA8FD8DDF892
:10D870001C90089BDB78039A03FB0AAA4FEA2A2331
:10D880008DF8323013788DF8303053788DF8313090
:10D890000C9806F059FCC0F3074305998DF8363013
:10D8A000DBB20093C0F307238DF83400C2B28DF8C9
:10D8B0003530C878DBB2494608F096F93FE75FFAA1
:10D8C0008BF3A8E79446BCF15A0F8CBF00200120CF
:10D8D0000FB0BDE8F08F064B4FF0000ACAE700BF5B
:10D8E00094260020D89900204C4F002071990020E8
:10D8F000709900200E4B1B78013B032B16D8DFE8F4
:10D9000003F013110C020B4B0B4A1B780146581EF7
:10D9100020EAE070C0B2FFF7EBBE0146074A0020E4
:10D92000FFF7E6BEFFF750BEFFF7C4BDFFF78CBDA3
:10D93000F8750020D8990020FDD30008B5D3000861
:10D94000F8B5104C104F114E114D002323703B7051
:10D950000BF02EF933782860102B03D1237843F095
:10D960000103237000237B700BF022F996F8283016
:10D970006860102B00D0F8BD237843F002032370B9
:10D98000F8BD00BF5D50002068500020FC750020ED
:10D990006050002000B5DFF864E01748002213460D
:10D9A0008EF800209446114610F83320013312B14E
:10D9B00001314FF0010C052BF6D1BCF1000F01D065
:10D9C0008EF800100C4B002294468EF8012003F1D3
:10D9D0002800114693F82820083312B101314FF086
:10D9E000010C8342F6D1BCF1000F01D08EF801107A
:10D9F0005DF804EBFFF7A4BFFC7500206C5000201D
:10DA00002DE9F04F827887B00746002A40F0008168
:10DA1000BB4B0193DFF800B301225FFA82FA87F86B
:10DA200003A008F031FCC0F307438DF81630DBB2D9
:10DA3000FC780293019B8DF814001B5DC0F3072254
:10DA400004EB84018DF81520CA18AE481BF832503B
:10DA5000AD4A10F804E012780120102D1E4600FA9D
:10DA600004FC51D0A84822EA0C02BEF1010F02705A
:10DA700057D800F0D9800021029A03918946002DE1
:10DA80004CD104EB8405013335440BEBC5050199FA
:10DA900095F80280DBB2042B0B55697888BF00250E
:10DAA00040F29081019900230B5504EB8404344427
:10DAB0000BEBC404013D94F8028066784146304681
:10DAC00008F0D6FBE07808F0DBFC039BBB70172D59
:10DAD00000F28D81DFE815F0F100F600FB00050192
:10DAE0000A010F012401D500E200E700EC003D012E
:10DAF000420147014C01510156015B0160012901BE
:10DB00002E013301380100017F4942EA0C028645AB
:10DB10000A7006D80021029A03918946042BC4D9C1
:10DB2000C0E7DFF8F881039358F824000AF0E2FF19
:10DB3000039B04EB840999440BEBC90999F8052070
:10DB400099F8043043EA022399F8062043EA024395
:10DB500099F8072043EA026398422FD858F8240026
:10DB60000AF0C8FF99F8051099F8043043EA012338
:10DB700099F8061043EA014399F8071043EA01694E
:10DB8000A9F57A73984258F8240000F20A81029AA3
:10DB90004FF0000903920AF0ADFFB0F57A7F039AC7
:10DBA00054D304EB840333441BF83330E91A1D4685
:10DBB000019B18BF01211B5D039160E70AF0F8FF8C
:10DBC000019B019A1B5D48F824000133DBB2042B52
:10DBD00084BF00263346135598BF1E4604EB8403CA
:10DBE00033440BEBC30359791A7942EA012299793C
:10DBF000DB7942EA014252EA0362C8D101240022E1
:10DC0000BAF1000F7FF409AF204607B0BDE8F08FEE
:10DC10003E493F485B2210F001FF394B019300223F
:10DC20001A80FFF78DFEF5E6002D7FF473AF0BEB46
:10DC3000C1012A4611F83250002D40F0CF80013248
:10DC4000052AF7D1029A0395A9461AE758F8240045
:10DC50000AF050FF029B00FB03F204EB8403334401
:10DC60004FF001091BF83330E91A1D46294BA3FB7D
:10DC70000232019B18BF01211B5D0391C2F3871281
:10DC8000FDE6384607F074FA0446B9F1000FB6D045
:10DC9000029A4146304608F0EBFAB0E7384607F002
:10DCA0006DFA0446F1E7384607F06EFA0446ECE7F1
:10DCB000384607F06FFA0446E7E7384607F0DCF924
:10DCC0000446E2E7384607F02FFA0446DDE7384617
:10DCD00007F030FA0446D8E7384607F0A3FC0446BC
:10DCE000D3E7384607F02CFA0446CEE7384607F06B
:10DCF0002DFA0446C9E7384607F02EFA0446C4E771
:10DD0000685000206C5000205D50002070500020B2
:10DD100078990020D34D6210FC75002060500020DF
:10DD2000384607F01FFA0446AFE7384607F054FCC0
:10DD30000446AAE7384607F057FC0446A5E73846EC
:10DD400007F060FC0446A0E7384607F069FC04468B
:10DD50009BE7384607F024FA044696E7384607F072
:10DD600025FA044691E7384607F026FA04468CE780
:10DD7000384607F0B1FA044687E7384607F094FCC6
:10DD8000044682E7384607F08DFD04467DE73846B5
:10DD900007F014FC044678E7384607F015FC044603
:10DDA00073E70AF0A7FE029BA9EB000203FB02F255
:10DDB000104B58F82400A3FB0232C2F387124FF035
:10DDC0000109E7E60E463046414608F051FAE87888
:10DDD00008F056FB039BBB70002456E7019B1A55C5
:10DDE000012316460393029A4FF000095DE60024D2
:10DDF0004BE700BFD34D62102AB1064B1B7803F0EE
:10DE0000FC03602B00D07047034B1B78002BFAD02B
:10DE100007F030BB709900205D50002008B547F630
:10DE20002303984227D00ED8A0F5A443203B0F2B04
:10DE300030D82E4A49791378002944D043F00103A1
:10DE40001370012008BD47F62403984222D1274AC7
:10DE50004979137800293BD043F00403072B137052
:10DE600012D10AF0A5FE224B224A1B781060B3FAA9
:10DE700083F0400908BD1D4A49791378B1B143F0D8
:10DE80000203072B1370ECD0194B1878B0FA80F00E
:10DE9000400908BD164B1B78002BD2D0A0F5F040EE
:10DEA00020380A2894BF0020012008BD1048DFF860
:10DEB00044C00078CCF8001023F002031370B0FACD
:10DEC00080F0400908BD23F0010313700120B9E779
:10DED0000748DFF820C00078CCF8001023F00403D6
:10DEE0001370B0FA80F0400908BD00BFD050002088
:10DEF000D1500020CC5000202DE9F04100258CB0FD
:10DF00001C2605F11C041D2200210DF11200E4B2B3
:10DF100010F038FD5A2C04A807D88DF810508DF851
:10DF200011602546FFF70EF8EBE740F2546304A8B2
:10DF3000ADF81030FFF706F8194BDFF8688093E86A
:10DF40000300002402AE02908DF80C102546012734
:10DF500016F8012B8DF81140272304A801348DF801
:10DF600010508DF812708DF81320CDF81480ADF894
:10DF700018308DF81A50FFF713F8052CE8D108F087
:10DF800083F9FF221146C0B208F072F97F2008F031
:10DF900077FA182008F004F90CB0BDE8F08100BF52
:10DFA000E8F5010800FF7F1000B5234A106883B030
:10DFB00020B9224B1B786BBB03B000BD0AF09AFD61
:10DFC00041F2883398421C4AF3D91D491B4B91F802
:10DFD00000C00020BCF1070F10601A78EAD182421D
:10DFE0000CBF4FF0010C8446087083F800C000930A
:10DFF00019D014480822172105F02EFC009B00932D
:10E00000FEF798FF009B1A7822B90093FEF744FFB1
:10E01000009BCFE708F0DEF81828CDD003B05DF8FC
:10E0200004EBFFF769BF019202F032FA0128009B6E
:10E03000E5D0019A1A70BFE7CC500020D1500020E3
:10E04000D050002070990020034B1B78032B06BF93
:10E05000024B187800207047D3500020D450002085
:10E0600000B5DFF84CE085B001AB83E807009EF80F
:10E0700000C00D490CF10103087803F00F02904233
:10E08000134603D1013202F00F020A7001AA07CA37
:10E090008EF80030054B0CEB4C0C03EB8C0383E843
:10E0A0000700012005B000BD0D7700204C76002050
:10E0B0000C77002010B5114C022240F62651204664
:10E0C00005F0CAFB0E48022240F6285105F0C4FBB9
:10E0D000238873B94FF416732380094B1A881AB931
:10E0E0004FF4E1521A8010BD1D2A9CBF1E221A80D7
:10E0F00010BD042B9CBF05232380EEE7B62400202F
:10E10000B424002008B50E4B0E484FF0010CC0227D
:10E11000002183F800C010F035FC0B490B4A0023A6
:10E120000B70137000F044FC01F0EEFB02F0BAFB40
:10E1300002F0F8F902F002FEBDE80840FFF7BABFAE
:10E14000D35000204C7600200C7700200D77002063
:10E1500038B504460D4602F017FC50B9054B9B68D4
:10E1600013B1294620469847034A044B04211170F5
:10E170001C7038BDBC240020D3500020D550002096
:10E1800008B502F001FC00B108BD0AF011FD00283D
:10E19000FAD00C4B1A78052A08D00B4A0021526895
:10E1A00008469047074B05221A7008BD01F0F0FBA6
:10E1B000044B0028F1D1054A1878117801F0DEFEF1
:10E1C000EBE700BFD3500020BC240020D550002036
:10E1D00030B58BB0054602F0D7FB30B9144B1B7835
:10E1E000042B04D0032B06D0EBB90BB030BD114B80
:10E1F0001B78002BF9D0104B1B69002BF5D000F0D9
:10E200000BFC01230446092229460DF106008DF876
:10E21000043010F003FC01A800F0E0FB002CE4D077
:10E2200000F02CFCE1E70BB0BDE83040FFF7A8BFE1
:10E23000D3500020D2500020BC24002030B58BB039
:10E24000054602F0A1FB30B9144B1B78042B04D017
:10E25000032B06D0EBB90BB030BD114B1B78002B54
:10E26000F9D0104B5B69002BF5D000F0D5FB0223F1
:10E270000446202229460DF106008DF8043010F0E6
:10E28000CDFB01A800F0AAFB002CE4D000F0F6FBC7
:10E29000E1E70BB0BDE83040FFF772BFD35000207C
:10E2A000D2500020BC24002010B5044602F06CFBC4
:10E2B00020B9094B1B78032B01D043B910BD074B84
:10E2C0001B6A002BFAD02046BDE810401847BDE875
:10E2D0001040FFF755BF00BFD3500020BC240020E2
:10E2E00010B5044602F050FB20B9094B1B78032BF4
:10E2F00001D043B910BD074B5B6A002BFAD0601CFC
:10E30000BDE810401847BDE81040FFF739BF00BF17
:10E31000D3500020BC24002010B5044602F034FB8A
:10E3200020B9094B1B78032B01D043B910BD074B13
:10E330009B6A002BFAD02046BDE810401847BDE884
:10E340001040FFF71DBF00BFD3500020BC240020A9
:10E3500070B504460D4602F017FB20B9094B1B7837
:10E36000032B01D04BB970BD074BDB6A002BFAD0F1
:10E3700029462046BDE870401847BDE87040FFF7C9
:10E38000FFBE00BFD3500020BC24002030B583B0B6
:10E3900004460D4602F0F8FAA0B94CB10C4A1378C5
:10E3A000A3420C4B10D00C49147000220A7000E0FC
:10E3B000084B0A4A01935268294620469047019B20
:10E3C00005221A7003B030BD19780329EBD1F9E7A3
:10E3D000D5500020D3500020D4500020BC24002071
:10E3E000024BDB6803B11847704700BFBC24002014
:10E3F000014B1878704700BFD2500020704700BF13
:10E40000704700BF704700BF704700BF704700BF34
:10E41000704700BF124B1B78032B03D003B9704722
:10E42000FFF7AEBE10B58AB0044600F0F5FA60B151
:10E4300000F008FB48B10B4B9B690BB12046984795
:10E440000AB0BDE8104000F0F5BA032301A88DF82A
:10E450000430ADF8064000F0C1FA0AB010BD00BFAC
:10E46000D3500020BC24002010B5044602F08CFAE2
:10E4700020B92378032B0AD0042B00D010BD637879
:10E48000A078BDE8104043EA0020FFF7C3BF0A4B65
:10E490001B78032B05D0002BF0D0BDE81040FFF710
:10E4A0006FBE064BDB69002BE8D06278A078BDE830
:10E4B000104042EA00201847D3500020BC2400201E
:10E4C00030B5002089B001F085FA00F071FA03F050
:10E4D000FFFC41F288300CF017F91A4B93F9003029
:10E4E000002B6D4623DB184C002322690093019317
:10E4F0008DF808300DF1010090474FF47A700CF060
:10E5000003F9A369002098474FF47A700CF0FCF8E7
:10E5100000230093226AAB802846904747F2305090
:10E520000CF0F2F8E36803B1984709B030BD064C2F
:10E5300020220021684610F025FA63690DF10100E0
:10E540009847DAE750990020BC2400202DE9F04FCD
:10E550009D4E9E4D96F800E02B789D4C9D4F87B0C8
:10E560004FF0000A002103EB430C734504EB8C02CF
:10E5700000F0028107CA14F82CC003F10109984683
:10E580000CF1FF3C06AB03E9070009F00F03012182
:10E59000BCF10B0F00F21581DFE80CF08E7B68CF29
:10E5A0009A574A25201B120604992B70202201201D
:10E5B00009F0B2FE01F0D8FF96F800E02B78D1E721
:10E5C0009DF810002B7000F04DFA96F800E02B78C3
:10E5D000C8E79DF810202B703A70C3E77E492B7076
:10E5E00000220A70BEE7DFF800B22B7000219BF812
:10E5F0000080397001F04CFF10F0060F40F0DD8014
:10E60000A8F103080623B8F1010F8BF80030D3D826
:10E6100001F0AAFFFFF7FCFE9BF80000002101F0CB
:10E62000ADFC002001F0D6F996F800E02B7899E7D0
:10E630006A482B7004F022FB694B00221A70FFF726
:10E64000E5FE96F800E02B788CE7644964480A7888
:10E650002B704FF0010C22F080020A7080F800C08D
:10E66000FFF7D2FE96F800E02B787BE79DF810804C
:10E670005C495D4A81F80080052041462B7010708E
:10E6800001F07CFC4046FFF7BBFE96F800E02B78DB
:10E6900068E79DF810805349534A81F800800420B0
:10E6A00041462B70107001F069FC4046FFF7A6FE52
:10E6B00096F800E02B7855E74B4A9DF810002B7038
:10E6C0000021117002F01EFC96F800E02B7849E75B
:10E6D000DFF814B12B7008EB480804EB88089BF8AE
:10E6E000003098F808809DF810900193002139704F
:10E6F00001F0CEFE10F0060F5BD1019B0220032B30
:10E700008BF800003ED0494601F038FCB8F1000F0C
:10E7100041D100F04DF9354B41464FF0000B4846D2
:10E7200083F800B002F0F0FB584601F053F902F014
:10E7300035F996F800E02B7814E79DF810802A4A06
:10E740002B7003204146107001F018FC254B83F814
:10E75000008003F0BDFB4046FFF754FE02F00AF9CB
:10E7600018BB234BD3F83080B8F1000F3FF422AF31
:10E7700002F0D0F8C0471DE709B185F800A007B046
:10E78000BDE8F08F01F0F0FE4946062001F0F6FBEF
:10E79000B8F1000FBDD001F07BFE10F0060FB8D02D
:10E7A00049F6404001F0ECF8B3E7012001F012F91E
:10E7B000D7E73878FDF776FD9FE73878FDF772FDEB
:10E7C0001EE79A46CFE600BF0C7700200D770020A9
:10E7D0004C760020D4500020B8240020509900200E
:10E7E000D2500020D5500020D3500020D650002019
:10E7F000BC24002008B5084B5B6B9847FFF7A6FECA
:10E8000000F03CF901F0FEFC02F098FB02F0CEF8BB
:10E81000BDE8084001F0C0BFBC24002008B501F0ED
:10E8200037FE10F0060F03D0054B1B78032B00D0EA
:10E8300008BD044B5B6B9847BDE8084000F01EB96B
:10E84000D3500020BC240020014B1878704700BF33
:10E85000D350002038B505460C4601F019FE10F0E3
:10E86000060F05D121462846BDE8384002F0BABA65
:10E8700001F07AFE02F07EF80028F3D0054B1B78F9
:10E88000032BEFD16379002BECD0012001F0A2F82B
:10E89000E8E700BFD350002010B52B4C82B00146F2
:10E8A00002220190204610F0B9F80199274802226F
:10E8B000114410F0B3F82388042B03D9234B1B8891
:10E8C0003B2B04D8FFF7F6FB002002B010BD02225C
:10E8D00040F62651204604F04FFF1C48022240F625
:10E8E000285104F049FF01F0D3FD10F0060F03D0CA
:10E8F000174B1B78032B04D002F0CCFA012002B096
:10E9000010BD20884FF47A7404FB00F001F038F851
:10E9100001F034F8CF2008F007FE08F005FF20468C
:10E920000BF0F2FED02008F0FFFD08F0FDFE2046BF
:10E930000BF0EAFED02008F053FE08F0F5FE20466A
:10E940000BF0E2FED8E700BFB6240020B42400207C
:10E95000D350002000B583B0034B019301A8FFF70B
:10E960009BFF03B000BD00BF5802201C10B54378C8
:10E970000B2B04460DD00C2B04D0FF23037000207A
:10E98000A07010BD0230FFF787FF80F00100A0707B
:10E9900010BD05490222033010F040F8034902225D
:10E9A000601D10F03BF8EAE7B6240020B4240020F4
:10E9B00008B506480649074A002303800B801370F8
:10E9C0000AF0F6F8044B186008BD00BF3677002047
:10E9D00010770020D6500020DC50002038B50B4DB9
:10E9E0000B4A2B8812885C1CE4B2A2420BD0014671
:10E9F000084803EB031300EB4300222210F00EF84B
:10EA000001202C8038BD002038BD00BF36770020A3
:10EA10001077002038770020044A054B10881B88A7
:10EA2000C01AB0FA80F04009704700BF3677002066
:10EA30001077002008B50AF0BBF8014B186008BD3C
:10EA4000DC50002008B5054B18680AF053F8044B59
:10EA50001B78984294BF0020012008BDDC500020A4
:10EA6000B9240020014B1870704700BFB924002062
:10EA7000014B1870704700BFD650002038B5FFF723
:10EA8000E3FE03282AD1384A384B10881988884277
:10EA900002D13749097801B3364B18680AF02AF8D1
:10EAA00035490978884218D9314B1978F9B92F4B73
:10EAB0002D4A1C881288A2420FD0304A304804EBFD
:10EAC000041102EB4101222205460FF0A7FF274B5C
:10EAD000621CD2B21A802B783BBB38BDFFF7B4FE64
:10EAE0000428FAD1FFF784FC0028CCD138BD254B8F
:10EAF00018681C4609F0FEFF0228EED91C4A204D7A
:10EB00001378013B13700AF053F82B782060022B26
:10EB10001DD0012B23D0032B12D00AF049F8154B3E
:10EB20001860BDE8384001F01FBD0AF041F8022826
:10EB3000D3D90F4A134C1E2313700AF039F8E4E7B7
:10EB4000114B9B69002BE8D068889847E5E70E4B8E
:10EB50005B69002BE1D00D4898472B78DBE70A4B27
:10EB60001B69002BF7D1D8E73677002010770020FB
:10EB7000D6500020DC500020B92400203877002037
:10EB800014770020D8500020BC24002017770020E4
:10EB900010B538B3284840F2822220210DF05AFEE9
:10EBA000254840F2822240210DF054FE224840F2D6
:10EBB000822280210DF04EFE204B1B7873B11E483F
:10EBC000012210210DF046FE1B4A1D48102313831D
:10EBD000BDE81040202202210DF03CBEBDE81040EF
:10EBE0000CF0FEB900F1804001221021154C00F517
:10EBF00002300DF02FFE1023642063830BF084FDA0
:10EC0000102323830C4840F2822220210DF022FEA3
:10EC1000094840F2822240210DF01CFE064840F2D5
:10EC2000822280210DF016FE044B1B78002BC6D1EA
:10EC30000CF0D6F9C3E700BF00000240049C00209E
:10EC400000040240000802402DE9F04190B0064661
:10EC50000D4690460021402268461C460FF092FE69
:10EC60002E490A7814B90132D2B20A700AB90122C7
:10EC70000A70002D4FD033467419002113F8010B90
:10EC8000A3420144FAD10C460F0A08F155038DF84E
:10EC900005306FF002035B1B8DF8073047F6846385
:10ECA000ADF80030AA238DF8082031468DF80430E5
:10ECB0002A46AB1C0DF109008DF806300FF0AEFEB0
:10ECC00010AA05F1090352FA83F3154903F8404CE1
:10ECD00005F10A0352FA83F3124C03F8407C124BFD
:10ECE000402220461A700CF085F920460CF0A6F957
:10ECF00005F10B016A46C9B220460CF0D9F96268E9
:10ED00001169D26801238B40204613830CF084F9EB
:10ED100010B0BDE8F0812F462C46B6E744510020E4
:10ED2000F0F60108049C0020F624002010B54022D3
:10ED3000044600210C480FF025FE0B48112300F873
:10ED4000013B082221460FF069FE002301220648FC
:10ED50000921FFF779FF054B1A6802B110BD09F0D0
:10ED600027FF024B186010BD54510020485100206D
:10ED700010B54022044600210C480FF003FE0B485A
:10ED8000122300F8013B142221460FF047FE002316
:10ED9000012206481521FFF757FF054B1A6802B1FB
:10EDA00010BD09F005FF024B186010BD5451002042
:10EDB0004851002010B53D22044600210B480FF0B9
:10EDC000E1FD0A491322C81E01F8032C4470210AF0
:10EDD000074C8170002301220721FFF735FF2368CC
:10EDE00003B110BD09F0E4FE206010BD57510020B2
:10EDF0004851002000B5C3B203F17F02D2B2022A0B
:10EE000083B020D99B2B13D083B9402219461A48CE
:10EE10000FF0B8FD184A142313700023012216487E
:10EE20000221FFF711FF154B1A68F2B103B000BDC4
:10EE30003E22134800210FF0A5FD114A40F61403AD
:10EE400022F8023CE9E73E2200210D4801930FF031
:10EE500099FD019B0122813B02FA03F3084A142128
:10EE600002F8021C02F8013CD7E709F0A1FE034BAF
:10EE7000186003B000BD00BF54510020485100206D
:10EE80005651002070B5104C054640220021204606
:10EE90000FF078FDAA78687860701623237042F32B
:10EEA000C013E370EB78237143F3C01363712B79C4
:10EEB000A3716979A270E171002320461A46BDE86A
:10EEC00070400821FFF7C0BE5451002010B5402209
:10EED0000446002109480FF055FD08481823214633
:10EEE00000F8013B0A220FF099FD0023BDE8104015
:10EEF00002481A460B21FFF7A7BE00BF545100205D
:10EF000010B540220446002109480FF03BFD084897
:10EF10001923214600F8013B14220FF07FFD002346
:10EF2000BDE8104002481A461521FFF78DBE00BF0C
:10EF30005451002070B540220C46054600210A4875
:10EF40000FF020FD084893232946224600F8013B94
:10EF50000FF064FD611C0023BDE8704002481A46B2
:10EF6000C9B2FFF771BE00BF5451002070B53E22F8
:10EF70000D4686B00646002127480FF003FD274ABC
:10EF800007CA03AB83E80700002D14BF2C461C46BC
:10EF9000234DA168A0886E7021222A706288AA7011
:10EFA0006288A880120AEA70A279AA71F1B10846B3
:10EFB0000191F9F741FA01990246E81D0FF02EFD83
:10EFC000A068F9F739FAC41DE4B2164D286809F0B3
:10EFD00091FD40F6B83398420AD811480023012227
:10EFE000214606B0BDE87040FFF72EBE0724ECE7CF
:10EFF00009F0DEFD0C4B28604FF480129A614FF44B
:10F000007A700BF081FB084B102247F230509A6166
:10F010000BF07AFBE1E700BF5651002060F50108D4
:10F0200054510020505100200000024070B53C2295
:10F0300006460D461A481B4C00210FF0A3FC222265
:10F04000034600F8042C206803F8036C23F8025CE4
:10F0500009F050FD40F6B83398420DD8124C1348D1
:10F06000012200230421FFF7EFFD226802B170BDE9
:10F0700009F09EFD206070BD09F09AFD0C4B2060E8
:10F080004FF480129A614FF47A700BF03DFB084BFD
:10F09000102247F230509A610BF036FBDEE700BFDA
:10F0A0005851002050510020485100205451002058
:10F0B000000002404022002110B510480FF062FC11
:10F0C0000F480E4903782322022B0A7002D00D4903
:10F0D0000BF090FF0A480BF0B1FF40F6B8300BF090
:10F0E00013FB41F658300BF00FFBBDE8104003480E
:10F0F000002301220221FFF7A7BD00BF54510020C9
:10F10000049C0020F0F6010810B53E2204460021C0
:10F1100008480FF037FC0749322201F8022C00237F
:10F1200001F8014C881EBDE810401A460221FFF785
:10F130008BBD00BF5651002010B592B00C46019017
:10F140004022002102A80FF01DFC47F684720D49F1
:10F15000ADF808200C4880228DF80B200BF04AFFF8
:10F1600009480BF06BFF211D019B074802AAC9B299
:10F170000BF080FF04480BF06FFF03480BF04CFFCF
:10F1800012B010BDF0F60108049C002070B53D22BD
:10F1900005460C46094800210FF0F4FB07492522DB
:10F1A00001F8032C002301F8025C01F8014CC81E91
:10F1B000BDE870401A460321FFF746BD57510020B5
:10F1C00010B53E220446002108480FF0DBFB07493A
:10F1D000332201F8022C002301F8014C881EBDE8FF
:10F1E00010401A460221FFF72FBD00BF56510020E4
:10F1F00010B540220446002109480FF0C3FB08481F
:10F200004123214600F8013B16220FF007FC0023A2
:10F21000BDE8104002481A461721FFF715BD00BF90
:10F220005451002070B50546F9F706F9402204460E
:10F2300000210A480FF0A6FB084845232946E2B200
:10F2400000F8013B0FF0EAFB611C0023BDE87040B1
:10F2500002481A46C9B2FFF7F7BC00BF545100205C
:10F2600038B53E22054600211748184C0FF08AFB9E
:10F2700003467122206803F8022C03F8015C09F0B0
:10F2800039FC40F6B83398420AD800231A46104891
:10F290000221FFF7D9FC09F08BFC0E4B186038BD3A
:10F2A00009F086FC0C4B20604FF480129A614FF4F9
:10F2B0007A700BF029FA084B102247F230509A610D
:10F2C0000BF022FAE1E700BF565100205051002018
:10F2D000545100204C5100200000024010B53E2245
:10F2E0000446002108480FF04DFB0749722201F83F
:10F2F000022C002301F8014C881EBDE810401A467C
:10F300000221FFF7A1BC00BF5651002010B53E22DC
:10F310000446002108480FF035FB0749732201F825
:10F32000022C002301F8014C881EBDE810401A464B
:10F330000321FFF789BC00BF565100202DE9F041A1
:10F34000204E17460324002264F307026FF0550491
:10F35000737164F30F22572363F31742192F67F376
:10F360001F626FEA0703B071326006F107003A4688
:10F3700028BF1922884633710FF050FB20213046F8
:10F3800007F0F0FB192F1AD919243D1BEDB22022EA
:10F39000002130460FF0F6FA1F2D28BF1F2503234A
:10F3A00008EB04012A46084833702C440FF036FB62
:10F3B000E4B22021304607F0D5FBA742E5D8BDE8EE
:10F3C000F08100BF24510020255100202DE9F04399
:10F3D000BE4B1B699A0795B007D5BD4D2B68002B16
:10F3E00040F0928015B0BDE8F08300244022214611
:10F3F00004A80FF0C7FAB74B04A81978FFF79CFED2
:10F400009DF81430AA2B264600F0C980B04DB24BAF
:10F410001B789846002B40F09480B04B04AF1C78CA
:10F420003B2CDBD8AC4A0123022C137040F29A81AA
:10F43000E01E7A1E3818002312F8011F0B44824286
:10F440009BB2F9D1D9B23A1912F8020C8842C5D14F
:10F4500012F8012CB2EB132FC0D13946A04B11F892
:10F46000010B1B78E21E92380024D2B20194029460
:10F4700003942228B2D801A454F820F0D7F700084A
:10F48000DDF30008DDF30008DDF30008DDF300081C
:10F49000DDF30008DDF30008DDF30008DDF300080C
:10F4A000DDF30008DDF30008DDF30008DDF30008FC
:10F4B000DDF30008DDF30008ADF7000895F700085C
:10F4C0008DF70008DDF30008DDF30008DDF3000828
:10F4D000DDF30008DDF30008DDF30008DDF30008CC
:10F4E000DDF30008DDF30008DDF30008DDF30008BC
:10F4F000DDF3000883F70008DDF30008DDF3000802
:10F50000DDF300086BF70008286809F0F3FAB0F59E
:10F51000FA6F7FF667AF734C102363834FF47A70F2
:10F520000BF0F2F81023238344F620600BF0ECF884
:10F5300000210846FFF77AFD00232B6015B0BDE8D7
:10F54000F08304AF0DF11A030DF14B004FF00009E9
:10F5500001E0834217D01A78AA2A194603F1010361
:10F56000F7D11A78572AF4D15A7893F802C082F06A
:10F57000FF0EF445EDD1DC788342264601F1050704
:10F580001446C146E7D1B9F1000F3FF427AF544A02
:10F59000524B5149167000221C700A703FE79DF8CB
:10F5A0001530542B1F4600F0CB80494D019401AA21
:10F5B0003B079046029403942C6064D4F80749D426
:10F5C000B90735D4FA0626D59DF91C209DF81C30C4
:10F5D000002A63DBC3EB431203EB8202424BB2F51A
:10F5E000FA5FA3FB0213C3F38F1303DB3F4AA2FBB3
:10F5F00003235B0800220192C8F80420C8F8082001
:10F600000B228DF804203A4A8DF80830138098E8D0
:10F610000700FEF725FD7B077FF5F9AE9DF8193051
:10F620009DF81A10012043EA012101F049F9EEE6A4
:10F6300000230193C8F80430C8F808309DF818304A
:10F640008DF808300A238DF8043098E80700FEF79B
:10F6500007FDB7E74022002126480FF093F925491E
:10F660000023A4220A7008461A460121FFF7ECFA8B
:10F670009DF81630203B062B1AD8DFE803F0595DC1
:10F6800055413D2216009DF816308DF808300123B3
:10F690008DF8043007CAFEF7E3FC8FE703F07F0321
:10F6A00040F2E24213FB02F298E708238DF804309F
:10F6B0009DF817308DF8083098E80700FEF7D0FC69
:10F6C0007EE707238DF80430F2E700BF0004024014
:10F6D00048510020F6240020BB240020BA2400203A
:10F6E0002051002000080240D34D6210ABAAAAAA04
:10F6F000F42400205451002006238DF80430D7E76D
:10F70000434B186805228DF804200028D0D009F05A
:10F71000F1F940F6B7329042CAD83D4B00221A6048
:10F7200001238DF80C30C3E703238DF80430BFE7C5
:10F7300004238DF80430BBE702238DF80430B7E7CB
:10F740009DF81830AB2B08D0324D00230DF1040882
:10F7500001932B600293039334E79DF81930552BE6
:10F76000F2D153E600210B466DE67B788DF8083028
:10F770000A238DF8043001AB93E80700FEF770FC14
:10F780002CE67B788DF808300123F2E7A320FFF701
:10F79000D5FD23E6FB78002B7FF420AEBB78722BDF
:10F7A0007FF41CAE0120FDF77FF817E6BB78142B21
:10F7B00029D8102B7FF612AEF878022819D003282A
:10F7C00010D000287FF40AAEFFF752F9124B1878D8
:10F7D000FFF748F902E6114C20460FF01FF90C2301
:10F7E0000294C6E70C4B18780A30C0B2FFF73AF91A
:10F7F000F4E50020FFF73CF9074B18780530C0B25C
:10F80000FFF730F9EAE5162B7FF4E8ADD4E700BF47
:10F810004C51002048510020F4240020E0500020EA
:10F820000378AA2B00D070474378553B012BFAD8B8
:10F8300070B5C378827883F0FF039A4282B0144691
:10F8400001D002B070BD1B2AFBD8022A00F10505C9
:10F850003CD900F1020C021DA444002312F8011F40
:10F860000B4494459BB2F9D1D9B22A1912F802CCB3
:10F870008C45E6D112F8012CB2EB132FE1D11F4BCE
:10F8800002791978914218BF1A70427902F0F00299
:10F8900014BF00230123602AD3D10193184B0646DD
:10F8A000186809F027F940F6B8329042019B10D849
:10F8B0007278A2F15602A11EB2FA82F25209C9B2BE
:10F8C000284602B0BDE87040FFF7BEB900210B46E4
:10F8D000CBE709F06DF90A4B0A4A18604FF4801122
:10F8E00091614FF47A700AF00FFF064A102191617E
:10F8F00047F230500AF008FF019BD9E72151002060
:10F90000505100200000024070B51848184C1322D6
:10F9100000210FF037F8012504F10C06206800F0F3
:10F920000F01012205FA01F120F00F000CF092FF07
:10F9300054F8043B23F00F0203F00F0305FA03F31E
:10F94000B4421383EAD10B48012280210CF082FFDC
:10F95000084A0948802313834FF4004101220CF028
:10F9600079FF054A4FF40043538370BD3C99002052
:10F97000FC240020000802400000024006F0B6BD52
:10F9800008B506F0ADFDBDE8084006F0AFBD00BF0C
:10F99000044B054A1B78927B134314BF01200020BF
:10F9A000704700BF9C5100203C99002008B5084BCF
:10F9B00000229A73FDF792F8FDF788F818B1BDE8B8
:10F9C0000840FDF777B8BDE80840FDF77DB800BFF7
:10F9D0003C99002050B9DFF87CC01C491C4BCCF886
:10F9E00000004FF4004208705A83704700B583B09E
:10F9F00001F0C0F9174A136883420AD823B1C31A29
:10FA000047F230518B4202D910490B7853B103B001
:10FA100000BD0E4991F800C0BCF1000F0FD110607D
:10FA20000028F4D1019109F0C3F80B4B186001F0E4
:10FA3000A1F9084A0199106001230B70E7E7184407
:10FA400010600028E3D05B42DAE700BF9C51002041
:10FA50000000024098510020A051002008B5224A21
:10FA600013788BB103F00F03052B0ED91F4B4FF406
:10FA70000041598300231370BDE8084000F074BDB5
:10FA800003F00F03052BF1D808BD194B186809F0D6
:10FA900031F8154AB0F57A7F1378F1D91806134971
:10FAA0001BD44FF4004063F07F030883137009F008
:10FAB0007FF80D4A13780E4A03F00F03052B1060F0
:10FAC000E2D90C4B094A9B7B4FF400415183002B38
:10FAD000DAD1BDE80840FCF7F7BF03F07F034FF42D
:10FAE000004001334883E1E79C51002000000240C0
:10FAF000A05100203C99002010B582B000F0C8FC55
:10FB000010F0060F29D000F03FFF78BB019000F005
:10FB100031FF019A002847D101F03AF800284BD173
:10FB2000374B997BB9B15B7B01F00F0433BB354A8E
:10FB30001278A24229D011F0100151D1324B234446
:10FB40000A4613F8010C0B4606F032F82C4B997B51
:10FB50002C4B1C7019E0FDF7ABFB00F099FC012861
:10FB60001FD006F027FA012002B010BD0022104677
:10FB7000114606F033F8012002B010BD00221146F4
:10FB8000104606F02BF81E4B997B0B0601F0100275
:10FB900015D4E2B100231A461946142006F008F8DD
:10FBA000DBE7FDF785FBDCE71146104606F016F8AB
:10FBB00000F0EEFF0028B3D000F0F2FFB0E7AAB1EA
:10FBC0000023FF221946142005F0F2FFC5E70E4975
:10FBD0002144134611F8010C114605F0E9FFBCE77A
:10FBE0001A461946142005F0E3FFAFE70649214401
:10FBF000FF2311F8010C114605F0DAFFADE700BF55
:10FC00003C990020F724002008F701082DE9F04175
:10FC10000278AB4B052A0CBF1A781A70A94B997B56
:10FC2000042A54D8DFE802F0465366B203000029E4
:10FC300043D0080640F1F6809C795A79D87942EA97
:10FC4000042242EA0042187A95B242EA0064987AA5
:10FC50005A7A42EA0022D87A42EA00429A4805805B
:10FC6000187B01F03F0152EA006299730ED093F8BD
:10FC700010C0D87B40EA0C2093F811C040EA0C4039
:10FC800093F812C040EA0C60824223D315B3187C6B
:10FC9000DA7B42EA0022587C42EA0042987C42EA3F
:10FCA000006212FA84F2140A100CDA73120E1C7439
:10FCB00058749A74002940F0E680FCF70FFF06F0B4
:10FCC00067FA0246002800F0E180BDE8F0817E4A34
:10FCD00000201080E1B900219973FFF70DFF794BE7
:10FCE00000229A7300F040FC764B9B7B002BE4D003
:10FCF000BDE8F0810029E0D0DA7B1C7C587C42EA28
:10FD0000042242EA0042987C52EA006200F0088134
:10FD10004FF0010801F00F0C0CF1FF3C11F0100E38
:10FD20005FFA8CFC68D1BCF1020F78D977460324C6
:10FD3000002007EB8C050246944511D0002F4FD0D0
:10FD40002A68012622F00F0E02F00F0206FA02F2D4
:10FD50000130AEF81820C2B2944205D99445EFD1D3
:10FD60000130C2B29442E7D80A0648D447B12A68A3
:10FD7000012022F00F0402F00F0200FA02F22283A7
:10FD8000B8F1000FB1D001F03F01A5E7002994D0F0
:10FD90001D7CDA7B5C7C587842EA052242EA044208
:10FDA0009C789D7C40EA0420DC7840EA04401C7981
:10FDB00052EA056240EA046480B240F08D80424D10
:10FDC00061F07F01997328800028A1D0A4B2200A95
:10FDD000DC731874240E002058749C74904699E7C4
:10FDE000421CD2B20230A2425FFA80FEC8D27445F1
:10FDF000BAD9F445F4D1B3E7344F012498E7B8F108
:10FE0000000F4FD1002F3FF470AF2A68012122F07C
:10FE10000F0002F00F0201FA02F2428365E72C4F55
:10FE2000032485E79C785A78D87842EA042242EA8B
:10FE3000004218799C7A95B242EA00605A7A42EA06
:10FE40000422DC7A42EA04421F4C25801C7B61F0CC
:10FE50007F0152EA0462997371D1002D3FF458AFCB
:10FE60001C7CDA7B42EA04225C7C42EA04429C7CF1
:10FE700042EA046212FA80F2140A100CDA73120ECB
:10FE80001C7458749A744FF0000843E7114605F04B
:10FE9000A5FEFDF70DFA0F4BDB689847BDE8F04172
:10FEA000FCF712BE002F3FF46EAF2A68012022F04B
:10FEB0000F0402F00F0200FA02F2228363E700BF90
:10FEC000A85100203C990020AA510020F8240020CD
:10FED000FC2400201CFE01089D7A5C7A44EA05247B
:10FEE000DD7A44EA05441D7B44EA0564201A224D6C
:10FEF00001F03F0180B29973288014B1A2423FF60D
:10FF0000E9AE00283FF4E6AE1044040A020CD873B0
:10FF1000000E1C745A74987400293FF4CEAEB2E7F8
:10FF20005A7A9C7AD87A42EA042242EA0042187B42
:10FF300061F07F0152EA00629973A4D09CE793F8C4
:10FF400010C0DC7B44EA0C2493F811C044EA0C4452
:10FF500093F812C044EA0C64A242FFF4D9AE002D1B
:10FF60003FF4D6AE14FA80F4200A220CDC73240E7F
:10FF700018745A749C7486E7AA510020F0B583B0B7
:10FF80000446019100F084FA012857D001998F4866
:10FF90008F4A90F800C0182914BF0B4611239C45C6
:10FFA000117817D0022C51D0037001270193894B8F
:10FFB00014701D46197008F0FBFD874A1060FCF7AD
:10FFC00079FDA21E019B042A36D8DFE802F04DB964
:10FFD000B6128F008C4233D1052C2FD17D4901936D
:10FFE00014700C7008F0E4FD7B4A1060FCF762FDB1
:10FFF000019B7A490193132279480EF00FFD78484E
:020000040801F1
:10000000019B054663F07F018173FFF7FFFDAB7A2B
:10001000687AEA7A40EA03202B7B40EA024050EA01
:10002000036000F0B88049F64043984238BF184654
:1000300006F056FA06F05AFA6A4E347003B0F0BD74
:10004000062901D1022CF9D00027AFE701F0FB030C
:10005000022BF3D05F4B14701D46197008F0A8FDF9
:100060005D4B1860FCF726FD5F495D4813220EF0DA
:10007000D5FCFFF7CBFD00F087FC594B002840F082
:1000800097802A78032A00F09380052A14D0997A61
:100090005A7AD87A42EA0122197B42EA004353EAAB
:1000A000016000F0908049F64043984238BF1846FE
:1000B00006F016FA06F01AFA4C4B1B78002BBBD050
:1000C0004B4A4FF0010C02F10C0052F8043B23F0B4
:1000D0000F0103F00F030CFA03F390420B83F4D1EA
:1000E000444B404E80221A833470A7E73E493C4877
:1000F00013220EF093FC3A48FFF788FDFCF788FDC9
:1001000000284ED040F6B83006F0EAF906F0EEF9D5
:10011000364B1B78002B8FD0354A4FF0010C02F183
:100120000C0052F8043B23F00F0103F00F030CFA0C
:1001300003F390420B83F4D1D2E72F4901935AE79E
:10014000284A16461278032A39D0254D2B490193A7
:10015000132228460EF062FC019BAB732846FFF782
:1001600055FDAA7A6B7AE97A43EA02232A7B43EAAD
:10017000014353EA026311D0214908884FF47A728F
:1001800002FB00F0984238BF184606F0A9F906F0C5
:10019000ADF9347052E74FF0FF3049E74FF0FF30D0
:1001A000F3E74FF47A7006F09BF906F09FF9AFE79A
:1001B0004FF47A7006F094F906F098F97CE7002F76
:1001C000C3D1074DCDE74FF0FF3071E796510020C6
:1001D0009551002094510020A451002020F70108DF
:1001E0003C990020AC5100200CF7010808250020A4
:1001F000FC2400200008024048F7010834F70108F9
:10020000B624002008B500F081FD0D4B9B7B1BB987
:10021000BDE80840FFF722BC0A4B186808F06AFCEA
:10022000094B1B889842F3D30848FFF7EFFC08F00E
:10023000BFFC044B1860BDE80840FFF70FBC00BFCF
:100240003C990020A4510020AA510020A851002070
:1002500008B500F01DF9012803D1044B1B78052BCC
:1002600003D0BDE80840FDF723B808BD989B0020E7
:1002700001207047704700BF08B500F077FEFEF719
:10028000B9FAFFF7F7FF00F003F9012801D00120C8
:1002900008BD00F003F9012008BD00BF30B585B0EE
:1002A000B8B11748174D08F047F9FEF799F808F06C
:1002B0007FFC044601E06B6B9847204608F01AFC6F
:1002C0006328F8D900211E2005B0BDE83040FEF7B4
:1002D0005DB80446FFF76AFBFEF7B6FA032801D0C3
:1002E00005B030BD084B1B78022BF9D1044B0194AB
:1002F0005B68029401A88DF80C409847F0E700BFB6
:1003000094240020BC240020AD51002030B585B0DD
:10031000B8B11748174D08F00FF9FEF761F808F06B
:1003200047FC044601E06B6B9847204608F0E2FB6F
:100330006328F8D90021182005B0BDE83040FEF749
:1003400025B80446FFF732FBFEF77EFA032801D0FA
:1003500005B030BD084B1B78042BF9D1044B019438
:100360005B68029401A88DF80C409847F0E700BF45
:1003700094240020BC240020AD51002000B585B09D
:1003800080B90E4A1278042A01D005B000BD0C4A8B
:10039000019003465268029301A88DF80C309047F3
:1003A00005B000BD08F0CEF8054B9842EDD01846D8
:1003B00005B05DF804EB08F0BFB800BF989B0020C3
:1003C00068280020314A117881424ED000B50129B9
:1003D00083B0034635D00190FEF736FA03282B4A46
:1003E000019B2ED0022B137033D0042B3ED0012B57
:1003F00039D11846FFF7C2FF0020FFF74FFF4FF437
:10040000FA700AF081F90020FFF780FFFDF7E8FF9E
:1004100000F0C4F8FFF778FA06F06AF842F21070BC
:100420000AF072F905F0E4FD4FF0FF3006F058F8DD
:1004300006F05CF808F0A0F803B05DF804EBFBF7F9
:1004400031BF019301F044FD019B104A022B137050
:10045000CBD10020FFF75AFF64200AF055F90120A4
:10046000FFF71CFF0BE003B000BD70470020FFF753
:1004700015FF64200AF048F90120FFF747FF00202C
:10048000FFF77CFF00F070F8C4E700BFAD5100201B
:10049000014B1878704700BFAD51002038B51F4C94
:1004A00008F012FF2378052B00D038BD1C4D0AE060
:1004B00000F05CFD2B78012B0DD108F043FB08F018
:1004C000FFFA60B92378052BF2D002F01BFBBDE8E0
:1004D000384007F029B9BDE8384001F011B80F489D
:1004E0000AF0D6FE47F230500AF00EF9CF2007F09E
:1004F0001BF807F019F94FF47A700AF005F9D020CB
:1005000007F012F807F010F94FF47A700AF0FCF8CF
:10051000D02007F065F807F007F9D3E7989B002093
:10052000AD51002008B501210A4820220CF092F9B3
:10053000094B00221A7008F03BFB084B1860FEF7CD
:1005400083F9074B03280CBF064A40F6B8321A60FD
:1005500008BD00BF00040240BC510020C051002073
:100560000C25002040771B0008B5084B00221A70AC
:1005700008F01EFB064B1860FEF766F9054B0328D2
:100580000CBF054A40F6B8321A6008BDBC510020C5
:10059000C05100200C25002040771B000249034A6F
:1005A00000230B7013607047BC510020C051002025
:1005B00008B5302383F31188034805210CF0FCF9BA
:1005C000002383F3118808BD00080240704700BF74
:1005D000704700BF014B10225A8370470000024051
:1005E000704700BF024B1869C04300F0010070471C
:1005F0000004024030B585B0FFF74AFF012848D01B
:1006000039480AF09DFD39480AF006FD3848402275
:1006100020210CF01FF93648402280210CF01AF9F5
:100620004022334811460CF015F9302585F3118826
:100630003048022201210CF089F9002484F311884A
:1006400085F311882B48032221460CF07FF984F3AF
:10065000118885F311882648032209210CF076F9C8
:1006600084F3118885F31188214803220A210CF0B4
:100670006DF984F31188F8F79FFA1E4840224FF471
:1006800080510CF0E7F800F015F9FFF7A1FF05B075
:1006900030BD0446FFF7A6FF02460028B0D1014650
:1006A00005F09CFA144BDB68984705F021FF1149CF
:1006B000124B0F4A4FF4804048834FF4004151835E
:1006C00093E8070001AB83E807001A4652F8043BA1
:1006D00023F00F0103F00F0304FA03F30B8304ABC1
:1006E0009342F3D18CE700BF989B0020049C00202C
:1006F00000000240000402401CFE01086CF50108E5
:1007000038B50AF087F9204B1B680BB101209847D8
:1007100006F092FB302500F0C5F8FFF749FF85F39E
:1007200011881A4801210CF047F9002484F311883C
:1007300085F31188164809210CF03EF984F31188DD
:1007400085F3118812480A210CF036F984F31188D8
:1007500085F311880D4821460CF02EF984F3118899
:10076000FFF740FF50B902F0B1FF02F05DFF04F067
:10077000ABFDBDE83840012006F03ABB08F092FD21
:10078000044808F00BFEEEE7BC2400200004024001
:1007900000000240989B002030B53B4C237883B08A
:1007A000002B55D0FFF71EFF28B1384C2378012BC2
:1007B0005DD003B030BDFFF76BFE022801D00428E6
:1007C000F7D12378002BF4D0FFF7E2F80028F0D11E
:1007D00000F04CFD0028ECD005F0DAFC00284ED1EA
:1007E0002B492C480C220EF0BDF80028E1D1FFF770
:1007F000F9FE05460028DCD1022000F03DFC00286F
:10080000D7D0FFF7E3FEFFF7F5FE00F0FDFB022077
:1008100000F06CFCFFF7DEFE00F092FC00F006FC3E
:10082000FFF76EFFFFF7DCFE257008F0C1F91A4BE9
:100830001860FEF709F8194B03280CBF184A40F658
:10084000B8321A60FEF7B4F8002000F015FCB0E7EB
:10085000114A0193106808F04DF91049096888425F
:10086000A0D90D4A019B1360012121709AE708F07D
:1008700019FD204603B0BDE8304008F08FBD05F0FB
:100880004FFE0028ACD194E7BC510020989B00207B
:10089000B051002060990020C05100200C2500209C
:1008A00040771B00024820224FF400510BF0D2BFCA
:1008B00000040240704700BF02210520FEF766BC1D
:1008C00010B5C8B1104B40F2234202FB01F4A3FB68
:1008D0000434A40905F05CFC58B10C4B9B699847A3
:1008E000F3EE0E7A20EE270ABCEEC00A10EE103AA4
:1008F0001C44074B1C8010BD40F6E44303FB01F48D
:10090000A40A6400E6E700BF396BD5201CFE01088D
:1009100010250020144B1B8841F20402934220D87A
:1009200040F6AC52934210D840F6E44293420AD9C2
:10093000A3F6E4430D4A03EB83039800A2FB0020D7
:10094000C0F38710704700207047A3F6AC53084AE5
:1009500003EB83031801A2FB002080091430C0B20E
:1009600070476420704700BF102500201F85EB51A1
:10097000B5814E1B034B18780A2894BF0020012034
:10098000704700BFC6510020034B1878142894BF4D
:1009900000200120704700BFC551002008B500F0BD
:1009A000E9F9014B186008BDC851002070B55A4CD8
:1009B00082B0206800F0ECF90546FFF769FD10F001
:1009C000060F16D15549564A0B781078034306D0C6
:1009D00000920191FFF706FE009A019908B902B052
:1009E00070BD00200870107002B0BDE87040FEF7C6
:1009F000F1BFFDF729FF032843D04A4B1E461B7861
:100A00000E2BDFD8FFF7EEFD002832D040F6B833CA
:100A10009D4254D9444B1B699B046BD40120FEF7C3
:100A2000CFFB33780E2B01D8FCF750F83F4B3B49F6
:100A30001B8840F6AB52934225D80A780A2A04D87C
:100A40000132D2B20B2A0A705BD0354A40F6E34C31
:100A50006345107818D814281BD80130C0B2152867
:100A6000107016D101910092FDF72AFD009A0199AC
:100A70000FE033780E2B2FD940F6B8339D42D5D8EE
:100A8000A0E7284EBEE7264A1378142B9CBF00230C
:100A900013700191009200F06DF9254B009A0199B5
:100AA00098421ED8206001910092FFF705FF33782D
:100AB000009A01990E2B9CBF0133337084E7337881
:100AC0000E2B3FF67FAFFCF701F800287FF47AAFDA
:100AD000C82D7FF677AFA9E7FBF7F8FF0028F7D01E
:100AE000CAE7002301910092236000F035F90199D3
:100AF000009AD8E70220FEF763FB33780E2B95D8D7
:100B000092E701200091FEF765FF084B00991B88D2
:100B10000F22327099E700BFC8510020C651002053
:100B2000C5510020C45100200004024010250020BF
:100B3000005C26050E4B10B501221A70044608F021
:100B400037F80C4B1860FBF7B5FF0B4A0B490C4B01
:100B50000C704FF0000C82F800C096221A60094811
:100B600009490A4AFF2303700B70137010BD00BFC0
:100B7000DC510020D8510020D4510020D551002054
:100B8000D0510020CC510020CD510020CE5100206A
:100B9000024B1878003818BF01207047DC51002044
:100BA0002DE9F0471D4A07CA84B001AB03C30024F6
:100BB0001A80002320461A461946013404F0F8FF33
:100BC0005C2CF6D1164B1B7803F0FD03012B02D0F1
:100BD00004B0BDE8F087134E3378092BF8D9DFF85D
:100BE0004CA0DFF84C90DFF84C800F4F01AD002493
:100BF0009AF8003099F8002098F8001015F8010BC9
:100C000004F0D6FF33780134E4B2A7FB0323B4EB3E
:100C1000D30FEDD304B0BDE8F08700BFF0F50108B5
:100C2000DC510020D4510020CDCCCCCCCC510020C4
:100C3000CD510020CE51002010B52B4A1378022B45
:100C400021D0032B11D0012B18D1284928480B782B
:100C50000078984239D80BB90A230B70022313701D
:100C600007F0A6FF234B186010BD00231370FBF79D
:100C700035FF214B9B7B7BB3FFF776FC07F098FF9A
:100C80001C4B186010BD1A4B1B781D2B12D91B482A
:100C90001B491C4C00230370FF20237008701A4965
:100CA000032340F6B8301370086007F081FF114B42
:100CB000186010BD12481149124C00234FF0FF0C70
:100CC00084F800C003700B70E9E70A330B7007F07B
:100CD0006FFF084B186010BD05F05AFA0028CBD101
:100CE000FBF7F2FEC8E700BFDC510020D451002022
:100CF000D5510020D85100203C990020CC51002033
:100D0000CD510020CE510020D051002008B5084B15
:100D10001B7803B908BD074B186807F0EBFE064BBC
:100D20001B689842F6D9BDE80840FFF785BF00BFB1
:100D3000DC510020D8510020D051002000B583B0F4
:100D4000002304486946CDE900330AF045F903B0B1
:100D500000BD00BFF89B002000B583B0002304480D
:100D60006946CDE900330AF037F903B000BD00BF92
:100D7000F89B002000B583B0044869460AF02EF9BC
:100D8000019820F0784003B000BD00BFF89B002020
:100D900010B582B00446694604480AF01FF901986C
:100DA000C0F31A00001B02B010BD00BFF89B00206A
:100DB00008B50B4800224FF480610BF04BFD084949
:100DC00007484FF400430B8300224FF400710BF0EF
:100DD00041FD0020FDF7DCFEBDE80840FDF792B9BB
:100DE0000000024000B547F60E62904283B022D068
:100DF0000FD8A0F5FC420B3A022A07D801910090C7
:100E0000FFF746FB0228009B019924D0012003B084
:100E100000BD47F60F629042F8D1FFF739FB10F0A2
:100E2000060FF3D0FFF7DEFB0028EFD1FFF772FDCE
:100E3000FFF780FEEAE70091FFF72AFB04280099FC
:100E4000E4D14B79CBB91149114A002301200B7031
:100E5000136003B000BD4A79002AF4D00B4A0A3B64
:100E6000137007F0A5FE094A094B8446002110784B
:100E7000C3F800C0FDF78AFAC8E7044B18221A70BD
:100E800007F096FE024B1860C0E700BFE451002057
:100E9000E851002000B5194887B0FEF7C3F94FF4B8
:100EA000967009F031FC112200210DF105000DF0C2
:100EB00069FD134B022019785A788DF800006FF005
:100EC0004B0305204FF0000C8DF801108DF8022027
:100ED0005A218DF80330012240F68263ADF80600F6
:100EE00068468DF804C08DF808108DF80B20ADF819
:100EF0000E30FEF77DF907B000BD00BFFCF501081C
:100F0000B4240020FFF7C6BF08B50B4B1A7802B90E
:100F100008BD07F04DFEB0F57A7FF9D2FFF7BAFFB2
:100F2000FFF7B6FA0228044B02D000221A7008BD5F
:100F3000FDF726F9004BF8E71225002008B5094B0C
:100F4000186800B908BD07F0D5FDB0F5FA6F054B7C
:100F5000F8D9054A002119601078BDE80840FDF76E
:100F6000F7B800BFE8510020E451002010B5234C31
:100F70002068002832D1224A2249136912695B0A8B
:100F8000C2F3402203F0020313430A789A421FD1AE
:100F9000FFF77EFAD8B91A4A1A49136912695B0A2F
:100FA000C2F3402203F0020313430A789A420AD1A3
:100FB0000023012A23601BD0022A14D0BDE8104070
:100FC0000120FFF7FFB90B7007F0F2FD206010BDA4
:100FD0000B7007F0EDFD20600028D9D007F08AFDE6
:100FE0006428D5D9D7E7BDE810400420FFF7EAB957
:100FF000BDE810400220FFF7E5B900BFE051002036
:1010000000000240DD51002008B5074840224FF49F
:1010100080510BF01FFCBDE80840034840224FF40C
:1010200000610BF017BC00BF0000024008B511487A
:1010300040F21A524FF400610BF00CFC0D4840F2E4
:101040001A524FF480510BF005FC0A4840F28222FC
:1010500020210BF0FFFB074840F2822280210BF099
:10106000F9FBBDE80840034840F2822240210BF022
:10107000F1BB00BF000002400228194A034613D00A
:10108000032806D001280CD1117809B30020137071
:10109000704711780029F9D11248016941F0040123
:1010A000016101201370704711780029EED1DFF83B
:1010B00034C00D48DCF8101041F00401CCF81010D9
:1010C000016841F4606141F0010101600120E9E73C
:1010D0000448016921F0040101610120E2E700BF39
:1010E000EC51002000ED00E000700040114A08B50E
:1010F000936823F003039360936813F00C0FFBD104
:1011000013680C4923F4803313600B689B03FCD4F1
:101110000948402201210BF09DFB07484022022193
:101120000BF098FB30BF054A136923F004031361E9
:1011300008BD00BF00380240001C024000ED00E086
:101140000AF08ABD00B5034683B048B9CDE9001066
:1011500081420CBF0120042000F026FFDDE90013CE
:101160001846FBF78FFC012003B000BD08B507F05F
:101170001FFD044B1860FBF703F8BDE8084001F0C1
:10118000CDBD00BFF051002008B5084B1A7802B958
:1011900008BD00201870012205484FF400410BF0F3
:1011A00059FB034A4FF40043138308BD1725002061
:1011B0000000024008B5284B186800B908BD07F0C8
:1011C00099FC40F6B832904221D9234B00221A6094
:1011D00007F0D2F9830703D4204B4FF480425A839F
:1011E0001F4B204A4FF40041598302F10C0C01209F
:1011F00052F8043B23F00F0103F00F0300FA03F34E
:1012000094450B83F4D1184B80221A8308BD1349EF
:10121000134B4FF480404FF4004208831A83FFF7CA
:1012200037F904280FD00F4A4FF0010C02F10C00DF
:1012300052F8043B23F00F0103F00F030CFA03F301
:1012400090424B83F4D1FFF723F90228B6D0064B26
:1012500080225A8308BD00BFF051002000040240E4
:1012600000000240182500200008024008B5054B88
:101270001B680BB1002008BDFBF7CAFC80F0010021
:10128000C0B208BDF0510020032803D8052901D8B9
:101290000F2A01D90120704700EB400001EB40010B
:1012A000024B02EB011233F81200704714FB0108E5
:1012B000012070470120704708B5FFF7FBFF08BD0C
:1012C0000120704701207047704700BF704700BF82
:1012D00008B5FFF7FBFF08BD01207047704700BF4E
:1012E000704700BF00B5144B1B7885B0CDE90201F3
:1012F00073B99DF80D3003B19AB9029800F036FF2A
:1013000003460299184605B05DF804EB01F074BF7E
:10131000029801F005F8029905B05DF804EB01F0C0
:101320006BBF00F0FDFF034619460298019300F0E1
:10133000E7FE019BE5E700BFFC51002010B50388E4
:1013400004464088A188012243EA0040FFF7CAFF13
:101350002146FFF7ADFF00B910BD23886088A18842
:10136000012243EA0040FFF7BDFF2146FFF7A4FF3B
:1013700010BD00BF10B584B001460446062202A885
:101380000DF04CFB0C4B02981B7873B900F0EEFE8D
:10139000029901F031FF21460190FFF795FF019876
:1013A0002146FFF795FF04B010BD00F0B9FF029988
:1013B00001F022FFEFE700BFFC51002038B50388A1
:1013C00004464088A188012243EA0040FFF78AFFD3
:1013D00021460546FFF774FF08B9002038BD2146B5
:1013E0002846FAF7A5FE0028F7D02146284606F041
:1013F000C1FE0028F1D02146284606F0A9FD0028AC
:10140000EBD02146284605F0E9FE0028E5D021462C
:10141000284605F0B9FE0028DFD02146284602F014
:1014200067FD0028D9D02146284602F0AFFD0028EC
:10143000D3D02146284605F0D5FB0028CDD0214643
:10144000284606F0DDFD0028C7D02146284602F0D8
:1014500019F80028C1D02146284602F02BF80028B0
:10146000BBD021462846BDE8384002F041B800BF55
:1014700000B5012383B003FA00F0C0B2019001F07F
:10148000FBFB019803B05DF804EB00F08DBD00BFDD
:101490000120704708B5FFF7FBFF08BD08B500F055
:1014A00017FD0120FFF718FF0120FFF7F3FF46F2B9
:1014B000A81009F029F9BDE8084007F0E5BB00BF16
:1014C00008B500F005FD0020FFF706FF0020FFF73C
:1014D000E1FF46F2A81009F017F9BDE8084007F04F
:1014E000D9BB00BF08B5FFF7F9FEFBF79BFB05F082
:1014F0004DF800F03DF8BDE80840012005F006B9C0
:1015000008B500F03BF8002005F000F9FFF7E8FE11
:10151000BDE80840FBF78EBB030906BF1A46034629
:10152000042299081CBF02320B4602EB5300C0B2E2
:10153000704700BF01207047034B4FF48042810782
:101540004CBF1A835A8370470004024008B5012239
:1015500004484FF480410BF07DF9024A4FF4804378
:10156000538308BD0004024008B5FAF79BFE08BD8E
:1015700008B50020FFF7F8FF08BD00BF08B506F06A
:10158000F1FFFFF7F1FF08BD00B583B006F0EAFFF9
:10159000074A1178814209D01070019007F008FBCA
:1015A000044A019B10601846FFF7DEFF03B000BD40
:1015B000F4510020F851002000B587B002AB83E859
:1015C00003009DF80D20D2B993E803000023ADF885
:1015D0001630CBB20490ADF8141033B904AB93E8D5
:1015E000030001F0F7F807B000BD04AB1846019303
:1015F000FFF7A4FE019B0028F1D107B000BD01F068
:10160000F5F902ABE0E700BF0379012B00D070478A
:10161000008800F0A7BE00BF002837D000B5021F29
:10162000D2B2A02A83B0034615D900F12002D2B26B
:10163000072A2CD900F15B02D2B2022A18D900F194
:101640005802D2B21A2A2ED93333DBB2122B40F20F
:10165000848003B000BD019007F056F8019B70B97B
:10166000184607F00BF903B05DF804EB01F04ABA35
:10167000243880B203B05DF804EB06F0ABBF184627
:1016800007F01AF901F03EFA019BE9E7704700F014
:10169000070301209840C0B201F048F903B05DF89B
:1016A00004EB01F02FBAA0F1A903192B5CD8DFE8F5
:1016B00003F00D52504E4C4A4745423F3C393633B9
:1016C000302D2A272523211F1C191613E92003B0CA
:1016D0005DF804EB06F09CBF4FF42870F7E740F28A
:1016E0009F20F4E740F2CB10F1E740F29F10EEE7C5
:1016F0007020ECE76F20EAE7B420E8E7B320E6E7E4
:1017000040F22A20E3E740F22720E0E740F22620DB
:10171000DDE740F22520DAE74FF40970D7E740F221
:101720002320D4E740F22120D1E74FF4CA70CEE75E
:101730004FF4C970CBE74FF4C570C8E7CC20C6E7BB
:1017400040F28310C3E7CD20C1E7B720BFE7B62042
:10175000BDE7B520BBE7EA20B9E705F0E5FE03B039
:101760005DF804EB05F0E0BFE220B0E778B3021FBC
:10177000D2B2A02A08B5034613D900F12002D2B292
:10178000072A19D900F15B02D2B2022A0FD900F15F
:101790005802D2B21A2A1BD93333DBB2122B1CD90E
:1017A00008BD07F089F8BDE8084001F0ABB9BDE815
:1017B0000840002006F00EBF00F00703012098400B
:1017C000C0B201F0C7F8BDE8084001F09BB970470E
:1017D000BDE80840002006F01BBF05F001FFBDE892
:1017E000084005F0A1BF00BF38B50C460546FFF71D
:1017F00013FFFDF713F89CB10E4B40F2E7300021C8
:10180000E4FB03014FF47A720023F6F7A5FC08F01D
:101810007BFF2846FFF7AAFFBDE83840FCF7FEBF74
:10182000012008F071FF2846FFF7A0FFBDE838400F
:10183000FCF7F4BFA086010008B539280CBF502181
:101840000021FFF7D1FF08BD00B9704708B501F0CE
:101850006DF8BDE8084001F055B900BF00B9704708
:1018600008B501F077F8BDE8084001F04BB900BFBA
:101870002DE9F0438379457983B00C4606461F096C
:1018800001F020F8C4F3033250B3002D58D0C4F354
:10189000072000F0F003402B814698460BD0E1B2C0
:1018A00001F12003DBB2072B40F2198100F0E003C5
:1018B000202B00F00F81B04B5B78580700F1DE81E0
:1018C0000B2A3AD8DFE812F0BF01BF01BC01BC010E
:1018D000C100D70139003900D001CC015A005A00AB
:1018E00003460B2A29D8DFE812F08A008A00560046
:1018F0005600B100350128002800C3001901490035
:101900004900C4F307230F2BC4F3032240F22B82B8
:101910001201E4B220460092FFF728FF009A62B15C
:1019200004F12003DBB2072B104602D9002C40F053
:10193000758201F00FF801F0E5F803B0BDE8F0831F
:101940000B2AFAD801A353F822F000BF03190108AB
:1019500003190108691B0108691B01084B1A0108DA
:10196000C51A01083B1901083B1901082F1C010881
:10197000411B01087D1901087D190108E1B2A1F19F
:10198000F003042B00F25882DFE813F03201250146
:101990002B0149013C01E1B2C4F3072303F0F00835
:1019A0000023C4F303242201B8F1200F18BF14460A
:1019B000002900F09E81012900F00181002D00F036
:1019C000B4810093002F00F0EA810846FFF724FE5F
:1019D000009B002BB1D000F06DFF10F00100ACD1E6
:1019E000707100F061FF00F035FB304600F040FA06
:1019F00000F05AFF03B0BDE8F04300F03BBBE1B29A
:101A0000C4F30322C4F3072013010C460F2888BF38
:101A10001A46002D3FF47EAF002382B104F120016D
:101A2000C9B207290093104602D9002C40F0C081AA
:101A300000F07CFF009B009301F064F8009B009392
:101A40002046FFF7E9FD009BC3E7002314F4406F35
:101A5000C4F3812200F04581012ABAD1002D00F0A3
:101A60005781C4F30900009306F0D2FD009BB0E754
:101A700014F4407F00F08280C4F30123002D00F0B5
:101A8000DB80DA0755D5C4F342129200D2B204F0DB
:101A90000F0090400F23C0B2934060EA030314F09C
:101AA000100FDBB2C4F3812418BF1846022C00F0DB
:101AB0009281032C00F08C81012C00F0868100F0D3
:101AC00005FB36E0E0B205F08BFD03B0BDE8F04366
:101AD00005F02ABE012902D9002F7FF4ECAE0B2AB3
:101AE0003FF62BAF01A353F822F000BF011A010803
:101AF000011A010899190108991901084B1A0108DE
:101B0000331E01083B1901083B190108711A01082D
:101B10001F1B01087F1901087F190108E1B2C4F3F6
:101B200003260C467DB1304600F094FA2046FFF7BC
:101B30008BFE06F017FD03B0BDE8F043FFF714BDC0
:101B4000C4F30326E4B22046FFF788FE304600F0D7
:101B500091FAEEE7E0B2002DB5D0009305F0E4FC79
:101B600005F0E2FD009B34E7C4F3072303F0F0081F
:101B7000E1B2002315E700BF50990020002DD8D115
:101B8000C4F342129200D2B204F00F0090400F232F
:101B9000C0B2934060EA030314F0100FDBB2C4F349
:101BA000812418BF1846022C00F00C81032C00F091
:101BB0000681012C00F0008100F00CFAB9E7002D3D
:101BC00000F0A880052F3FF604AF20460093FFF7F2
:101BD0003BFE009BFDE6C4F3042035B100F03AFA69
:101BE000A7E7C4F30420002DF8D000F043FAA0E7E3
:101BF000002D00F0D980042F9BD8C4F3042000F0FE
:101C000049FA96E7994B5B785B07E4D5002D00F025
:101C1000F4800321C4F3042000F090FF89E7002D35
:101C200000F0BA80C4F3042000F006FA81E714F44F
:101C3000407FA5D0C4F30123012B7FF67AAF22E7C2
:101C40000023E1B2ADE6C4F30322B9F10F0F84BF64
:101C50001201D2B2E4B20023002A3FF4F0AEDDE676
:101C6000C4F30326E4B25EE719F0030F3FF461AF5B
:101C7000C4F3012305E70023E0B26EE702200092DF
:101C800000F074FF00F01EFE009A80F00103DBB24A
:101C90000B2A3FF69EAE01A151F822F0CD1C01089F
:101CA000CD1C0108431C0108431C01084D1A010802
:101CB000791C0108D3190108D3190108691C01080E
:101CC000611C01087D1901087D190108C4F3032274
:101CD000B9F10F0F88BF1201E4B2002A3FF4AFAE92
:101CE0009CE605B3C4F30900009306F073FC009B67
:101CF0006FE65E4A5278510728D4002D6ED0002C32
:101D000040F08F8000200093FFF786FC009B60E688
:101D10002846A8E6042F3FF65CAE20460093FFF766
:101D20009DFD009B55E62846DEE7002FF5D03929BA
:101D3000019100936BD0012008F0E6FC0199009B13
:101D400000930846FFF712FD009B42E6ADB1002F5D
:101D50003FF43BAF012F7FF43CAE2046009300F0F0
:101D60006FFE009B35E6E4B220460092FFF7FEFCD2
:101D7000009A002A7FF4D4ADDFE5002F7FF429AE6E
:101D800020460093FFF76AFD204600F067FE2046DC
:101D900000F042FE009B1CE600F042F9C9E6204636
:101DA000FFF752FD009B14E6052F3FF6C2AE24E775
:101DB00000F0F4FD009B3EE600F000F9B9E600F00B
:101DC000F3F8B6E600F012F9B3E600F073F9B0E606
:101DD00000F01CF9ADE600F085F9AAE6284600936C
:101DE000FFF7C4FC009B002C3FF4F3AD204600F04D
:101DF000B1FD00F087FE009BEBE5012000F0B6FE90
:101E0000012F7FF696AE022000F0B0FE91E64FF46F
:101E1000FA5008F079FC009B019991E700F0D2FD9F
:101E200089E52046009300F081FD00F06BFE009BE9
:101E300068E70846002390E625B18FB10846FFF712
:101E4000EBFB76E67FB139290CBF4FF4FA50012045
:101E5000009108F059FC00990846FFF787FC68E6F6
:101E6000C4F30420BAE6C4F30420BEE6509900206F
:101E7000027902B9704710B582B00446FFF79EFAA6
:101E800090B12188607900F0A1F90146019100F03C
:101E900035F900F087F820460199FFF7E9FC204664
:101EA000FFF768FA02B010BD00F00CFD0028F9D071
:101EB0006379002BF6D0054B5B785B07F2D50220E7
:101EC00002B0BDE8104000F051BE00BF50990020A4
:101ED00008B500F053FD06F029FD002006F07AFB5E
:101EE000002006F095FB00F081FD00F00BFE05F0F0
:101EF0000FFEBDE8084005F017BC00BF08B5002084
:101F000006F068FB002006F083FB00F06FFD00F098
:101F1000F9FD05F0FDFDBDE8084005F005BC00BF7A
:101F200008B503790BB9184608BD008800F01AFA05
:101F3000C0F30333062BC0B214D00CD9063303F020
:101F40000F03012B0CD8F02819D012D8E7288CBF2A
:101F50000020012008BD0E3303F00F03012BF2D93E
:101F6000002008BDF12818BFE72894BF01200020F9
:101F700008BDA0F1F400B0FA80F0400908BD0120CE
:101F800008BD00BF82B0CDE9000102B0704700BFBC
:101F900082B0CDE9000102B0704700BF704700BFBA
:101FA000704700BF704700BF08B5FFF7F9FFFAF7A9
:101FB00079FE014B187008BD2552002010B5044C65
:101FC00023781843FFF7ECFFFAF76CFE207010BD82
:101FD0002552002010B5044C23781840FFF7E0FF8D
:101FE000FAF760FE207010BD2552002010B5044C99
:101FF00023785840FFF7D4FFFAF754FE207010BD45
:1020000025520020704700BF704700BF08B5FFF79A
:10201000FBFFFAF769FE014B187008BD245200203F
:1020200008B50020FFF7F0FFFAF75EFE014B1870CD
:1020300008BD00BF2452002008B5012303FA00F0B8
:10204000C0B2FFF7E1FFFAF74FFE014B187008BD71
:102050002452002010B5064C01222378824043EA26
:102060000200C0B2FFF7D0FFFAF73EFE207010BDAD
:102070002452002010B5064C0123227803FA00F008
:1020800022EA0000FFF7C0FFFAF72EFE207010BD15
:102090002452002010B5064C01222378824083EAA6
:1020A0000200C0B2FFF7B0FFFAF71EFE207010BDAD
:1020B0002452002010B5044C23781843FFF7A4FFE6
:1020C000FAF712FE207010BD2452002010B5044C07
:1020D00023781840FFF798FFFAF706FE207010BD2E
:1020E0002452002010B5044C23785840FFF78CFF91
:1020F000FAF7FAFD207010BD24520020704700BF8F
:1021000010B5C0F3072382B0052BADF8040003D847
:102110009DF804200F2A01D902B010BD02EB031371
:102120001148C3F3CF0303EB4303034402F0070258
:102130004FF0010E581E9C1C0EFA02FEC3F1010363
:102140001A1821FA02F210F801CF42F300028CEAC9
:1021500002020EEA02028CEA020CA04280F800C0E1
:10216000EED102B010BD00BF0052002010B5C0F388
:10217000072382B0052BADF8040003D89DF8042096
:102180000F2A02D9002002B010BD02EB03130E4942
:10219000C3F3CF0303EB43030B44591E9C1C02F013
:1021A000070C0020C3F1010303EB010E11F8012F0E
:1021B00022FA0CF202F0010202FA0EF210438C42F3
:1021C000C0B2F1D102B010BD0052002070B5504B2A
:1021D00086B01B78ADF80C10002B72D19DF80D4025
:1021E0009DF80C5040BB052C07D9034603991846AF
:1021F00006B0BDE8704001F011B80F2DF5D805EB21
:102200000412444BD20802EB42021A4402F1FF3E90
:10221000941C05F0070C0346C2F1010202EB0E000C
:102220001EF8011F21FA0CF101F0010181400B435E
:10223000A645DBB2F2D1D9E7374B384A1B78127882
:10224000ADF8141043EA0206032246FA02F3DB0754
:102250002AD4013AF9D20023052CC7D80F2DC5D8AE
:1022600005EB041C2B4A4FEADC0C0CEB4C0C9444A1
:1022700005F007014FF0010E0EFA01FE0CF1020409
:102280000CF1FF31CCF1010C0CEB010223FA02F24C
:1022900011F8010F42F3000242400EEA02025040E0
:1022A0008C420870F0D1A1E7D3B21846059902928A
:1022B000019300F0B3FF80B20128019B029AC8D0BD
:1022C000CAE7154B154A1B781278ADF8101043EA8F
:1022D0000204ADF81410032344FA03F2D20709D420
:1022E000013BF9D200220499104606B0BDE87040C7
:1022F00000F094BFDAB2104605990293019200F003
:102300008DFF80B20128019A029BE9D0EBE700BF64
:10231000FC510020005200202452002025520020B1
:1023200070B50E4A0E4B15781B7882B01D43ADF880
:102330000400032445FA04F3DB0705D4013CF9D279
:102340000026304602B070BDE6B20199304600F07A
:1023500065FF80B20128F1D0F3E700BF24520020CE
:102360002552002070B5114A114B15781B7884B0A6
:102370001D43ADF80400ADF80C00032445FA04F346
:10238000DB0709D4013CF9D200260199304604B09C
:10239000BDE8704000F042BFE6B20399304600F05D
:1023A0003DFF80B20128EDD0EFE700BF24520020AE
:1023B0002552002010B50E4C4FF0010C94F800E0AF
:1023C0000CFA00F30CFA01F10B430CFA02FC03EADD
:1023D0000E02DBB2934206BF4EEA0C0E5FFA8EF09D
:1023E0002EEA0C00FFF710FEFAF77EFC207010BDFD
:1023F0002452002070B5264DAB790F2B47D86B794E
:10240000002B44D0234B244A1B7892F800C063452C
:102410003DD095F801E02E78204C03E000F0070352
:10242000634534D004EBC302581C11790029F5D060
:1024300051787145F2D114F83330B342EED153796B
:10244000002BEBD1538869885B1A9BB2C72BE5D868
:10245000A8799379012161F30710A87161F307133B
:102460000B489371FFF704FD0A4B1D780A4B1B784C
:10247000AB420CD004EBC50393E80300FFF788FDE3
:10248000054B01351B7805F00705AB42F2D170BD55
:102490006852002026520020275200202852002097
:1024A0002DE9F04387B004460146062202A80CF04D
:1024B000B5FAA54B61791A790E462179002A3FD0E9
:1024C00062885D79104690465A88821A92B22078C6
:1024D0002F46F5B9C72A72D8B1B1002E39D0597834
:1024E0006278914203D11A78824200F08B802046B4
:1024F000FFF716FD944B002849D19A79204642F007
:1025000001029A71FFF7B4FC0122104607B0BDE842
:10251000F083C72A21D80029F6D0997993F801C011
:1025200094F801E00F293FD8E645324600F09C8040
:10253000002E00F0CF809A7942F001029A7149E0B2
:102540000029E1D02EB12046FFF7EAFC002840F038
:10255000B2802046FFF78CFCD6E79A790F2A40F22A
:102560009A800029D0D093F801C061788C451DD1A4
:10257000197881421AD1002E00F021812046FFF700
:10258000CFFC714B0028E4D09A791F2A5BD82146F2
:1025900008226D480CF042FAFFF72CFF6A4B93E8D3
:1025A0000300FFF7F5FCAFE7E64518D02046FFF73C
:1025B000B7FC0028CDD0644B002ECAD0E4E7DDE99B
:1025C0000201FFF7DFFC604B1D605D6093E80300D4
:1025D000FFF7DEFC0022104607B0BDE8F0831A7852
:1025E0008242E3D1002EC9D1A1712046FFF740FC01
:1025F0002146082254480CF011FAD0E90001FFF7F7
:10260000C7FC81E79A79D30700F197800F2A40F23F
:10261000948002F0F001F029A27106D0D2B2C2F388
:102620000311013161F30712A2712046FFF720FC6C
:102630002146082244480CF0F1F9434B93E803008B
:10264000FFF7A6FC60E71988ADF8101019798DF82E
:10265000141004A80021ADF812808DF815108DF823
:102660001620FFF705FC92E793F800C084457FF43D
:102670005FAF002E7FF45FAF012262F30711997103
:1026800093E80300FFF784FC2F48FFF7F1FB2E4B84
:102690009B79A3719EE7DDE90201FFF773FC2A48ED
:1026A000FFF7E6FB284B00221A605A6093E803000C
:1026B000FFF76EFC8EE72146082223480CF0AEF9A6
:1026C000FEF7A2FFFFF796FE1F4B93E80300FFF70C
:1026D0005FFC19E71D4B1E491B7809789942884613
:1026E0003AD0DFF870C0194603E006F007018845CC
:1026F0001CD00CEBC105A9466D78754501F10106AA
:10270000F3D11CF831108142EFD199F8051000295E
:10271000EBD00BE01CF83330834203D14B79002B14
:102720007FF458AF06F00703984515D00CEBC301B2
:102730005E1C4D787545F5D1ECE70822214602482C
:102740000CF06CF9E0E600BF685200202652002031
:10275000275200202852002002980192FFF702FE23
:10276000C0F30333032B019AC1B212D8012B1FD837
:1027700010F4706F02D000293FF4C7AE01F12003BE
:10278000DBB2072B7FF6C1AE2046FFF771FB3A465E
:10279000BBE6063303F00F03012BF5D8EF297FF6D4
:1027A000B4AE01F10F03DBB2022B7FF6AEAEEBE766
:1027B00010F4706FE2D0A3790F2BDFD8A5E6A271D9
:1027C0002046FFF755FB024B1E605E609CE600BF93
:1027D00068520020F0B585B0CDE900016846FFF7EA
:1027E0005FFE9DF8042020B3F2B92B4D2B4F2C78BF
:1027F0003B789C4216D02A4E0EE02B7806EBC303A2
:1028000093E80300FFF7C4FB2C783B78013404F015
:102810000704A3422C7005D006EBC400FFF740FE6E
:102820000028EAD105B0F0BDDDE90001FFF7B0FBFB
:10283000DBE70646DDE90001184F174D3B782C78A1
:10284000CDE90201002AD4D05A1C02F00702A242AC
:1028500018D0DDE90201124ED2B206EBC303A24248
:1028600083E803003A70DDD006EBC40393E803006D
:10287000FFF78EFB01343B7804F007049C42F3D150
:102880002C78B6E7FFF724FB064B3E702E701E60D7
:102890005E6005B0F0BD00BF265200202752002028
:1028A0002852002068520020014B1878C008704759
:1028B00099520020024B187800F00700704700BFC3
:1028C00099520020034B187810F0070018BF012020
:1028D000704700BF995200200E4B0F4910B51C687D
:1028E000202220460CF03EF828B90C4A137823F039
:1028F0000203137010BD2022214607480CF08EF809
:10290000204605F04FFE054A137823F002031370AA
:1029100010BD00BF08280020705200204F990020F1
:10292000014B1878704700BFCA520020074A13783D
:1029300030EA030107D0DFF818C09CF8001041F01E
:1029400001018CF80010034313707047CA52002035
:102950004F990020074A1378034207D0DFF818C0C8
:102960009CF8001041F001018CF8001023EA0003EC
:1029700013707047CA5200204F990020054B1A78F7
:1029800022B105490A7842F001020A7000221A7049
:10299000704700BFCA5200204F990020074A1378A1
:1029A00030EA030107D0DFF818C09CF8001041F0AE
:1029B00001018CF80010034313707047C9520020C6
:1029C0004F990020074A1378034207D0DFF818C058
:1029D0009CF8001041F001018CF8001023EA00037C
:1029E00013707047C95200204F990020054B1A7888
:1029F00022B105490A7842F001020A7000221A70D9
:102A0000704700BFC95200204F990020704700BF97
:102A100008B5FFF7FBFF08BD08B5054A1378034268
:102A200000D108BD23EA00001070FFF7F1FF08BDD8
:102A30009A520020704700BF08B5FFF7FBFF08BDA2
:102A400008B505490B7830EA030C00D108BD0343F3
:102A50000B70FFF7F1FF08BD9B52002008B5054A37
:102A60001378034200D108BD23EA00001070FFF77D
:102A7000E3FF08BD9B52002030B51C4A1C4B117867
:102A80001C4D1B781C4C0B432978226883B071B90C
:102A9000144653701949092220460BF063FFE0B930
:102AA000174A137823F00103137003B030BD0B43B2
:102AB0000192009305F01CFE009B019A58B1297801
:102AC00049B10020CDE900232870FFF7B5FFDDE90B
:102AD00000232468DDE72468DBE709222146074854
:102AE0000BF09CFF204605F051FDD9E7C9520020AC
:102AF000CA5200209B5200200C2800209052002037
:102B00004F99002010B5094C2378DA0706D405F058
:102B10001FFD10B123789B0703D410BDFFF7ACFF56
:102B2000F5E7BDE81040FFF7D7BE00BF4F99002082
:102B3000704700BF08B5FFF7FBFF08BD094A527890
:102B400052070CD5084A41EAC00108B51170FFF7D9
:102B500081FA054A1078C008FFF7ECFF08BDFFF7BF
:102B600079BA00BF50990020995200200E4B1A7874
:102B700022EA000010F00701187005D1904203D03E
:102B80000A4A5278530700D4704700B583B0C00892
:102B90000191FFF76FFA0199034B08461970FFF78F
:102BA000C9FF03B000BD00BF99520020509900201A
:102BB000074808B543785A0700D408BD23F004033A
:102BC000437000F05DF8BDE808400220FFF7CEBF7B
:102BD00050990020074808B543785A0700D508BD2A
:102BE00043F00403437000F04BF8BDE808400220B6
:102BF000FFF7BCBF50990020114808B54378C3F3D4
:102C0000800282F0010262F38203437000F038F820
:102C10000C4A137803F0FD0103F00703022B117037
:102C200000D008BD064843785B07FAD5C808FFF70F
:102C300021FA044A00201070FFF77CFF08BD00BF96
:102C40005099002099520020002000F0BDBC00BF28
:102C500008B5FFF7F9FF08BD00F07EBC08B500F02D
:102C600069FC00B908BDBDE8084005F00DBA00BF19
:102C700000F07EBC00F08ABC00F08CBC00F08EBC82
:102C800000F094BC00F098BC00F09ABC00F0A0BC2E
:102C900000F0A2BC00B583B000F048FC00F056FC88
:102CA000002368468DF8003000F06AFC0B4B0120D1
:102CB000187000F06FFC4FF4A05301A8ADF8043079
:102CC00000F074FC02F0BCFCF9F7BCFF05F0FEF963
:102CD000FFF7BEFF02F0A8FC03B000BD25520020A4
:102CE000FFF7D8BF014B186805F004BFE052002081
:102CF00008B505F05DFF024A024B1060186008BD80
:102D0000E0520020DC520020704700BF704700BF37
:102D100008B5FFF7FBFF08BD704700BF704700BF55
:102D2000704700BF0120704708B5064800F062FCFC
:102D300000F08EFDFFF7E8FFFFF7EEFFFFF7E8FF7B
:102D400008BD00BF813401080120704708B5FFF7B6
:102D5000FBFF08BD704700BF704700BF08B5FFF715
:102D6000F9FFF9F701FAFFF7F7FF08BD08B5FFF71C
:102D700075FF88B10A48FFF77BFF0A48FFF77EFF1F
:102D800004F02CF8FFF776FFFFF70EF9064B1878E2
:102D9000BDE80840F9F7A8BFFFF7A2FFEAE700BFC8
:102DA000E4520020509900202452002008B505F07C
:102DB000E7FE05F0A5F900F037FCFFF7D7FFFEF7B7
:102DC000C5FB03F015F904F037F803F0D3FFFFF764
:102DD000A7FFFEF7CBF908BD2DE9F04F85B0FFF74F
:102DE000A1FF002800F08E8000F03AFC524B0193C6
:102DF00000241D46E0B22E8800F00EFC052C05F1E3
:102E0000020504F1010465D08642F3D04B4B1B78D8
:102E10009B0700F18D80FFF799FF4FF00009804676
:102E20005FFA89F7384600F0F7FB019B33F8026B35
:102E30000193B042054635D0464000244FF0010BC7
:102E40000AE052462146384602F0EAFE0134E4B276
:102E5000102C4FEA4B0B22D006EA0B0105EA0B02BD
:102E600089B292B20029F1D0B2F1000A18BF4FF036
:102E7000010AB8F1000FE4D08DF808408DF8097010
:102E800005F0D0FE4FF00103ADF80A008DF80C30CC
:102E90008DF80DA0DDE90201FEF78EFBD1E7019B65
:102EA00023F8025C09F10109B9F1060FB8D105F068
:102EB0007FFE234A234B1060186003F0CBFF03F022
:102EC00065FB04F04DFC03F069FF05B0BDE8F04F71
:102ED000FEF75ABB864299D11B4C05F0A3FE23880E
:102EE00083420546E9D00026ADF8086005F09AFE59
:102EF000ADF80C60ADF80A00DDE90201FEF75CFBFD
:102F00002580DAE7104D044605F08CFE2B888342BD
:102F10000646D2D0ADF8084005F084FEADF80C406E
:102F2000ADF80A00DDE90201FEF746FB2E80C4E79A
:102F300000F078FB6FE700BFD0520020E452002081
:102F4000E0520020DC520020CC52002010B582B0AC
:102F500000F070F9B0F5A44F034615D2B0F5A04FBC
:102F600080F08380DF282FD8CC2800F2D180A728DA
:102F70004AD8A42800F2CF80012822D0021F92B2A2
:102F8000A12A28BF00231CE045F29F22904200F2B4
:102F90008180B0F5A54F80F0C38045F25F2290425A
:102FA00057D845F23F22904200F2A68045F21F22F8
:102FB000904240F2958000F01F034AF2F10242EA8B
:102FC0000323184602B010BDB0F5804F36D2B0F5DD
:102FD000005F80F0AC80E728F3D9A0F5807292B250
:102FE000B2F5F85F80F00281C0F30720019300F092
:102FF000DDF904469DF8040000F01CF9220202F4F9
:10300000F85240EA0203DCE7A0F1A80292B21A2AC1
:1030100000F2EC80A0F1A903192B00F2E980DFE8AF
:1030200003F0979ACAC7C4C1E2DFDCD9D6D3D0CDAA
:10303000B2AFACA9A6A3A09DBEBBB8B5C0B2019368
:1030400000F0F8F8019B03F47063184340F4204348
:10305000B7E700F003000122C3F3820102FA00F394
:1030600043EA411343F40A43ABE700F01F00019326
:1030700000F09CF902B21101019B01F0F00110F087
:10308000100FC3F3431318BF0A4642EA032242F467
:10309000104396E745F2DF2290420DD845F2BF2259
:1030A000904215D800F01F0000F080F9030203F4ED
:1030B000F85343F4005384E7A0F5FE4292B2332A5A
:1030C00000F29480A0F5FA43343B43F4884378E758
:1030D000030203F4F85343F4204343F0F00370E792
:1030E00000F003000122C3F3850102FA00F343EA72
:1030F000411343F40D4364E700F003000122C3F3DE
:10310000820102FA00F343EA411343F40C4358E707
:1031100040F4A04355E7A0F1240343F4804350E773
:1031200000F01F034AF2F40242EA032349E7C0F326
:103130000420019300F03AF904469DF8040000F0E1
:1031400079F8230203F4F853034343F4005338E7B8
:1031500044F2E94335E744F2EA4332E744F270438C
:103160002FE744F26F432CE744F2B44329E744F2DB
:10317000B34326E744F22A6323E744F2276320E7B8
:1031800044F226631DE744F225631AE744F2A06384
:1031900017E744F29F6314E744F2CB5311E744F27C
:1031A0009F530EE744F2CD430BE744F2B74308E7E1
:1031B00044F2B64305E744F2B54302E744F2246320
:1031C000FFE644F22363FCE644F22163F9E644F2AD
:1031D0009453F6E644F29253F3E644F28A53F0E64F
:1031E00044F2CC43EDE644F28353EAE60023E8E6FA
:1031F00044F2E243E5E600BF82B0C1F30723052BAA
:10320000ADF8041003D89DF804200F2A02D900203D
:1032100002B07047194602B003F082BE00B583B019
:10322000ADF804100199FFF7E7FF03B05DF804EB78
:10323000FFF78CBEE72813D8DF2812D9A0F1E003EE
:10324000072B0DD8DFE803F0040C6B5E530C493CF0
:10325000554B1A78D10700F1A2805B78D90758D472
:103260007047392865D8282840F29280A0F12903B8
:10327000102BF5D801A252F823F000BF77330108D4
:1032800069330108613201086132010861320108C5
:1032900061320108613201086132010859330108C5
:1032A0006132010861320108613201084B330108C3
:1032B00061320108613201086132010837330108C7
:1032C000394B1A78110764D45B78990769D412F0E6
:1032D000100F14BF0020E7207047334B1B781A07EC
:1032E000BED513F0100F14BF0020E72070472E4BFF
:1032F0005A789107B4D51B7813F0100F14BF002033
:10330000E7207047284B1A78510744D45B78DB07D5
:103310003CD412F0100F14BF0020E3207047224B62
:103320001B785A079CD513F0100F14BF0020E32020
:103330007047822894D11C4B1A78920726D15B786B
:1033400013F0080F18BF29207047174B1B7813F094
:10335000200F18BF29207047134B1B7813F0400F24
:1033600014BF2A20312070470F4B1B7813F0400FF9
:1033700018BF312070470C4B1A7892060DD45B7839
:1033800013F0080F14BF392029207047E020704740
:103390007047E6207047E2207047352060E739200B
:1033A0007047E420704700BF50990020334A1378DB
:1033B000590700B513D500F0140C00F01801ACF15A
:1033C000040CA1F10801BCFA8CFCB1FA81F14FEABE
:1033D0005C1C490980F00C0E8C4518BF704619071B
:1033E00015D500F0140E00F0180CAEF1140EACF16F
:1033F000180C80F00C01BEFA8EFEBCFA8CFC4FEA71
:103400005E1E4FEA5C1CC9B2E64518BF08465278FA
:10341000D10715D500F0110E00F0180CAEF1010E19
:10342000ACF1080C80F00901BEFA8EFEBCFA8CFCEF
:103430004FEA5E1E4FEA5C1CC9B2E64518BF08465B
:10344000920714D500F0110C00F01801ACF1110C2A
:10345000A1F1180180F00902BCFA8CFCB1FA81F1EB
:103460004FEA5C1C4909D2B28C4518BF104600F0E7
:10347000E70213F0100F18BF104600BD509900204E
:1034800000207047A0F5A543603B1F2B03D84B7964
:1034900023B11846704701231846704700B583B022
:1034A00000F01F000193FDF7E3FF019B184603B0F6
:1034B00000BD00BF08B54B7983B147F65B4290422F
:1034C0000FD047F65C4290420ED047F65A429042E7
:1034D00005D1FFF77FFB0023184608BD01231846DE
:1034E00008BDFFF765FBF6E7FFF786FBF3E700BFD4
:1034F00008B54B797BB147F6014290420ED047F6B2
:10350000034290420DD0B0F5F84F05D1FDF7C6FF4C
:103510000023184608BD0123184608BDFDF7D0FF5B
:10352000F6E7FFF799FBFDF7CBFFF1E7002000F08E
:1035300091B900BF08B5002000F0F4F84FF6E3633E
:10354000C01AB0FA80F0400908BD00BF4FF6E36131
:10355000002000F049B900BF08B5002000F07AF95A
:10356000BDE808404FF6FF71002000F03DB900BFF4
:1035700010B50446022000F0C5F8207010BD00BF51
:1035800003460220197800F013B900BF032000F0B1
:10359000B9B800BF0146032000F00AB910B50446CF
:1035A000042000F0BFF8208010BD00BF03460420B7
:1035B000198800F019B900BF0822172100F04CB992
:1035C0000822172100F0D8B80146132000F028B9CE
:1035D00001460E2000F0ECB808B50F2000F0B2F85C
:1035E000024BC01AB0FA80F0400908BD0400343420
:1035F00000207047014B1860704700BF1028002062
:10360000704700BF08B5FFF7FBFF08BD704700BF5C
:1036100008B5FFF7FBFF08BD014B33F810007047FA
:1036200060990020704700BF08B5F5F7A5F90A4971
:103630000A4A002306200B804B808B80CB800B81B5
:103640004B81138053809380D3801381538100F08A
:103650001DF8FFF7D7FF08BD54990020609900209E
:1036600000B5084883B0F5F749FA07490346062232
:10367000044800F00DF80190FFF7CAFF019803B06D
:1036800000BD00BF5499002060990020704700BF22
:1036900093B110B584B0520003930B4601900C46D1
:1036A0000146184602920BF05DF901A90EC928B92E
:1036B0000346184604B010BD1846704720460193D3
:1036C0000BF0ACF9019B184604B010BD704700BF69
:1036D000FFF782BB08B505F02DFA05F049FFFFF7AB
:1036E00023FB05F047FFFFF761FB05F051FF05F0F5
:1036F00055FFFFF7EDFF05F053FF05F011FFFFF752
:103700002DFBF4E700B583B0014600230DF107005F
:1037100001228DF8073000F09FF89DF8070003B0F4
:1037200000BD00BF00B583B0014600230DF10600C7
:103730000222ADF8063000F08FF8BDF8060003B0A5
:1037400000BD00BF00B5042283B0014600230DEB8D
:103750000200019300F080F8019803B000BD00BFA3
:1037600000B583B001228DF8071001460DF1070066
:1037700000F078F803B000BDF8B5D31D23F00703BF
:1037800000AFADEB030D1446054668460E4600F04B
:1037900063F82246694628460BF0E4F808B9BD46AE
:1037A000F8BD22463146284600F05CF8BD46F8BD1B
:1037B00030B583B000230C460546014601220DF1C9
:1037C00007008DF8073000F047F89DF807309C425D
:1037D00007D0012229460DF107008DF8074000F0BF
:1037E00041F803B030BD00BF30B583B000230C46B4
:1037F0000546014602220DF10600ADF8063000F044
:103800002BF8BDF806309C4207D0022229460DF164
:103810000600ADF8064000F025F803B030BD00BF4B
:1038200030B5042283B000230C46054601460DEB5B
:103830000200019300F010F8019B9C4206D0042284
:1038400029460DEB0200019400F00CF803B030BDE6
:1038500000F012B900F00CB803460846194600F013
:103860004DB800BF03460846194600F0A5B900BF91
:1038700070B5214C94F8045882B05DBB00F0A2FAF8
:10388000D8B1012384F8043800F0A8FA4FF4C052EC
:1038900006462946A4F580500BF074F894F80438D5
:1038A00041F60802C4F8002823B100F0E3FA10B191
:1038B00084F80458304602B070BD94F8042832B140
:1038C000019000F0D7FA10B1019B84F80438002071
:1038D00002B070BD00F082FA4FF4C05205460021DC
:1038E000A4F580500BF04EF841F608032846C4F8C2
:1038F000003802B070BD00BFE862002008B5831830
:10390000B3F5C05F01D9002008BDDFF814C003463D
:1039100008460CEB03010BF081F8012008BD00BF45
:10392000E852002092B1F8B51746044600250E1A59
:1039300001E0AF4208D03119204600F0A3FA01356A
:1039400004340028F5D1F8BD0120F8BD01207047EE
:103950009AB10430F8B517460C1F0025461A01E04D
:10396000AF4208D0301954F8041F00F063FA013553
:103970000028F5D1F8BD0120F8BD0120704700BF37
:1039800010B53B4C94F8043884B02BB900F01AFA07
:1039900010B1012384F8043800F020FA18B9034666
:1039A000184604B010BD94F8043813BB019300F01E
:1039B00009FA58B34FF0010C2E49019884F804C855
:1039C0004FF4C062FFF7C4FF002839D1034694F8D2
:1039D00004283AB1019300F04DFA019B10B1002286
:1039E00084F8042841F60802C4F80028184604B0F8
:1039F00010BD20494FF4C0620020FFF7A9FF60B955
:103A000041F608020346C4F80028EFE719494FF4CD
:103A1000C062FFF79DFF0028F2D013A3D3E9002373
:103A200014484FF4C05103F09FF80222CDE902017F
:103A300002A94FF4C050FFF78BFF4000C3B2D1E79B
:103A400009A3D3E900230B484FF4C05103F08CF8CD
:103A50000222CDE9020102A94FF4C050FFF778FF1E
:103A60004000C3B2B3E700BF25232284E49CF2CB1D
:103A7000E8620020E85200202DE9F0414C4E06F5A6
:103A8000805786B04FF4C0520021304641F60804FA
:103A90000AF078FFC7F8004800F036F930B14FF46B
:103AA000C06231460020FFF73DFF68B94FF4C052B5
:103AB00000213F480AF066FF41F608030020C7F8DE
:103AC000003806B0BDE8F08137A3D3E900234FF4F6
:103AD000C051304603F048F8022280460D464FF4AC
:103AE000C05004A9FFF71EFFDDE904239D4208BF73
:103AF000904548D12F4C41F6080503A9284600F00F
:103B0000C1F9002848D00399C8B20ABA0304224078
:103B100003F4E02343EA322305F1040803EBD00C5D
:103B2000C20800293AD011F0C00F049109D0C7F89B
:103B30000088FFF725FF0028B8D0022006B0BDE8B6
:103B4000F081BCF5C05FF2D810F0300F19D005A994
:103B500040460192009300F095F90028E7D0009BC1
:103B6000019A08350DF11301F0180AF057FFB5F569
:103B7000405FC2D3C7F80058FFF702FF0028DCD12E
:103B800094E74546EEE74FF4C052002130460AF074
:103B9000F9FEC7F80048ADE7A846C8E70120C7F816
:103BA000005806B0BDE8F08125232284E49CF2CBC6
:103BB000E852002000FFFF002DE9F04F8318B3F515
:103BC000C05F85B061D84F4F054688460846E91961
:103BD00014460AF0C7FE20B90124204605B0BDE80E
:103BE000F08FE81907F58057224641460AF016FF84
:103BF00097F80438002B66D100F0E4F80646002858
:103C000040D0012387F80438002C70D0D7F80098F2
:103C100001934FF0000A4FF0000B052C2646C5F328
:103C2000024228BF052642EAC602CDE902AB2B0AB2
:103C30008DF80820414632460DF10B008DF8093011
:103C40008DF80A500AF0EAFE0299484600F0F2F8B0
:103C500000B3D7F800080430B0F5405FC7F800089B
:103C60002DD2012C18D10124019B012BB5D197F83D
:103C70000438002BB1D000F0FDF830B1002387F8F4
:103C80000438AAE797F8043853BB0024204605B04F
:103C9000BDE8F08F0446E7E7039900F0CBF8002871
:103CA000F8D0D7F8003803F10409B9F5405F35447E
:103CB000B044C7F8009802D2A41BAED1D3E7FFF7F7
:103CC0005FFE0446D0E70223002C9FD1D7F80038CE
:103CD000B3F5405F80D305B0BDE8F04FFFF750BEAD
:103CE00000F0C8F80028D0D087F80468CDE7D7F8EE
:103CF0000028B2F5405F01D21C46BCE7FFF740FE4A
:103D00000446B4E7E85200202DE9F041244F25484D
:103D1000386007F0E7F8386803685B689847224B1B
:103D20008668B3F8222AB3F8243A42EA03480368C3
:103D30001E4A03F0010313705EB30024013E2546C2
:103D400006E0386807F04AF80544B5F5405F17D239
:103D5000B44204F101042146F3D1154D2A684FF60F
:103D6000FF739A4206D0134A134B126803EA882362
:103D70009A4202D3114806F0DFF90120BDE8F08134
:103D80000B4D38682C60012107F016F8094B1860BC
:103D9000E4E704460A4806F0CFF9A668CDE700BF7D
:103DA000F46A0020889A00200070FF1FF26A002049
:103DB000142800201828002000FCFF036CF60108DE
:103DC0000CF6010808B50021034807F07DF8B0FAA9
:103DD00080F0400908BD00BF889A00202DE9F0411D
:103DE000DFF84C80D8F80030DBB1104F00210126FD
:103DF000386803684C1C5B6921469847054638685B
:103E000006F0BAFFD8F800300543EDB2012D8CBFA3
:103E1000002606F001069C422146E9D33046BDE863
:103E2000F08101263046BDE8F08100BFF46A002031
:103E30001428002010B50C4A0C4B12681B7882B075
:103E400000EB020C01910BB1C9430191084A1068C3
:103E5000046801ABE46804226146A047B0FA80F030
:103E6000400902B010BD00BF18280020F26A0020EF
:103E7000F46A002008B5024807F034F8012008BDB4
:103E8000889A0020154BDFF860C01B6810B50C46FF
:103E9000C118DCF8000006F0AFFF03461048DFF859
:103EA0004CC001220270BFF35B8F0021D3F800E009
:103EB0000C4B8CF800101B78BFF35B8F01709CF8E3
:103EC00000005B4283EA0E0310B91046236010BD68
:103ED0000B468CF800100846236010BD18280020FF
:103EE000F16A0020F26A0020F46A0020F06A0020E3
:103EF0004B790BB90120704700B583B00190FEF7F4
:103F00000FFD019B00F02202A3F5F04020380A28A3
:103F100039D8DFE800F00C0F132E2533181C2029A8
:103F200006001AB302F0BAFA002003B000BD02F096
:103F3000DFF8F9E722B102F073F9F5E7002AFAD0C9
:103F400002F04EF9F0E7DAB102F0E8F9ECE722B15D
:103F500002F074FAE8E7002AFAD002F055FAE3E733
:103F60004AB102F0BBF9DFE7002ADBD002F0A8FA81
:103F7000DAE7002AF5D002F0C1F9D5E7002AE3D04C
:103F800002F0E4F9D0E70120CFE700BF4A7912B18F
:103F900001221046704700B583B0CDE90002FEF75C
:103FA000BFFC009B019A00F02201A3F5F0404038CD
:103FB0000C285BD8DFE800F01020151A252C3245BC
:103FC000393F4C53070000294BD0009202F066FAAB
:103FD000009A104603B000BD009202F0E5F9009A85
:103FE000F7E7009202F084F8009AF2E759B10092E4
:103FF00002F016F9009AECE7009202F0A1F8009A9C
:10400000E7E70029F3D0009202F0EAF8009AE0E72F
:1040100031B1009202F072F9009ADAE70029F8D083
:10402000009202F05BF9009AD3E761B1009202F0CE
:1040300075F9009ACDE769B1009202F0FFF9009A94
:10404000C7E70029F2D0009202F080F9009AC0E799
:104050000029F1D0009202F0D7F9009AB9E70029BF
:10406000B3D0009202F02CFA009AB2E70122B0E736
:1040700000B585B010F47F4F0190C0F3072EC0F358
:10408000074235D09DF8040009B12D4B9A5C2D49AB
:1040900000EB40035B00A1FB0313D90901EB810393
:1040A00003EB0313C3EB400303EB4303DBB21EFB41
:1040B00003FCC3F1FF0313FB0EF34FEA2C2CCEF1EC
:1040C000FF0ECCF1FF0C1B121EFB02FE1CFB02FCC0
:1040D000C3F1FF034FEA2E2E4FEA2C2C13FB02F301
:1040E000062928D8DFE801F01509181C212715003A
:1040F00009B1134B9A5C944696465FFA8CFC0020FB
:104100006CF30700D2B262F30F206EF3174005B0D4
:1041100000BD94461A12F0E7F4464FEA232EECE76E
:104120006346F44696461A46E7E711464FEA232CC3
:1041300072468E46E1E76346944672469E46DCE749
:1041400038FE01088180808084B0012104B0FFF72F
:104150008FBF00BF84B001908DF80420019B002028
:10416000DAB262F30700C3F3072262F30F20C3F34E
:10417000074363F3174004B0704700BF84B0303189
:104180000A4B019013F811309B1A8DF80430019BF3
:104190000020DAB262F30700C3F3072262F30F20B4
:1041A000C3F3074363F3174004B07047942600201D
:1041B0000C4B84B003EB4103019093F861309B1AE0
:1041C0008DF80430019B0020DAB262F30700C3F3DC
:1041D000072262F30F20C3F3074363F3174004B0D1
:1041E000704700BF9426002084B0134B01903031FB
:1041F000844603EB410013F8113041789A1AA1F17B
:104200002003C1F12001002049B25BB28342B8BF54
:104210000B461A4462448DF80420019BDAB262F323
:104220000700C3F3072262F30F20C3F3074363F3CE
:10423000174004B0704700BF9426002084B003EB01
:1042400043039DF81020019002EB53028DF80420E7
:10425000019B0020DAB262F30700C3F3072262F386
:104260000F20C3F3074363F3174004B0704700BF48
:1042700010B54C4264B249B231EA210128BF21464F
:10428000C1F1380102FB02F211FB012184B01FFAD7
:1042900081FCBCF1010F01903ED9BCF5F75F9DBFD9
:1042A0004FEA5C1E0EF1080E5FFA8EFE4FF0FF0E15
:1042B000012005E0FF2932D00132D0B2704516D876
:1042C00000EB0E01491001FB01F4A4B264450A465B
:1042D000F0D9013A5FFA82FE0EEB0002521002FBA7
:1042E00002F1704589B202D86145F2D8E4E701389D
:1042F00000EB400003448DF80430019B0020DAB24B
:1043000062F30700C3F3072262F30F20C3F30743EE
:1043100063F3174004B010BD0CEB4C00EAE7FD203E
:10432000E8E700BF84B0DFF84CC0019030330CEBFD
:1043300043001CF813304078703B01FB03F3203836
:1043400002FB0032002A9DF80430B8BF7F3203EB35
:10435000E2138DF80430019B0020DAB262F307000B
:10436000C3F3072262F30F20C3F3074363F317403D
:1043700004B070479426002084B0DFF84CC0019050
:1043800030330CEB43001CF813304078703B01FBDA
:1043900003F3203802FB0032002A9DF80430B8BF36
:1043A0003F3203EBA2138DF80430019B0020DAB2F8
:1043B00062F30700C3F3072262F30F20C3F307433E
:1043C00063F3174004B0704794260020FF2928BFEC
:1043D000FF21C943C0F30743C9B284B003FB0111F5
:1043E000091201908DF80610019B0020DAB262F3E9
:1043F0000700C3F3072262F30F20C3F3074363F3FD
:10440000174004B0704700BF84B003EB8303BDF8CE
:10441000102001901A4492B2FF2A28BFFF22C0F355
:104420000743D24353FA82F2FF2A28BFFF228DF8B6
:104430000620019B0020DAB262F30700C3F30722D3
:1044400062F30F20C3F3074363F3174004B07047D0
:1044500084B0482B0190BDF810C0C0F307402ED89F
:10446000ACEB03039BB2FF2B28BFFF23083189B2BB
:10447000102904D902F1080189B2102921D8DB439F
:10448000DBB211491844002A4978B8BF0332FF282B
:1044900001EBA20328BFFF208DF806008DF8043041
:1044A000019B0020DAB262F30700C3F3072262F334
:1044B0000F20C3F3074363F3174004B07047FF2393
:1044C000D4E70023DDE700BF7099002084B0BDF879
:1044D00010200190D31A9BB2FF2B28BFFF23DBB221
:1044E00083F0FF0CC0F307426244FF2A28BFFF227B
:1044F00003448DF806208DF80430019B0020DAB2C9
:1045000062F30700C3F3072262F30F20C3F30743EC
:1045100063F3174004B0704784B0BDF810200190D9
:10452000D21A92B2FF2A28BFFF22C0F30743D24318
:1045300053FA82F2FF2A28BFFF228DF80620019B42
:104540000020DAB262F30700C3F3072262F30F2000
:10455000C3F3074363F3174004B0704700B585B059
:10456000C0F3074C01909DF818001B1A6344BAB9B8
:10457000C90FC9015B1ADBB20CFB03331B128DF8A8
:104580000630019B0020DAB262F30700C3F3072272
:1045900062F30F20C3F3074363F3174005B000BD78
:1045A00082EAE270A0EBE27000B2002901EB000E9B
:1045B0000DDB091A490191FBFEF1C1F12001C9B2DD
:1045C0004842C0B231EA220128BF0146D2E7401A70
:1045D0004FEA4E1E9EFBF0FECEF1600E5FFA8EF1AA
:1045E000EEE700BF84B001909AB9C90FC9010B442E
:1045F0008DF80430019B0020DAB262F30700C3F3A8
:10460000072262F30F20C3F3074363F3174004B09C
:10461000704782EAE270A0EBE27000B2002900EB82
:10462000010C0DDB091A490191FBFCF1C1F12001DC
:10463000C9B24842C0B231EA220128BF0146D6E7DA
:10464000401A4FEA4C1C9CFBF0FCCCF1600C5FFA6A
:104650008CF1EEE784B09DF810C00190A3EB0C0341
:104660009AB9C90FC9015B1A8DF80430019B00206B
:10467000DAB262F30700C3F3072262F30F20C3F339
:10468000074363F3174004B0704782EAE270A0EB7F
:10469000E27000B2002900EB010C0DDB091A4901A0
:1046A00091FBFCF1C1F12001C9B24842C0B231EA2C
:1046B000220128BF0146D6E7401A4FEA4C1C9CFB5A
:1046C000F0FCCCF1600C5FFA8CF1EEE75308D209F4
:1046D00084B0194A01901ABF83F0FF0303F00F0C56
:1046E00003F00F0CC3F30113C0F3074102EB4300C7
:1046F00012F81330427818BF0CF1010C12FB0CF2C7
:1047000003EB12135BB2002BB8BF5B425B00DBB262
:1047100001FB03331B128DF80630019B0020DAB237
:1047200062F30700C3F3072262F30F20C3F30743CA
:1047300063F3174004B0704714FE010884B004B05E
:10474000FFF702BD264B4A78034493F81631134213
:1047500000D1704710B504462248028802EB42237C
:1047600043F2196C02EB8302624402EB422384B0F1
:1047700002EB8303634402EB12228DF808200380CE
:10478000194A019103EB1323C3F34603D2788DF842
:104790000A207F338DF809300298FFF7CFFF019987
:1047A000124BCA781B5D8DF80C00C0F307219A42AA
:1047B000C0F307408DF80D108DF80E0001D004B045
:1047C00010BD0B4A52680192DDF804C0CAB29DF8D0
:1047D0000C10C3B2204604B0BDE81040604700BFD3
:1047E000942600204028002070990020789900200D
:1047F0001CFE01082DE9F04F037803EBC30203EB25
:104800004204E4B204F113035FFA83F9B9F15B0FD8
:10481000CA4628BF4FF05B0A544589B080F08F80AC
:10482000DFF86481544B98F804201B88534DCDF871
:104830001490520802FB033305F21516C3F3072345
:1048400004910746039305EB440506EB040919F8A8
:10485000012F7B781A426AD095F8612095F8601094
:10486000203A703902FB02FB01FB01BB1FFA8BFBF4
:10487000BBF1010F7BD9BBF5F75F9DBF4FEA5B1E14
:104880000EF1080E5FFA8EFE4FF0FF0E01204E462D
:1048900006E0BCF1FF0F6DD00133D8B2704519D8D6
:1048A00000EB0E0C4FEA6C0C0CFB0CF91FFA89F9AB
:1048B000D9456346EDD9013B5FFA83FE00EB0E0359
:1048C0005B1003FB03FC70451FFA8CFC02D8DC452F
:1048D000F1D8E1E7431EB146DBB20398009098F8A7
:1048E00002C098F80100049E40EA0C2098F803C02A
:1048F00040EA0C40B047C0F307238DF81C00C0F31A
:1049000007408DF81D308DF81E000798FFF716FF41
:104910001B4BFA781B5D8DF81800C0F307219A42F3
:10492000C0F307408DF819108DF81A000FD001342C
:10493000E3B29A4505F1020589D8DDF81490B9F182
:104940005A0F8CBF0020012009B0BDE8F08F0D4B3D
:10495000CAB25E689DF81810C3B220460134B04751
:10496000E3B29A4505F102053FF671AFE5E75FFA5C
:104970008BF3B2E7B146B0E7D4990020942600202B
:10498000789900201CFE0108709900202DE9F04F55
:10499000047804EBC40304EB4304E4B204F113030E
:1049A0005FFA83FEBEF15B0FF24628BF4FF05B0A51
:1049B000544587B05CD2324B324FB3F80090324D41
:1049C0003B79DFF8CCB0029105F215165B0803FBCA
:1049D000099926448046C9F3072905EB4405CDF81B
:1049E0000CE00196019A12F8011F019298F801203B
:1049F00011424B4634D0B978787897F803C095F8CF
:104A00006120029E40EA012095F8601040EA0C40C7
:104A10007039203AB047C0F30722C0F307438DF83E
:104A200015208DF816308DF814000598FFF786FED6
:104A30001BF8043098F803208DF81000C0F307210C
:104A4000C0F3074C9A428DF812C08DF8111007D1AF
:104A50000E4BCAB25E68C1B25FFA8CF32046B04713
:104A60000134E3B29A4505F10205BBD8DDF80CE04C
:104A7000BEF15A0F8CBF0020012007B0BDE8F08FB7
:104A8000D499002070990020942600201CFE010873
:104A9000789900202DE9F04F047804EBC40304EB6F
:104AA0004304E4B204F11303DAB25B2A934628BF4D
:104AB0004FF05B0B5C4585B04ED22B4E2B4B96F8DE
:104AC00004801B882A4DDFF8B0A001924FEA9808B5
:104AD00008F1020803FB08F8254489460746C8F395
:104AE00007280095009B13F8010F00937B7818426C
:104AF0004246E1B22BD0B078737843EA0023F078D5
:104B000043EA0040C847C0F30722C0F307438DF8CB
:104B10000D208DF80E308DF80C000398FFF70EFE77
:104B20001AF80430FA788DF80800C0F30721C0F3B2
:104B3000074C9A428DF80AC08DF8091007D10D4B29
:104B4000CAB25D68C1B25FFA8CF32046A84701344F
:104B5000E3B29B45C6D8019A5A2A8CBF0020012097
:104B600005B0BDE8F08F00BF70990020D4990020F7
:104B7000A92700201CFE0108789900202DE9F04F9C
:104B800004785E4E04EBC40304EB4304E4B204F186
:104B90001303DAB25A4B1D8833799B0803FB055582
:104BA000C5F307235B2A03F1400C934628BF4FF05F
:104BB0005B0B1CF0400F89B04FEA25255FFA8CF79C
:104BC00040F0948007F00F0EBC4617F0800F4D4F59
:104BD000CCF3011C07EB4C0817F81CA098F801C097
:104BE0001CFB0EFC0AEB1C1A5FFA8AFACAF1000CD5
:104BF0005FFA8CFC18BFE24613F0400F4FFA8AFAB6
:104C000070D083F0FF0C0CF00F0E0EF1010E15F0BA
:104C1000800FCCF3011507EB450C17F815909CF8A5
:104C2000015015FB0EF509EB15195FFA89F9C9F169
:104C30000005EDB218BFA9465C454FFA89F94AD282
:104C4000314DDFF8CC80039125440746049305924B
:104C50000295029810F801CF029078781CEA000FB4
:104C6000E3B24A46514631D0049D7078009596F8DB
:104C700002C0039D40EA0C2096F803C040EA0C40B5
:104C8000A847C0F307238DF81C00C0F307408DF838
:104C90001D308DF81E000798FFF750FDC0F3072365
:104CA000FA788DF8193018F804308DF818009A4207
:104CB000C0F307408DF81A0008D1144B9DF8192055
:104CC0005D689DF81810C3B22046A8470134E3B2CE
:104CD0009B45BED8059A5A2A8CBF0020012009B0F6
:104CE000BDE8F08F03F00F0E9C4690E787F0FF0CB5
:104CF0000CF00F0E0EF1010E67E700BF7099002057
:104D0000D499002014FE0108A92700201CFE0108E8
:104D1000789900202DE9F04F037803EBC30203EBF1
:104D20004204E4B204F11303DAB25B2A934628BFCB
:104D30004FF05B0B5C4587B07ED2DFF82481444E98
:104D400098F80430434DDFF81CA101910133FF2B8B
:104D500028BFFF234FF6FF7CBCFBF3FC1FFA8CF748
:104D600081462644CDF808C00097039203E0013441
:104D7000E0B283455FD916F8012F99F801301A4245
:104D8000F5D02B78013B180660D4334A009FDBB284
:104D90001A44E0B202E0013B190654D412F8011D96
:104DA0008142F8D105EB430191F819C0897E4CEAA4
:104DB0000121B942EFD2009798F8043098F8022008
:104DC00098F803000133FF2B28BFFF2303FB0111D9
:104DD00098F8013043EA0223C1F30F2143EA00406F
:104DE000019B9847C0F307238DF81400C0F30740D8
:104DF0008DF815308DF816000598FFF79FFC99F88F
:104E000003201AF804308DF81000C0F307219A42ED
:104E1000C0F307408DF811108DF81200A7D10F4B89
:104E2000CAB25F689DF81010C3B220460134B8477B
:104E3000E0B283459FD8039A5A2A8CBF00200120F4
:104E400007B0BDE8F08F02990097B5E70299B3E784
:104E5000A9270020D8990020EA9900201CFE01080B
:104E600070990020789900202DE9F04F0B7803EB22
:104E7000C30403EB4403DBB203F11304E4B25B2C81
:104E8000A44628BF4FF05B0C63458DB080F0DC80FA
:104E9000734E744F0890984606F2151303EB0809F9
:104EA0003B78059106EB480603930994CDF818C0AA
:104EB000CDF810904546029207E0069A0135EBB214
:104EC0009A4206F1020640F2BE80049B13F8012FBD
:104ED0000493059B5B781A42EFD0032262490AA82B
:104EE00009F09CFD039A089B9A4240F2B480079512
:104EF000029C5E4D984607EB03094FF0000B19F832
:104F0000013F96F8612099F80810521A96F860103F
:104F100002FB02FAC91A01FB01AA1FFA8AFABAF1C6
:104F2000010F40F28A80BAF5F75F9DBF4FEA5A1C25
:104F30000CF1080C5FFA8CFC4FF0FF0C0120CDF84F
:104F400008B007E0FF2B7BD00EF1010E5FFA8EF068
:104F5000604519D800EB0C035B1003FB03FB1FFA41
:104F60008BFBD3459E46EDD90EF1FF3E5FFA8EFCDA
:104F700000EB0C0E4FEA6E0E0EFB0EF360459BB27B
:104F800002D85345F0D8DFE7431EDDF808B0DBB2A6
:104F900095F804C007EB480E0CF1010C9EF81900BF
:104FA0009EF81AE08DF82AB0BCF1FF0F28BF4FF031
:104FB000FF0C40EA0E200CFB0000C0F30F20009015
:104FC0000A98A04708F10108039A8DF828005FFAB3
:104FD00088F3C0F3074B9A42C0F307208DF82AB03C
:104FE0008DF829005FFA8BFB89D8AA46079D0294A9
:104FF0009AF8033003FB0BBB4FEA2B238DF82A30C2
:105000000A98FFF79BFB059B8DF82C00DA78184B6C
:105010005B5DC0F307219A42C0F307408DF82D1065
:105020008DF82E007FF449AF124BCAB25C689DF830
:105030002C10C3B22846A0473FE75FFA8AF3A7E7E0
:10504000DDF808B0A4E7099C5A2C8CBF0020012091
:105050000DB0BDE8F08FDFF814A04FF0000BC7E7EC
:1050600094260020D8990020719900207099002082
:10507000789900201CFE01082DE9F04F0478264A9B
:1050800004EBC40304EB4304E4B25378917804F1D5
:10509000130906465FFA89F9D07843EA01234F469F
:1050A00083B05B2F43EA004028BF5B27FFF746FB36
:1050B000BC42C0F307238DF80400C0F307408DF80D
:1050C00005308DF806001ED2144DDFF85480DFF84D
:1050D00054A005EB040B1BF8012F73781A420ED075
:1050E00018F80430F2789A4209D1DAF804509DF8A1
:1050F00006309DF805209DF804102046A84701348D
:10510000E3B29F42E7D8B9F15A0F8CBF00200120CB
:1051100003B0BDE8F08F00BF70990020A9270020E0
:10512000789900201CFE01080149FFF7B3BC00BFBD
:10513000CD4601080149FFF75DBB00BF5D45010891
:105140000149FFF7A7BC00BF554101080149FFF71E
:10515000A1BC00BF7D4101080149FFF79BBC00BF16
:10516000B14101080149FFF795BC00BFE9410108C1
:105170000149FFF73FBB00BF3D4201080149FFF76E
:1051800005BC00BF714201080149FFF7FFBB00BF2A
:10519000E54501080149FFF72DBB00BF5546010851
:1051A0000149FFF7EBBC00BF254301080149FFF7A8
:1051B000E5BC00BF794301082DE9F0410478C278CD
:1051C000817882B00546002C3DD13B4B18793B4B92
:1051D0001030FF281B8828BFFF2000FB03331B1261
:1051E00003EB430000EB001000EB002003EB800317
:1051F0009BB243F23330834243D83148314F038866
:1052000003EB432603EB860303F55853193303805E
:1052100003EB1323DBB203EB430003EB8003C3EB8D
:10522000C303C3F30F2327F81230B84600293CD03C
:1052300001271326204601342946E4B2FFF782FAFB
:10524000B442F7D316E004EBC40304EB4303DCB22F
:1052500004F11303DBB25B2B1E4628BF5B265A2BDF
:105260008CBF0027012749B9164B984633F81230F6
:105270009C420ED9384602B0BDE8F081B442D9D381
:10528000F8E70029D4D10F4B984633F812300127A4
:105290001326B342EED2D8B229460192FFF752FA52
:1052A000019A5C2328F81230E4E71326B3424FF04A
:1052B0000107DFD2EFE700BF70990020D4990020EA
:1052C0004028002024280020024B00200021C3E9B0
:1052D00000017047006C0020F0B50378C67883B0F9
:1052E0000446002B64D05A4D2A78002A56D1594AD8
:1052F000594D0021117035F8162003EBC30103EB63
:105300004103DBB203F113069342F6B240D85B2EA1
:10531000334628BF5B2393423AD9504B13446278FB
:1053200093F81631134233D04D490B8803EB4322D7
:1053300003EB820343F21960034403EB1322920749
:105340000B806AD50023ADF800308DF8023000984C
:10535000FFF7F4F9C0F307238DF80530E3788DF8F3
:105360000400C0F307403F4A8DF8060035F81300EB
:10537000125C9A4209D13C4B9DF805205F689DF86C
:1053800004109DF80630B847E3785C2225F8132016
:105390005A2E8CBF0020012003B0F0BD03F008FCA2
:1053A000324B002243F826002A702378E6789EE7E5
:1053B000284A012303FA06F113780B4313702B4B91
:1053C00053F8260003F096FB294AE17812792378F6
:1053D000C2F5A07282421CD221481D4E02881E4D89
:1053E0004FF00107377002EB422602EB860202F50E
:1053F00058521932028002EB1222D2B202EB420062
:1054000002EB8002C2EBC202C2F30F2225F8112088
:1054100073E7114D35F811206FE703EB432203EBDF
:105420008203034403EB432203EB820202440A801B
:1054300002EB122203EB1323C2F346028DF8003075
:1054400002F17F038DF80130094BDB787DE700BF67
:10545000FB6A0020FC6A00202028002094260020FF
:1054600040280020789900201CFE0108006C0020D4
:10547000709900202DE9F04F4E4E06EB001387B0D7
:1054800013F801A0BAF1FF0F76D04B4A02EB0013DC
:105490008C460B440AF1300A8146059306EB4A0B11
:1054A00034461146002560468C46A64600275FFA22
:1054B00085F80291039404951EF8011BFF294CD036
:1054C000C8455CD0303106EB410316F811105C780A
:1054D0009BF801301B1B16F81A4003FB03F3641AF8
:1054E00004FB0434A4B2012C59D9B4F5F75F9DBF75
:1054F00061090831C9B2FF210123019705E0FF2DA1
:105500004FD00132D3B28B4213D85D186D1005FB1A
:1055100005F7BFB2A7422A46F1D9013AD1B2CA185B
:10552000521002FB02F58B42ADB202D8A542F4D86C
:10553000E7E7013BDBB2282B019F0ED8A3F118014E
:1055400010292CD8C3F128039CF800100B449BB2FF
:10555000FF2B28BFFF238CF800300137FFB2102F3C
:105560000CF1010CA8D102A932C90135062D04F1B4
:10557000100401F1100197D107B0BDE8F08FB842D7
:10558000A0D1059A137801372033FF2BFFB228BF33
:10559000FF23102F13700CF1010C8DD1E3E71023C2
:1055A000D2E7019F0137FFB2102F0CF1010C83D11C
:1055B000D9E700BF94260020346B00200149FFF793
:1055C000A9BB00BFCD4301080146024A0020FFF7F6
:1055D0004BBC00BF094401080146024A0020FFF706
:1055E00043BC00BF51440108044B054A1B78013BF2
:1055F00023EAE3730146D8B2FFF736BCD8990020FE
:10560000CD440108044B054A1B78013B23EAE373B0
:105610000146D8B2FFF728BCD899002019450108E7
:10562000F8F768B9F8F7ECB908B50348FDF72CFBB3
:10563000024B00221A7008BD70990020FD6A0020FC
:1056400009480A4908B51523032200F8013B09F06F
:10565000E5F905484FF67F738380FDF715FB044B92
:1056600000221A7008BD00BF7099002078F501086B
:10567000FD6A00200020704730B583B004460191D8
:105680001546FFF7F7FF064B019903EB04135B5C2C
:10569000FF2B02D0421C2B54D0B203B030BD00BF50
:1056A00094260020704700BF2DE9F04F037803EBEC
:1056B000C30703EB4707FFB207F11302D5B289B066
:1056C000827802905B2DAB4628BF4FF05B0B002A1F
:1056D00040F0A880002B00F08F80684B0493684E48
:1056E0000595D946DFF8B8B14FF00008A6F1100AC9
:1056F000A6F110045D46CDF80CB0019614F8013BFC
:10570000BB425BD34B450AEB030108F1010255D2C2
:10571000029E91F81611737819425FFA82F84DD003
:1057200095F800B0ABF155026FF05501002AA8BF03
:105730008B1A544AB8BF0B468DF8183093788DF801
:1057400019300BF1AA03FF2B28BFFF2303EB430300
:10575000D2780233DBB202FB03331B128DF81A300E
:105760000698FEF7EBFF484B14F8012C96F803C09F
:10577000995C8DF81C00C0F307238DF81D308C4513
:10578000C0F307438DF81E3009D1404B9DF81C1023
:105790005E689DF81E3010469DF81D20B0473C4BBA
:1057A0001B785BB1029B1A78049B1B780BF1FF3BC3
:1057B0002BEAEB7B9A4218BF85F800B0019BA3420D
:1057C00005F101059AD11E46324BDDF80CB0B3420B
:1057D00006D0B8F1120F06F110060BF1100B87D9A5
:1057E000059D029B049A1B7813705A2D8CBF0020D4
:1057F000012009B0BDE8F08F204B04931B78002BEB
:105800003FF46DAF244C208803F06CF9204B18282E
:105810008CBF012200221A707FF661AF03F002FAFA
:1058200020805CE71D4E90F80380DFF860A00195B2
:105830006FF48A79A9EB060906F2151406F5B87615
:1058400001E0B44210D0204614F8013FB8EB131F1A
:10585000F7D14844DAF80450FFF724FF00231A4632
:105860001946A847B442EED10D48019D602200219F
:1058700009F088F8029B1B782CE700BFFA6A002029
:10588000A426002070990020789900201CFE0108B1
:10589000F86B0020F4260020FA6B002094260020EC
:1058A000346B00202DE9F04F0178DFF8FCA24A1C90
:1058B000834602EBC20089B002EB4002D2B29AF8F2
:1058C000035005929BF802202B467AB9002900F07C
:1058D000F380DFF8D8A201238AF80030059B5A2B09
:1058E0008CBF0020012009B0BDE8F08FA64E9BF8C8
:1058F0000370DFF8A89200956FF48A78A8EB060889
:1059000006F21514019506F5B87601E0B44210D000
:10591000204614F8013FB7EB131FF7D14044D9F8E4
:105920000450FFF7BFFE00231A461946A847B442A9
:10593000EED1964E019B009D0396602200213046D9
:10594000009309F01FF8924A002111709BF8002083
:10595000002ABED19AF80340009BA54201D000F274
:1059600081802546DFF844A203EB43099AF8000042
:10597000FF21B1FBF3F304934FEAA90302934FEA2B
:10598000990218B183490B7801330B70DFF8F89155
:10599000DFF8F8C100959046039BCDF804C0ACEB4E
:1059A0000307FFB266460024E5B280B1784B1B784E
:1059B0002B4378D0337853B1009A934207D2754A7B
:1059C000049912788A4204BF03F1FF3333702846EA
:1059D00006AA3946FFF74EFE230119F80330FF2BC4
:1059E00004D00DEB000201301376C0B2C0B13278A2
:1059F0009DF81800684B9BF803101B5C424543D987
:105A000099420DD1654B02995D68009B521A5B1A51
:105A100001FB02F292FBF3F2D3B21946009AA847B7
:105A20000134062C9AF8000006F11006BCD1DDF80E
:105A300004C05B4B0CF1010C634509F10109ABD1CA
:105A4000009D68B1534B049A1978914204BF00211C
:105A500019704F490B780133DBB21C2B2FD80B7018
:105A6000002339E706F160007036A0F160010A7882
:105A700012FB04F2B2FBF5F201F8102B8842F6D1CA
:105A80000130B042F1D16CE79942C9D1009B13FBC0
:105A900002F2029BB2FBF3F2404B5D680023D2B2EC
:105AA0001946A847BCE708F0DFFE3E4B984281DC70
:105AB000DDE900231A708AE7344A039252E7002393
:105AC0000B70039B4FF04F086FF03F0C052403F160
:105AD0005001A3F10F0703F1600E05F1FF395246A3
:105AE000052C084607EB0803164620D10278AA4287
:105AF00032D013F8012B95420ED901308645F5D1ED
:105B0000013C14F0FF0432460CF1100CA8F110080F
:105B1000E6D1B246A4E7009C03F8019C01300CEBEF
:105B20000302864502F80850EAD0052CDED0024672
:105B30009A4600949AF800400133AC4202F1010009
:105B400003EB0C0B12D3704503F8019C02460BF8D3
:105B5000085016D09A46EDE780F8009013F8012B14
:105B60009542D9D901307045C0D1C9E7704502F1DD
:105B7000020206D01C78AC420AF10203CBD2724575
:105B8000E8D1009CBCE700BF94260020986B002061
:105B9000F96A0020F86A0020789900201CFE0108AC
:105BA000A86B002054555505709900201C28002032
:105BB00010B5DFF824C084B0DCF8044003910292F1
:105BC0000193FFF76FFD019B029A0399A44604B06D
:105BD000BDE81040604700BF1CFE0108014B9B68F8
:105BE000184700BF1CFE01088C4611461A460A4B96
:105BF00013F80C30834200D0704700B5074883B0DB
:105C0000406801909DF810306046DDF804C003B094
:105C10005DF804EB604700BF789900201CFE010886
:105C20002DE9F04F87B0804689461546FDF78CF880
:105C300050B165B9494B1A78082A00F282802A4689
:105C400049464046F8F7D8F807B0BDE8F08F04AAF7
:105C500049464046FFF70EFDDFF80CE10EEB081356
:105C6000044613F80930FF2B04D00DEB0002013479
:105C70001374E4B2394B1A782244082A2ADCF4B1AE
:105C80001A781444E7B20DF10F060024981816F89C
:105C9000011F417401F1300C03EB420101324C76DB
:105CA0008C760EEB4C01D2B21EF81CC0497880F8FD
:105CB00001C0BA424172E9D11A70002DBFD0284B01
:105CC0001B7803F0FC03402BB9D149464046FFF74F
:105CD000D1FBB4E7C4F10807620002F1190B7A00A6
:105CE000009204F11102611C04F1090A0192029769
:105CF0001C4E039319443A46304608F08FFE039B2E
:105D00003A4603EB0A0106F1080008F087FE039B00
:105D1000009A009303EB0B0106F1180008F07EFED9
:105D2000DDE900133A46194406F1100008F076FE4A
:105D3000029B06F8013C002CBFD0DFF82CE0009B52
:105D40009EE7082710201122CDE9000202974FF0AC
:105D5000190B4FF0090A01212C46C9E7006B0020FE
:105D600070990020016B002094260020704700BF2E
:105D700070B5764B1B78834284B0054636D0744CA0
:105D8000744801235B220021A37008F0FBFD082268
:105D90000DEB02001721FDF75FFD6F4B019303220E
:105DA000581C0DF1090108F039FE019B9DF80C20EB
:105DB0001A715B7962789A4206D068496370002252
:105DC0008B68104611469847182D00F2B780DFE81F
:105DD00005F098948F8A85807B76716C67625D5838
:105DE000545038342F29473C4D251A005A4B5C49F2
:105DF0001A780978564C02F003028A420CBF00223E
:105E00000122A270D5E75248F7F7FAFD2378013353
:105E10002370002800F0898004B070BD4C48F7F76B
:105E200069FDF3E74F4A4A490020FFF71DF8EDE707
:105E30004D494748FEF76EFFE8E74548FFF732FD5A
:105E4000E4E74348FFF730FCE0E7484B484A18785E
:105E50003F49013820EAE070C0B2FFF705F8D5E706
:105E6000444A3B490020FEF7FFFFCFE73F4B424A41
:105E7000EDE73748FFF730FAC8E73548FFF79CF9F8
:105E8000C4E73E493248FEF779FEBFE73C49304857
:105E9000FEF774FEBAE73B492D48FEF7ABFCB5E7C9
:105EA00039492B48FEF772FDB0E738492848FEF71C
:105EB0006DFDABE736492648FEF79CFCA6E7354961
:105EC0002348FEF7E7FDA1E733492148FEF7E2FD4D
:105ED0009CE732491E48FEF7DDFD97E730491C4834
:105EE000FEF7D8FD92E72F491948FEF783FC8DE7AE
:105EF0002D491748FEF7CEFD88E71548FFF7BCF897
:105F000084E7A378B3B1154B00229B681146104675
:105F10009847F7F7CFF92378A2780133237022B995
:105F2000224B03221A7004B070BD204B02221A705B
:105F300004B070BD237801332370F1E723781B4A46
:105F4000013302212370117066E700BF342800205E
:105F50003028002078990020709900201CFE01084C
:105F60003528002009440108CD430108D8990020B4
:105F7000CD4401085144010819450108794301083D
:105F80002543010855460108E5450108714201080D
:105F90003D420108E9410108B14101087D41010884
:105FA000554101085D450108CD4601082C28002017
:105FB000012070470120704700EBC00300EB430055
:105FC000C3B203F11302002063F30700D3B25B2BCB
:105FD00028BF5B2382B063F30F2002B0704700BF7D
:105FE000012070470120704708B5FFF7FBFF08BD8F
:105FF000174B70B51B68174D174E9847174800246C
:106000001022FF2100F8194B08F0BCFC14481022A4
:10601000FF2100F8194B08F0B5FC01232846337026
:10602000FCF730FE2B783470032B00D970BD284666
:10603000152300F8013B0B49032208F0EFFC4FF653
:106040007F732846AB80FCF71FFE347070BD00BF25
:106050001CFE010870990020FD6A0020D8990020DC
:10606000006B002078F5010838B51C4C237803F04C
:10607000030282F0010262F301032370184B002136
:106080000546197010BB2378164813F0030F4FF024
:1060900003024FF0180118D094F803C00CF110035C
:1060A000BCF12F0FDBB210D8E37015B1FDF7DAFBAE
:1060B000E9E72F2B09D80CF120020CF13003D2B202
:1060C000DBB22F2A98BF1A46E27038BD217801F062
:1060D000FC0117201143FDF743FBD4E77099002022
:1060E0002C280020719900200020FFF7BDBF00BFC1
:1060F0000120FFF7B9BF00BF10B50F4C237813F094
:10610000030304BF0D4A13702278E378012161F381
:10611000010222702F2B09D8207810F0030003F120
:10612000100304D0DBB22F2BE370F5D910BDFFF7BD
:106130009BFFE378EEE700BF709900202C28002039
:10614000094A13789B0702D0084B00211970137875
:1061500023F00303C3F385018900172001F0FC013C
:106160001370FDF7FDBA00BF709900202C280020A5
:10617000054B1A78920702D0044A002111701A7850
:1061800022F003021A707047709900202C2800201A
:10619000024B187800F00300704700BF7099002090
:1061A0000A4B1A78920708D040B901201A7808499A
:1061B00060F3870200201A7008707047182801D910
:1061C0001820F3E700F03F00F0E700BF70990020CF
:1061D0002C280020014B1878800870477099002007
:1061E000DFF838C09CF8002093080133192B28BF32
:1061F000012391070ED063F3870202F0030141EA05
:1062000083018CF80020044A0023C9B217201370C0
:10621000FDF7A6BA704700BF2C2800207099002017
:1062200011480278C2F38503013B13F0FF0302F02B
:10623000030211D1BAB160214FF0180C03780B4A58
:106240006CF38703037003F003031943C9B20023FF
:1062500017201370FDF784BA2AB1182BEBD803F07E
:106260003F0C9900EAE77047709900202C28002025
:10627000044B93F800C01CF0030F02D058709970C3
:10628000DA7070477099002000B583B00949032285
:1062900001A808F0C3FB9DF804109DF805209DF8A7
:1062A0000630002061F3070062F30F2063F317400C
:1062B00003B000BD71990020014B5878704700BFB2
:1062C00070990020014B9878704700BF70990020AA
:1062D000014BD878704700BF7099002006480378BA
:1062E0009B0707D04378083300F8013F03221821A9
:1062F000FDF7B8BA704700BF7099002006480378D0
:106300009B0707D04378083B00F8013F0322182180
:10631000FDF7A8BA704700BF709900200A4B1A78A1
:1063200092070FD093F802C00CF1100CBCF1FF0FD4
:1063300028BF4FF0FF0C03221821581C83F802C01D
:10634000FDF790BA704700BF70990020084B1A788B
:1063500092070CD093F802C0ACF1100C2CEAEC7C44
:1063600003221821581C83F802C0FDF77BBA70473E
:1063700070990020DFF82CC09CF800309B0709D0F2
:106380009CF803301033FF2B28BFFF238CF8033019
:1063900010B97047FFF768BE032218210CF1010005
:1063A000FDF760BA7099002010B5154C237813F0F2
:1063B000030304BF134A13702378E278012161F3C9
:1063C00001032F2A237008D80020FFF7D3FFE378BA
:1063D0002F2BF9D9217801F00301237803F0FC0376
:1063E00019431720C9B2FDF7BBF9E3782F2B05D865
:1063F0000120FFF7BFFFE3782F2BF9D910BD00BFB5
:10640000709900202C2800200B4B1A7892070FD08F
:1064100093F803C00CF1100CBCF1FF0F28BF4FF034
:10642000FF0C03221821581C83F803C0FDF71ABA89
:106430000120FFF719BE00BF7099002008B50F4B6F
:106440001A78910713D093F803C0ACF1100C032213
:106450002CEAEC7C581C182183F803C0FDF702FAE3
:10646000064B1A78920702D0DB78302B00D908BD92
:10647000BDE808400120FFF7F7BD00BF709900207C
:10648000024B1A78920718BF187170477099002054
:10649000014B1879704700BF70990020074B1A789C
:1064A000920709D019791031FF2928BFFF21C9B2FD
:1064B0001B201971FDF754B9704700BF7099002077
:1064C000064B1A78920708D01979103921EAE17140
:1064D000C9B21B201971FDF743B9704770990020AC
:1064E000014B1860704700BF28280020FCF700BC53
:1064F00008B5034B1B699847024B01221A7008BD6F
:106500001CFE0108306B002008B5034B5B699847FF
:10651000024B00221A7008BD1CFE0108306B0020DF
:10652000014B1878704700BF306B0020114B1249A7
:106530001B78124A70B5124C124E1070C3F301034F
:106540000B70237805461BB17369984700232370AD
:10655000F36898470DB923781BB10B4B03221A70CF
:1065600070BDF9F785FE0028F7D0336998470123FD
:106570002370F2E77099002035280020342800208D
:10658000306B00201CFE01082C2800202DE9F04172
:10659000544D286802F0AEFA044602F009FBDFF819
:1065A0005CE128609EF8007027B3C4F57F4C0021A1
:1065B0000CF1FF0C3E46884606E023440131180AE0
:1065C0008E425370907010D001F10C020EEB42021B
:1065D0005378907843EA00236345EED901318E4227
:1065E00007F1FF374FF00108EED1B8F1000F01D0ED
:1065F0008EF800703C4B1B78002B2ED03B4C237840
:10660000032B10D8DFE803F002441117384A394B46
:106610002D6839481D60002111703849292208F081
:10662000FDF901232370BDE8F08100263046BDE866
:10663000F041FFF77BBF324D2B7823B13148FCF797
:1066400023FB00232B702B4B186802F053FA0F2802
:10665000E9D900232370BDE8F081FCF743FB2A4B06
:106660001B689842CAD8274B1E78B307C6D01F4C68
:106670002378B608032BD6D801A252F823F000BF26
:106680000D6601089B6601082D6601083766010842
:10669000BDE8F0410020FFF76BBB3046FFF768FB19
:1066A000002EC0D02378022B17D0114B1B78013B52
:1066B00003EBC30203EB4203DCB204F11305EDB2BA
:1066C0005B2D28BF5B2529462046FFF789FC29461C
:1066D0002046FFF789FCBDE8F081FFF769FCF5F77C
:1066E00035FDE2E72C6B0020316B00202C280020C8
:1066F00030280020D4990020D8990020006B002079
:10670000FD6A002070990020282800200A4A0346CC
:1067100008B1107808B11370704700B585B00393C5
:1067200002920190FFF724FB0198FFF7FFFE039B05
:10673000029A137005B000BD316B0020F0B583B034
:1067400001289DF8204003D90023184603B0F0BD6E
:106750001F46124B1646002253F820000D46102308
:10676000114602F0B9FBB0B1019005F00F010C48E1
:1067700041F0200101700221467002F0BFFB50B9C8
:106780002146384602F0BAFB28B902F0C1FB019B52
:10679000184603B0F0BD02F0BBFBD5E73828002057
:1067A000086C00202DE9F041434C064654F82000C7
:1067B000012500F00F01BCB005FA01F12A4620F0D6
:1067C0000F0006F047F854F8263023F00F0203F0CC
:1067D0000F03002405FA03F3138303210CAB2246B5
:1067E000009530468DF83040FFF7A8FFAA23032715
:1067F0008DF8303000950CAB132203213046FFF7A3
:106800009DFF0CAB39460095142230464FF004082A
:106810008DF83070FFF792FF0CAB394600951522CA
:1068200030468DF83080FFF789FF40238DF83030F7
:1068300039460CAB009516223046FFF77FFF0CABB4
:10684000394600951A2230468DF83040FFF776FF22
:10685000182206AB0092214622463046CDE9064476
:10686000CDE90844CDE90A44FFF768FF2146C0227C
:106870000CA808F087F8C02200920CAB22462946EB
:106880003046FFF75BFF0D4A07CA0C2300936B44A9
:1068900083E80700414622463046FFF74FFF009548
:1068A0000DF10B032246394630468DF80B50FFF7A9
:1068B00045FF3CB0BDE8F08138280020A8F601086B
:1068C0005A2822D870B5DFF858E0144C1D461EF83F
:1068D00020300EEB800003F0030EDA2390F801C0A5
:1068E00003FB0E438478C078064613F80C008842F8
:1068F0000CD00A48DA2303FB0E00012300F80C1029
:106900000255855580F8C03070BD7047185D9042C3
:10691000EFD19B5DAB42ECD1F6E700BF106C0020DD
:106920009CF901082DE9F04FDFF870801A4C814680
:106930008A469346C4464FF0000EDA200CE003F876
:106940000290BEF15B0F4FF0010203F806A083F83E
:10695000C02003F807B01CD018F82E309CF8012096
:106960009CF802609CF8037003F0030300FB0341F2
:106970000EF1010E8D5C4D450B460CF1040CDED181
:106980008D5D5545DBD1C95D5945D8D1BEF15B0F51
:10699000E2D1BDE8F08F00BF106C00209CF9010827
:1069A0002DE9F0432B4D05EB800415F820C02A4853
:1069B00094F803E09046994662780CF0030CDA23D1
:1069C00003FB0C0303EBD203012793F8C160A37808
:1069D00002F00704A74003F007050EF0070479B39F
:1069E0003E43DA2101FB0C0101EBD20201EBD301A2
:1069F00082F8C16091F8C1200121A940B8F1000FCF
:106A000024D042EA0105DA2202FB0C0202EBD30198
:106A100002EBDE0281F8C15092F8C1300122A2409F
:106A2000B9F1000F0FD01343DA2202FB0C0000EB88
:106A3000DE0E01228EF8C13080F8D920BDE8F08347
:106A400026EA0706CDE723EA0203EDE722EA01057D
:106A5000D9E700BF9CF90108106C002030B58021F7
:106A600083B01848012205F0F5FE164A80231383EF
:106A700002F050F90020FFF795FE0120FFF792FE8B
:106A800000240123E0B21A4619460134FFF788FFBB
:106A90005B2CF6D10C4C0025237E43B96B1C022BDA
:106AA00004F1DA044FF00105F6D103B030BD18232C
:106AB00000220093114623462846FFF73FFE00239D
:106AC0002376EBE700040240D16C00200C4A00233F
:106AD00002F1C00012F8011F82420B44FAD1094AA8
:106AE00002F1C00012F8011F90420B44FAD107EEE8
:106AF000903A9FED050AF8EE677A87EE800A7047B4
:106B00000F6C0020E96C002080F7874710B50E4B12
:106B100084B0002493F8C02042B9621C022A03F119
:106B2000DA034FF00104F5D104B010BDC022009289
:106B30000121002220460393FFF700FE039B002261
:106B400083F8C020E9E700BF106C0020014B8022D1
:106B50005A83704700040240014B80221A83704719
:106B60000004024001F0A0BDF0B586461C46431863
:106B70009E451046214633D200241EF8012B424088
:106B8000CD004FEAC20C1CEB020C45EA527541EBFA
:106B900005061CEB0C004FEA41154FEA421C7641FA
:106BA00045EAD2651CEB000C45EB0605D701CE018A
:106BB0001CEB020C41EB050510021CEB070C4FEA25
:106BC000012146EA526645EB060541EA12611CEBDB
:106BD000000C45EB0105411914EB0C007345CCD1B9
:106BE000F0BD00BF08B5A0F5E8433F2B06D84B79B0
:106BF000C0B22BB900F066F8002008BD012008BD26
:106C000000F044F8F8E700BF704700BF052806D839
:106C1000044B00EB400003EB8003D8887047002052
:106C2000704700BF4824002010B500EB4004FFF778
:106C3000EDFF0E4A02EB840203B2D18890885B1A02
:106C4000A3EBC313401A93FBF0F0002804DD108976
:106C50005B42401A93FBF0F06FF07E039842B8BF9E
:106C600018467F28A8BF7F2000B210BD482400200E
:106C7000054808B5837B03B908BD01F0E7FC02486D
:106C80000023837308BD00BFC46D00200F2800D906
:106C9000704708B50A4AC1084FF0010C00F007031D
:106CA00082F80EC00CFA03F312F801C0104643EA52
:106CB0000C03535401F0CAFC014A0023937308BD2E
:106CC000C46D00200F2800D9704708B50A4A4FEA62
:106CD000D00C012100F00703917301FA03F312F8BD
:106CE0000C10104621EA030302F80C3001F0AEFC50
:106CF000014A0023937308BDC46D00202DE9F843B9
:106D0000124FDFF84C9000253E462C464FF001080C
:106D100059F825300133E0B208D0FFF785FFB6F906
:106D2000023083421CBF708087F80E800134062C2D
:106D300005F1030506F10206EAD1BB7B23B1034846
:106D400001F084FC0023BB73BDE8F883C46D002010
:106D500048240020052809D8054B03EB4000B0F972
:106D600002208A4202D0012241809A73704700BFFC
:106D7000C46D002070B50024074E254656F8243017
:106D80000133E8B201D0FFF73FFF0334122C05F1C5
:106D90000105F3D170BD00BF48240020FFF7AEBF4E
:106DA000FBF75ABF08B50020FCF736FC00F00100E5
:106DB00008BD00BF08B5FCF753FC40F6B83003F03F
:106DC000A3FCFCF74DFCFFF7EDFF00B908BDFFF792
:106DD000E7FFBDE8084001F057BF00BF08B5FFF767
:106DE000E9FF08BD0120704708B5FFF7FBFF08BDAC
:106DF0000E4B0F4A1B6910B50E4C6FEA133394F813
:106E000000C003F001018C4582B00B46117000D127
:106E100048B100200193FAF795F90198FFF7E4FFD4
:106E2000034A1378237002B010BD00BF0004024073
:106E3000D86D0020D46D002008B5054820224FF4FD
:106E4000805105F007FDBDE808400120FFF7D0BFE5
:106E5000000402400E4B0F4A186992F800C010B5AA
:106E60006FEA103000F001010B4C8C4582B02170AC
:106E700001D102B010BD00200191FAF763F9019829
:106E8000FFF7B2FF2378034A137002B010BD00BFB2
:106E900000040240D46D0020D86D002010B50446D7
:106EA00082B000680DF10702012100F00BF92368A0
:106EB0009DF807000133236002B010BD0420704725
:106EC00000F082B800F0A2B82DE9F84300F078F89D
:106ED0004FF000095FFA89F74FF000085FFA88F673
:106EE0000024E2B231463846FAF7CEF9E2B2034660
:106EF00031463846013400F089F8102CF1D108F100
:106F00000108B8F1060FE9D109F10109B9F1040F3F
:106F1000E0D1BDE8F88300BF00F09AB800F0B4B843
:106F2000032803D8052901D80F2A01D9002070476A
:106F300000F04AB81020704708B500F0BFF880B2E2
:106F400008BD00BF00F0BEB800F0DEB808B500F024
:106F500039F8BDE8084000F0FBB800BF0F2800D9A1
:106F6000704770B582B0054600F0A8F8012101AA6B
:106F7000013800F0A7F89DF80440D4B900F09EF85D
:106F80000646C5B1A64201AA4FF00101204610D025
:106F900000F098F89DF804306A1E0134002BF1D1FE
:106FA00012F0FF05EED105480194002201A900F07E
:106FB000C1FE02B070BD2C46F5E700BF9D6E010812
:106FC000704700BF704700BF03281CD805291AD896
:106FD0000F2A18D810B5520002EB41124FF0C0032F
:106FE00082B010FB032303F62E500193FCF78AFBBB
:106FF000019B044603F62F50FCF784FB40EA042073
:1070000080B202B010BD0020704700BF03281DD819
:1070100005291BD80F2A19D800B5520002EB4112DE
:107020004FF0C00183B010FB012202F62E50190A66
:1070300000920193FCF7BCFB009A9DF8041002F645
:107040002F5003B05DF804EBFCF7B2BB704700BFF4
:10705000C1B1F8B500F62E5714465618851ABF1A56
:1070600004E0002004F8010BB4420AD06319B3F520
:10707000407FF6D2E019FCF745FB04F8010BB4425F
:10708000F4D1F8BD704700BFB1B1F8B500F62E5786
:1070900014465618851ABF1A02E00134B4420AD0C9
:1070A0006319B3F5407FF8D22178E0190134FCF779
:1070B0007FFBB442F4D1F8BD704700BF40F2D270FC
:1070C000704700BFF1B12DE9F84300F581560E3647
:1070D0000024814688461546B61A234640F2D177E9
:1070E00007E000200134A4B2444505F8010B234613
:1070F00006D24B44BB42F4D8A819FCF703FBF1E7D6
:10710000BDE8F883704700BF09B32DE9F84300F5E7
:10711000815808F10E08002407460E461546A8EBD4
:107120000208234640F2D17906E00134A4B2B44209
:1071300005F10105234608D23B444B45F5D8297893
:1071400005EB0800FCF734FBEFE7BDE8F883704778
:10715000F0B5002385B0CDE90033CDE902337E27B9
:1071600040F2D27641F22E05102E344628BF10246C
:10717000294622466846FCF7FFFA013F2544A6EB64
:107180000406F1D105B0F0BD47F61643984201D090
:107190000120704700B583B00191FBF7C1FB019955
:1071A0004B7983B100F0AA0000280B4B13BF0122DA
:1071B0000022292035201A7001F060FBFBF7A2FCA9
:1071C000002003B000BD044B1B78002B0CBF29200E
:1071D000352001F071FBF1E7D96D00204B7933B117
:1071E000A0F5E04291B2222904D918467047012344
:1071F0001846704700B583B094480192FBF73EFDF6
:10720000019A501E212800F21A81DFE810F01201C5
:1072100008010201FC00F600F000EA00E400DE00D4
:10722000D800CE00C800C200BC00B600AC00A4006C
:107230009C0090008A008400770071006B0065005C
:107240005F00590053004800440040003A003400F9
:1072500022007E494B78C3F3C00282F0010262F340
:10726000C3034B707948FBF70BFDFAF731FE00239F
:10727000184603B000BD754A537823F008035370D5
:10728000F0E7724A537843F008035370EAE70020AE
:10729000FBF7FCFCE6E70120FBF7F8FCE2E76B49B3
:1072A0004B78DA4302F0010262F3000362F3410318
:1072B0004B70D7E7654A537823F003035370D1E747
:1072C000624A537843F003035370CBE75F4A537825
:1072D00023F002035370C5E75C4A537843F002037E
:1072E0005370BFE7594A537823F001035370B9E74D
:1072F000564A537843F001035370B3E753490B7870
:10730000C3F3800282F00102D2B262F3820362F31D
:10731000C3030B70A6E74D4A137823F00C031370D8
:10732000A0E74A4A137843F00C0313709AE7FAF780
:10733000CFFD46490B78C3F3C01282F0010262F31D
:10734000C7130B708EE7FAF7C3FD404A137823F09A
:107350008003137086E7FAF7BBFD3C4A137843F0CD
:10736000800313707EE739490B78C3F3801282F0F3
:10737000010262F386130B7074E7344A137823F02A
:10738000400313706EE7314A137843F040031370E3
:1073900068E72E4A137823F02003137062E72B4A24
:1073A000137843F0200313705CE728490B78C3F38C
:1073B000001282F0010262F304130B7052E7234AB9
:1073C000137843F0100313704CE7204A137823F02E
:1073D0001003137046E71D4A137823F00803137057
:1073E00040E71A4A137843F0080313703AE7174A44
:1073F000137823F00403137034E7144A137843F02E
:10740000040313702EE7114A137843F0020313703C
:1074100028E70E4A137823F00203137022E70B4982
:107420000B78C3F3000282F0010262F300030B70D9
:1074300018E7064A137823F00103137012E7034A92
:10744000137843F0010313700CE700BF509900203C
:10745000184B1B78D90707D5174B187840007F28A1
:1074600009D850B9012070479A0708D5124B1878EF
:1074700080007F28F5D97F207047C0B270475B0736
:107480000AD40E4B1B785BB10D4A0B491278087871
:10749000934207D3C000E2E7074B1878C000DEE74D
:1074A0000820704710FB03F0C000B0FBF2F080B280
:1074B000D5E700BFE06D002047280020DF6D0020E9
:1074C00046280020144B1B78D90705D5134B187894
:1074D000800840B9012070479A0706D50F4B1878ED
:1074E00040080028F6D0C0B270475B0711D40C4B9F
:1074F0001B78002BEED00B4A08491278087893428B
:107500003CBF10FB03F0B0FBF2F07F28E1D97F20F5
:107510007047024B1878F8E7E06D00204328002000
:10752000DE6D00204228002008B5A0F1CD03122B0B
:1075300010D8DFE803F03A40454B1010101010103F
:107540001010181D23292E0A3400234A137843F003
:107550000203137008BD214AD138517801238340BA
:107560000B43537008BDFFF7ADFF1C4B187108BDEE
:10757000FFF7A8FF194B4042187108BDFFF7A2FFA3
:10758000164B4042587108BDFFF79CFF134B5871D2
:1075900008BD114A137843F00103137008BD0E4A69
:1075A000137843F00403137008BDFFF751FF0B4B32
:1075B0004042D87008BDFFF74BFF084BD87008BD9C
:1075C000FFF746FF054B4042987008BDFFF740FFAC
:1075D000024B987008BD00BFE06D0020E46D0020F4
:1075E0004D4BCD2893F9042093F9021037D0CE28C3
:1075F0000AD0CF281CD1002935DA0021997093F9DF
:10760000031049B16AB1704793F9030000282ADDDD
:107610000020D8700029F5D1404900200870002AC8
:10762000F1D193F90530002BEDD13D4A137070472D
:10763000D0283AD0D9281DD0DA2831D0DB2826D05E
:10764000DC2842D0D1380E280DD8DFE800F03333E3
:107650003333333333330C0C0C0C594E430093F952
:1076600003000028D4DB0029CCD193F903100029B2
:10767000C8D1D1E7002AF6DD00221A710029D0D145
:1076800093F90320002ACCD1244A1170C9E793F959
:1076900005000028E7DA002058710029B2D1E4E79C
:1076A000002AE9DB0029ADD1DFE70029A5DC0029AC
:1076B000A8D1DAE74FF0010C0CFA00FC587820EA68
:1076C0000C00587000299DD1CFE793F905000028E0
:1076D000E1DCC8E7DFF84CC09CF8000020F00400B3
:1076E0008CF8000000298DD1BFE7DFF838C09CF886
:1076F000000020F002008CF80000002982D1B4E7DD
:10770000DFF820C09CF8000020F001008CF8000099
:1077100000297FF477AFA8E7E46D0020DF6D00203B
:10772000DE6D0020E06D002008B501F07BFA094B0A
:107730009A78D9780A431CBF074A10801A795B7976
:107740001A431CBF054B1880BDE80840014800F0F3
:1077500035BF00BFE46D0020DC6D0020DA6D002035
:1077600030B5B14C94E80300030E85B043EA1043F2
:1077700000225BB20290ADF80C106280A28063B16F
:10778000AA4B188801F0AEF9A9490B78002B68D0F4
:10779000A84A1278904200F3CD809DF80C309DF8F5
:1077A0000D2013430BD0A44B188801F09BF9A3497B
:1077B0000B78CBB1A24A1278904200F3BE809A486F
:1077C00002A901F0D7F838B9A378E17822790B4300
:1077D00013436279134301D0FFF7A6FFDDE90201ED
:1077E0002060A18005B030BD964A127802EB82027B
:1077F000B0EB420FE3DD01330B709DF90C209DF9D6
:107800000D30002A7FD000930192FFF75BFE019AB2
:10781000009B002A40F3958041B22171002B40F07B
:10782000958094F905C0BCF1000FC8D000EB40036F
:10783000C3EB031300EB830380331A120CEB4C03EE
:10784000C3EB03130CEB830003B2002B227180F215
:107850009A80803B1BB2002BB8BFFF331B126371B1
:10786000ADE7794A127802EB8202B0EB420F94DD69
:1078700001330B709DF90A309DF90B503BB3009317
:10788000FFF7E6FD009B002B40F3948042B2A2700C
:10789000002D40F0A68094F90330002B3FF47DAF1B
:1078A00000EB4002C2EB021200EB8202803203EBDB
:1078B0004301C1EB011103EB810319B2121200293C
:1078C000A270C0F2058180331B12E37065E794F962
:1078D0000220002D65D00092FFF7BAFD4142CBB2E5
:1078E000002DC8BF0346009A5BB2E370002A3FF444
:1078F00054AF02EB4201C1EB011102EB810211B264
:10790000002967DBD2E794F90410002B3FD0CDE9C2
:107910000013FFF7D7FD019B00994242D2B2002B22
:10792000C8BF02464FFA82FC84F805C000293FF424
:1079300046AFAAE0FF2B9DD09AE7FF2B3FF45DAF47
:1079400059E7404241B22171002B59D00191009377
:10795000FFF7B8FD009B0199002B40F3938001EBEA
:107960004103C3EB031301EB83031AB2002A40B2B5
:10797000C0F2B58000EB400280331B12C2EB021252
:10798000237100EB820080300312637117E7002936
:107990003FF415AF94F905C0BCF1000F3FF40FAFF1
:1079A00073E0002A3FF4F9AE94F90330002B3FF462
:1079B000F4AE9EE7404242B2A270002D46D194F947
:1079C0000330002B3FF4E9AE02EB4201C1EB0111A1
:1079D00002EB810180390AB2002ABFF668AFFF329C
:1079E00065E70092FFF734FD002D009A014657DD50
:1079F00002EB4201C1EB011143B202EB810255E7F8
:107A000094F905C0BCF1000F3FF4D9AE01EB41027F
:107A1000C2EB021201EB8202803A12B2002AB8BF16
:107A2000FF3212120AE700BFE46D0020DC6D002077
:107A3000DF6D002048280020DA6D0020DE6D002078
:107A40004428002045280020492800200092FFF704
:107A5000FFFC002D009A014622DD02EB4203C3EB3E
:107A6000031302EB8303803B1BB2002B41B2B8BF70
:107A7000FF3301EB41021B12C2EB0212A37001EBB8
:107A8000820320E740424FFA80FC01EB4103C3EB45
:107A9000031301EB83031AB2002ABFF6CDAEBBE796
:107AA00002EB4203C3EB031302EB83031AB2494216
:107AB000002A49B221DA803A12B2002A01EB4103CE
:107AC000B8BFFF321212C3EB0313A27001EB8301A4
:107AD00080390BB2002BBFF6F7AEFF33F4E6803AE5
:107AE00012B2002A00EB4003B8BFFF321212C3EB00
:107AF0000313227100EB830045E701EB4102803361
:107B00001B12C2EB0212A37001EB8201E0E700BF7F
:107B100010B40648064C0749074A00232370037037
:107B20000B7010BC13609380704700BFDE6D0020A7
:107B3000DF6D0020E06D0020E46D00202DE9F041B4
:107B4000C308774A774ED55C774C00F00702305C6B
:107B5000E45C07467548C35C13411441154113F0BA
:107B6000010382B00E4604F0010405F0010543D183
:107B7000BCB93846F9F738FE002E50D06C4B40F2B5
:107B8000E7302146E6FB03014FF47A720023F0F759
:107B9000E3FA804602F0B8FD002D70D102B0BDE8D6
:107BA000F081E6200193F9F737FD002E72D0019B9A
:107BB0005F4A40F2E730E6FB020319464FF47A725F
:107BC0000023F0F7C9FA04468046F6F727FE204660
:107BD00002F09AFD31463846F9F706FE204602F0DB
:107BE00093FDE620F9F7C2FDF6F718FE204602F0F5
:107BF0008BFD002DD2D042E0E120F9F70DFDE6B972
:107C0000012002F081FD002C73D121463846F9F79E
:107C1000EBFD012002F078FDE120F9F7A7FD01203E
:107C200002F072FD002DB9D02C20F9F705FE0120DD
:107C300002B0BDE8F04102F067BDF6F7EFFD3C4B46
:107C400040F2E7300021E6FB03014FF47A72002393
:107C5000F0F782FA804602F057FD7CBB3146384689
:107C6000F9F7C2FD404602F04FFDE120F9F77EFD35
:107C7000F6F7D4FD404602F047FD002D8ED02C20B3
:107C8000F9F7DAFDF6F7CAFD404602B0BDE8F0416B
:107C900002F03ABD012002F037FD31463846F9F7CF
:107CA000A3FD012002F030FDE620F9F75FFD012081
:107CB00002F02AFD002D3FF471AFB5E7E620F9F799
:107CC000ABFCF6F7ABFD404602F01EFD31463846F0
:107CD000F9F78AFD404602F017FDE620F9F746FD68
:107CE000F6F79CFD404602F00FFDE120F9F73EFD5E
:107CF000BEE7E620F9F790FC012002F005FD3146D1
:107D00003846F9F771FD012002F0FEFCE620F9F794
:107D10002DFD012002F0F8FCE120F9F727FD7EE7B8
:107D2000B8FF010838FF0108C8FF0108D8FF0108A3
:107D3000A08601002DE9F0479046434ADFF80C91F8
:107D400040F2E7330E460021E8FB023107464FF4CC
:107D50007A7218460023F0F7FFF982463046B8479A
:107D6000002838D0012860D13046B847431E044669
:107D7000032B26D8DFE803F04F4031023046B847E6
:107D800019F800305B07044659D500253046B8473E
:107D900019F80010303C05EB850511F0040104EBE7
:107DA00045050446F2D1002D49D0274B40F2E7307B
:107DB000C5FB03014FF47A720023F0F7CDF902F00E
:107DC000A3FCF6F72BFDB8F1000F32D0504602F0BD
:107DD0009BFC002CC2D1BDE8F0873046B847F9F7CC
:107DE000C5FCF6F71BFDF6F719FDB8F1000F0ED034
:107DF000504602F089FCB1E73046B847F9F70CFC71
:107E0000F6F70CFDF6F70AFDB8F1000FF0D10120EE
:107E100002F07AFCA2E73046B847F9F70DFDF6F715
:107E2000FDFCB8F1000FF2D0E2E74146FFF786FE15
:107E300094E7012002F068FC002C8FD1CBE70120F1
:107E400002F062FCBDE700BFA0860100F005020859
:107E500010B5417984B09DF8184051B93A49097874
:107E6000914227D002F12003DBB2072B18D904B0CE
:107E700010BD354B01921A7000F0D4FE019A3349BF
:107E800002F12003DBB2072B0880F0D802F00702D2
:107E900001209040C0B204B0BDE81040F9F7D4BC56
:107EA00002F0070201209040C0B204B0BDE81040CB
:107EB000F9F7D4BC2548019200880393029100F0A1
:107EC00011FEC728019ACDD8039B029903F1200225
:107ED0009942D2B20CD001F12000C0B2072827D9B4
:107EE000072A15D9204604B0BDE81040F9F7A4BC14
:107EF000204602910192F9F79FFC019A0299072A04
:107F0000B5D801F0070101238B40DBB21846CCE75E
:107F1000012203F0070302FA03F3DBB218460193D0
:107F2000F9F792FC2046F9F787FC019B1846BCE75D
:107F300001F0070101208840C0B202930192F9F7D5
:107F40008DFC029B019ACBE7EC6D0020EA6D0020CE
:107F500000B5A0F5F843183B83B00846062B46D879
:107F6000DFE803F00F18212A333C04002823009394
:107F7000E522012347F61E41FFF76AFF002003B008
:107F800000BD26230093E022E12347F61841FFF7C6
:107F90005FFFF3E727230093E422E52347F6194127
:107FA000FFF756FFEAE72622E123009247F61A413F
:107FB0001A46FFF74DFFE1E72722E523009247F637
:107FC0001B411A46FFF744FFD8E726230093E2221D
:107FD000E12347F61C41FFF73BFFCFE72723009340
:107FE000E622E52347F61D41FFF732FFC6E74B794E
:107FF00013B1024B00221A700120C0E7EC6D002083
:1080000010B547F67743984282B00DD047F67843D3
:10801000984202D0012002B010BD4B79FBB100F0B4
:1080200027F8FAF717F805E04B799BB900F01AF832
:10803000FAF720F800F016F8044600F019F801905D
:1080400000F01CF8019902462046FAF7B3F9002027
:1080500002B010BD00F006F8F9F7FCFFEAE700F007
:1080600007F8E5E7014B1878704700BF4C2800205F
:10807000014B1878704700BF4B280020014B18783F
:10808000704700BF4A28002000B583B00DF10702F9
:108090000DF106010DF1050000F00EFA9DF8053016
:1080A000262B02D0002003B000BD9DF80630082B1F
:1080B000F8D19DF80700A0F10300B0FA80F0400964
:1080C00003B000BD704700BF704700BF08B500F0A7
:1080D000F1F9FF221146104600F00CFA0020FFF7DC
:1080E000F3FF002000F022FAFEF7EEFEFEF72EFF6F
:1080F000BDE8084003220821262000F0FBB900BF9C
:1081000000B583B0FFF7DEFF00F00AFAFFF7DCFFEF
:108110000DF107020DF106010DF1050000F0CCF99B
:108120009DF80530262B18D000F0C4F9FF22114627
:10813000104600F0DFF90020FFF7C6FF002000F036
:10814000F5F9FEF7C1FEFEF701FF03220821262004
:1081500003B05DF804EB00F0CDB99DF80630082BB4
:10816000E2D19DF80730032BDED103B000BD00BF84
:10817000FDF7BABF08B54B792BB1A0F5EE427F2AC7
:1081800004D9184608BD0123184608BDC0B2FEF741
:10819000E5FE0023184608BDFF230370704700BFAB
:1081A00010B50378013B0446032B06D8DFE803F043
:1081B000150D0206FEF76CF9607010BDFEF77CF835
:1081C0006070FEF77FF8A07010BDFDF7E1FF00289A
:1081D000F2D0FDF7FFFF6070EFE7FEF779F860700F
:1081E00010BD00BF38B51C49037804460122087849
:1081F0009A400243013B0A70032B2CD8DFE803F0BE
:1082000018120D026578A478FEF762F8214602463E
:108210002846BDE83840FEF72BB86078BDE8384006
:10822000FEF72EB963787BB9BDE83840FDF7A0BFF3
:10823000FEF742F80546FEF745F862780146284603
:10824000BDE83840FEF714B8FDF756FF6078BDE88A
:108250003840FDF7A5BF38BDED6D002008B51B4ABD
:108260001378022B08D0042B0FD0102B16D0082B1C
:1082700022D00023137008BD154B1A20D978FBF7C4
:108280006FFA124A1378042BEFD1114B172019788B
:10829000FBF766FA0D4A1378102BE8D10C4B182027
:1082A0005978FBF75DFA0A4B19209978FBF758FAD1
:1082B000064A1378082BDCD1054B1B201979FBF7F4
:1082C0004FFA024A0023137008BD00BFED6D002075
:1082D0007099002008B54378032B02D0FFF75CFFAC
:1082E00008BD034613F8022B082A08D0092A0ED02D
:1082F000072A09D11846BDE80840FFF773BF1846A2
:10830000BDE80840FFF74CBFFF23037008BDBDE880
:108310000840FFF7A3BF00BF70B582B006460C4609
:108320001546F4F705F9B0B92378013B122B0BD8A9
:10833000DFE803F018271D2F46381313130A0A52DB
:108340007E73686561563B00FF2323702A462146F1
:108350003046F4F7EFF802B070BD29462046FFF72B
:10836000B9FFF3E700220C236270A370EEE7637895
:10837000022B00F08C80052BE6D1A078FFF7F8FEE9
:10838000E4E76378013B032BDED8DFE803F07D737D
:108390005D57E278A1786078FEF792FD030A2371B9
:1083A0006071D3E7FEF790FDD0E76078A378E178BD
:1083B00040EA032040BA221D80B2FEF7AFFDC5E7B8
:1083C00062792379A178607843EA02235BBAE27884
:1083D0009BB2FEF777FDB9E7FEF7ACFD6070B5E73D
:1083E0006078A378E17840EA032040BA221D80B289
:1083F000FEF792FDAAE7FEF761FD6070A6E7FEF7C3
:10840000A5FDA3E76078A378E17840EA032040BAAD
:10841000221D80B2FEF798FD98E76078A378E17896
:1084200040EA032040BA221D80B2FEF78BFD8DE7A3
:10843000FEF782FD030A6370A07087E70023A37034
:10844000E3702371637181E7A378052B3FF67EAF5C
:108450002246D8B201920093FBF7DEF8009B019A06
:1084600001331071062B4FEA1020D07002F1020286
:10847000EFD16BE700F054F8030EA370030CE37028
:10848000030A2371607161E700F092FBF4E7E3787F
:10849000A07840EA0320237940EA0340637940EA68
:1084A000036000BA0090FFF70FFE009800F03EF85E
:1084B0004CE700BF704700BF10B5144682B040B112
:1084C000019040F62A500091FBF71CF9019B00999E
:1084D000187031B140F62B500091FBF713F9009959
:1084E000087024B140F62C50FBF70CF9207002B054
:1084F00010BD00BF10B582B00C46014640F62A50B0
:108500000192FBF755F9214640F62B50FBF750F945
:10851000019940F62C5002B0BDE81040FBF748B975
:1085200008B540F62D50FBF7EDF808BDC1B240F696
:108530002D50FBF73DB900BF014B1860704700BFDD
:10854000F46D0020014B1868704700BFF46D0020E7
:1085500008B500F089FAA0F10100B0FA80F04009F6
:1085600008BD00BF034B1B6813B11B6803B118475C
:1085700018467047F46D002008B5034B186810B119
:10858000006800B1804708BDF46D0020044B1B68F3
:1085900023B15B6813B1012101701847704700BF18
:1085A000F46D0020044B1B6823B19B6813B10621B6
:1085B00001701847704700BFF46D0020044B1B6822
:1085C00023B1DB6813B1022101701847704700BF67
:1085D000F46D00200C4B1A88824213D00B4A18808D
:1085E00013687BB11B696BB100B583B0020A03212C
:1085F0008DF805008DF804108DF8062001A8984725
:1086000003B000BD704700BFF06D0020F46D002086
:108610000C4B1A88824214D00B4A1880136883B11D
:108620001B6973B100B583B00421020A8DF80500FF
:108630008DF804108DF806200DEB0100984703B06B
:1086400000BD7047EE6D0020F46D0020154B1B68D7
:1086500033B300B5014687B0CA884088B1F804C07A
:108660008DF80D008DF80F2008894A898DF80EC00D
:108670004FF0070EB1F80CC08DF810008DF81120E6
:108680000DF1130002228DF80CE08DF812C0019359
:1086900006F0C4F9019B03A85B69984707B000BDC9
:1086A000704700BFF46D0020034B1B6813B1DB69FA
:1086B00003B11847704700BFF46D0020094B1B68D9
:1086C00073B100B583B0811C0C220748019306F0FA
:1086D000A5F9019B05489B6903B05DF804EB1847B9
:1086E000704700BFF46D0020522800205028002061
:1086F000034A044B10781B781844C0B2704700BF7F
:108700009D5200209C52002008B90020704700B5FF
:1087100083B00190FFF71CFF019A10B10F4B1B783B
:1087200063B90F4B1868831C083013F8011F91427E
:1087300011D08342F9D1002003B000BDEF2AF0D858
:10874000084B1B6803EBD20302F007019B780B4137
:10875000DB07E6D5F0E7012003B000BD9C52002006
:108760000C2800200828002090F803C08C452DD04C
:10877000002300B5C21C9E46BCF1000F0DD0013392
:10878000062B4FFA83FE03D012F801CF6145F3D1D7
:1087900000BD12F802CF8C45FAD0052B03F102037D
:1087A00005D092F801C08C45F2D0062BF1D1DFF84C
:1087B00024C0074A9CF8003043F001038CF80030D5
:1087C000137870440133C170137000BD704700BF4F
:1087D0009D5200204F990020EF290CD800EBD100CA
:1087E00001F00701837843FA01F2D20704D5012290
:1087F0008A40134383707047DFF81CC09CF8002048
:1088000042F002028CF80020DFF810C09CF8002033
:1088100001328CF80020EAE74F9900209C5200209A
:10882000EF2922D800EBD1034FF0010C9A7801F028
:1088300007010CFA01F042FA01F122EA000211EA02
:108840000C0014D000B5DFF82CE09A709EF80010F0
:108850006046DFF824C041F002018EF800109CF859
:10886000001001398CF8001000BD002070479A708C
:10887000704700BF4F9900209C52002010B504465D
:10888000FFF766FE18B1094B1B78062B06D0084B84
:1088900021461868BDE81040FFF766BF054B21462A
:1088A0001868BDE81040FFF797BF00BF9D52002039
:1088B0000C28002008280020F8B50446FFF748FEE1
:1088C00010B1154B1B78F3B9144B154F154E1868A2
:1088D00097F800C031784FF0000E831C75460830C1
:1088E00013F8012FA24205D11D704CF0010C013983
:1088F0004FF0010E8342F3D1BEF1000F02D087F892
:1089000000C03170F8BD084B21461868FFF788FF9A
:108910000028D9D0F8BD00BF9C5200200C280020B0
:108920004F9900209D5200200828002038B5FFF7FD
:108930000FFE0D4D2C7860B90C4B1B68002244F0E3
:108940000104DA701A715A719A71DA711A722C7004
:1089500038BD074B18681E220021023006F012F8BD
:1089600044F00204E8E700BF4F9900200C280020E3
:108970000828002042784B789A4201D001207047A5
:1089800090F902301BB191F902209A42F6D190F988
:10899000033083B990F905301BB191F905209A4253
:1089A000ECD190F904000028E9D091F90430181AAC
:1089B00018BF0120704791F903209A42DED1E9E700
:1089C00082B002B0704700BF00B583B0FFF7F8FF78
:1089D00003B000BD00B5044B013083B0D8701868F7
:1089E000FFF7F2FF03B000BD6428002000B5044B80
:1089F000032283B0DA701868FFF7E6FF03B000BD0A
:108A00006428002000B5044B013083B0D87018688A
:108A1000FFF7DAFF03B000BD6428002000B5044B67
:108A2000012283B0DA701868FFF7CEFF03B000BDF3
:108A30006428002000B5044B012283B0DA70186866
:108A4000FFF7C2FF03B000BD6428002000B5003866
:108A5000044B18BF012083B098701868FFF7B4FF6B
:108A600003B000BD64280020014B9878704700BF18
:108A70006428002000B5044B83B058701868FFF7D5
:108A8000A3FF03B000BD00BF64280020014B58784D
:108A9000704700BF6428002000B5044B83B01870F5
:108AA0001868FFF791FF03B000BD00BF64280020E5
:108AB000704700BF704700BF704700BF704700BFDE
:108AC00010B5FFF7F5FFFAF7CBFDFFF7F3FF002432
:108AD000E0B2FAF7A1FD18B90134062CF8D110BDA7
:108AE000012010BD10B5044600F09CF8001B80B2B8
:108AF00010BD00BF10B5044600F05AF8001B10BDB1
:108B000084B00023CDE90033CDE90233084AD2F81E
:108B1000101AD2F8143AD2F8182A0292CDE90013AA
:108B200084469DE80F008CE80F00604604B0704753
:108B30000070FF1F08B501F06DFFBDE8084001F0AF
:108B4000E3BA00BF08B5F8F7CDFCBDE8084040F235
:108B5000A46001F0D9BD00BF08B5F9F70FFFF9F720
:108B600045FFFFF7E3FEFEF7D3FF0020FFF732FDDE
:108B70000020FFF74DFDBDE80840F8F7C1BC00BF7D
:108B800008B5302383F3118801F05EFFDFF81CC0C5
:108B90000449054ACCF8000000230B60136083F3FE
:108BA000118808BDFC6D0020F86D0020006E0020CB
:108BB00070B501F0CFFA064601F046FFDFF860C05D
:108BC000134ADCF800301349C41A10680D68A0423B
:108BD0000ED905F12375A3F5833305F55635E03B32
:108BE00005F5C47504F58334CCF80030E0340D602D
:108BF0003046146001F0B8FA0748084A4FF47A7317
:108C00000021E4FB03010023EFF7A6FA284470BD1E
:108C1000FC6D0020F86D00209F860100A0860100F9
:108C2000006E002008B5FFF7C3FF80B208BD00BF8B
:108C3000BFF34F8F0549064BCA6802F4E062134345
:108C4000CB60BFF34F8F00BFFDE700BF00ED00E03A
:108C50000400FA05014B024A1A607047FCFF00202D
:108C6000EFBEADDE034A044B1068C01AB0FA80F0C4
:108C700040097047FCFF0020EFBEADDE014B002233
:108C80001A607047FCFF002008B5FFF7E3FFFFF70D
:108C9000CFFF00BF08B5FFF7CBFF00BF08B5FFF758
:108CA000E1FF00B908BDFFF7E9FF72B6BFF34F8FD0
:108CB000BFF36F8F15494A6A22F480324A62D1F8B5
:108CC00094C04FF0E02000232CF0010CC1F894C0B8
:108CD0001A4603614FF0FF3183614361930003F152
:108CE000604303F561430132082AC3F88010C3F8DA
:108CF0008011F3D1002383F31488054B1A6882F3A3
:108D0000088862B65B689847FEE700BF00ED00E0A8
:108D10000000FF1F184B10B51C7804B110BD0121D5
:108D2000197016482246202103F094FD134822466C
:108D3000802103F08FFD22464021104803F08AFD78
:108D40004FF47A7001F0E0FC0C4840F29A222021A6
:108D500003F080FD094840F29A22802103F07AFD59
:108D6000064840F29A22402103F074FD044802F0C4
:108D700053F9044B1C7010BD046E0020000002402B
:108D8000049C0020206E002010B504464F4802F0DD
:108D9000ABF9DFF840E19EF800309BBB21684B1C2B
:108DA00030D0E288022A4FF0020306D95B009BB262
:108DB0009A42FBD89A1EFE2A24D82279DFF810C1E5
:108DC000D201ACF814206079022846D0032871D073
:108DD000012847D0202B1AD8032B25D9043B1C2B64
:108DE00022D8DFE803F04B21212159212121212123
:108DF0002121522121212121212121212121212132
:108E000021216000314802F073F9002010BD802B51
:108E10002DD0B3F5807F52D0402B05D1BCF8143053
:108E200043F02803ACF81430012421F00F0001F0C6
:108E30000F01CCF81010224604FA01F1CCF80C0016
:108E40008EF8004003F006FD2149204802F0D2F8D8
:108E50001E4802F0F3F8204610BD42F00202ACF8C2
:108E60001420B7E742F00102ACF81420B2E7BCF8D6
:108E7000143043F03003ACF81430D5E7BCF81430AC
:108E800043F00803ACF81430CEE7BCF8143043F0DC
:108E90001803ACF81430C7E7BCF8143043F01003E3
:108EA000ACF81430C0E7BCF8143043F02003ACF841
:108EB0001430B9E742F00302ACF814208AE7BCF89A
:108EC000143043F03803ACF81430ADE7049C0020B4
:108ED000086E0020206E002000B585B04FF0010C18
:108EE000019001A88DF808108DF80920ADF80A301E
:108EF000CDF80CC0FFF748FF05B000BD08B502462D
:108F0000024802F0D5F8002008BD00BF049C0020F4
:108F100008B50B4B1A7822B9BDE80840094802F0A1
:108F2000E7B8084802F098F8064802F075F8044BD4
:108F3000044800221A70BDE8084002F0D9B800BF0A
:108F4000206E0020049C0020704700BF70B590F890
:108F5000443003F07F02212A05464DD003F09F02E2
:108F6000812A2DD0C02B0ED0514C04F5FC76D4F8BC
:108F70009C30284613B1984700283BD1A834B4420E
:108F8000F5D1002070BD95F84530042BECD195F853
:108F90004910686895F84830446895F8472043EAD6
:108FA0000123284695F84610A0470028E9D04268DA
:108FB000002AE6D00368002BE3D0AA63002417E060
:108FC00090F84520062ACDD195F84910686895F8A3
:108FD0004830446895F8472043EA0123284695F82D
:108FE0004610A0470028CCD042680368AA6300243A
:108FF000EB632C64012070BD1A0614D590F845204F
:10900000022A30D0032A3FD0012A30D00A2A32D097
:109010000B2A1CD0092A0ED003F09F03812BA3D169
:10902000062AD1D0A0E790F845300A2B23D00B2B8D
:109030000DD0092B98D195F8483095F8492053EA7E
:10904000022391D11B4BAB631B4C0223D0E795F855
:10905000483095F8492053EA022324D000221346D1
:10906000AA631446C4E7BDE8704000F0BFBFBDE886
:10907000704000F06DBE95F84700FFF70DFD2846E3
:10908000BDE8704000F0E2BF90F8483090F8492009
:1090900053EA02247FF468AFFFF7E6FC074BAB63AB
:1090A00018700123A4E795F84600FFF7CFFCD5E739
:1090B000C42A0020306E0020359101082C6E00205B
:1090C00030B51B4C90F84450002383B0636090F897
:1090D000473090F846C090F848E090F84A204CEAB3
:1090E000032C90F849304EEA032E90F84B3042EAB8
:1090F000032205F0E003C02B0DD0231D714660460E
:1091000000F07CFA63680A4A2060002B0CBF184606
:10911000104603B030BD009290F8451005F01F00D6
:10912000251D73466246019500F022FBEAE700BF69
:10913000246E002090F84A3090F84B10074A43EA1A
:109140000123022B107807D1012802D0062800D075
:1091500070475078FFF78EBCFFF78CBC306E002054
:1091600010B505292AD8DFE801F003294F03032AA7
:109170004348444B027893F800C0531C03F00F039C
:109180009C4504D0DFF814C103700CF802103023A2
:1091900083F3118800296ED03B4800F0B7FB3B48B1
:1091A00000F0B4FB3A4800F0B1FB3A4800F0C2FBD3
:1091B000394800F0BFFB002383F3118810BD302332
:1091C00083F31188304800F0C5FB304800F0C2FB43
:1091D0002F4800F0BFFB2F4800F0C0FB2E4800F0E6
:1091E000BDFB002383F31188254A264B117818789C
:1091F0004B1C03F00F039842E0D0284813704FF047
:10920000050C00F801C010BD302383F311881E48FF
:1092100000F0A8FB1D4800F0A5FB1D4800F0A2FBD4
:109220001C4800F0AFFB1C4800F0ACFB002383F3AC
:1092300011881B4B124913481B780A7800785BB9D8
:10924000531C03F00F039842B8D014480B704FF032
:10925000020C00F802C010BD531C03F00F0C604557
:10926000ACD00E4C81F800C04FF0050C04F802C0E1
:1092700003F00F02E4E70120FFF7E8FB8CE700BFF3
:10928000149A0020159A0020C42A00206C2B00207C
:10929000142C0020B0290020382A0020049A002035
:1092A000326E002008B510220021044805F06AFB48
:1092B0000349044A00230B70137008BD049A002070
:1092C000149A0020159A00202DE9F041DFF8C8809B
:1092D0002D4D2E4E2E4F2F4C287898F8003000211F
:1092E00083424BD0F25C013303F00F030121052AC6
:1092F000F6D80FF2080C5CF822F000BF6D9301085D
:10930000E1920108599301084B9301083193010838
:1093100015930108002288F800302270FFF71CFC2A
:1093200097F84F10081E18BF0120FFF76BFBD3E71B
:1093300097F84F1088F80030081E4FF0010218BF50
:1093400001202270FFF752FBC6E70021084688F88B
:109350000030FFF73FFBBFE797F84F1088F8003069
:10936000081E18BF0120FFF735FBB5E788F800306D
:10937000FFF754FB0120FFF769FBADE709B188F85F
:109380000030BDE8F08100BF149A0020049A00204C
:10939000989B0020326E0020159A002070B5134C67
:1093A000064604F5FC75204600F05CFA2046A83419
:1093B00000F08CFAAC42F6D10D4800F071FA0C487E
:1093C00000F094FA0B4800F06BFA0A4800F08EFAAD
:1093D000304601F0B5FE41F2883001F095F9304693
:1093E0000549BDE8704001F095BE00BFC42A0020C9
:1093F000B0290020382A0020E8FF010800B5074BFB
:1094000083B04FF0A80C0CFB00300023009342F215
:10941000107300F07DFB03B000BD00BFC42A002024
:1094200010B582B00446FFF71FFB48B9009042F226
:1094300010730822611C084800F06AFB02B010BDDE
:1094400000230093092242F210732146024800F0E3
:109450005FFB02B010BD00BFC42A002000B583B07E
:10946000002301460093202242F21073024800F0CC
:109470004FFB03B000BD00BFC42A002000B583B07D
:10948000002301460093062242F21073024800F0C6
:109490003FFB03B000BD00BFC42A002000B583B06D
:1094A000002301460093032242F21073024800F0A9
:1094B0002FFB03B000BD00BFC42A002000B583B05D
:1094C000002301460093092242F21073024800F083
:1094D0001FFB03B000BD00BFC42A002000B583B04D
:1094E000002301460093142242F21073024800F058
:1094F0000FFB03B000BD00BF142C0020202900D0BA
:10950000704700B583B000230A460093014642F23B
:109510001073024800F0FCFA03B000BD6C2B002071
:1095200000B589B001E0FEF7F7FE0023202269466E
:10953000054800F067FB0346202269460020002B07
:10954000F1D109B000BD00BFB0290020FFF7A6BBD4
:10955000704700BF08B5FFF7F9FF04F0CDFFFFF734
:10956000F7FF08BD08B505F053F8F7F70DFE08BD85
:10957000FFF760BA08B5FFF795FE0448FFF70EFF46
:10958000BDE8084041F2883001F0BEB8989B002049
:109590000148FEF7D1BF00BF68280020FFF794BE46
:1095A00000F09ABC00B5124B85B0012268461A70D3
:1095B000FFF7A6FADFF840C00E4900230CF1020EB7
:1095C00004AA02EB630212F8102C100902F00F0239
:1095D000085C8A5C2CF813002EF813200233202B31
:1095E000EED140F242332CF8023C05B000BD00BF82
:1095F000336E0020F8FF0108366E002000B589B0F8
:109600004FF0000CADF81EC04FEA102C0CF1FF3CDF
:10961000BCF1210F12D8DFE80CF0294830111111EC
:10962000111111111111111111111111111111112A
:10963000111111111111111111113E1F4FF0000CD8
:10964000C3F800C00DF11E0CCDF800C0EFF746FFC7
:10965000BDF81E0009B000BD71B30129EED14FF075
:10966000220CADF81EC0DFF8D8C0E9E74FF0120CAD
:10967000ADF81EC0DFF8CCC0E2E710F0FC0F5FFAD7
:1096800080FC4BD10CF1FF3CBCF1020F50D8DFE85D
:109690000CF028212F00B1B10129CFD14FF0090CD6
:1096A000ADF81EC0DFF8A0C0CAE74FF06A0CADF8F5
:1096B0001EC0DFF898C0C3E74FF4987CADF81EC019
:1096C000DFF88CC0BCE74FF0090CADF81EC0DFF826
:1096D00084C0B5E74FF01E0CADF81EC0DFF878C0AF
:1096E000AEE74FF0120CADF81EC0DFF870C0A7E770
:1096F000DFF86CC09CF800C0BCF1000F07D10593E7
:10970000049203910290FFF74DFF02A80FC8DFF803
:1097100054C09CF800E0ADF81EE091E7BCF1EE0FFC
:109720008CD14FF0120CADF81EC0DFF83CC087E7BB
:109730004FF0040CADF81EC0DFF830C080E700BF6A
:109740006C000208580002086F29002044290020FC
:10975000900002085629002020000208400002085C
:10976000336E0020346E00200C0002085400020802
:1097700030B587B0BDF82840DDF82CC020B90429E9
:1097800014D08646054602E04FF0000E7546CCF830
:109790000050CDE9004C0DF116040294ADF816E02E
:1097A000EFF72EFFBDF8160007B030BD042B07D031
:1097B000052BE6D1002CE4D1034D4FF0280EE6E74F
:1097C000024D4FF0280EE2E7882800201C290020D7
:1097D000426BD2F888301978042907D192F88CC0EE
:1097E0001889012101FA0CF3034200D0704700B53B
:1097F00085B003A91046019201F00EFA844640B1EB
:10980000019A039B92F88C10D2F88800624601F00E
:1098100023FD05B000BD00BF436B1A6F117804290A
:1098200000D0704793F874C05089012101FA0CF2FE
:109830000242F6D100B583B01846019301F03EF91B
:10984000024660B1019BD3F81CC093F87410186FE6
:10985000ACF1040303B05DF804EB01F0E1BC03B02C
:1098600000BD00BF00B590F8843000F15C0285B007
:10987000C26413B100F170030365D0F89010DFF8F3
:109880001CC0D0F89430D0F898200290CDE9001C8C
:10989000012101F099F905B000BD00BFD197010881
:1098A00000B5816FDFF820C0D0F8802085B000F1CE
:1098B0005C03CDE9001C03650290C36F012101F038
:1098C000D9F805B000BD00BF19980108302383F313
:1098D0001188D0F8883090F88C1003EB81030022B7
:1098E000986180F8A02082F311887047302383F3B9
:1098F000118890F87430016F0933002241F8230079
:1099000080F8842082F31188704700BF012310B5CE
:109910006FF001010372044600F03AFF204601F0A7
:109920006DF9D4F8A43023B1BDE81040DA681868A6
:10993000104710BD00B5012383B06FF00101037221
:10994000019000F025FF019803B05DF804EB01F0F1
:10995000A9B800BF00230372704700BF0023037241
:10996000704700BF10B500F1380290F88C10044623
:10997000D0F8880001F00EFC204601F03FF90023EA
:10998000237210BD10B5044601F08CF80022236F3D
:1099900022721A78042A07D194F874005989012296
:1099A00002FA00F30B4200D010BD204601F086F809
:1099B00002460028F8D0E36994F87410206F043B45
:1099C000BDE8104001F02CBC00EB81039B69002B2B
:1099D0005AD070B5302284B00D46044682F3118807
:1099E00019695A690020914283F8A00048D004EB1D
:1099F0008502D2685269126882B903AE31461846B0
:109A000001F00AF938B30246039B2946204601F0CB
:109A100023FC002383F3118804B070BDD3F8A42085
:109A200003AE6AB103A91846019301F0F5F8019B52
:109A3000039A0146D3F8A400836800689847019B05
:109A40000193184601F0F8F8019B3146184601F0E1
:109A5000E3F80028D7D104EB8503DA681368022BFA
:109A6000D7D1536919680029D3D0138A013B0B4021
:109A7000CFD104F144022946204601F0EDFBC8E7AE
:109A8000DA68002AB3D0B8E7704700BF01F10903D4
:109A900050F82330002B39D000B5302283B082F348
:109AA000118800EB8100C2689269526802BB1A6F8C
:109AB0001178042917D193F874C05089012101FA53
:109AC0000CF202420FD11846019300F0F7FF024654
:109AD00048B1019BD3F81CC093F87410186FACF117
:109AE000040301F09DFB002383F3118803B000BD44
:109AF00093F874101A6F019302EB81021846D26832
:109B00009269516800F0E6FF019BD0E7704700BF03
:109B100070B582B04FF0300C9DF818508CF311885E
:109B2000D0F8884094F800C0BCF1040F04D00020A5
:109B300080F3118802B070BD90F8A0C0BCF1000F96
:109B400012D10E460446002181F311883146204689
:109B5000CDE9002301F084F8009A019B82420ED8DF
:109B600045B1012002B070BD01334FF0FF3318BF83
:109B70000023E6E7204601F0DBF80120F2E701923E
:109B80000093302181F3118894F8A010002808BFB9
:109B900041F00101012084F8A01020726FF0010152
:109BA000204600F0F5FD204601F028F80021217242
:109BB00000F018FD002181F31188009B019AC5E790
:109BC000302383F31188026943699A4204D000204C
:109BD000002383F311887047C36873B1D0F88830CD
:109BE00090F88C101A8901238B4013420CBF01207E
:109BF0000020002383F3118870471846002383F365
:109C00001188704710B54FF0300C82B08CF311887A
:109C1000046F94F800C0BCF1040F04D0002080F35E
:109C2000118802B010BD90F884C0BCF1000F04D0C0
:109C300001334FF0FF3318BF00230446002080F3A8
:109C400011882046019200F059FF019AB0FA80F382
:109C5000101AB0FA80F05B09400984F8843002B031
:109C600010BD00BF10B5046884B08CB1039202919E
:109C7000019000F0E9FE019B039A1B680299606065
:109C800003F108009A6404B0BDE8104004F0C6BEB9
:109C900004B010BD0168134631B18A6C9A64083172
:109CA00003F1080004F0BABE704700BF036863B157
:109CB00010B504469A6C03F10800002104F062FE1E
:109CC000236800221A605A6010BD70470B78082B79
:109CD0001AD830B550F8234085B09CB102920546A1
:109CE0000191039300F0B0FE039B029A55F82330D4
:109CF0000199606003F108009A6405B0BDE8304046
:109D000004F08CBE05B030BD704700BF0829134673
:109D100009D850F8211031B18A6C9A64083103F1E6
:109D2000080004F07BBE704770B5041F00F12006E8
:109D3000002554F8043F002103F108002BB19A6C70
:109D400004F020FE23681D605D60B442F1D170BD57
:109D500038B590F84830022B1ED890F846100829E4
:109D60001AD80F4AD35C022B16D80E4A4FF0A80C13
:109D70000CFB0323D3F8A42082B10546D2E90004EA
:109D8000094AA047084B00219C6CEC6303F10802D0
:109D90000120AA63296438BD002038BD104638BDB3
:109DA000C02A0020C42A002098710020016851B107
:109DB000054803784FEA820C002A18BF43F00103DC
:109DC000C1F800C003707047E4710020006810B152
:109DD0000068C0F387007047036823B310B53023D1
:109DE00082B083F31188036800211C685B6881F3EB
:109DF000118814B9002002B010BD019300F024FEB8
:109E0000019B0A4AC01A00214FF47A73E0FB032138
:109E100010460023064AEEF79FF984428CBF0020CB
:109E2000012002B010BD0020704700BF9F860100D6
:109E3000A08601004B1E072B0DD850F8211051B100
:109E4000054803784FEA820C002A18BF43F001034B
:109E5000C1F800C003707047E4710020082906D8DB
:109E600050F8210020B10068C0F38700704700203F
:109E7000704700BF082928D850F821302BB310B5FF
:109E8000302382B083F3118850F8213000211C6800
:109E90005B6881F3118814B9002002B010BD0193F2
:109EA00000F0D2FD019B0A4AC01A00214FF47A73D8
:109EB000E0FB032110460023064AEEF74DF98442E9
:109EC0008CBF0020012002B010BD0020704700BFF1
:109ED0009F860100A08601002DE9F84FDFF804817C
:109EE00098F80030002B76D03D4ED6F8A470002FA5
:109EF00073D0002401254FF0300AA1468AF311885F
:109F00007B693868E9B29847002818BF44F001041B
:109F100089F311883248FFF753FEB0B1BB69386846
:109F2000E9B2984788B18AF31188DFF8BCB0D7E965
:109F30000003E9B25A46984789F311880020DBF8FC
:109F400048200BF10801FFF759FA0135092DD5D149
:109F50004FF0000A4FF0300957460AF1010ABAF1F2
:109F6000030F06F1A80634D0D6F8A450002DF4D083
:109F700089F3118800216B6928689847002818BF69
:109F800044F0010487F311883046FFF719FE0021E1
:109F90000028E2D0AB69286898470028DDD089F313
:109FA0001188DFF844B0D5E900035A4600219847EC
:109FB00087F311885FFA8AF0DBF848200BF108017B
:109FC0000AF1010AFFF71AFABAF1030F06F1A8061F
:109FD000CAD188F80040BDE8F88F3C46B8E700BF1A
:109FE000C42A0020E47100204C71002090F8483011
:109FF000022B22D890F8461008291ED8104AD35CAC
:10A00000022B1AD80F4A4FF0A80C0CFB0323D3F8ED
:10A01000A42092B100B583B05369019010689847AD
:10A020000949019B087001224FF0000C104699630A
:10A03000DA63C3F840C003B000BD0020704700BF22
:10A04000C02A0020C42A00204871002090F848301F
:10A05000022B20D890F846C0BCF1080F1BD80F4A3D
:10A06000D35C022B17D80E4AA82101FB0323D3F897
:10A07000A41081B110B582B00C6990F8472001900E
:10A0800008686146A047019B002201209A63DA63B9
:10A090001A6402B010BD0020704700BFC02A002023
:10A0A000C42A0020704700BF704700BFFEE700BF12
:10A0B00070B5144D05F1800455F80C0C55F8081CCA
:10A0C00088420FD255F8102C0346043A52F8046F18
:10A0D00043F8046B8B42F9D30139091A21F00301CB
:10A0E0000430084455F8042C824207D9013A121A68
:10A0F00022F003020432002104F044FC1035A54292
:10A10000DAD170BDD001020838B5084C0123002512
:10A110002370656000F050FC0549064800F070FAB5
:10A120000223237085F3118838BD00BF189A0020E0
:10A1300040020208209A002072B60349034BC8650A
:10A1400003221A70FEE700BF209A0020189A002010
:10A1500000F016B9EFF3118020B9EFF30583302337
:10A1600083F31188704700BF38B9EFF30583C3F359
:10A1700008031BB180F311887047704700B583B0A6
:10A18000019300F02FFA019B83F3118803B000BD07
:10A19000034A516853685B1A9842FBD8704700BF66
:10A1A000001000E0024AD36A0343D362704700BF45
:10A1B000209A002070B5154E0D46022A82B0F56136
:10A1C000826038BF022214463269026006F1100133
:10A1D000416050603061281900F03AFC022600F01E
:10A1E00033FC421BA24209D2022E01D802B070BD3C
:10A1F000012002B0BDE87040FFF7D4BF741C01908D
:10A20000281900F033FC2646019DE8E7209A00203B
:10A2100070B584B0294E0191044600F015FC334618
:10A22000054653F8100F019998423BD0F3698268B4
:10A23000EB1ACB1828BF0B469A4214D8934204D984
:10A2400000689B1A82689A42FAD34268A360C4E904
:10A250000002146082684460D21A4FF0FF338260BB
:10A26000B36104B070BD022938BF02210222681810
:10A2700003930292019100F0F9FB00F0E5FB0199D4
:10A28000029A039B451BA94214D9022A02D83069BD
:10A290008268D3E701200193FFF784FF3069019BB7
:10A2A0008268CBE70A462046294604B0BDE87040E4
:10A2B000FFF780BF013211460546D8E7209A0020FB
:10A2C00003610023C2604361FFF7A2BF10B52B4BAF
:10A2D0001A69904284B011D0026884689168D0F8FD
:10A2E00004C02144CCF800209160C2F804C00021D1
:10A2F0004FF0FF3201609A6104B010BD1A46016848
:10A3000042F8101F4FF0000C4A60C0F800C01969F5
:10A31000914229D08A68806802448A6000F094FBE8
:10A32000164B1969DB6989680246C01A8142E3D974
:10A330000B449B1A022B38BF02230221D018039131
:10A340000293019200F092FB00F07EFB019A029BC7
:10A350000399821A93420CD90229CDD9012004B065
:10A36000BDE81040FFF71EBF04B0BDE8104000F08C
:10A3700077BB01310B460246E0E700BF209A002080
:10A380002DE9F0433F4E83B0002706F110084FF04F
:10A39000300909E087F31188E3682169204698476E
:10A3A00089F311886369ABB9346900F04DFBF36937
:10A3B000A268C11A8A4205462BD8216860689D1898
:10A3C000F56101604860276033694345E2D100F0E0
:10A3D00047FBDFE700F038FB6369421B934201460D
:10A3E00030D33069404542D08268934204D9006836
:10A3F0009B1A82689A42FAD34268A360C4E90002B9
:10A40000146082684460D21A4FF0FF338260B361F7
:10A41000CAE73169414512D013441B1A022BF0617F
:10A420001E46A36038BF02260224A81900F01EFBB6
:10A4300000F00AFB451BAE4215D9022C0DD803B023
:10A44000BDE8F083CDE900020220FFF7ABFE3069E2
:10A450000099404513D0019BC6E7012003B0BDE839
:10A46000F043FFF79FBE013426460546DDE72B4447
:10A470005A1A204603B0BDE8F043FFF79BBE002206
:10A48000F7E700BF209A0020302383F311880B7D6B
:10A49000052B0CD8DFE803F0240B0B2007038A6997
:10A4A0009368013393604A680B6813605A604FF0F9
:10A4B000FF3C00220B698868C1F818C00A751B6848
:10A4C0009A688242FBD25A684A600B600020116091
:10A4D000596080F3118870478B6900221A60E6E7A3
:10A4E000002383F311887047002203698168027595
:10A4F0001B689A688A42FBD25A6842600360106007
:10A5000058607047074BD9681A680875D2F800C0C0
:10A51000C3F800C00120CCF8043010751046DA6092
:10A52000EDF700BE209A002070B5164C4B1CE56874
:10A5300086B0064617D0144A2B466846FFF7C0FE81
:10A54000E16820680E75036823605C600123037571
:10A55000E060EDF7E7FD009B13B16846FFF7B6FE3C
:10A56000A86906B070BD20682E75036823600122BB
:10A570005C6029460275E060EDF7D4FDA86906B07D
:10A5800070BD00BF209A002089A40108044B1A68FE
:10A59000DB6890689B68984294BF00200120704758
:10A5A000209A00200E4A1068D16803684FF0010C11
:10A5B00010B45A6080F814C013604FF0000CD060E3
:10A5C0000B698A6881F814C01B689C689442FBD8A8
:10A5D0005A684A600B6010BC11605960EDF7A2BD6B
:10A5E000209A0020044B1A68DB6892689B689A42A4
:10A5F00001D9FFF7D7BF7047209A002030BFFDE791
:10A6000070B51B4B002586B00446856201630E467B
:10A61000586000F07BF904F11003C4E904334FF0F3
:10A62000FF320023C4E90623C4E90044A560E562C3
:10A6300000F00AFA2B460246C4E9082304F134016B
:10A640000C4AE5658023204600F01AF80123E060FB
:10A65000037572680848B168CDE90002074A684688
:10A66000CDE90213CDE9042500F016F806B070BD5F
:10A67000189A0020BCF60108C4F60108FDA50108DF
:10A6800000224FF0020C08618B60A1F814C04B62ED
:10A690000A62CA61084670478368D0F814C0C1686E
:10A6A00000B5D0F810E043F848CCA3F18C0043F893
:10A6B0001C0C4FF0020C0C4843F82C0C00220B48E9
:10A6C00023F814CC43F84CEC43F8180C5DF804EB79
:10A6D00043F8201C43F8041C43F8082C43F80C2CC6
:10A6E000A3F12800FFF700BF3D810008209A002059
:10A6F0000246302383F31188024BDB680F209A61F6
:10A70000FFF700BF209A002008B50146302383F3ED
:10A7100011880820FFF708FF002383F3118808BD84
:10A72000034631B1044AD2681A6003209361FFF7EF
:10A73000FBBE4FF0FF307047209A002003682BB11A
:10A740000022026018469961FFF7CEBE704700BF35
:10A75000024659B1074BD0F804C0DB680420C3E9B6
:10A76000002CCCF800305360FFF7DEBE4FF0FF3016
:10A77000704700BF209A002003460068834205D03E
:10A7800002681A6053608161FFF7AEBE704700BF78
:10A7900038B504460068844209D00D46036823603A
:10A7A0005C608561FFF7A0FE2068A042F6D138BD4D
:10A7B0000023006040608360704700BF2A4B8168BF
:10A7C000DA6800294BD030B593680446886898420F
:10A7D00083B005D2087D8B60002834D0062814D0C1
:10A7E000234603E091689868884202D31B689C4224
:10A7F000F8D159685160062013600A605A6094616C
:10A8000003B0BDE83040FFF77DBED1F818C00B683B
:10A81000486803605860634603E088689D68854225
:10A8200002D31B689C45F8D1586848600B600160F2
:10A830005960DCF80810936888689842D0D2087D87
:10A840008B600028CAD1D1E9003C0846CCF8003022
:10A85000C3F804C00192FFF747FE019AC0E7136AEC
:10A86000C360826010627047209A002008B53023D0
:10A8700083F31188FFF7A2FF002383F3118808BD3B
:10A8800008B5194BD3F80CC0302383F31188026844
:10A89000C368CCF8203082421FD0DCF824104BB1C2
:10A8A0001A68934203D09268914238BF1146DB6820
:10A8B000002BF5D1CCF80810034600680268016A45
:10A8C0001A605360D96098600362FFF70DFEFFF7CE
:10A8D00089FE002383F3118808BD002393600023C1
:10A8E00083F3118808BD00BF209A0020EFF309838D
:10A8F00005494A6B22F0010268334A6383F30988F1
:10A90000002383F31188704700EF00E0302080F3CC
:10A91000118862B60D4B0E4AD9684FF6FF0C01EA5A
:10A920000C010A43DA60D3F8FC200A4942F0807235
:10A93000C3F8FC200A684FF0200C42F001020A60C4
:10A9400083F81FC083F82200704700BF00ED00E0CD
:10A950000003FA05001000E0302383F31188124B46
:10A960005B6813F4006302D183F31188704700B56C
:10A9700083B0F1EE103AEFF30983683B4FF080713A
:10A980000A4AD961D26B1A6683F309880193FFF7EB
:10A99000FDFD019B18B9064A9A6103B000BD054A46
:10A9A0009A6103B000BD00BF00ED00E000EF00E0E1
:10A9B000528100084F810008024B0349034AC3E952
:10A9C00000127047809A0020409C00200000012067
:10A9D00000B5302383F311880D4BD3F800C001F18B
:10A9E000FF3E6244494272440A405968104488421A
:10A9F00007D8844505D81860002383F311881046D2
:10AA000000BD0022002383F31188104600BD00BF63
:10AA1000809A002008B501F0C3F801F00FFF00F0A4
:10AA2000F7F900F045FA00F06DFA00F0D9FA00F0FD
:10AA300063FB00F0C9FAFEF795FDBDE8084000F0A1
:10AA400001B800BF03F01CBD4FF08043586A704747
:10AA50004FF080430021022258631961DA60704789
:10AA60004FF080430022DA60704700BF4FF0804310
:10AA700058637047DDF800C001720433C3610CFBFA
:10AA8000032300214261026183614262029B019AB9
:10AA900000604060C160C0F820C08162C162026392
:10AAA00043637047416A416100220161C260826272
:10AAB000C2626FF00101FFF76BBE00BF036942691C
:10AAC000934201D0181D7047C268002AFAD00020B6
:10AAD000704700BF0369D0F818C01960C169C26827
:10AAE0000B446345036102F1010228BF436AC2605F
:10AAF00028BF03610021FFF73FBE00BF2DE9F84FDB
:10AB000004460F46904699464FF0300B8BF3118860
:10AB10000026B24613E04022384603F07FFFA36AC6
:10AB2000E26A40339A4207F1400706F14006A36209
:10AB30001DD98AF31188464542D28BF31188A16A48
:10AB400000292ED0E36AA8EB06055B1A9D4228BFB8
:10AB50001D46402DDFD82A46384603F05FFFA36A22
:10AB6000E26A2B449A422F442E44A362E1D86369DF
:10AB7000E069A169E268C4F828A003448B426361DC
:10AB800024BF636A6361236B013AE260002BD0D07B
:10AB900020469847CDE7237A7BB9FFF7D9FD0028F7
:10ABA0000BDBE36849462046002BF4D061690B6853
:10ABB00004310B44A162E362C5E7002383F31188EB
:10ABC0003046BDE8F88F00BFDDF800C001720433E5
:10ABD00003FB0C21426102618161C3610021029B80
:10ABE0004262019A00604060C0F80CC0C0F820C00A
:10ABF0008162C16202634363704700BF10B4416A5F
:10AC0000046AC46000224161016110BC8262C262B8
:10AC10006FF00101FFF7BCBD034640691A6982422B
:10AC200003D050F8043B0B607047DB68002BF8D072
:10AC300000231846F7E700BF10B44369C46981696F
:10AC4000C26823448B42436102F1010228BF436A78
:10AC5000C26010BC28BF43610021FFF78DBD00BF5B
:10AC60002DE9F84F04460F46904699464FF0300BB9
:10AC70008BF311880026B24613E04022394603F0D8
:10AC8000CDFEA36AE26A40339A4207F1400706F11B
:10AC90004006A3621DD98AF31188464545D28BF33D
:10ACA0001188A06A002831D0E36AA8EB06051B1AB8
:10ACB0009D4228BF1D46402DDFD82A46394603F065
:10ACC000ADFEA36AE26A2B449A422F442E44A3624B
:10ACD000E1D8E2692369A169043A1A60E069E2688F
:10ACE000C4F828A003448B42236124BF636A236114
:10ACF000236B013AE260002BCDD020469847CAE78B
:10AD0000237A7BB9FFF724FD00280BDBE368494673
:10AD10002046002BF4D02069E36903440430A0628C
:10AD2000E362C2E7002383F311883046BDE8F88F61
:10AD3000302383F31188836A1BB10269043B9B1A99
:10AD400003D1002383F31188704710B51360C469E1
:10AD5000C36881692244013B8A42C36028BF436AB9
:10AD6000026128BF0361036B0022826203B198472E
:10AD7000002383F3118810BD70B5044682B00BE048
:10AD800001980C4E40F2E73C0021E0FB06C1604612
:10AD9000EDF7E2F9FFF7B8FC236801A99B692046AB
:10ADA000984701284FF47A724FF00003E8D002B0C0
:10ADB00070BD00BFA086010000B5036883B05B686A
:10ADC00001919847C36801991BB153F8310003B052
:10ADD00000BD006901FB00F003B000BD036810B5C1
:10ADE0005B680C469847C3681BB103EBC403586803
:10ADF00010BD006910BD00BF00B5036883B05B687B
:10AE00000191984701994069084403B000BD00BF13
:10AE100001F0F8B800230122027043608360C36030
:10AE2000036143611830FFF7C3BC00BF10B5302386
:10AE3000044683F31188416001F00CF902230020DD
:10AE4000237080F3118810BD00B583B030230190CA
:10AE500083F3118801F03CF901980023012243603B
:10AE6000027083F3118803B000BD00BF10B5302419
:10AE700084F31188044682600322C360016104F8F0
:10AE8000142B01F04BF94FF0FF312046FFF748FC3F
:10AE9000002383F3118810BD08B50C30FFF7F0FCD8
:10AEA000002008BD08B50C30FFF7E0FC002008BD0D
:10AEB00000F052BF034A0260012303710C30FFF718
:10AEC00077BC00BF4C02020810B53023044683F360
:10AED0001188816000F06CFF02230020237180F351
:10AEE000118810BD00B583B03023019083F3118821
:10AEF00000F074FF019801220023027183F311888E
:10AF000003B000BD01F02CBF01220023027043609A
:10AF10000C30FFF74DBC00BF10B53023044683F35F
:10AF20001188416001F02CFF02230020237080F380
:10AF3000118810BD00B583B03023019083F31188D0
:10AF400001F0EAFF0198002301224360027083F3BD
:10AF5000118803B000BD00BF70B584B00446089DE1
:10AF60004FF0300C8CF311880A9E0296099E4FF028
:10AF7000030CCDE900560025856080F800C002F082
:10AF800051F8431C14BF02230523237085F3118855
:10AF900004B070BD30B583B00446069D4FF0300C50
:10AFA0008CF311884FF0040C00950025856080F823
:10AFB00000C001F0DBFF431C14BF022305232370F4
:10AFC00085F3118803B030BD02F016BF014B03605A
:10AFD000704700BF9C2F002002F054BF02F0ECBF6E
:10AFE00003F03EB9002301220270436083600C30FD
:10AFF000FFF7DEBB10B53023044683F311884160B0
:10B0000003F046F9002814BF012302232370002314
:10B0100083F3118810BD00BF00B583B030230190C9
:10B0200083F3118803F0BCF90198002301224360E7
:10B03000027083F3118803B000BD00BF302383F397
:10B04000118842681169D26801238B405383002321
:10B0500083F31188704700BF302383F3118842685F
:10B060001169D26801238B401383002383F3118875
:10B07000704700BF10B54FF0300C04468CF31188B8
:10B080004FF0030C80F800C003F0B8F910B9237832
:10B09000032B03D0002383F3118810BD4FF0FF3141
:10B0A00004F10800FFF73CFB002383F3118810BD77
:10B0B00010B53023044683F311880323037003F093
:10B0C000BFF910B92378032B03D0002383F3118831
:10B0D00010BD4FF0FF3104F10800FFF721FB002302
:10B0E00083F3118810BD00BF0C30FFF7BFBB00BF5A
:10B0F0000C30FFF7C5BB00BF02F06CB80023012283
:10B1000002704360C36183620362C362436203638C
:10B110008360704710B5302382B083F31188002418
:10B120004160C460046144618461019002F062F88E
:10B1300001980223037084F31188204602B010BDE9
:10B1400070B53023054683F311882C4602F0C4F80D
:10B15000002601236E6004F8083B183554F8043FBC
:10B1600083B15A696FF0010102F10C0012B1FFF7CF
:10B17000E5FA23689B696FF0010103F10C000BB144
:10B18000FFF7DCFAAC422660E8D1FFF72BFA86F332
:10B19000118870BD30B51346044600EB8102586932
:10B1A00083B00D46D36028B114220021019303F02F
:10B1B000E9FB019B986918B11422002103F0E2FB1E
:10B1C0002946204603B0BDE8304002F01BB900BF5D
:10B1D000F8B5836803F00113054600F10C0400F193
:10B1E00018078360002654F8043F83B15A696FF052
:10B1F000010102F10C0012B1FFF7A0FA23689B696C
:10B200006FF0010103F10C000BB1FFF797FABC429C
:10B210002660E8D12846BDE8F84002F09BB900BF9F
:10B2200010B500EB81044FF0010CE468D4F818E08D
:10B2300044890CFA01FC4CEA040CA0F80AC0CEF8D0
:10B2400008200022CEF80030CEF80420CEF80C20E2
:10B25000BDE8104002F0AAB910B500EB81044FF030
:10B26000010CE468D4F814E004890CFA01FC4CEAFF
:10B27000040CA0F808C0CEF808200022CEF8003058
:10B28000CEF80420CEF80C20BDE8104002F036BA0B
:10B290000378052B00D07047426D00B5D2F8001E30
:10B2A00021F0030183B0C2F8001ED2F80418019007
:10B2B00041F00101C2F80418516941F008015161DF
:10B2C000916941F008019161C820FFF71DFA019BC7
:10B2D0005A6DD2F8043823F00103C2F8043803B0E1
:10B2E00000BD00BF2DE9F041044600250223037094
:10B2F000C56444F8085F064600F118074FF03008AF
:10B3000054F8043FABB188F3118823685A696FF091
:10B31000010102F10C0012B1FFF710FA23689B69DA
:10B320006FF0010103F10C000BB1FFF707FA85F391
:10B330001188BC422560E3D186F83450304601F0D4
:10B34000F5FF73681B6823B130460021BDE8F0416A
:10B350001847BDE8F08100BF0278052A2CD0F8B567
:10B36000416880F85020052404700A6805460AB137
:10B37000042190472C46002644F8086F18353027E2
:10B3800054F8043FABB187F3118823685A696FF012
:10B39000010102F10C0012B1FFF7D0F923689B699B
:10B3A0006FF0010103F10C000BB1FFF7C7F986F351
:10B3B0001188AC42E4D1F8BD704700BF017805297F
:10B3C00000D0704790F850C0426880F800C0136801
:10B3D000002BF6D0184700BF70B590F83430044603
:10B3E00013B1002380F8343004F14402204602F007
:10B3F000D5F863689B688BB32046984770B3E16BC0
:10B4000094F84A2094F84B3042EA03228A4280F0B2
:10B41000D58094F844C0E2636346190600F1B18018
:10B42000002A73D0152384F83430302383F3118835
:10B430006289E368E16B9B69D4F838C042F001028D
:10B44000628120460024C3E90014C3F808C0DC6010
:10B45000214602F0ABF884F3118870BD94F84430B3
:10B4600013F060029C46164628D194F8451003F06C
:10B470007F0242EA012240F202318A4200F0518109
:10B480005CD8B2F5807F00F0EF8029D8012A00F067
:10B490003481022A00F0098182B904F14C01A163D0
:10B4A0000221E163226494F84A1094F84B2041EAA7
:10B4B0000222012AAFD9002BB4D063E0002120463C
:10B4C00002F0BEFB0021204602F0B0FB63681B685F
:10B4D00013B1062120469847062384F8343070BD06
:10B4E000B2F5817F00F0CF80B2F5407FE6D194F8CD
:10B4F0004620012AE2D1B4F84C20A66342F00202B1
:10B50000A4F84C20E66326641B066FD40B2384F852
:10B510003430302383F31188E36822895B6900218A
:10B5200042F0010222812046996019605960D96079
:10B5300002F0E4F8002181F3118870BDB2F5006FCC
:10B5400040D06BD8B2F5A06F00F08380A2F5C06246
:10B55000012AB3D8626894F84910526894F84830C8
:10B56000154643EA012394F8462094F847102046F4
:10B57000A8470028A2D0D0E900132664A363E163A2
:10B580003EE79AB3092384F83430302383F31188DB
:10B590002289E368E16B5B69D4F838C042F00102AC
:10B5A000228120460024C3E90014C3F808C0DC60EF
:10B5B000214602F0A3F884F3118870BD94F844305A
:10B5C0000A462AE794F84A2094F84B10266404F1BE
:10B5D0004F00A06352EA01224FF00100E06340F007
:10B5E000BC8094F94430E263002B8FDA142384F892
:10B5F0003430302383F31188E36862899B6900212A
:10B6000042F0010262812046996019605960D96058
:10B6100001F0CCFF002181F3118870BDB2F5106FED
:10B6200066D12378042B00F09C8094F846304BB10F
:10B63000626884F84F3004212170136813B102212D
:10B6400020469847002294F84430A263E2632264C3
:10B650005AE7B4F84420B2F5A06F00F0A0800022B1
:10B66000A263E26322644FE794F84620012A7FF444
:10B6700025AFB4F84C20A66322F00202A4F84C20B7
:10B68000E663266440E794F84620002A7FF416AF6C
:10B6900094F8482012F00F01E1D01606204679D424
:10B6A00002F0D8FA94F84430D9E794F8483003F01F
:10B6B0000F011B06204646D401F054FF012846D056
:10B6C00002287FF4FBAE94F84A2094F84B003D4BDF
:10B6D000A36342EA002202210023012AE1632364DA
:10B6E0007FF697AE94F94430002BBFF69BAE49E746
:10B6F00040F602439A427FF4E1AE94F84A2094F86F
:10B700004B303149A16342EA032202200021012A81
:10B71000E06321647FF67FAE1CF0800F3FF482AEC1
:10B7200030E794F84620002A7FF4C8AE94F8482009
:10B7300012F00F0193D01506204626D402F076FAB7
:10B7400094F844308BE701F01BFF0128B8D194F83E
:10B750004A2094F84B001D4BBAE71A067FF562AEFB
:10B7600010E7302383F311882046FFF731FD86F37D
:10B7700011880321636884F84F6021701B68002BD7
:10B780003FF453AF204698474FE702F059FA94F838
:10B79000443064E702F068FA94F844305FE794F8C4
:10B7A000463084F84E30204601F020FE63681B6866
:10B7B00013B1012120469847032294F844302270A7
:10B7C0004DE700BF780202087C02020874020208FA
:10B7D00000B590F8343083B0152B2BD8DFE803F098
:10B7E0002C2A2A2A2A2A2C2A2A0B14402A2A2A2AD4
:10B7F0002A2A2A2A2C2C90F84A3090F84B20C16B28
:10B8000043EA0223994235D3142380F8343030239D
:10B8100083F31188C36842899B69002142F00102C9
:10B820004281996019605960D96001F0BFFE002122
:10B8300081F3118803B000BD0021009002F000FAEE
:10B840000098002102F0F2F9009843681B6813B1D8
:10B85000062198470098062380F8343003B000BDD5
:10B86000036C13B1009098470098002380F834309F
:10B8700003B000BDC3681B8AB1FBF3F203FB1211D6
:10B880000029C1D1302383F31188C36802895B6921
:10B8900042F001020281996019605960D960CDE9D6
:10B8A000000101F02BFF019981F3118800980A2310
:10B8B00080F83430BEE700BF00B590F8343083B074
:10B8C000152B22D8DFE803F0232121212121232178
:10B8D000212323232121212121212121370B0B2366
:10B8E00080F83430302383F31188C36802895B69A0
:10B8F000002142F001020281996019605960D9600B
:10B9000001F0FCFE002181F3118803B000BD00218D
:10B91000019002F095F90198002102F087F9019851
:10B9200043681B6813B1062198470198062380F8E5
:10B93000343003B000BDC3689B695B68002BE4D161
:10B94000036C13B1019098470198002380F83430BC
:10B9500003B000BD43099B0000F1604C03F160435C
:10B9600003F561430CF5614C00F01F000122824099
:10B9700009018CF80013C3F880211A60704700BFDA
:10B9800043099B0000F1604103F1604303F561430B
:10B9900000F01F0001F56141012282400020C3F840
:10B9A0008020C3F8802181F800037047074A08B55A
:10B9B000536903F00103536123B1054A13680BB1C6
:10B9C00050689847BDE80840FEF7C6BF003C0140FC
:10B9D000E09A0020074A08B5536903F00203536157
:10B9E00023B1054A93680BB1D0689847BDE8084079
:10B9F000FEF7B2BF003C0140E09A0020074A08B5BC
:10BA0000536903F00403536123B1054A13690BB171
:10BA100050699847BDE80840FEF79EBF003C0140D2
:10BA2000E09A0020074A08B5536903F00803536100
:10BA300023B1054A93690BB1D0699847BDE8084026
:10BA4000FEF78ABF003C0140E09A0020074A08B593
:10BA5000536903F01003536123B1054A136A0BB114
:10BA6000506A9847BDE80840FEF776BF003C0140A9
:10BA7000E09A0020164B10B55C6904F478725A61A4
:10BA8000A30604D5134A936A0BB1D06A984760069F
:10BA900004D5104A136B0BB1506B9847210604D59F
:10BAA0000C4A936B0BB1D06B9847E20504D5094A59
:10BAB000136C0BB1506C9847A30504D5054A936CE1
:10BAC0000BB1D06C9847BDE81040FEF745BF00BFF2
:10BAD000003C0140E09A0020194B10B55C6904F469
:10BAE0007C425A61620504D5164A136D0BB1506D44
:10BAF0009847230504D5134A936D0BB1D06D984731
:10BB0000E00404D50F4A136E0BB1506E9847A104A0
:10BB100004D50C4A936E0BB1D06E9847620404D5DD
:10BB2000084A136F0BB1506F9847230404D5054A98
:10BB3000936F0BB1D06F9847BDE81040FEF70CBF74
:10BB4000003C0140E09A002008B502F0BFFCBDE8CF
:10BB50000840FEF701BF00BF062108B50846FFF701
:10BB6000F9FE06210720FFF7F5FE06210820FFF762
:10BB7000F1FE06210920FFF7EDFE06210A20FFF75E
:10BB8000E9FE06211720FFF7E5FE06212820FFF732
:10BB9000E1FEBDE8084007211C20FFF7DBBE00BF27
:10BBA00008B52B4B1A6962F09F021A611A6902F0FC
:10BBB0009F021A614FF0FF3C1A695A69C3F814C01A
:10BBC00000205A6958615A69196A224A61F0805105
:10BBD0001962196A01F080511962196A596AC3F829
:10BBE00024C0596A5862596A196C41F0805119642D
:10BBF000196E41F0805119661B6E136843F480730F
:10BC000013601368D905FCD5114A136F03F4407310
:10BC1000B3F5007F04D04FF4803100231167136720
:10BC20000B4B1A6F120407D41A6F42F400721A6792
:10BC30001A6F42F400421A67064A536823F40073ED
:10BC4000536000F06FFDBDE80840FFF785BF00BFFF
:10BC500000380240007000403649374B4FF08050AA
:10BC60004FF4004208641A600B6843F001030B6054
:10BC70000B689B07FCD58B682E4A23F003038B606F
:10BC8000936813F00C03FBD110682A4900F0F90007
:10BC900010609360136843F4803313600B6898035B
:10BCA000FCD54B6F234A43F001034B67536F990751
:10BCB000FCD5224B536013681F4943F08073136017
:10BCC0004B685A04FCD51B4A13689B01FCD51C4BDE
:10BCD0001C4890600321C2F88C101A681A4B9A42D3
:10BCE0001DD01A4B40F202721A60184A136803F012
:10BCF0000F03022BFAD10F4A936843F002039360BB
:10BD0000936803F00C03082BFAD1536C43F480437F
:10BD10005364536E43F480435366536E70470C4A2A
:10BD20000C4B12689A42DCD1084B4FF481721A60B6
:10BD3000DBE700BF003802400070004008244106E5
:10BD4000002004E00010883811640020003C02400C
:10BD500000ED00E041C20F4108B51148FFF7AAF815
:10BD6000104A0F49528C104BCB61802A0CD09302A1
:10BD7000B3F5802F0FD0B3F5C02F0ED0B3F5002F41
:10BD800008BF032301D008BD0023084A52F823301E
:10BD9000034A136208BD0123F7E70223F5E700BF5A
:10BDA000889A0020007AFF1F003C024080020208AF
:10BDB000C3690749D3F804C0064A07484CEA0101A1
:10BDC000596059680A4300215A600161704700BFF9
:10BDD00023016745AB89EFCD003C0240C26913697E
:10BDE00043F0004313617047006A704790F804C045
:10BDF000BCF1050F18D010B59C46034603201C6A01
:10BE000082B018716046D4F814C0DC6901936144B3
:10BE10004FF6FF7CC4F80CC002F000FE019B02222A
:10BE200000201A7102B010BD012070472DE9F043C7
:10BE30000479052C83B060D006469946F469376AC8
:10BE4000042333714FF6FF73E360236923F44073D7
:10BE50002361236943F400732361236943F00103E1
:10BE600010462361002A3DD0D7F8148001F0030E5C
:10BE7000FF257B684FF0000C43B10DEB0C020CF179
:10BE8000010C5FFA8CFC9C451570F6D321F0030C75
:10BE90004B46EE4413F8012B8EF8002001318A073F
:10BEA00000F1FF3001F0030E01D00028F1D1009A1B
:10BEB00048F80C20E268D203FCD4E26896F80490BB
:10BEC0001FFA82FC12F0100FC4F80CC013D112F04C
:10BED000620F02D130B19946CBE7B9F1040F14BF1C
:10BEE000042003202369022223F00103236132711D
:10BEF00003B0BDE8F0830620F4E7012003B0BDE8FD
:10BF0000F08300BF0379052B0CBF01200720704789
:10BF10000379052B1FD0C3694FF0050C4FF6FF7254
:10BF200080F804C0DA601A6942F002021A611A69E4
:10BF300022F0F8021A611A6922F440721A611A6931
:10BF400042EAC10242F400721A611A6942F4803274
:10BF500000201A6170470120704700BF0379052B4C
:10BF6000024601D000207047C069D0F80CC01CF414
:10BF7000803F03D001B10B6001207047036923F0BB
:10BF800006030361C36892F804C099B2C160D90680
:10BF90000CD413F0620303D11846022313717047C7
:10BFA000BCF1040F14BF04200320F6E70620F4E7D9
:10BFB0000279052A1FD0F8B5036A04465D690E466A
:10BFC000FEF7FAFE03230746237131462046FEF7AB
:10BFD00005FF80080CD0EB1903EB8000021F043B27
:10BFE00001E0934209D053F8041F0131F9D0052034
:10BFF00002232371F8BD0120704702232371002022
:10C00000F8BD00BF10B50F480E4CFEF703FF0E4BF6
:10C01000DFF838E05A6ADFF838C042F480725A62BA
:10C020005A6A002122F48072E1625A625B6AC4F8A3
:10C0300028E0C4F830C00621BDE810401220FFF708
:10C0400089BC00BFAC9A00200038024000200140AB
:10C05000162C02000378012B00D0704700B5174A58
:10C06000904283B0034610D015489A6A436803F49F
:10C070004003002143F440334FF0010C4360516012
:10C080009160C2F808C003B000BD0E4A01900621BD
:10C090000C2000F067FB019B01680B4ADFF82CC005
:10C0A000D862C1F808C0516C41F480715164516E7E
:10C0B00041F480715166526ED6E700BFAC9A002001
:10C0C00000230140F5C10108003802404C20014026
:10C0D0000378022B00D0704700B583B00346C06AD6
:10C0E000019300F045FB019B0A48996A00228342B4
:10C0F000DA624A608A6001D003B000BD064B5A6C18
:10C1000022F480725A645A6E22F480725A665B6E10
:10C11000F2E700BFAC9A00200038024003691A78A9
:10C1200010B5046BD0F80CE032B1BEF1010F94BF32
:10C1300044F4807444F48474C26A11685A8802F129
:10C14000FF3C0EFB02FE8268CA60C1F804E00C608E
:10C150000C68826A44F001000860196A5C69D8685A
:10C1600041EA0C514FF0000CC2F800C0D4609C6949
:10C1700014619C8B5462DC8B9462D16219695C6A95
:10C180009B6A146340F08060536340F480704B00FE
:10C1900050600AD521F0804340F2033023F00203BF
:10C1A000034301439360916010BD41F4407141F03D
:10C1B0000101916010BD00BFC16A0A68136823F0D5
:10C1C0001F0300B51360136813F00103FBD191F84E
:10C1D00009E0D1F804C0826A3D2101FA0EF1CCF8E1
:10C1E000001053609168890748BF936001239360F2
:10C1F00000BD00BF00B511F00C0F83B013D1026970
:10C200007AB111F0200F2BD01178002936D0526866
:10C210003AB10421017000909047009B1A78042ADB
:10C2200048D003B000BD0090FFF7C6FF009B1A691D
:10C230009268F2B10521197001219047009B1A788C
:10C24000052A16D0302282F311884FF0FF3103F116
:10C250001400FEF773FA002383F3118803B000BDC6
:10C26000CB06DED55368002BDBD003B05DF804EBC2
:10C2700018470221002219701A61E3E7CDE9002076
:10C28000FFF79AFF009A019B5268B2B1042119701E
:10C2900000939047009B1A78042A0ED0302282F334
:10C2A0001188002103F11400FEF748FA002383F3FC
:10C2B0001188B6E703221A70B3E702210022197031
:10C2C0001A61EBE71F4B204A196910684FF0000C08
:10C2D000C2F800C051B310B500F00102800682B070
:10C2E00002D51878032828D0DAB104241548019122
:10C2F000FFF762FF01998A680346CAB10521017000
:10C30000214690470F4B1A78052A11D0302383F32A
:10C3100011880E484FF0FF31FEF710FA002383F327
:10C32000118802B0BDE81040FEF716BBFEF714BB43
:10C330000221002219701A61E8E7002A0CBF0224CA
:10C340000624D3E7AC9A002000200140C09A0020C8
:10C3500030B5DFF8E8E04FF0010C1C46DEF80030A5
:10C360000CFA00FC1CEA030F83B018BF002302D0B4
:10C37000184603B030BD4CEA0303CEF800300EEB94
:10C38000C00E00EB4003CEF808402B4CCEF8042042
:10C390005FFA8CFE04EB8303BEF1000F38D1DFF8A7
:10C3A000A0C0DCF830E04EF4800ECCF830E0DCF8D1
:10C3B00050E04EF4800ECCF850E0DCF850C01E4C3B
:10C3C00000EB400C54F82CE0DEF800C02CF01F0C01
:10C3D000CEF800C0DEF800C01CF0010CFAD1164CFB
:10C3E00000EB400004EB80003D25447A05FA04F49C
:10C3F00045682C60CEF800C04FF0210CCEF814C078
:10C40000002AB5D0C07A0193FFF7A4FA019BAFE7E9
:10C41000DFF82CE0DEF8304044F40014CEF8304071
:10C42000DEF8504044F40014CEF850401CF47F4F26
:10C43000DEF850E0C3D0B2E7D0030208C873002092
:10C440000038024008B5074B07481968426801F0F8
:10C450003D0199600AB180689047BDE80840FEF749
:10C460007BBA00BF00600240C873002008B5094BCA
:10C4700009481968C26801F4746CC3F808C022B195
:10C480008909006901F03D019047BDE80840FEF7C9
:10C4900063BA00BF00600240C873002008B5094BB2
:10C4A00009481968426901F4741CC3F808C022B134
:10C4B000090C806901F03D019047BDE80840FEF796
:10C4C0004BBA00BF00600240C873002008B5094B9A
:10C4D00009481968C26901F0746CC3F808C022B138
:10C4E000890D006A01F03D019047BDE80840FEF764
:10C4F00033BA00BF00600240C873002008B5074B84
:10C5000007485968426A01F03D01D9600AB1806A62
:10C510009047BDE80840FEF71FBA00BF0060024028
:10C52000C873002008B5094B09485968C26A01F46C
:10C53000746CC3F80CC022B18909006B01F03D0195
:10C540009047BDE80840FEF707BA00BF0060024010
:10C55000C873002008B5094B09485968426B01F4BB
:10C56000741CC3F80CC022B1090C806B01F03D01B2
:10C570009047BDE80840FEF7EFB900BF00600240F9
:10C58000C873002008B5094B09485968C26B01F00F
:10C59000746CC3F80CC022B1890D006C01F03D0130
:10C5A0009047BDE80840FEF7D7B900BF00600240E1
:10C5B000C873002008B5074B07481968426C01F0A2
:10C5C0003D0199600AB1806C9047BDE80840FEF7D4
:10C5D000C3B900BF00640240C873002008B5094B0E
:10C5E00009481968C26C01F4746CC3F808C022B120
:10C5F0008909006D01F03D019047BDE80840FEF754
:10C60000ABB900BF00640240C873002008B5094BF5
:10C6100009481968426D01F4741CC3F808C022B1BE
:10C62000090C806D01F03D019047BDE80840FEF720
:10C6300093B900BF00640240C873002008B5094BDD
:10C6400009481968C26D01F0746CC3F808C022B1C2
:10C65000890D006E01F03D019047BDE80840FEF7EE
:10C660007BB900BF00640240C873002008B5074BC7
:10C6700007485968426E01F03D01D9600AB1806EE9
:10C680009047BDE80840FEF767B900BF006402406C
:10C69000C873002008B5094B09485968C26E01F4F7
:10C6A000746CC3F80CC022B18909006F01F03D0120
:10C6B0009047BDE80840FEF74FB900BF0064024054
:10C6C000C873002008B5094B09485968426F01F446
:10C6D000741CC3F80CC022B1090C806F01F03D013D
:10C6E0009047BDE80840FEF737B900BF006402403C
:10C6F000C873002008B5094B09485968C26F01F09A
:10C70000746CC3F80CC02AB1890DD0F8800001F018
:10C710003D019047BDE80840FEF71EB900640240A5
:10C72000C87300200B4ADFF838C000210B461160A7
:10C730005CF8230008320333302B016042F8041CFC
:10C74000F6D10549054A4FF0FF338B60CB6093600B
:10C75000D3607047C873002000600240006402404C
:10C76000D00302080F2801D8FFF7F2BD0020704760
:10C7700010B50446C07AFFF703F91149A07A0B6897
:10C780000122824023EA0203DAB20B604AB90D4A61
:10C79000116B21F400111163116D21F40011116569
:10C7A000126D13F47F4F09D1064B1A6B22F48002ED
:10C7B0001A631A6D22F480021A651B6D10BD00BF4A
:10C7C000C8730020003802408B0712D11A4B1A6838
:10C7D00022EA00021A605A6822EA00025A609A6845
:10C7E00022EA00029A60DA6822EA0002DA605861FE
:10C7F0007047114A936811F0010F14BF034383433C
:10C8000093600D4AD36811F0020F14BF03438343B2
:10C81000D3604A07084B07D41A6802431A605A6863
:10C8200022EA00025A6070475A6802435A601A6846
:10C8300022EA00021A607047003C0140044B0022CB
:10C8400003F180011A605A6008338B42FAD17047B5
:10C85000E09A00202DE9F04711F0010302F00309EE
:10C860009046C2F38005C2F3C106C2F341174C469D
:10C8700039D0002342684FF0010C0CFA03FC22EA85
:10C880000C022A43426082684FEA430C4FF0030EC9
:10C890000EFA0CFE22EA0E0232438260C26822EADD
:10C8A0000E023A4303F0070C4FEA8C0CC2604FF0C3
:10C8B0000F0AC8F3C312B9F1020F0AFA0CFA02FA0E
:10C8C0000CF220D0D0F800C02CEA0E0C4CEA040C7C
:10C8D000072BC0F800C028D8D0F820C02CEA0A0CDA
:10C8E0004CEA0202026249081DD0CA074FEA450518
:10C8F0004FEA86064FEA87074FEA840403F10103F3
:10C90000B8D44908F1E7072B17D8D0F820C02CEA93
:10C910000A0C4CEA02020262026822EA0E02224378
:10C9200049080260E1D1BDE8F087D0F824C02CEAC4
:10C930000A0C4CEA02024262D5E7D0F824C02CEA85
:10C940000A0C4CEA02024262E6E700BF21F0030350
:10C9500003F1804303F59C3310B501F0030C01246F
:10C96000D3F808E004FA01F14FEA8C0C1446C0F346
:10C9700083200F2200FA0CF002FA0CFC2EEA0C0CB9
:10C980000C4A40EA0C0098609368E0074CBF0B43E8
:10C990008B439360074AD368A0074CBF0B438B437C
:10C9A000D360044B1A680A431A605A6822EA0102EB
:10C9B0005A6010BD003C0140174BD3F808C0D8683E
:10C9C000012210B58A404CEA000E1EEA020F22D066
:10C9D0004FEA910E114C0EF1020E2CEA020C54F8A3
:10C9E0002EE0D3F800E02EEA020EC3F800E0D3F800
:10C9F00004E02EEA020EC3F804E0C3F808C0DFF832
:10CA000020C020EA0200D8605A6100230CEBC1026A
:10CA10004CF83130536010BD003C014000380140FB
:10CA2000E09A0020D0F830C0436B4FF4004200B5CC
:10CA300000211A60DCF80020196059605961136800
:10CA400023F01F0313601368D907FCD49CF809E096
:10CA5000C16ADCF804000A683D2303FA0EF30360A0
:10CA6000136823F01F0313601368DB07FCD4487AB4
:10CA70004A683D238340136000BD00BF10B511F02C
:10CA80000C0F446B82B0034613D1196B0A6813680C
:10CA900023F01F0313601368DB07FCD4487A4A684D
:10CAA0003D2383401360636843F40073636002B006
:10CAB00010BD01900248FDF73FFB019BE5E700BF79
:10CAC000CCF6010810B511F00C0F426B82B0044691
:10CAD00029D1E06A0368196821F01F0119601968FB
:10CAE00011F00101FBD1D0F804C0407A3D2383400E
:10CAF000CCF80030536823F480535360136823F458
:10CB000080631360136843F400733020136080F374
:10CB1000118804F11C000191FDF710FE019981F3C9
:10CB2000118802B010BD03480192FDF705FB019A80
:10CB3000CFE700BFCCF6010848484949426B10B521
:10CB40009369546944EA034303F0FF138B4282B0B4
:10CB50001FD8B3F5403F31D9A3F54033013B102B2B
:10CB60000ED8DFE803F02E440D0D0D0D0D090D0D4F
:10CB70000D0D0D0D0D0D3A00038CC3F3470313612A
:10CB800014F00A0F18BF936902B0BDE81040FDF71A
:10CB9000E3BE34498B4240D002318B42F0D1C36AAC
:10CBA00011691B685968002942D0018C136841F053
:10CBB000010143F4A06301841360E5E7B3F1011FB1
:10CBC000DED1038C190ADAD001F0060103F001036B
:10CBD000194341F0F0011161D2E720480092FFF7BC
:10CBE00021FF009A536823F400735360C8E751682B
:10CBF000C06A21F4007103685160196841F00101B5
:10CC00001960516841F4805151605B68012BB7D8BD
:10CC1000136823F480631360B2E75368016B23F455
:10CC20000073096853600B6843F001030B60A7E7CA
:10CC30005368019223F400735360136843F4007344
:10CC40001360302383F311881C300091FDF776FDCB
:10CC5000009981F31188019A92E700BF609B002040
:10CC600011000300820007003B4938B5D1F834E0D9
:10CC70000C6BDEF814C022680CF45F43DB43CEF883
:10CC80001430136823F01F031FFA8CF0136013682D
:10CC9000DB07FCD4657A6268CC6A3D23AB40136045
:10CCA0002268136823F01F0313601368DD07FCD4A8
:10CCB000657A62683D23AB4013608405C0F30023AE
:10CCC00048BF43F0020342058B600ED5DEF8042016
:10CCD00022F40072CEF80420DEF8002043F00403B2
:10CCE00042F40072CEF800208B60050544BF43F08B
:10CCF00008038B6044041ED543F02003C0048B60FE
:10CD00000FFA8CFC24D543F01003BCF1000F8B60AC
:10CD100002DA43F040038B60302383F311880F481D
:10CD20006FF00101FDF70AFD002383F31188BDE8D0
:10CD30003840FDF711BEC2040FFA8CFCE3D4BCF1FD
:10CD4000000FE6DB002BE7D1BDE83840FDF704BE5D
:10CD5000BCF1000FE0DADCE7609B00207C9B002048
:10CD600008B50548FEF7D0F80349044A4A63002392
:10CD7000CB61CB620B6308BD609B0020005C004070
:10CD800030B50278446B012A83B0034653D0224663
:10CD9000D96AD3F830C0096804F110008860596876
:10CDA000DCF8003098604FF40040206000234FF41E
:10CDB000106023606060D2F804C048684FF6C07EFF
:10CDC0000CEA0E0C91F808E0C2F804C0D2F804C0D6
:10CDD0004CF0240CC2F804C0DFF834C160451BDC01
:10CDE000252340001362454B93FBF0F3C3F30B0381
:10CDF000D3610978136802299BB261D003295CD002
:10CE000023F00A00012908BF03461360236843F09A
:10CE10000103236003B030BDDFF8F8C06045E7DCF4
:10CE2000BEF1020F52D0BEF1030F5AD048F6FF7385
:10CE30000B201062DCE7324A40F2564040F21641C5
:10CE4000934298625962A2D12E4D2F4A296A41F429
:10CE500000012962296A21F400012962296A0193EB
:10CE600005210220FFF77EFC019B284AD86205219C
:10CE70000420FFF777FC2A6C019B42F40002186340
:10CE80002A642A6E42F4000205212A6648202A6E8E
:10CE9000FEF760FD05214920FEF75CFD019B586A05
:10CEA000996A5A6B40F0C06041F0C06140F4403074
:10CEB00041F44031586299626AE743F00A03A4E7FB
:10CEC00023F0080343F002039BB29EE70B4B00EBF9
:10CED0004000B3FBF0F36FEA43436FEA53439BB266
:10CEE000A6E700EB8000054B00EB8000B3FBF0F3FE
:10CEF0006FEA83436FEA93439BB299E7005125029F
:10CF0000609B002000380240C5CA01087DCA0108A4
:10CF1000A0860100801A06000378012B00D170471B
:10CF200010B50446FFF77EFD206BFFF721FCE06A99
:10CF3000FFF71EFC0B4A002394422363E36200D0F8
:10CF400010BD4820FEF71CFD4920FEF719FD064BD9
:10CF50001A6C22F400021A641A6E22F400021A6695
:10CF60001B6E10BD609B00200038024049002DE977
:10CF7000F84341F001010025446B0184814685603E
:10CF800085F31188C16A406A09680860CA604B600D
:10CF9000FDF75AFD3026804641F2873701E085F3E0
:10CFA000118886F31188A3699A0702D423689B0528
:10CFB00018D5FDF749FDA0EB0800B842EFD9D9F824
:10CFC0002C100A68136823F01F0313601368D80736
:10CFD000FCD4487A4A683D23834013604FF0FF3009
:10CFE000BDE8F8836368089943F4007363602368BD
:10CFF00043F4A06309F11C002360FDF791FB0028B6
:10D00000EED0D9F82C100A68136823F01F031360C0
:10D010001368DB07FCD44C7A4A683D23A3401360B5
:10D02000BDE8F8832DE9F84349000025089F446BCB
:10D0300001848146856085F31188016BD9F82860E9
:10D040000868D9F82C1009680660C2604360D9F8F6
:10D0500024300B60099BCF604B60FDF7F5FC302658
:10D06000804641F2873701E085F3118886F3118805
:10D07000A3699A0702D423689B0527D5FDF7E4FC32
:10D08000A0EB0800B842EFD9D9F830000268136865
:10D0900023F01F0313601368DC07FCD4447AD9F82B
:10D0A0002C1040680A683D23A3400360136823F0F6
:10D0B0001F0313601368D807FCD4487A4A683D23DD
:10D0C000834013604FF0FF30BDE8F88363680A992E
:10D0D00043F400736360236843F4807309F11C0018
:10D0E0002360FDF71DFB0028EED0D9F83040226800
:10D0F000136823F01F0313601368D907FCD4627A06
:10D10000D9F82C1064683D2393400A6823601368A3
:10D1100023F01F0313601368DB07FCD44C7A4A68C2
:10D120003D23A3401360BDE8F88300BF12498A6D18
:10D13000D1F854C070B5956800230831012451F826
:10D1400004EFDEF8186003F1100204FA03F0013373
:10D1500036B1DCF81C6804FA02F23243CCF81C2821
:10D16000DEF8142022B1DCF81C281043CCF81C088F
:10D17000AB42E4D970BD00BF989B002010B50022DF
:10D18000D1F808E04FF0FF3400E0013200EB42112B
:10D190000B46D1F800C9BCF1000F05DAD1F800C97F
:10D1A0004CF0804CC1F800C9D1F800CBBCF1000FA5
:10D1B00005DAD1F800CB4CF0804CC1F800CB964595
:10D1C000C3F80849C3F8084BDFD14FF00113C0F88A
:10D1D0001C3810BD08B50548FDF790FF0349044B06
:10D1E0008B654FF0A0424A6508BD00BF989B0020A8
:10D1F000900402080378012B00D0704730B5304B03
:10D20000446D984283B005463BD02346C02200219E
:10D21000C4F8001E22604FF40412A2631A69002AA7
:10D22000FCDA01221A610C200193FCF7B1FF019B8B
:10D230001A69D207FCD412200193FCF7A9FF019BC5
:10D240001A69002AFCDA0023A96D686DA360FFF754
:10D2500095FF6A68D2680023C4F81038C4F81438FF
:10D26000C4F81C3852B1174BA3614FF0FF33636110
:10D27000A36843F00103A36003B030BD124BA36168
:10D28000F3E7124B5A6B42F080025A635A6D42F038
:10D2900080025A655A6D5A6942F080025A615A6991
:10D2A00022F080025A610E2143205B69FEF752FB97
:10D2B000074B084AE3606B6DC4F80028A6E700BF7F
:10D2C000989B0020083C30C0003C30C00038024031
:10D2D00040140040030020020378012B00D1704766
:10D2E00000B583B00346816D406D0193FFF746FFA3
:10D2F0000C49019B00228B42C0F81C28826082638B
:10D3000001D003B000BD4320FEF73AFB064B5A6B39
:10D3100022F080025A635A6D22F080025A655B6DDA
:10D32000EFE700BF989B00200038024070B5456DC4
:10D33000202306462B612C6914F02004FBD1122017
:10D34000FCF726FFD6F858C0C5F83448DCF80800CA
:10D350004FF00113C5F81C3801304FF000614FF059
:10D36000FF3205EB441301348442C3F80019C3F8BB
:10D37000001BC3F80829C3F8082BF2D1726DDCF842
:10D380000030F36510216B621161146914F0100410
:10D39000FBD11220FCF7FCFED5F80038114823F42D
:10D3A000FE63C5F80038AB6943F4402343F0100333
:10D3B000AB61F36D09224FF0C041C5F81028C5F8E4
:10D3C0001428F060084AC5F8101B03F1100143F45B
:10D3D0008013C5F8002BC5F81049C5F80029F16580
:10D3E000AB6270BD9C04020840800010426D90F852
:10D3F0004E10D2F8003823F4FE6343EA0113C2F85A
:10D400000038704700EB810370B5DB68446D1A6823
:10D41000D3F818E002F003020546501E022804EB80
:10D42000411C98BF92044FF0000082B098BF02F1F7
:10D430008052CCF8100B4FF0010601F110008CBFA8
:10D44000424A02F5004206FA00F0BEF1000F4ED04B
:10D45000B3F812E001F1580C4FEA4C1C4EEA0206F8
:10D4600044F80C60D4F81C683043C4F81C0804EB82
:10D4700041104FF0000C5E69C0F810C94FEA811CE2
:10D480004CF0200C002E3FD0B3F81CE0188ABEF1FF
:10D49000010F4FEA9003E86D88BF0EFB03F304EB26
:10D4A000810E1E1840EA0340EE65CEF80001C4F874
:10D4B00010C023699806FCD4122001910092FCF759
:10D4C00067FE0199009A05EB810001F14805C068EB
:10D4D000008A6D0140EA8150104360510123D4F865
:10D4E0001C288B401343C4F81C3802B070BDDCF814
:10D4F000006B26F40046CCF8006BD4F81C6826EAD2
:10D500000000C4F81C08B2E704EB8103104AC3F81A
:10D510000021C4F810C023699B06FCD4122000919E
:10D52000FCF736FE009904EB4110012303FA01F2E7
:10D53000D0F8003923F40043C0F80039D4F81C387F
:10D5400023EA0203C4F81C3802B070BD008000104A
:10D5500000040002816D03460A68406DDA65FFF73A
:10D560000DBE00BF5831436D49015B5813F40040B4
:10D5700004D013F4001F14BF01200220704700BF25
:10D580004831436D49015B5813F4004004D013F453
:10D59000001F14BF01200220704700BF00EB810173
:10D5A0001046CB680822196A01F038BA00EB8103F3
:10D5B00000B5DA68D2F818E0DEF800C0CEF810C086
:10D5C00011B9BCF1400F2ED8538A1268406D02F099
:10D5D000030E5A1E6244B2FBF3F202FB03F3033361
:10D5E00023F0030343EAC24300EB411243F0C0437C
:10D5F000BEF1010FC2F8103B0CD1D0F8083813F47B
:10D60000807FD2F8003B14BF43F0805343F00053B7
:10D61000C2F8003B00EB4110D0F8003B43F004435C
:10D62000C0F8003B00BD4023CEF800309C46CBE75D
:10D63000314A30B5546D014604EB401083B0D0F848
:10D64000083BC0F8083B180703D5D4F814080507B1
:10D6500038D4D80734D5D4F81438DB0730D58C1C2F
:10D6600002EB84035B6891B9D3F818C0B3F812E0F9
:10D67000DCF80450DCF80400B0FBFEF00EFB1050A8
:10D6800028B9DCF800E0DCF81000864526D3DD6818
:10D6900053890120884023EA0003538115B11648BD
:10D6A000A847154A302383F3118802EB840253689C
:10D6B000986941680C30FDF741F8002383F3118825
:10D6C00003B030BD02EB81000193C0680091436854
:10D6D00010469847DDE90013074ABAE7A0EB0E00B1
:10D6E000CCE90001302383F311880348FFF75EFF84
:10D6F00081F31188E4E700BF989B002000EB8103D1
:10D70000426DD3F80CC0DCF81400036800B5036167
:10D7100053BB02EB41134FF4002E4801C3F810E94C
:10D72000DCF8003003F00303012B0ED1D2F80838E7
:10D7300002EB000C13F4807FDCF8003914BF43F0D7
:10D74000805343F00053CCF8003910440123D0F843
:10D7500000C98B404CF00441C0F80019D2F83418CD
:10D760000B43C2F8343800BD19B9402B84BF4023A5
:10D770000360BCF810E00EF1FF301844B0FBFEF07F
:10D7800043EAC04302EB411043F00053C0F81039A4
:10D790004801C5E72DE9F0474C4D6E6D06EB401290
:10D7A0000346D2F80849E00782B0C2F8084903D519
:10D7B000D6F81028D1070BD4220606D5D6F834287F
:10D7C000012199400A4289462FD102B0BDE8F08775
:10D7D0009A1C05EB8201D1F804C0DCF81410D1F8D2
:10D7E00000E0086986455FD32989DCF808700120CC
:10D7F000984021EA0001298137B119462846019253
:10D800000093B847019A009B0093302181F311885F
:10D8100005EB82020021526850690C30FCF78EFF44
:10D82000002282F31188009BC6E705EB8302D5F83E
:10D8300054A0D26855696C682E68A6422DD9128A08
:10D84000581CC0B217460AEB00300AEB4318A6EB8F
:10D85000040CD8F81839BC459BB228BFBC46BCEBB9
:10D86000830FB2D8D5F808E0BCF1040FDEF8003021
:10D8700003600BD9ACF1050121F0030104317144BF
:10D88000734653F8042F02608B42FAD164440EEBC6
:10D890000C03A642AB606C60D9D8DAF8343823EABE
:10D8A0000903CAF8343890E7A0EB0E0000220860A4
:10D8B0004A60302181F31188194628460093FFF70A
:10D8C0001DFF002282F31188009B75E7989B0020C2
:10D8D0002DE9F04FAD4E83B0776D4FF0400B4FE028
:10D8E00028056ED4A9040CD5D7F8083813F0060F14
:10D8F000FB6823F470530CBF43F4105343F4A0535C
:10D90000FB602A070ED57468E368002B00F04281A3
:10D910003378052B00F04681FFF708FCE3680BB174
:10D9200030469847EB0200F18F80AC0251D42903B6
:10D93000D7F818480BD5E20300F12381A30300F1C7
:10D940001C81600300F11581210300F10E816A033F
:10D950000BD5E30700F10581A00700F1FE80610708
:10D9600000F1F780220700F1F080EB0600F1BB80A8
:10D97000874B1D4200F0E480BBF1010B00F0E0801A
:10D980007D69BB691D4015F480587D6140F043817D
:10D99000002DA5DAD7F8003E9C0705D0D7F8003E49
:10D9A00023F00303C7F8003EFFF7C0FBD7F80438A5
:10D9B00023F001033046C7F80438FDF7FFFC2805C3
:10D9C00090D5706DB16DFFF7D9FB3046FDF7C4FC03
:10D9D00088E7D6F8549000244FF0010A05E0B36DB3
:10D9E00001349B68E4B29C42A1D809EB4412D2F8FE
:10D9F000003B03F44023B3F5802FF0D1D2F8002B85
:10DA0000A31C002A06EB83000AFA04F1E7DA426855
:10DA1000B6F80AC0D2682CEA010C30462146A6F8B6
:10DA20000AC012B101939047019B302282F3118802
:10DA300006EB83035B68986941680C30FCF77EFE57
:10DA4000002383F31188CAE70021D6F854900C46CE
:10DA500007E0B36D01349B68E4B29C4221463FF677
:10DA600064AF09EB4412D2F8003903F44023B3F554
:10DA7000802FEED1D2F80039002BEADAD2F8003943
:10DA800043F09043C2F80039D2F80039002BFBDB99
:10DA9000726D890141F02001116113699806FCD46F
:10DAA0001220FCF775FB33890122A24023EA02030E
:10DAB00004F1020A338106EB8A035B689B6813B1A9
:10DAC000214630469847302383F3118806EB8A0AB3
:10DAD0000021DAF8043058690C30FCF72FFE0023DF
:10DAE00083F31188B5E7726D136A03F4F011B1F591
:10DAF000802FC3F30A1003F00F035ED0B1F5402F5F
:10DB00007FF43AAF00283FF437AF06EB830302F50A
:10DB10008054DB684546196A002313F0030F08BFE1
:10DB20002568072B0A4603F1010303D802F8015BBD
:10DB30002D0A11469842F0D1BBF1010B7FF420AFC2
:10DB400003B0BDE8F04FFCF707BF0320FFF722FE4C
:10DB50000BE70220FFF71EFE04E70120FFF71AFE85
:10DB6000FDE60020FFF716FEF6E60320FFF760FD56
:10DB7000EDE60220FFF75CFDE6E60120FFF758FD29
:10DB8000DFE60020FFF754FDD8E600BF989B002099
:10DB900030000004BB6923F00803BB613378052B18
:10DBA0007FF4BAAED7F8003E23F00303C7F8003E77
:10DBB0003046FDF703FC7468AEE6991C06EB810362
:10DBC0005B689D692C686B68A4EB030CAC68C8B1FA
:10DBD000A64602F580550023444613F0030F08BF04
:10DBE0002C689C45724603F1010303D902F8014BEE
:10DBF000240A96469842F0D106EB81035B689D6942
:10DC0000AC686B68604539BF24181B1864446344D2
:10DC1000AC606B60B0E60448FDF764FB03B0BDE8A0
:10DC2000F04FFCF799BE00BF989B0020436D03EBBB
:10DC30004111D1F8003B43F40013C1F8003B704799
:10DC4000436D03EB4111D1F8003943F40013C1F8DF
:10DC500000397047436D03EB4111D1F8003B23F4C9
:10DC60000013C1F8003B7047436D03EB4111D1F83D
:10DC7000003923F40013C1F8003970475020704771
:10DC8000BAB110B544689C4650341344A1EB0C0162
:10DC90000CEB01004FEA900E00F0030054F82E2028
:10DCA000C00022FA00F00CF8010B9C45F0D10020D6
:10DCB00010BD0020704700BFF2B1F0B50D464168BD
:10DCC0009E4650319C18ED1AFF260EEB0500820887
:10DCD00000F003001EF801CB51F82230C00006FA14
:10DCE00000F723EA07030CFA00F01843A64541F8B1
:10DCF0002200EAD10020F0BD00207047184A1949DF
:10DD000038B553689568DC6824F4F040D8604FF467
:10DD10000010486105B3996809040DD5230503D5A2
:10DD200010460221A8470E4AE50404D593680C4822
:10DD3000032198470A4A53681B6C58070CD5A10465
:10DD400004D59368064804219847054A630403D51F
:10DD50009368034805219847BDE83840FCF7FCBDAF
:10DD6000F89B0020003C01400B480C494368DA68EE
:10DD700010B522F48064DC604FF480044C61846848
:10DD800034B19B68590403D5530501D50721A04739
:10DD9000BDE81040FCF7E0BDF89B0020003C0140CE
:10DDA00013481449436810B5DA6822F4407482B00D
:10DDB000DC604FF400344C6184689CB19B68D904EA
:10DDC00008D5D10506D50021CDE90023A047DDE91E
:10DDD00000230748990405D5930503D583680448B3
:10DDE0000121984702B0BDE81040FCF7B5BD00BF67
:10DDF000F89B0020003C014008B51F48FDF7E6F8FD
:10DE00001E4BCA21532259625A62DA681A4912F02B
:10DE1000100F4B60DA6818D022F02002DA60164A40
:10DE2000002301214FF4C4009360FEF7CDFC0F21C5
:10DE30000220FDF78FFD0F210320FDF78BFDBDE8CC
:10DE400008400F212920FDF785BD42F08002DA60ED
:10DE5000DA685206FCD5202000219860084A19642F
:10DE6000802040F2FF31D86019611A61DA6822F02F
:10DE70008002DA60D3E700BFF89B00200028004052
:10DE8000FF031F002DE9F04F0F4647497B68474AC3
:10DE9000474EBC7897F80190C3F31A03A1FB031314
:10DEA0009B09A2FB031583B0ED080190A6FB0501B9
:10DEB0008908A2FB01CE4FEADE0E04F01F04A6FB88
:10DEC0000E6C3878A2FB04684FEAD808A2FB00B6B3
:10DED00008EB880B09F00F0AA4EB4B044FEA591921
:10DEE00044EA4934A2FB0AB901EB410BF608A5EB61
:10DEF0004B0B05EB8505A3EB450306EB8605A0EB75
:10DF0000450044EA00400EEB8E04A1EB44014FEAC9
:10DF10009C0C4FEAD90943EA0B1343EA0123A2FB05
:10DF20000C41A2FB064209EB8904AAEB440A40EA31
:10DF30000A24D20802EB820244EA0934A6EB420228
:10DF400044EA081444EA02540CEB4C02C908AEEB54
:10DF5000420E43EA0E3501EB8103ACEB430C45EA7C
:10DF60000C4545EA0155FCF7F5F8124B5A68D368A1
:10DF700043F08003D360D3685B06FCD5019B5968EE
:10DF80000D604C608B687C7823F48023C4F300140C
:10DF900043EA84438B60D36823F08003D36003B0EB
:10DFA000BDE8F04FFCF7E0B8D34D6210CDCCCCCC3F
:10DFB000ABAAAAAAF89B0020F0B50546002483B0BE
:10DFC0000F462646FCF7C6F86B68254622469C6A33
:10DFD000A242AC46B6461D685E68F7D1AC45F5D1A5
:10DFE000B645F3D19B680193FCF7BEF8019B2F481F
:10DFF0009B0903F480512E4BC5F3034203FB02F24D
:10E00000C5F3015300FB03224FF47A7C05F00F03A4
:10E010000CFB0322C6F3035303EB830EC6F300335A
:10E0200003EB830C234B244804FB03F3C5F30234B6
:10E0300000FB0420C6F3034202EB4E023A70C6F323
:10E04000032202EB4C0202F00F0241EA02224EF6DA
:10E050006024C5F3032104FB0101C6F3011000EBAA
:10E06000800406F00F0000EB440006F460463243E3
:10E0700000F01F0042EA0042C5F3021542F21070A0
:10E0800000FB051103F5792321F0784103F61843CD
:10E0900001EB9323796863F31A013B6879606FF3AE
:10E0A000142313433B6003B0F0BD00BF00512502B1
:10E0B00080EE360018FCFFFFC0270900D0F804C02E
:10E0C000416A9CF801200B68F2B91A6822F01F021D
:10E0D0001A601A68D207FCD44A7A49683D239340F3
:10E0E000C2690B6093681B06FCD4016A0A68136856
:10E0F00023F01F0313601368D807FCD4487A4A68DA
:10E100003D238340136070471A6822F01F0200B558
:10E110001A601A68D207FCD491F809E04A68016ACB
:10E120003D2303FA0EF313600A68136823F01F03FC
:10E1300013601368DB07FCD44A7A49683D23934097
:10E14000104A0B60904212D0BCF81420BCF8161094
:10E15000C36922F044024FF0000C41F0030142F089
:10E160004000C3F800C059601A60186000BD064B3B
:10E170005A6A42F480525A625A6A22F480525A62AF
:10E180005B6AE1E7049C00200038024010B511F002
:10E190000C0F82B0044629D143681A78B2B1CA067E
:10E1A00004D55B6883B10191984701998B060BD523
:10E1B00063685B6843B10422227020469847237845
:10E1C000042B01D10323237002B010BD0193FFF78C
:10E1D00075FF019B5B6833B104222270204698478B
:10E1E0002378042B0DD1022323700AE00B48FBF7A0
:10E1F000A3FF2046FFF762FF63689B680BB12046D0
:10E200009847302383F31188002104F10800FCF7BC
:10E2100095FA002383F3118802B010BDCCF60108F3
:10E2200011F00C0F00D1704710B504460B48FBF7F6
:10E2300083FF2046FFF742FF63689B68204603B1D7
:10E240009847302383F31188002104F10800FCF77C
:10E2500075FA002383F3118810BD00BFCCF60108C6
:10E2600010B50748064CFCF7BDFE002305480649DB
:10E27000064AE06123626362A162E26210BD00BFF0
:10E28000049C0020003001401600010646000106F3
:10E2900010B502784FF0FF31012A82B00346416386
:10E2A0003BD0D0F81CC0D3F804E0996ABEF8142023
:10E2B000D86A14059EF8004021F4F04120F4F040A3
:10E2C00044BF41F4205140F42050E4B921F484715A
:10E2D00020F48470D8629EF8010099620023BEF891
:10E2E0001610CCF8003022F0440388B141F003024C
:10E2F00043F04001CCF804200020CCF80030CCF8EA
:10E30000001002B010BD41F4847140F48470E1E764
:10E3100043F4417341F00702EAE71D4A90420AD0F4
:10E32000196A5A6AD3F81CC0086811680CF10C020B
:10E3300082608A60B7E70190164A0A210820FEF73A
:10E3400011FA019B1862F8B1134A01930A210B20BC
:10E35000FEF708FA019B586298B1104A516C41F4DB
:10E3600080515164516E41F480515166516E516A31
:10E3700041F480515162516A21F480515162526AD4
:10E38000CEE7186AFEF7F4F96FF01000B9E700BFA6
:10E39000049C00208DE1010821E2010800380240C0
:10E3A0000278022A00D0704700B583B00190FFF7D1
:10E3B00085FE019BD969586A00220A604A60FEF70F
:10E3C000D7F9019B186AFEF7D3F9019B094900228E
:10E3D0008B421A625A6201D003B000BD064B5A6CE0
:10E3E00022F480525A645A6E22F480525A665B6E4E
:10E3F000F2E700BF049C00200038024010B4046A19
:10E40000D4F800C0CCF80C30836ACCF8041043F484
:10E410008063CCF80030436AC06A1B6840F48060B7
:10E42000DA6059601860DCF8002042F00102CCF894
:10E4300000201A6842F00102002010BC1A607047E8
:10E44000036AD3F800C000F13003CCF80C30836AC3
:10E45000CCF80410CCF80030436AC06A1B6840F462
:10E460008060DA6059601860DCF8002042F0010238
:10E47000CCF800201A6842F0010200201A607047B0
:10E48000104A1148116C41F001011164116E41F004
:10E4900001011166126E82684FF0804342F0010262
:10E4A00082600121002240F2CF2C4FF0FF30C3F8F0
:10E4B00028C0D8629A615A63DA605A60596119605B
:10E4C000704700BF00380240002004E04FF0804257
:10E4D00008B51169D3680B40D9B2C9439B071161D4
:10E4E00000D408BD302383F31188FBF731FE0023ED
:10E4F00083F3118808BD00BF3A4A3B49106940F0D8
:10E500009F0070B510611069384D20F09F001061B8
:10E510001069106B40F09F001063106D40F09F0079
:10E520001065126D3248334A00234FF0FF3C4FF61E
:10E53000FF7E4B60C1F808C0C860C1F814E00A62F1
:10E540002D4A4A6202F1854202F5B0120A602B4A56
:10E550002B4853604FF0AA31C2F808C0D1604FF089
:10E560008051C2F814E01362536211602549C2F869
:10E570000434C2F808C4C2F80C142349C2F814E4E5
:10E58000C2F820142149C2F824144FF4A031C2F873
:10E59000001401F1804101F5504102F5C0524FF0E5
:10E5A000553440F6FF764360C0F808C0C460466149
:10E5B0000362436203604B60C1F808C0CC60C1F8DD
:10E5C00014E00B624B620B605360C2F808C0D56068
:10E5D000C2F814E01362BDE8704053621360FDF7A7
:10E5E0003BBB00BF0038024000000240505555556B
:10E5F000645001A40000565500AA0A00000402401D
:10E60000000C024055695555005000600006060098
:10E61000704700BF162303604FF0FF30704700BF04
:10E6200000207047184670470020704710B5002240
:10E63000044608460121FCF7CBF900B110BD0C23BC
:10E6400023604FF0FF3010BD08B50021104658225E
:10E6500000F098F903464FF4005200205A6008BDBC
:10E660000120704708B50248FBF766FD00F00EF880
:10E67000D8F6010808B50248FBF75EFD00F006F881
:10E68000E0F6010801207047704700BF08B506207A
:10E6900000F0A8F90120FFF7E5FF0000024B0A4651
:10E6A0000146186800F002B8AC2F002070B5A1FB3D
:10E6B000026535B9314600F059F8044628B92046BC
:10E6C00070BD0C2303600024F9E73246294600F0B0
:10E6D00059F9F4E7931E222B10B50C4604D90023F8
:10E6E0000B701C46204610BD0A2A09D1002807DA03
:10E6F0002D230B7040420121214400F0F3F8F1E793
:10E700000021F9E7FFF7E6BF024B0146186800F069
:10E710002DB800BFAC2F0020024B0146186800F056
:10E72000A9B900BFAC2F002070B50F4C0E46216870
:10E73000054611B9FFF77AFF206031462846FFF7FA
:10E7400075FF431C03D14FF0FF34204670BDC41C3D
:10E7500024F00304A042F8D0211A2846FFF766FFF0
:10E760000130F2D1EFE700BF687400202DE9F843D3
:10E77000CD1C25F0030508350C2D38BF0C25002DC8
:10E78000064601DBA94204D90C2333600020BDE812
:10E79000F883334F00F066F83B681C463CBB2946C3
:10E7A0003046FFF7C1FF431C044656D13C68A046E3
:10E7B000B8F1000F40D1002C49D0236841463046C3
:10E7C00004EB0309FFF732FF814540D121686D1A40
:10E7D00029463046FFF7A8FF013038D023682B4484
:10E7E00023603B685A685ABBC7F800800EE0226875
:10E7F000521B1ED40B2A16D96119A342256018BFDB
:10E800005960636808BF396062514B60304600F060
:10E810002AF804F10B00231D20F00700C21A1CBFC8
:10E820001B1AA350B3E76268A3420CBF3A605A6058
:10E83000ECE723466468B1E74446D8F80480B7E7BC
:10E840001A465B68A342FBD100235360DEE70C232A
:10E850003360304600F007F898E70560D6E700BF60
:10E860006C74002070477047164B10B51C68226B03
:10E87000B2B91820FFF748FF0246206320B9124BB7
:10E880001248522100F0D8F81149124BC0E9001388
:10E89000114B83600B23838100210120C2E9040115
:10E8A00013690E4854690E49584301FB0400A3FB49
:10E8B0000131013340EB0100C2E9043020F0004097
:10E8C00010BD00BFAC2F0020C0040208D70402080E
:10E8D0000E33CDAB34126DE6ECDE05002DF451584D
:10E8E0002D7F954CF0B51E4C8BB005460B466E4601
:10E8F00004F1200C20686168374603C7083464457A
:10E900003E46F7D121793971911E2068386022295D
:10E910004FF0000104D919700B4618460BB0F0BD3A
:10E92000581E8446B5FBF2F702FB175628366E4494
:10E93000AA4216F8286C0CF8016F0C463D4601F10E
:10E940000101EFD900225A541919A51AAA42E4DA92
:10E9500010F8015F0E780670013201F80159F4E7F2
:10E960005B05020810B501390244904201D1002034
:10E9700005E0037811F8014FA34201D0181B10BD28
:10E980000130F2E702440346934200D1704703F896
:10E99000011BF9E71F2938B505460C4604D9162393
:10E9A00003604FF0FF3038BDC26B12B152F8213016
:10E9B0004BB9284600F030F8224601462846BDE80B
:10E9C000384000F017B8012B0AD0591C03D1162388
:10E9D00003600120E7E7002142F824102046984711
:10E9E0000020E0E7024B01461868FFF7D3BF00BFE5
:10E9F000AC2F002038B5074C0023054608461146C9
:10EA00002360FFF737FE431C02D1236803B12B605C
:10EA100038BD00BF70740020FFF734BE0A44914235
:10EA200000F1FF3300D1704710B511F8014B03F826
:10EA3000014F9142F9D110BD1FB51D46094B1B680E
:10EA40000646D86852B1084C0091CDE90142074909
:10EA500033462A4600F05AF8FFF718FE044C2246C7
:10EA6000F2E700BFAC2F0020800502088D050208E8
:10EA7000BB05020837B5002944D051F8043C019089
:10EA8000002BA1F10404B8BFE418FFF7EBFE1E4A07
:10EA90000198136833B96360146003B0BDE8304077
:10EAA000FFF7E1BEA34208D9256861198B4201BF77
:10EAB00019685B6849192160EDE71A465B680BB17C
:10EAC000A342FAD911685518A5420BD124682144F4
:10EAD0005418A3421160E0D11C685B6853600C4479
:10EAE0001460DAE702D90C230360D6E725686119C0
:10EAF0008B4204BF19685B68636004BF49192160D9
:10EB00005460CAE703B030BD6C7400200EB403B586
:10EB1000014603AB054853F8042B0068019300F04D
:10EB20002FF802B05DF804EB03B07047AC2F002063
:10EB30009368013B002B10B4936007DA9469A342F9
:10EB400001DB0A2902D110BC00F07BBB1368581C02
:10EB500010601970084610BC7047F8B506460F469D
:10EB60001446D518AC4201D1002007E014F8011B6F
:10EB70003A463046FFF7DCFF431CF3D1F8BD0000F6
:10EB80002DE9F047064696B00D4614461F4618B1CB
:10EB9000036A0BB900F0E6FAAB891B0759D52B695C
:10EBA000002B56D00023099320238DF8293003979A
:10EBB0003023604F8DF82A304FF0010823461A7831
:10EBC00099461AB1252A03F10103F8D1B9EB040AD9
:10EBD0000BD05346224629463046FFF7BEFF013090
:10EBE00000F0A380099A5244099299F80030002B52
:10EBF00000F09B8000224FF0FF33CDE9053209F190
:10EC00000109049207928DF853204C46052214F80E
:10EC1000011B4848E9F71CFC049A28BBD00644BFF6
:10EC200020238DF85330110744BF2B238DF8533028
:10EC300099F800302A2B1ED007994B4600204FF040
:10EC40000A0C1A78303A092A1C4655D900B30791A4
:10EC50001EE02946304600F031FB0028A2D04FF0DC
:10EC6000FF3016B0BDE8F087C01B08FA00F0104373
:10EC70000490A146C9E7039B191D1B680391002B53
:10EC8000BBBF5B4242F0020207930793B8BF0492F6
:10EC900023782E2B0AD163782A2B32D1039B1A1D9D
:10ECA0001B68039243EAE37302340593DFF8909004
:10ECB000217803224846E9F7CBFB38B1049BA0EB4F
:10ECC00009004022824013430134049321781A48FA
:10ECD0008DF828100622E9F7BBFB03AB00932A4608
:10ECE000164B04A9304600F0A3F8421C1DD0099B26
:10ECF00003440134099361E701330CFB0121012036
:10ED00009FE700230593611C18464FF00A0C0A7810
:10ED1000303A092A0C4603D9002BC7D00590C5E725
:10ED200001310CFB00200123F1E7AB895B0696D48F
:10ED3000099896E7BC050208C60502085BEB0108C6
:10ED4000C20502082DE9F047914698468A680B698A
:10ED5000089E9342B8BF1346C9F8003091F843208B
:10ED600007460C4612B10133C9F8003023689906F2
:10ED700042BFD9F800300233C9F80030256815F0D9
:10ED8000060507D104F1190AE368D9F800209B1A97
:10ED9000AB4229DC94F843302268003B18BF0123C2
:10EDA00092062ED404F1430241463846B047013062
:10EDB00021D02368A168226903F00603042B01BF58
:10EDC000E568D9F80030ED1A25EAE57518BF002589
:10EDD0008B1A2B449142C8BF1D464FF000091A34CC
:10EDE0004D451AD1002008E00123524641463846DD
:10EDF000B047013003D14FF0FF30BDE8F087013557
:10EE0000C2E7E1185A1C302081F84300224494F8EC
:10EE1000451082F843100233C4E7012322464146DD
:10EE20003846B0470130E6D009F10109D8E70000C3
:10EE30002DE9F04398460B7E85B0782B17460646A1
:10EE40000C9A0C4609D8622B01F1430108D8002B1B
:10EE500000F0DC80582B00F0BD8004F1420539E061
:10EE6000A3F163001528F8D801A555F820F000BFDC
:10EE7000C9EE0108DDEE01085BEE01085BEE01085A
:10EE80005BEE01085BEE0108DDEE01085BEE0108B8
:10EE90005BEE01085BEE01085BEE0108EDEF010897
:10EEA00009EF01089BEF01085BEE01085BEE01082A
:10EEB00015F001085BEE010809EF01085BEE01089F
:10EEC0005BEE0108A3EF01081368191D1B681160B0
:10EED00004F1420584F842300123A8E01368256854
:10EEE000181D1060280601D51B6803E06A06FBD5D3
:10EEF000B3F90030002B03DA2D225B4284F8432063
:10EF0000DFF878C10A2213E02568106815F0800F39
:10EF100050F8043B02D16D0648BF9BB21060227EC0
:10EF2000DFF858C16F2A5DD10822002084F8430021
:10EF30006568A560002D05DB20681D4320F00400F6
:10EF4000206051D00D46B3FBF2F002FB103E9A4216
:10EF50001CF80EE005F801ED0346F4D9082A0BD1A0
:10EF60002368DA0708D5236962689A42DEBF302336
:10EF700005F8013C05F1FF35491B2161CDF8008002
:10EF80003B4603AA21463046FFF7DCFE013053D151
:10EF90004FF0FF3005B0BDE8F083236843F0200355
:10EFA0002360DFF8DCC0782384F8453020681568DA
:10EFB00010F0800F55F8043B03D110F0400F18BF3C
:10EFC0009BB21560C50744BF40F02000206023B10C
:10EFD0001022AAE7DFF8A4C0E6E7226822F02002A8
:10EFE0002260F5E70A22A0E70D46B7E71368D4F8D8
:10EFF00000C060691D1D15601CF0800F1B6801D0EA
:10F00000186003E01CF0400FFAD018800023236141
:10F010000D46B3E71368191D11601D686268002171
:10F020002846E9F715FA08B1401B60606368236160
:10F03000002384F84330A1E723692A463946304645
:10F04000C0470130A4D023689B0714D4E068039B19
:10F050009842B8BF18469DE7012304F119023946CA
:10F060003046C047013093D00135E36803995B1AFD
:10F07000AB42F1DCEAE70025F7E700BFCD05020867
:10F08000DE050208002310B50446C0E90033C0E9DC
:10F090000433836081814366C281836119460822FB
:10F0A0005C30FFF76FFC054B6362054BA362054BB9
:10F0B000E362054B2462236310BD00BFBBF101086E
:10F0C000DDF1010815F201083BF20108024A03498B
:10F0D000034800F055B800BFFC2F002065F401087C
:10F0E000B02F002041680C4B994210B5044601D066
:10F0F00000F0B8F9A168094B994202D0204600F00F
:10F10000B1F9E168064B994204D02046BDE81040B1
:10F1100000F0A8B910BD00BF74740020DC7400209A
:10F120004475002010B50A4B0A4A1A600A480022AA
:10F130000421FFF7A7FF094801220921FFF7A2FFD9
:10F14000BDE81040064802221221FFF79BBF00BF16
:10F15000AC750020CDF0010874740020DC74002030
:10F1600044750020036A33B9034B0362034B1B68E9
:10F170000BB9FFF7D7BF7047E5F00108AC75002069
:10F180002DE9F8438046894614460026D4E90175E6
:10F19000013F05D52468002CF8D13046BDE8F8833E
:10F1A000AB89012B07D9B5F90E30013303D02946BD
:10F1B0004046C84706436835EAE710B50C46B1F942
:10F1C0000E10FFF727FA0028ABBF636DA3891B1849
:10F1D00023F48053ACBF6365A38110BD2DE9F041DA
:10F1E0001F468B89DB0505460C46164605D5B1F949
:10F1F0000E1002230022FFF713FAA389B4F90E10B0
:10F2000023F48053A38132463B462846BDE8F041B3
:10F21000FFF708BA10B50C46B1F90E10FFF700FA67
:10F22000B4F90C30421C0BBF23F4805343F48053D9
:10F23000A381A38118BF606510BDB1F90E10FFF75F
:10F24000F3B9F8B505460F46144618B1036A0BB971
:10F25000FFF788FFA369A360A3891A0701D5236973
:10F2600043B92146284600F029F818B14FF0FF367F
:10F270003046F8BD23692068C01A6369834205DC03
:10F280002146284600F0EEF80028EFD1A368013BA4
:10F29000A36023685A1C22601F7063690130834297
:10F2A000FEB204D0A389DB07E2D50A2EE0D12146C5
:10F2B000284600F0D7F80028DAD0D7E738B5284B31
:10F2C000054618680C4618B1036A0BB9FFF74AFFE8
:10F2D000B4F90C30190720D4DA0607D409222A60C1
:10F2E00043F04003A3814FF0FF3031E0580711D5C0
:10F2F000616B41B104F14403994202D02846FFF703
:10F30000B9FB002363630022A38962602269226043
:10F3100023F0240343F00803A38123694BB9A38995
:10F3200003F42073B3F5007F03D02146284600F094
:10F33000D2F8B4F90C3013F001020AD00022A26016
:10F3400062695242A261226942B913F08000C7D1BA
:10F3500038BD990758BF6269A260F4E70020F7E75B
:10F36000AC2F0020B1F90C202DE9F041160705461D
:10F370000C4651D44B68002B02DC0B6C002B49DD92
:10F38000E66A002E46D0002312F480522F682B60CC
:10F3900031D0626DA389590705D56368D21A636BB2
:10F3A0000BB1236CD21A0023E66A216A2846B047C3
:10F3B000421CB4F90C3006D129681D2945D8284AC9
:10F3C000CA40D60741D500226260D9042269226072
:10F3D00004D5421C01D12B6803B96065616B2F60B5
:10F3E000C1B104F14403994202D02846FFF742FB21
:10F3F000002363630EE0216A01232846B0470246DA
:10F40000501CC7D12B68002BC4D01D2B01D0162B4C
:10F410001AD12F6000201DE00F69002FFAD093074A
:10F420000E6808BF4B690F6018BF0023A6EB0708E2
:10F430008B60B8F1000FEDDD216AA66A43463A46BB
:10F440002846B047002807DCA38943F04003A38186
:10F450004FF0FF30BDE8F0810744A8EB0008E8E773
:10F460000100402038B50B6904460D466BB118B158
:10F47000036A0BB9FFF776FEB5F90C302BB12946BC
:10F480002046BDE83840FFF76DBF184638BD70B55F
:10F490000E46B1F90E10002996B014461D460ADA40
:10F4A000B28912F0800213D14FF4806100202A60EB
:10F4B000216016B070BD6A46FFF7C6F80028EFDB82
:10F4C000019A02F47042A2F500535A425A41EBE706
:10F4D00000224021EAE78B8973B59E0705460C465A
:10F4E00007D504F14703236023610123636102B060
:10F4F00070BD01AB6A46FFF7CAFF009E2846314641
:10F50000FFF734F9B4F90C3038B99A05EFD423F089
:10F51000030343F00203A381E3E743F08003A381E5
:10F52000019B2060C4E90406002BE0D0B4F90E1062
:10F530002846FFF795F80028D9D0A38923F00303C4
:08F5400043F00103A381D2E7AF
:10F548000008024001080240020802400308024085
:10F55800000002400100024000000000030100001A
:10F56800000000000808024008080240080802409D
:10F5780000FFFF0001000000A0860100010000005C
:10F58800414243000080FF7F0080FF7FFF00FF00B3
:10F598000080FF7F0080FF7F0080FF7F0C0D0E0F33
:10F5A800080905040607000102030A0B02E32B0001
:10F5B80002E3080003E1E32102E30600E2E6E3E7F1
:10F5C800323032362D30382D30332D30303A333119
:10F5D8003A32390053544D3332463430310000004A
:10F5E8000407080B0E000000111213141516171843
:10F5F800191A00004B65796368726F6E204B3820CA
:10F60800484500004C61737420736563746F722001
:10F61800696E74656E64656420746F206265207518
:10F62800736564207769746820776561725F6C65BB
:10F6380076656C696E67206973206265796F6E64A0
:10F6480020617661696C61626C6520666C617368C3
:10F658002064657363726970746F722072616E677B
:10F6680065000000496E76616C6964207365637497
:10F678006F7220636F756E7420696E74656E646551
:10F688006420746F206265207573656420776974DF
:10F698006820776561725F6C6576656C696E670076
:10F6A800262626262626262626262626000000008A
:10F6B800633000006D61696E0000000069646C656C
:10F6C80000000000444D41206661696C7572650058
:10F6D80065786974000000006B696C6C00000000BC
:10F6E800003131295A1B750A000000000000000093
:10F6F8000000000000000240040000001C000000A0
:10F708001112130000640000006400000058020099
:10F718000000000000000000046400000064000015
:10F7280000580200000100000000000003D007009C
:10F7380000FA000000D007000001000000000000EF
:10F7480004E8030000E803000000000000010000D6
:10F7580000000000000000000000000000000000A1
:10F768000000000000000000000000000000000091
:10F778000000000000000000000000000000000081
:10F788000000000000000000000000000000000071
:10F798000000000000000000000000000000000061
:10F7A8000000000000000000000000000000000051
:10F7B8000000000000000000000000000000000041
:10F7C8000000000000000000000000000000000031
:10F7D8000000000000000000000000000000000021
:10F7E8000000000000000000000000000000000011
:10F7F8000000000000000000000000000000000001
:10F8080000000000000000000000000000000000F0
:10F8180000000000000000000000000000000000E0
:10F8280000000000000000000000000000000000D0
:10F8380000000000000000000000000000000000C0
:10F8480000000000000000000000000000000000B0
:10F8580000000000000000000000000000000000A0
:10F868000000000000000000000000000000000090
:10F878000000000000000000000000000000000080
:10F888000000000000000000000000000000000070
:10F898000000000000000000000000000000000060
:10F8A8000000000000000000000000000000000050
:10F8B8000000000000000000000000000000000040
:10F8C8000000000000000000000000000000000030
:10F8D8000000000000000000000000000000000020
:10F8E8000000000000000000000000000000000010
:10F8F800000000007002000000000000000000008E
:10F9080000000000000000000000000000000000EF
:10F918009002700300000000700030020000000038
:10F92800500230010000000000001002000000003A
:10F93800000000000000100050003000000000002F
:10F94800D0001001F0000000F001D001000000001C
:10F9580000000000B00200000000000000000000ED
:10F9680000000000000000000000B0010000D0020C
:10F978000000F002900000000000000000000000FD
:10F98800000000000000000000000000B00030038C
:10F9980010035003006F8F7F006E8E7E006D8D7D8B
:10F9A800006C8C7C006B8B7B006A8A7A0069897991
:10F9B80000688878006787770066867600658575B1
:10F9C80000648474006383730062827200618171D1
:10F9D80000608070000F2F1F000E2E1E000D2D1DC1
:10F9E800000C2C1C000B2B1B000A2A1A00092919D1
:10F9F80000082818000727170006261600052515F1
:10FA08000004241400032313010323130002221209
:10FA1800000121110000201001012111003F5F4F5A
:10FA2800003E5E4E003D5D4D003C5C4C003B5B4B38
:10FA3800003A5A4A00395949003858480037574758
:10FA48000036564600355545003454440033534378
:10FA58000032524200315141003050400100201024
:10FA6800010F2F1F010E2E1E010D2D1D010C2C1C28
:10FA7800010B2B1B010A2A1A010929190108281848
:10FA88000107271701062616010525150104241468
:10FA980001022212016F8F7F016D8D7D016C8C7CBC
:10FAA800016B8B7B016A8A7A016989790168887898
:10FAB80001678777016686760165857501648474B8
:10FAC800016383730162827201608070013F5F4F3E
:10FAD800013E5E4E013D5D4D013C5C4C013959498A
:10FAE80001375747013656460135554501345444C8
:10FAF80001335343013252420131514101305040E8
:10FB0800FFFFFFFFFFFFFFFFFDBF4FFF2900BE0004
:10FB1800BD00047E057E28782778AC00AE00AB00D7
:10FB2800A800AA00A900087E0A7E217835001E00D8
:10FB38001F002000210022002300240025002600A9
:10FB480027002D002E002A0049004A002B0014002F
:10FB58001A000800150017001C0018000C001200FD
:10FB680013002F00300028004C004D00390004001D
:10FB78001600070009000A000B000D000E000F0018
:10FB880033003400890031004B004E00E1000000D2
:10FB98001D001B00060019000500110010003600AA
:10FBA800370038008700E50000005200E000007EC2
:10FBB800027E9100000000002C0000009000037EEF
:10FBC800017E2152E400500051004F0001003A002C
:10FBD8003B003C003D003E003F0040004100420029
:10FBE80043004400450001000100207801000B7E1D
:10FBF8000C7E0D7E0E7E0100010001000100010057
:10FC080001000100010001000100010020782178B5
:10FC18002778237825782978010001000100010060
:10FC2800010001000100010001000100010022782B
:10FC38002878247826782A7801000100010001003C
:10FC480001000100010001000100010001000000A5
:10FC580001000100010001000F7E01000100010008
:10FC68000100010001000100000001000100010085
:10FC78000100010000000000010000000100010077
:10FC880001000100010001000100010029003A0003
:10FC98003B003C003D003E003F0040004100420068
:10FCA8004300440045004600097E217835001E00C7
:10FCB8001F00200021002200230024002500260028
:10FCC80027002D002E002A0049004A002B001400AE
:10FCD8001A000800150017001C0018000C0012007C
:10FCE80013002F00300028004C004D00390004009C
:10FCF8001600070009000A000B000D000E000F0097
:10FD080033003400890031004B004E00E100000050
:10FD18001D001B0006001900050011001000360028
:10FD2800370038008700E50000005200E000E300DB
:10FD3800E2008B00000000002C0000008A00E600B2
:10FD4800E7002352E400500051004F000100BE00BC
:10FD5800BD00067E077E28782778AC00AE00AB0091
:10FD6800A800AA00A90001000100207801000B7E6C
:10FD78000C7E0D7E0E7E01000100010001000100D5
:10FD88000100010001000100010001002078217834
:10FD980027782378257829780100010001000100DF
:10FDA80001000100010001000100010001002278AA
:10FDB8002878247826782A780100010001000100BB
:10FDC8000100010001000100010001000100000024
:10FDD80001000100010001000F7E01000100010087
:10FDE8000100010001000100000001000100010004
:10FDF80001000100000000000100000001000100F6
:10FE08000100010001000100010001000031312959
:10FE18005A1B750A5D6A0108C1680108256901084D
:10FE28000D6B01084D6B0108596B0108CD6A01087B
:10FE380000010101010101010101020202020202A5
:10FE48000202020303030303030303040404040478
:10FE5800040405050505050606060606070707073F
:10FE68000708080808090909090A0A0A0B0B0B0CF4
:10FE78000C0C0D0D0D0E0E0E0F0F0F101011111191
:10FE88001212131314141515161617171818191912
:10FE98001A1A1B1B1C1D1D1E1E1F20202122222377
:10FEA8002424252626272829292A2B2C2D2D2E2FB8
:10FEB80030313232333435363738393A3B3C3D3ECF
:10FEC8003F404142434445464748494A4C4D4E4FBE
:10FED80050515354555658595A5B5D5E5F61626480
:10FEE800656668696B6C6D6F7072737577787A7B0D
:10FEF8007D7E8082838587888A8C8E8F9193959664
:10FF0800989A9C9EA0A2A3A5A7A9ABADAFB1B3B583
:10FF1800B7BABCBEC0C2C4C6C9CBCDCFD1D4D6D85F
:10FF2800DBDDDFE2E4E7E9EBEEF0F3F5F8FAFDFFFD
:10FF380000000000000000002A2B2800000000003C
:10FF48000000000000000000000000290000000080
:10FF58002C1E3420212224342627252E362D3738EE
:10FF6800271E1F202122232425263333362E3738F7
:10FF78001F0405060708090A0B0C0D0E0F101112B5
:10FF8800131415161718191A1B1C1D2F3130232D81
:10FF9800350405060708090A0B0C0D0E0F1011127F
:10FFA800131415161718191A1B1C1D2F3130354C30
:10FFB8000000000000000000000000000000000039
:10FFC8000000000000000000000000000000000029
:10FFD800000000007E0F00D4FFFFFFC7000000787C
:10FFE80061910108C19001084D8F0108498F0108EE
:08FFF800303132333435363765
:020000040802F0
:1000000038394142434445460000000012034D0088
:10001000530046005400310030003000040000005E
:100020001E034B00650079006300680072006F00DA
:100030006E0020004B003800200048004500000002
:1000400012034B00650079006300680072006F00C6
:100050006E000000040309041201000200000040C9
:100060003434820E11010102030100000660FF0911
:1000700061A1010962150026FF0095207508810223
:100080000963150026FF00952075089102C0000045
:1000900005010906A1018501050719E029E71500F9
:1000A00025019508750181029501750881010507F3
:1000B000190029FF150026FF009506750881000527
:1000C000081901290515002501950575019102956D
:1000D0000175039101C005010902A1018502090111
:1000E000A1000509190129081500250195087501C8
:1000F00081020501093009311581257F95027508B6
:10010000810609381581257F950175088106050C42
:100110000A38021581257F950175088106C0C00542
:10012000010904A1018507A1000501093009310970
:10013000320933093409351581257F950675088103
:100140000205091901291015002501951075018175
:1001500002C0C005010980A101850319012AB70069
:10016000150126B700950175108100C0050C090125
:10017000A101850419012AA002150126A0029501FA
:1001800075108100C005010906A101850605071942
:10019000E029E71500250195087501810205071979
:1001A0000029EF1500250195F07501810205081958
:1001B000012905950575019102950175039101C00D
:1001C000001302083C9C00203C9C00203C9C00202A
:1001D00000130208000000200000002000000020A2
:1001E000001302080000012000000120000001208F
:1001F00000130208000000000000000000000000E2
:1002000000130208000000100000001000000010A1
:10021000001302080040024000400240004002403B
:1002200000130208000000000000000000000000B1
:1002300000130208000000000000000000000000A1
:10024000B8F60108E8710020C87300200000000023
:10025000E9BD0108EDBD01082DBE010805BF01087B
:1002600011BF01085DBF0108B1BF0108A5AE0108BB
:1002700099AE01080100000000000000000000002D
:10028000E4020208C8020208AC0202089002020856
:100290000300000004000000080000000003020842
:1002A000000000000000000800000800030000003B
:1002B00004000000070000004003020800000000E6
:1002C0000000000800000600030000000400000019
:1002D000060000007803020800000000000000088B
:1002E00000000400030000000400000005000000FE
:1002F000A80302080000000000000008000002003F
:10030000000000000040000000400000004000002D
:10031000008000000040000000C00000004000001D
:1003200000000100000001000000020000000200C7
:1003300000000400000002000000060000000200AF
:1003400000000000004000000040000000400000ED
:10035000008000000040000000C0000000400000DD
:100360000000010000000100000002000000020087
:100370000000040000000200000000000040000037
:10038000004000000040000000800000004000002D
:1003900000C000000040000000000100000001005B
:1003A0000000020000000200000000000040000009
:1003B00000400000004000000080000000400000FD
:1003C00000C000000040000000000100000001002B
:1003D00010600240086002400000000B28600240EC
:1003E000086002400006010C4060024008600240C4
:1003F0000010020D58600240086002400016030E13
:10040000706002400C6002400000040F88600240EF
:100410000C60024000060510A06002400C60024023
:1004200000100611B86002400C6002400016072F51
:10043000106402400864024000000838286402404A
:100440000864024000060939406402400864024022
:1004500000100A3A586402400864024000160B3B40
:10046000706402400C64024000000C3C886402404E
:100470000C64024000060D44A06402400C6402407B
:1004800000100E45B86402400C64024000160F468E
:100490008000000040010000030000000000000098
:1004A000D9B30108D1B70108B9B80108400040002C
:1004B0005474002054740020010000004C7400208B
:1004C0005245454E54206D616C6C6F6320737563AB
:1004D000636565646564002F742F6275696C642FB1
:1004E000686F73745F77696E646F77735836342DF5
:1004F0007461726765745F626172656D6574616C69
:1005000041524D2F2E6275696C642F484F53542D04
:100510007838365F36342D7736342D6D696E6777CF
:1005200033322F61726D2D6E6F6E652D656162695C
:100530002F7372632F6E65776C69622D6E616E6FBB
:100540002F6E65776C69622F6C6962632F737464B8
:100550006C69622F72616E642E6300303132333405
:1005600035363738396162636465666768696A6B16
:100570006C6D6E6F707172737475767778797A00BE
:100580002C2066756E6374696F6E3A200061737318
:10059000657274696F6E2022257322206661696C12
:1005A00065643A2066696C6520222573222C206CD4
:1005B000696E65202564257325730A00232D302B71
:1005C0002000686C4C006566674546470030313254
:1005D00033343536373839414243444546003031AB
:1005E000323334353637383961626364656600000A
:1005F00020202020202020202028282828282020D3
:1006000020202020202020202020202020202020EA
:100610008810101010101010101010101010101062
:100620000404040404040404040410101010101042
:10063000104141414141410101010101010101011B
:10064000010101010101010101010110101010104F
:1006500010424242424242020202020202020202EC
:100660000202020202020202020202101010102014
:10067000000000000000000000000000000000007A
:10068000000000000000000000000000000000006A
:10069000000000000000000000000000000000005A
:1006A000000000000000000000000000000000004A
:1006B000000000000000000000000000000000003A
:1006C000000000000000000000000000000000002A
:1006D000000000000000000000000000000000001A
:1006E000000000000000000000000000000000000A
:0806F000987AFE7F0100000072
:1006F8000000060000000000F58600080000000069
:1007080000000040000000000000000000000000A1
:100718000000000000000000000000000008024087
:10072800010802400208024003080240000002409B
:10073800010002402C300020FFFFFFFF00003F00B7
:100748007F000000FFFFFFFF00003F007F00000068
:10075800FFFFFFFF00003F007F000000FFFFFFFFDB
:1007680000003F007F000000FFFFFFFF00003F0088
:100778007F000000FFFFFFFF00003F007F00000038
:10078800FFFF000049E00008D1E100083DE2000851
:10079800A9E2000869E40008E1E2000819E300089A
:1007A80051E30008201C58020101FF0191EB0008E9
:1007B8002DF000086DEF0008B5F000082DED0008D9
:1007C80071ED0008B5ED0008F5ED000885EE0008AC
:1007D800CDEE000801EF000835EF000809F1000828
:1007E800CDF30008010016FF070802400808024080
:1007F800080802400808024001000000B80B000089
:100808000410010001020201080802400808024021
:10081800080802400000000000000000000000007E
:1008280000000000000000000000000000000000C0
:1008380000000000000000000100000000000000AF
:10084800000000000000000001010100000000009D
:100858000000000000000000000000000000000090
:100868000000000000000000000000000000000080
:1008780000FFFF2BFFFF2BFFFF2BFFFF2BFFFF2BA3
:10088800FFFF2BFFFF2BFFFF2BFFFF2BFFFF2BFF94
:10089800FF2BFFFF2BFFFF2BFFFF2BFFFF2BFFFF84
:1008A800AAFFFFAAFFFFAAFFFFAAFFFFAAFFFFAA4E
:1008B800FFFFAAFFFFAAFFFFAAFFFFAAFFFFAAFFE9
:1008C800FFAAFFFFAAFFFFAAFFFF2BFFFF2BFFFFD7
:1008D8002BFFFF2BFFFF2BFFFFAAFFFFAAFFFFAA9B
:1008E800FFFFAAFFFFAAFFFFAAFFFFAAFFFFAAFFB9
:1008F800FFAAFFFFAAFFFFAAFFFFAAFFFF00FFFF53
:100908002BFFFF2BFFFF2BFFFF2BFFFFAAFFFFAAE9
:10091800FFFFAAFFFFAAFFFFAAFFFFAAFFFFAAFF88
:10092800FFAAFFFFAAFFFFAAFFFFAAFFFFAAFFFF78
:100938002BFFFFAAFFFFAAFFFFAAFFFFAAFFFFAA3C
:10094800FFFFAAFFFFAAFFFFAAFFFFAAFFFFAAFF58
:10095800FFAAFFFF2BFFFF2BFFFF2BFFFF2BFFFF44
:100968002BFFFF2BFFFFAAFFFF2BFFFF2BFFFF2B08
:10097800FFFF2BFFFF2BFFFF2BFFFF2BFFFF2BFFA3
:10098800FF000000000102030405060708090A0B1E
:100998000C0D0E0F101112131415161718191A1B17
:1009A8001C1E1F2022232425262728292A2B2C2DEC
:1009B8002E2F3031333435363738393A3B3C3D3ECB
:1009C8001D3F213240FF4142434445464748494A7A
:1009D8004B4CFF4D4E4F5051FFFF52FF535455564D
:1009E8005758595A01001900260033004000540096
:1009F80061006E007B008E009B00A800B500C60059
:100A0800D300E000010E0C0E190E260E330E400E18
:100A18004D0E5A0E670E740E810E8E0E9B0EA80E8A
:100A2800B50EC60ED30EE00E031A131A201A2D1A8D
:100A38003A1A471A541A611A6E1A7B1A881A951AA2
:100A4800A21AB220C61AD31AE01A04271627232797
:100A580030273D274A275727642771277E278B276A
:100A68009827A72704331B332A33373344335133AA
:100A78005E336B337833853392339F33AF33D3335D
:100A880001400C401F402B4058407D408940964013
:100A9800A740B440C640D340E04001010101010134
:100AA800010101010101010101010101010101012E
:100AB800010101010101010101010101010101011E
:100AC800010101010101010101010101010101010E
:100AD80001010101010101010101010101010101FE
:100AE80001010101010101010101010101010101EE
:100AF8000101010101000000A0520020C0520020A5
:100B0800F1350108FFFF0000FFFFFFFF01000000B3
:100B18005C005C005C005C00FFFFFFFF030000005E
:100B280000FF0000FFFF0000080402400904024023
:100B38003905280850011E0A1401030201000000AB
:100B48000014000000000000000000000000000089
:100B580000000000000001008D8A010821940108AE
:100B68005D9401087D9401089D940108BD940108D5
:100B7800DD940108FD9401089200000000010500C1
:100B8800010088000000070000002A0044006500FA
:100B9800760069006300650049006E007400650016
:100BA8007200660061006300650047005500490057
:100BB800440073000000500000007B003900390039
:100BC8006300340062006200620030002D0065009E
:100BD8003900320035002D00340033003900370069
:100BE8002D0061006600650065002D0039003800A1
:100BF80031006300640030003700300032003100FB
:100C0800360033007D0000000000000028000000CE
:100C18000001040001000000000000000201585516
:100C280053423130000000000000000000000000C6
:100C38000000000009026A00030100A0FA0904008C
:100C480000010301010009211101000122300107FF
:100C580005830320000109040100020300000009C4
:100C6800211101000122220007058203200001074B
:100C78000502032000010904020002FF5D010011C2
:100C88002100010125811400000000130108000063
:100C9800070581032000010705010320000100006A
:100CA800000000000000000000000000000000003C
:100CB800000000000000000000000000000000002C
:100CC800000000000000000000000000000000001C
:100CD800000000000000000000000000000000000C
:100CE80000000000000000000000000000000000FC
:100CF80000000000000000000000000000000000EC
:100D080000000000000000000000000000000000DB
:100D1800989B002002000000040000002000000052
:100D2800086F002000000000000000000000000024
:100D380000000000000000000000000000000000AB
:100D4800000000000000000000000000000000009B
:100D5800000000000000000000000000000000008B
:100D6800000000000000000000000000000000007B
:100D7800000000000000000000000000000000006B
:100D8800000000000000000000000000000000005B
:100D98000000000000000000989B002001000000F7
:100DA8000400000020000000786E00200000000011
:100DB8000001020000000000000000000000000028
:100DC800000000000000000000000000000000001B
:100DD800000000000000000000000000000000000B
:100DE80000000000000000000000000003000000F8
:100DF80000000000C9990108000000002000000060
:100E080000000000000000000200000000000000D8
:100E180000000000000000000000000000000000CA
:100E280000000000000000000000000000000000BA
:100E3800000000000000000000000000989B002057
:100E4800030000000400000020000000B87000202B
:100E58000000000000000000942D002000000000A9
:100E6800000000000000000000000000000000007A
:100E7800000000000000000000000000000000006A
:100E8800000000000000000000000000000000005A
:100E9800000000000300000000000000C9990108DC
:100EA8008D9A0108200020000000000000000000CA
:100EB8000200000000000000000000000000000028
:100EC800000000000000000000000000000000001A
:100ED800000000000000000000000000000000000A
:100EE80001000000989B00200200000004000000A0
:100EF8002000000028700020000000000000000012
:100F0800282D002000000000000000000000000064
:100F180000000000000000000000000000000000C9
:100F280000000000000000000000000000000000B9
:100F380000000000000000000000000003000000A6
:100F480000000000C99901088D9A010820002000BE
:100F58000000000000000000020000000000000087
:100F68000000000000000000000000000000000079
:100F78000000000000000000000000000000000069
:100F8800000000000000000001000000989B002005
:100F9800010000000400000020000000986F0020FD
:100FA8000000000000000000BC2C0020D82C00200D
:100FB800959C0108659C0108AD9C0108AD9D010840
:100FC800CD9D0108D99D0108DC2C002000000000FF
:100FD8000000000000000000000000000000000009
:100FE80000000000000000000000000000000000F9
:100FF80000000000000000000000000000000000E9
:1010080000000000000000000000000000000000D8
:101018000000000020000000442D0020959C0108DD
:10102800659C0108AD9C0108AD9D0108CD9D010896
:10103800D99D0108482D0020000000000000000094
:101048000000000000000000000000000000000098
:101058000000000000000000000000000000000088
:101068000000000000000000000000000000000078
:101078000000000000000000000000000000000068
:1010880020000000B02D00200D9D0108CD9C010816
:10109800299D0108359E01085D9E0108759E01087D
:1010A80000000000502F0020042F0020B82E002040
:1010B8006C2E002000000000202E0020D42D0020DF
:1010C8000000000000000000000000000700000011
:1010D8000000000000000000000000000000000008
:1010E80000000000000000000000000000000000F8
:1010F80000000000000000000000000000000000E8
:1011080000000000000000000000000009000000CE
:1011180000000000000000000600000000000000C1
:1011280000000000000000000000000000000000B7
:1011380000000000000000000000000000000000A7
:101148000000000000000000000000000000000097
:101158000000000000000000200000000000000067
:101168000000000004000000000000000000000073
:101178000000000000000000000000000000000067
:101188000000000000000000000000000000000057
:101198000000000000000000000000000000000047
:1011A8000000000003000000000000000000000034
:1011B8000300000000000000000000000000000024
:1011C8000000000000000000000000000000000017
:1011D8000000000000000000000000000000000007
:1011E80000000000000000000000000000000000F7
:1011F80003000000000000000000000002000000E2
:1012080000000000000000000000000000000000D6
:1012180000000000000000000000000000000000C6
:1012280000000000000000000000000000000000B6
:1012380000000000000000000000000006000000A0
:101248000000000000000000010000000000000095
:101258000000000000000000000000000000000086
:101268000000000000000000000000000000000076
:101278000000000000000000000000000000000066
:10128800000000000000000009000000000000004D
:101298007DDC010881DC0108B9DC0108B02F0020E1
:1012A8000000000074740020DC74002044750020E5
:1012B8000000000000000000000000000000000026
:1012C8000000000000000000000000000000000016
:1012D8000000000000000000000000000000000006
:1012E80000000000000000000000000000000000F6
:0812F8000300000074740020E3
:040000050800811D51
:00000001FF
