:020000040800F2
:10000000000400201D8100081F8100081F810008D6
:100010001F8100081F8100081F8100081F81000840
:100020001F8100081F8100081F810008C9A801085E
:100030001F8100081F8100081F8100081F81000820
:100040001F8100081F810008D9DC010845DD010877
:100050001F8100081F81000889B90108B1B9010892
:10006000D9B9010801BA010829BA010821C4010857
:1000700049C4010879C40108A9C40108D9C4010808
:1000800001C5010831C50108A1C201081F8100088E
:100090001F8100081F8100081F81000851BA010854
:1000A0001F8100081F8100081F8100081F810008B0
:1000B00025BB01081F8100081F8100081F8100085F
:1000C0001F8100081F8100081F8100081F81000890
:1000D0001F8100081F8100081F8100081F81000880
:1000E000B5BA01087DDD01081F8100081F810008E5
:1000F0001F8100081F8100081F81000861C50108D9
:100100001F8100081F8100081F8100081F8100084F
:100110001F8100081F8100081F8100081F8100083F
:1001200091C50108B9C50108E9C5010819C601084A
:1001300049C601081F8100081F8100081F810008AF
:100140001F8100081F8100081F810008ADD8010829
:1001500071C60108A1C60108D1C601081F810008A7
:1001600015CB010845CC01081F8100081F8100083C
:100170001F8100081F8100081F8100081F810008DF
:100180001F8100081F8100081F8100081F810008CF
:100190001F8100081F8100081F8100081F810008BF
:1001A0001F8100081F8100081F8100081F810008AF
:1001B0001F8100081F8100081F8100081F8100089F
:1001C0001F8100081F8100081F8100081F8100088F
:1001D0001F8100081F8100081F8100081F8100087F
:1080000072B6374880F30888364880F309883648C6
:108010003649086040F20000CCF200004EF63471A0
:10802000CEF200010860BFF34F8FBFF36F8F40F2B5
:108030000000C0F2F0004EF68851CEF20001086058
:10804000BFF34F8FBFF36F8F4FF00000E1EE100AC8
:108050004EF63C71CEF200010860062080F31488D1
:10806000BFF36F8F12F00CF811F062FA4FF0553039
:108070001F491B4A91423CBF41F8040BFAE71D49D6
:10808000184A91423CBF41F8040BFAE71A491B4ACF
:108090001B4B9A423EBF51F8040B42F8040BF8E721
:1080A00000201849184A91423CBF41F8040BFAE7F6
:1080B00011F0ECFF11F0E6FF144C154DAC4203DA61
:1080C00054F8041B8847F9E70BF004FB114C124DE0
:1080D000AC4203DA54F8041B8847F9E711F0D4BF27
:1080E00000040020002400200000000808ED00E04B
:1080F0000000002000040020C40602080024002024
:10810000EC2F0020F02F0020149C0020008000089D
:1081100000800008008000080080000870E700F080
:1081200000F8FEE72DE9F04F2DED108AC1F80CD0D4
:10813000C3689D46BDEC108ABDE8F08F002383F331
:1081400011882846A047002012F0C0FAFEE712F07E
:1081500017FA00DFFEE7000053B94AB9002908BF4B
:1081600000281CBF4FF0FF314FF0FF3000F062B924
:10817000ADF1080C6DE904CE00F006F8DDF804E07E
:10818000DDE9022304B070472DE9F047089F15464A
:1081900004468C461E46002B40F0CB808A4248D9CC
:1081A000B2FA82F149B1C1F120030CFA01FC20FAC4
:1081B00003F38D4043EA0C0C8C404FEA154EA8B2F5
:1081C000BCFBFEF8230C0EFB18CC08FB00F943EABD
:1081D0000C43994529D9EB1808F1FF3204D299458F
:1081E00002D9A8F102022B44A3EB0903A4B2B3FB0A
:1081F000FEFC0EFB1C330CFB00F044EA0344A042DF
:1082000015D92C190CF1FF3304D2A04202D9ACF1DC
:1082100002032C44241A43EA02401FB1CC4000233D
:108220003C607B603146BDE8F0874246DCE7634650
:10823000F0E7002A73D0B2FA82F3DBB31E46C6F130
:10824000200302FA06F521FA03F2B14020FA03F303
:108250000B434FEA154E00FA06F4B2FBFEF1A8B24A
:108260000EFB112C1A0C01FB00F842EA0C4290455F
:1082700057D9AA1801F1FF3C04D2904502D9A1F1C7
:10828000020C2A44A2EB08029BB2B2FBFEF10EFBE9
:108290001122484343EA0243984244D9EB1801F1C2
:1082A000FF3203D2984201D98A1E2B441B1A42EA9C
:1082B0000C4201E08B1A01224FEA154EA8B2B3FB23
:1082C000FEFC210C0EFB1C330CFB00F841EA0343BF
:1082D00098452AD9EB180CF1FF3104D2984502D900
:1082E000ACF102012B44A3EB0803A4B2B3FBFEFCE8
:1082F0000EFB1C330CFB00F044EA0344A04216D9E9
:108300002C190CF1FF3304D2A04202D9ACF10203C4
:108310002C44241A43EA0140314616467DE71F26C5
:108320008DE78C46AEE70A46C0E76146DBE7634669
:10833000EFE78B4206D917B90026304672E7C7E946
:108340000001F9E7B3FA83F686B98B4201D3824282
:1083500007D8841A61EB030301209C461FB900264D
:1083600060E73046FAE7C7E9004CF8E7C6F1200CB1
:10837000B34022FA0CF41C4320FA0CF521FA0CF35A
:10838000B14029434FEA144900FA06F5B3FBF9F866
:108390001FFA84FE09FB18300B0C08FB0EFA43EAA7
:1083A00000439A4502FA06F240D9E31808F1FF307B
:1083B00004D29A4502D9A8F102002344A3EB0A0390
:1083C00089B2B3FBF9F809FB183308FB0EFE41EA4A
:1083D00003418E452CD9611808F1FF3304D28E4534
:1083E00002D9A8F10203214443EA0040A0FB02980D
:1083F000A1EB0E014145CE46434602D306D14D4581
:1084000004D2B9EB020E68EB04030138002FA6D0AA
:10841000B5EB0E0261EB030101FA0CFC22FA06F344
:108420004CEA0303F140C7E9003198E74046C5E74D
:108430004346D9E7704700BF034613F8012B002AD3
:10844000FBD1181A0138704700000000000000003E
:1084500001F0FF01102A2BDB10F0070F08D010F8F5
:10846000013B013A8B422DD010F0070F42B3F6D1F9
:10847000F0B441EA012141EA014122F007047FF012
:1084800000070023F0E80256083C85EA010586EA69
:10849000010685FA47F5A3FA87F586FA47F6A5FAA5
:1084A00087F68EB9EED1F0BC01F0FF0102F00702B1
:1084B00032B110F8013B013A83EA010313B1F8D15C
:1084C0000020704701387047002D06BF354603383D
:1084D000073815F0010F07D1013015F4807F02BF76
:1084E000013015F4C03F0130F0BC0138704700BFC7
:1084F000F0B587B00F464508144915480593002488
:10850000164612F0F7FC059B124A214640F2E7306E
:10851000E3FB02014FF47A720023FFF71DFE019482
:10852000029000940A4833463A46294612F002FD6A
:10853000044640B1064812F0EBFC013414BF4FF082
:10854000FF306FF0010007B0F0BD00BF58F5010823
:10855000389B0020A086010070B584B004460E460A
:10856000134814490393154612F0C4FC124A039BA6
:1085700040F2E7300021E3FB02014FF47A7200235E
:10858000FFF7EAFD2B46009032460948610812F0D9
:10859000EFFC50B10390064812F0BAFC039B013384
:1085A00014BF4FF0FF306FF0010004B070BD00BF8A
:1085B000389B002058F50108A086010008B5104836
:1085C00000224FF4807114F033F900224FF400714F
:1085D0000C4814F02DF94FF47A7012F083F8084823
:1085E00040F206224FF4807114F022F9BDE80840F1
:1085F000044840F206224FF4007114F019B900BF8C
:10860000000002400008024008B5FFF7D7FF054B05
:108610004FF48061198318462022BDE8084014F009
:1086200007B900BF0004024030B583B049BA05461F
:108630001446ADF80410642301A90222A220FFF71A
:1086400057FF6423A2B22946A220FFF785FF03B09B
:1086500030BD00BFF0B515468BB001220E4607466F
:108660004FF48061184814F0E3F8174A4FF4806320
:108670005383F5B106F01F04C4F12004AC4228BFB7
:108680002C4673BA394622460DF10600ADF8043087
:1086900016F0B2F9A21C642392B201A9A220FFF73E
:1086A00027FF4FF4FA7012F01DF82D1B27442644C3
:1086B000E0D1054B4FF4806119832022184614F055
:1086C000B7F80BB0F0BD00BF0004024010B588B091
:1086D00020220021684616F043F90024214620227A
:1086E00068462034FFF7B6FFB4F5806FF6D108B0C6
:1086F00010BD00BF704700BF302383F31188134BB8
:10870000082208B31A83322300BF013B9BB2002B1F
:10871000FAD103F1804303F5013320221A83322377
:1087200000BF013B9BB2002BFAD103F1804303F55C
:10873000013320225A83322300BF013B9BB2002B1E
:10874000FAD183F3118870475A83DCE700040240B2
:10875000234B98423AD00FD800F13F4303F57E03F4
:10876000072B37D81F4BC318062B37D8DFE803F089
:10877000202C2A28262422001B4B984228D000F1C6
:108780004043A3F50233052B24D8184BC318042B00
:1087900022D8DFE803F0090705030B000E2070471D
:1087A0000D2070470C2070470B2070470F2070473A
:1087B000012070470720704706207047052070474A
:1087C000042070470320704702207047082070473C
:1087D00009207047FF2070470A207047002070472B
:1087E00000040240FFFFFDBF01040240FFF7FDBF90
:1087F0002DE9F04F074685B00C46A0B9574B04222F
:108800005A83142300BF013B9BB2002BFAD1534B78
:1088100004221A83142300BF013B9BB2002BFAD120
:108820000120FFF769FF4FF4346011F09FFC012332
:108830004FF0000B03FA07FA0323CDF804B00093BE
:108840005D460394464E47494748484ADFF81CB105
:10885000B046012312F0F8FA4FF0000902962E46B6
:1088600045464FF0000812E0012303FA08F1009B8F
:10887000002A08BF46F00106032B49EA01022FD067
:108880005FFA82F908F10108B8F1060F1AD03BF837
:10889000022B39465FFA88F002F07CFD39465FFA18
:1088A00088F002F05DFE35F8022B0AEA0202002889
:1088B000DAD108F10108824218BF46F00106B8F18A
:1088C000060FE4D1009B032B3546029E0ED0019B80
:1088D0004B4510D0002005B0BDE8F04FFFF70CBFAE
:1088E000019B43EA0102D3B20193CBE70223009339
:1088F000002DA7D1EEE7009B03F1FF3B1BF0FF0328
:108900000093F5D1AB46039C3546BBF1000FE1D097
:10891000174BDDF800801749019E01221A700DE007
:1089200010B90A8822430A80234308F10108B8F1EC
:10893000060F25F8023C01F10201CBD035F8023BCD
:1089400046FA08F2D20704EA0300E9D410B10A8813
:1089500022430A8023EA0403E7E700BF000C024039
:108960009475002000240020849A0020F02F00201D
:10897000FC2F0020887500202DE9F04F85B00025E0
:108980005448019501224FF400510295039513F0CC
:108990004FFF50494F48DFF85CB1DFF85CA14FF45E
:1089A000005320220B83114613F042FF4A48012254
:1089B000082113F03DFF48480122202113F038FF21
:1089C00001224648042113F033FF444A0423538311
:1089D0000BF118072C46A94601264FF003085BF857
:1089E000043B03F00F01B3F1FF3F4FF0030206FA1F
:1089F00001F123F00F000BD013F01AFF5BF8043CD9
:108A000003F00F02103223F00F0106FA02F28A611E
:108A10001846FFF79DFEFF2827D0A0F10A0309287A
:108A200002B21BB298BF02EB420203EB430308FA07
:108A300003F396BF08FA02F21D4349EA0209AAFBB2
:108A40000432930803EB430302F0FC02A4EB43035C
:108A500010326A44DBB203EB8303984052F80C3CBB
:108A60000134184342F80C0CE4B25F45B7D11C4BFB
:108A7000019A03999A621962029A1A485D6100216B
:108A80005A62C3F8189012F0BFF9174A536843F4BA
:108A90008033052553600024E0B200210134FFF744
:108AA000A7FE102CF8D1013D15F0FF05F3D10F4AB8
:108AB0000F4B158055809580D580158155811D807F
:108AC0005D809D80DD801D815D8105B0BDE8F04F3A
:108AD00002F046BC0008024000040240000C0240C4
:108AE00000240020849A0020003801409475002062
:108AF000887500202C240020ABAAAAAA70B584B0E7
:108B00002549264E0C2201A815F076FF2449254858
:108B10000C2215F071FF244B00251D805D809D8087
:108B2000DD801D815D81357001242146E8B201356B
:108B3000FFF75EFE6400102DA4B2F6D102F002FE33
:108B4000154B1A4903F10C041A8831F8020B024044
:108B500023F8022BA342F7D1124B154C154803F111
:108B60000C0C198834F8025B30F8022B29430A43B5
:108B700023F8022B6345F4D10C2201A9064815F015
:108B8000DFFE04460AF044FD3078002C18BF40F0A8
:108B9000010004B070BD00BF2C990020FC2F002004
:108BA000389900200030002088750020D4FA010890
:108BB000F43A0020343A002030B5204887B012F053
:108BC00031F91F484022082113F032FE1C48402290
:108BD000202113F02DFE1B484022042113F028FE13
:108BE000194A4FF400535383302383F311881648F6
:108BF0000222052113F098FE002383F31188134C01
:108C00000FCCEC46ACE80F0094E803008CE80300BE
:108C10006C46012554F8040B00F00F01431C4FF083
:108C2000400205FA01F120F00F0001D013F000FE20
:108C300006AB9C42EED107B030BD00BF849A002045
:108C400000040240000C02400008024024F5010824
:108C50002DE9F04F4FF45772324D02FB00F805EB4F
:108C60000804064683B00021204615F079FE2E4BFD
:108C700001949B5D03F0030343F48A6325F80830F5
:108C8000A37823F00F0343F00103A370274B06EBF7
:108C9000460203EB821EEF1DD72303FB06F1474478
:108CA0004046002688467146BE4600228A4608EBAA
:108CB000061B0BEB02033AF8024F05EB8303C4F3E8
:108CC000820993F804C09F79B9F1040F64F3010C91
:108CD00069F3071708BF640983F804C09F7108BFD0
:108CE0000EF822400132102AE3D10136062E0EF191
:108CF000400E01F12001D8D1019C804609F0C8FF47
:108D000050B120464FF4577208F2211101F092FF42
:108D1000012003B0BDE8F08F05490F200AF080FD67
:108D2000EFE700BF143000201425002036F70108BB
:108D300004003434F8B550B10020FFF789FF01205A
:108D4000FFF786FFBDE8F8400220FFF781BF054628
:108D5000012140F63E3015F08FFC0446262140F6F6
:108D60003E3207460AF078FD63782F4A2F4C2F4891
:108D7000022B96BF4FF457712B4601FB0341137032
:108D80002B4B88BF2146196040F6142207F22111AF
:108D900015F032FE00234FF4577000FB03F500FB83
:108DA000034C625D910705D1224E16F803E06EF385
:108DB00001026255615DC1F385023F3202F03F025C
:108DC000272A03D9142262F3870161559CF80120F8
:108DD00002F13F0101F03F0126294FF0040161F348
:108DE000050201D98CF8012000FB03F2A518A25856
:108DF00012F47C2F0FD16978AA7801F0030E01F0EC
:108E00003F0C22F00F02C1F383014CEA8E1C0A438F
:108E100085F801C0AA700133032BBED13846BDE8E6
:108E2000F84015F067BC00BF12300020143000205D
:108E30004424002014250020014B1868704700BF0F
:108E400044240020014B1878704700BF12300020E6
:108E500000B583B002288DF8070030D80B461B49B7
:108E6000C2B20878904203D1F3B9012003B000BD2B
:108E700017480A7000934FF45771164B01FB02021A
:108E80001A6003F009F901F0C5FE13490F200AF03A
:108E9000C7FC012211460DF1070001F0CBFE03F0E3
:108EA00003F9009B002BE0D00DF060F950B10FF0FA
:108EB0006DFE0A490A4B086086221A70D5E7002029
:108EC00003B000BD0DF006F9F1E700BF123000203D
:108ED0001430002044240020040034340C300020DE
:108EE0001030002002281FD8F8B58C1840F6142E38
:108EF000744501DD0020F8BD0D46064600211846E8
:108F0000174615F02DFD094BC5F15C024FF4577162
:108F100001FB0651D2B2B4F5577FD8BF3A46194487
:108F200015F06AFD0120F8BD0020704714300020C4
:108F30002DE9F04F85B002289DF838809DF83C500F
:108F400050D802294ED8272A4CD817461A4603462D
:108F5000002D4BD14FF0D709DFF8E0A0109E09FBA0
:108F600000F983460B46E9B20391002402E0013484
:108F7000102C31D030684FF0010C09EB05110CFAC0
:108F800004FC21441CEA000F0AEB810107F03F0EAC
:108F9000EDD003F0030040EA8E0002F03F0E91F89E
:108FA00006C040EA0E2040EA883088802CF00F0C82
:108FB000C8F3830040EA0C0088711F4909785945BD
:108FC000D5D1E1B2039802920134019301F074FD0E
:108FD000102C029A019BCDD10135062D06F1040615
:108FE000C1D124E0002005B0BDE8F08F09B301F045
:108FF000030007F03F0702F03F024FF4577440EAC6
:10900000870004FB03F340EA02200C4C40EA88305E
:10901000E0521C44C8F38308A378109823F00F0390
:1090200048EA03031822FF21A37015F099FC0120E0
:10903000D9E70846D7E700BF1230002014300020DF
:109040002DE9F0410478022C88B01AD88378052BDA
:109050001F4616D8C3780F2B984612D800224178A5
:109060000392049205920692ADF81C208DF81E2002
:10907000027903461046032903D8DFE801F01B28D4
:109080006E06002008B0BDE8F081D72304FB03F38F
:109090003D4A03EB0713434402EB8302D38803F0FA
:1090A0000F0343F05003D380384B1B78A34266D0A4
:1090B0000120E7E7D7223B0102FB0433324A434455
:1090C00002EB8303DA8802F00F02DA80ECE7132860
:1090D0000546D6D899795A79019301F03F0102F0FB
:1090E0003F0242EA8112D979274E42EA0132ADF8B5
:1090F0000C201A7AC1F3011141EA82018DF80E1099
:10910000082203F109010DF10F0015F075FC019B18
:10911000082203F111010DF1170015F06DFC05EBAC
:10912000C5004FF4577305EB400003FB04003044C7
:1091300003A9132200F5C27015F05EFCD72304FBCF
:1091400003F303EB0713434406EB830303219A79EC
:10915000DD7161F307129A71A6E72C2891D8D72305
:1091600004FB03F3084A03EB0713434402EB8303B6
:1091700004219A79D87161F307129A7194E74146F4
:10918000384601F099FC93E714300020123000209B
:109190000378022B31D84278052A2ED8C1780529C8
:1091A0002BD810B5847890F804E044EA0E0CBCF19A
:1091B0000F0F26D890F805C0BCF1130F21D8807985
:1091C00006281ED8F8B18A4219D002F0070201F031
:1091D000070142EAC40241EACE01124C0CEB4C0CEE
:1091E0004FF4577E0EFB03C3234483F8002383F818
:1091F000011383F80203012010BD0020704774455D
:10920000E3D1002010BD4FF457720CEB4C0C054914
:1092100002FB03C303F540735A18C8545070907092
:10922000E9E700BF14300020022801D90020704770
:1092300010B50E4A82B04FF45771019001FB002423
:1092400009F026FD019B58B14FF4577202FB03F35E
:10925000204603F2211101F0EDFC012002B010BD07
:1092600003490F200AF0DCFA019BEDE714300020DF
:1092700004003434022801D900207047FFF7E8BC0D
:10928000134A1378D9070CD51248818813F0020FBE
:1092900001F4806104D041B923F0020313707047D8
:1092A00001B9704743F0020313700389590707D4CB
:1092B0001A0709D4DB06F4D501210220FFF7C8BD47
:1092C00001210020FFF7C4BD01210846FFF7C0BD02
:1092D0001130002000300020022801D81C2901D9BB
:1092E0000020704738B5084B15464FF4577202FB03
:1092F00000300C461E22002115F032FB2246294682
:1093000015F07AFB012038BD5033002008B545F236
:109310002F23984208D9A0F5FC43103B022B0ED80E
:109320004B799BB9002008BD45F21F23984206D90E
:10933000094A4979137821B923F0010313700120F8
:1093400008BD43F0010313700120F9E71038012133
:10935000C0B2FFF77DFDE5E71130002008B50FF042
:1093600015FC034B034901221A70086008BD00BFB9
:10937000103000200C30002008B5184B186800B9D8
:1093800008BD0FF0A5FBB0F5FA7FF9D91449134BCE
:109390000A78501C02F00F02062A087016D94FF006
:1093A000000C104881F800C008221721C3F800C043
:1093B0000AF052FA0B480378032B0CD90CF0D6FEB6
:1093C0000028DDD1BDE808400CF0C0BE0FF0DEFB88
:1093D000024B186008BD0CF029F9EFE70C300020B3
:1093E0001030002048990020104B187800B97047C1
:1093F000C043002240F30000114610B5C0B20CF08B
:10940000DDFB0A4B93F900201B78002A00DB10BD1E
:10941000074A08491278DB4343F30003DBB2885C58
:10942000BDE810401A4619460CF0B2BB10300020BF
:109430001230002064F50108F0B5254B5C7E9B7E60
:1094400083B044EA0324042C224B01933CDD0646FE
:1094500021480F46251F0346002203E00132AA429D
:10946000634631D019789DF804E0714503F1010C91
:10947000F4D193F801E09DF805108E45EED19CF8EB
:1094800001109DF806309942E8D19CF802109DF831
:1094900007309942E2D1A11E9142134614DD02EB3E
:1094A000000C02E001338B420EDA1CF801EBBEF136
:1094B000C00FF7D19CF80000C028F3D1023301207F
:1094C00032803B8003B0F0BD002003B0F0BD00BF90
:1094D00028290020050109045C000208F0B5414C70
:1094E0000546208883B02A0A40B9DFF800C19CF8FD
:1094F00019009CF81AC040EA0C202080032A27D0CB
:10950000222A0DD0022A09D1019201F0F7F9019A1D
:1095100000282AD0344C2378002B2FD003B0F0BD84
:109520000029FBD1314A324D1D600193517E927E5C
:1095300041EA022601F0E2F90028EFD02D49019B13
:109540000A681746002A30D01F60089B1E80E5E796
:10955000019301F0D3F90028E0D1EDB2EE2D019B8B
:10956000DCD11860089B1880D8E7204B42211A7183
:109570009970D870089B198003B0F0BD1E491F4830
:10958000FFF75AFF0028C9D0184A1C4B957E18884F
:109590001949537E098843EA052303445B1A180AD4
:1095A0000121537690762170B8E72488204615F083
:1095B00099F81049224608602946074615F01CFA1A
:1095C0000E4A019B1088221F9042BDDA0A4A118878
:1095D000A21E9142B8DA621A3818791815F00CFAFE
:1095E000019BB1E7323A0020303A002028290020C0
:1095F0005C000208283A00202C3A00202E3A002075
:1096000008B501F07BF918B9039B1860049B18801A
:1096100008BD00BF4378012B06D01BB98178C27A00
:1096200091420AD200207047837813B1027B9A429C
:10963000F8D90023437001207047012343700120B3
:10964000704700BF42780346032A06D8DFE802F0DD
:10965000152207028278F02A1DD9002070478278EF
:10966000017B91422BD2417B91422CD8C17A91420D
:1096700029D803214170012005E08278C17A914206
:10968000EBD801205870197C5A73521A22EAE27200
:109690009A7370478278197B91420CD2997B9142E0
:1096A00004D3197CC1F1E4018A4215DB597B914254
:1096B000D3D20020E7E700225A7001207047002231
:1096C000427000207047997B9142C6D90020D97B17
:1096D0009A730A445A737047022159700120F6E7C1
:1096E00000B50B1F83B09BB278B1A02B22D9A1F19A
:1096F000E003072B0FD801F0070101208840C0B21A
:1097000003B05DF804EB09F011B9A02B05D9A1F164
:10971000E003072B1BD903B000BDC9B20846019175
:109720000EF0E0FF0028F6D0019803B05DF804EBDE
:109730000FF0B0B8C9B2084601910EF0D3FF00286F
:10974000E9D1019803B05DF804EB0FF085B801F0A2
:10975000070101208840C0B203B05DF804EB09F0B6
:10976000F9B800BF10B5002282B0044604EB4201F4
:10977000CB78097953EA012307D10132042AF5D1C4
:1097800002B0BDE8104009F0BDB9191FA029A3F12E
:10979000E0000BD90728F0D803F007030120984018
:1097A000C0B2009209F0D6F8009AE6E7DBB218469C
:1097B000019200930EF096FF019A0028DDD00098E8
:1097C00000920FF067F8009AD7E700BF2DE9F04349
:1097D000044683B0FFF730FB6178E37B024604293F
:1097E00035D8DFE801F08503BDCE380003EBC300B8
:1097F00003EB40001518A67895F8851195F884516B
:1098000001F00F01890041EA951101EB4101B6EB2E
:10981000410F08DA05F03F05013D05EB4505B6EBC4
:10982000450FC0F27E8103EBC30103EB41055119E3
:1098300091F8863191F8851103F003031B0143EA87
:10984000111303EB4303B6EB430F80F22981002091
:1098500003B0BDE8F08303EBC30103EB41055119ED
:10986000A07891F8853191F8841103F00F039B00E3
:1098700043EA911303EB4303B0EB430FE7DC01F042
:109880003F01013901EB4101B0EB410FDFDA00216B
:1098900005F5C273617002EB03090F460026012132
:1098A00001FA07F8B44605EB46001044331D90F862
:1098B000871190F8880105EB430351EA0021134416
:1098C00005D093F8873118EA131340F01981013657
:1098D000042EE8D1BCF1000F40F02B817B1C032B40
:1098E0001F46DBD109F00EF94846FFF73BFF7CE04D
:1098F00003EBC30103EB41055319A17893F88431BD
:1099000003F03F0303EB4303B1EB430F9FDB4FF047
:109910000103637000260023012101FA06F79C462B
:1099200005EB43001044191D05EB410102EB010E4C
:1099300090F8871190F8880151EA002105D09EF82F
:10994000870100F00F00384262D10133042BE7D1C8
:10995000BCF1000F40F09C800136032EDBD144E0C7
:1099600003EBC30103EB41015018A57890F8863151
:109970009B0803EB4303B5EB430F5FDD03236370E9
:1099800065E703EBC30103EB4103D118A07891F81D
:109990008611890801EB4101B0EB410F3FF757AF4A
:1099A0000421617000270025012000FA07F8AE4667
:1099B00003EB450C9444291D03EB41019CF888619D
:1099C00050189CF8871151EA062104D090F88801BC
:1099D00018EA101027D10135042DE9D1BEF1000F8E
:1099E0004CD1791C03290F46DDD165795548627841
:1099F000A67930F81510013A0123B340022A94BF2A
:109A00001943994320F81510012003B0BDE8F083F5
:109A100006F0010001920093FFF762FE019A009B9D
:109A20004FF0010C91E707F0010001920093FFF75E
:109A300057FE019A009B4FF0010ECCE790F885315C
:109A400090F8840103F00F039B0043EA901303EBAB
:109A50004303B5EB430FBFF6FAAE00F03F00013809
:109A600000EB4000B5EB400FBFF6F1AE002301F56F
:109A7000C27163705018FFF775FEB6E7019200934C
:109A800009F040F8642010F02DFE019A009BA8E731
:109A9000009209F037F8642010F024FE009A5BE78A
:109AA000022363704FF000080026012101FA08F735
:109AB000304605EB46031344311D05EB410102EB33
:109AC000010C93F8871193F8883151EA032105D0EE
:109AD0009CF8883103F00F033B4209D10136042E74
:109AE000E7D1B0B908F10103032B9846DCD17CE73C
:109AF00008F001000092FFF7F3FD009A0120EDE766
:109B000007F001000092FFF7EBFD009A4FF0010C07
:109B1000DDE6009208F0F6FF642010F0E3FD009A05
:109B2000E0E7002300F5C27063701044FFF71AFEEF
:109B30005BE7009208F0E6FF642010F0D3FD009A86
:109B4000CCE600BF343A0020024B00221A605A6073
:109B50009A607047343A00204378012B06D01BB935
:109B60008278C37A9A420BD80020704783781BB959
:109B70000023437000207047027B9A42F4D9F7E734
:109B8000C27BB2FA82F2012352094370C2731846B3
:109B9000704700BF3A4A3B4BA2FB002099798008EE
:109BA00007EE101A07EE900AB8EEC77AF8EEE77AD9
:109BB000F4EEC77AF1EE10FA21DC1A7907EE102ADA
:109BC000B8EEC77A82B0F4EEC77AF1EE10FA1BDD78
:109BD0005B792D4A77EEC77A07EE103AD2ED026A2A
:109BE000B8EEC77AA6EEA77AFCEEC77ACDED017A79
:109BF0009DF804007F2828BF7F2002B07047D879E5
:109C00007F2828BF7F2070479A7807EE102AB8EE89
:109C1000C77AF4EEC77AF1EE10FA1CDC1A7807EE78
:109C2000102AB8EEC77AF4EEC77AF1EE10FA25DD05
:109C30005B78154A77EEC77A07EE103AD2ED006AE4
:109C4000B8EEC77AA6EEA77AFCEEC77ACDED017A18
:109C50009DF80400CEE7DB780B4A77EEC77A07EE73
:109C6000103AD2ED016AB8EEC77AA6EEA77AFCEEFA
:109C7000C77ACDED017A9DF80400BBE70020BCE770
:109C8000ABAAAAAAAC750020B875002010B58378DD
:109C9000052B9CBF00238370C37B0B2B044605D888
:109CA0001B4980781B4AC8540121D1542046FFF734
:109CB000B1FCB0B1E07B63780D38012BC0B211D09C
:109CC0001F281FD960791449A47931F81030012276
:109CD000A24023EA0203BDE8104021F8103000F052
:109CE00015BE10BD1F2810D961790B4AA47932F82E
:109CF00011000123A3400343BDE8104022F81130B6
:109D000000F004BE0CF0CCFFDCE70CF0ADFFEBE79D
:109D10006C3A0020603A0020F43A0020124B1349BC
:109D2000134A144810B500240C604C608C60146019
:109D300054609460046084801C605C609C60DC60A3
:109D40001C615C61E0B201340CF0AAFF102CF9D167
:109D50000024E0B2002101340CF0EAFF062CF8D117
:109D6000BDE810400CF072BF403A00206C3A002071
:109D7000603A0020583A00202DE9F04782B000F008
:109D8000BDFD10B102B0BDE8F087944E944CDFF8F1
:109D90005C82944D944FB1466FEA040A14F8013B7B
:109DA00013B91AF81430E3B13B78062B0CD9787844
:109DB000062869D900F10C02934270DC03F10C0211
:109DC000904270DD012305E0002B5DD17878C31A45
:109DD00018BF012388F80030FFF7DCFEC9F8000047
:109DE0000120A54209F1040908F1010807F1020761
:109DF000D4D10028C6D07D4B7C4A93F9003092F92B
:109E00000120002B784BB4BF1B785B78002A764A80
:109E1000B4BF9078D07803FB03F300FB00304EF61C
:109E20006443984200F28180704B704A93F903308A
:109E300092F90420002B6C4BB4BF9B79DB79002A8C
:109E4000694AB4BF107A507A03FB03F300FB003079
:109E50004EF6644398422BD80024122556F8042B62
:109E600025FA04F313F0010F11B218BF5142E0B20A
:109E700018BF09B201340CF05BFF062CEED102B022
:109E8000BDE8F0470CF0E2BE4FF0FF3288F800204A
:109E90001846FFF77FFE4042C9F80000A0E7FF2206
:109EA00088F80020F4E798F90020002A94DAEFE718
:109EB00000F050FC07EE900A9FED4D7A474BF8EE0C
:109EC000677ADA680092C7EE276A1A690192184623
:109ED000DDED007AB8EEE77A07EE902AF8EEE77A41
:109EE000424A27EE267A67EEA67A92F90310BDEE73
:109EF000C77AFDEEE77A002983ED037A17EE102A80
:109F000017EE903AC0ED047A51DB7F2A02DD334927
:109F10007F22CA60354A92F90420002A4DDB7F2B4C
:109F20009ADD2E4A7F23136196E700F013FC07EEBB
:109F3000900ADFED2F6A2948F8EE677A036886EE0B
:109F4000A77A07EE903AF8EEE77A4368009367EE57
:109F5000877AFDEEE77A17EE902AC0ED007A07EED9
:109F6000903AF8EEE77A214B67EE877A93F9001082
:109F7000FDEEE77A002917EE903AC0ED017A10DB8A
:109F80007F2A02DD15497F220A60184A92F90120D2
:109F9000002A1ADB7F2B7FF747AF104A7F235360DD
:109FA00042E77F32F1DA6FF07E020260EDE77F3246
:109FB000B0DA6FF07E02C260ACE77F33BFF64CAF21
:109FC000064A6FF07E03136146E77F33BFF62CAF7E
:109FD000024A6FF07E03536026E700BF403A00203C
:109FE000603A0020663A00206C3A0020583A00207F
:109FF00000008A43031F012B3AD981B9384A394BF3
:10A0000032F8102002FB01F1A3FB0103C91A03EB94
:10A0100051008009904228BF104680B27047324AF2
:10A02000937903EB4303B1EB430F28DA137903EB86
:10A030004303B1EB430F24DBA1EB430307EE903A5C
:10A04000DFF8ACC05379B8EEE77ADCED027A27EEA0
:10A05000277AF1EE086AC7EE267A07EE103AB8EED4
:10A06000C77A77EE877AFCEEE77A17EE901AC5E7A3
:10A070001E4BC1EBC111A3FB0131C909BEE7D17968
:10A08000BCE7937803EB4303B1EB430F15DA137886
:10A0900003EB4303B1EB430F1FDBA1EB430307EEDD
:10A0A000903ADFF84CC05378B8EEE77ADCED007AEE
:10A0B000F1EE086A27EE277ACDE7A1EB430307EE1E
:10A0C000903ADFF82CC0D378B8EEE77ADCED017A6D
:10A0D000F1EE086A27EE277ABDE700218EE700BF80
:10A0E00068F5010811080402AC7500208988888889
:10A0F000B875002008B50E490E48142214F020FC53
:10A1000018B90D4B00221A7008BDDFF828E0DFF8FF
:10A1100020C0BEE80F00ACE80F00704650F81039C0
:10A12000CCF800300EF0B8FA034B00221A7008BDCC
:10A13000783A0020CC3A0020C83A002010B5837845
:10A14000052B9CBF00238370C37B0B2B044605D8D3
:10A1500024498078244AC8540121D1542046FFF76D
:10A1600059FAB0B1E37B62780D3B012ADBB211D022
:10A170000F2B29D960791D49A47931F810300122BB
:10A18000A24023EA0203BDE8104021F8103000F09D
:10A19000BDBB10BD0F2B09D815481649C35C4888B4
:10A1A00002FA03F3034314484B80027061790F4AAB
:10A1B000A47932F811000123A3400343BDE8104005
:10A1C00022F8113000F0A2BB094A0A48D25C438849
:10A1D000012101FA02F223EA0203074A43801170C7
:10A1E000C8E700BFBC3A0020B03A0020F43A002093
:10A1F00080F50108CC3A0020C83A00202DE9F04F44
:10A20000A14FA24C3A79A249DFF8A0B2A14EDFF8E3
:10A210009092DFF890A2C2EBC212A4FB0202D20914
:10A22000C2EB0222A1FB0250121A00EB52007A7913
:10A23000994DC2EBC212A4FB0242D209C2EB022228
:10A24000A1FB0241521A800901EB52018909FF2842
:10A2500083B028BFFF200024FF2928BFFF21022C44
:10A26000009001914FF0010824D0315D99B1600058
:10A2700039780629C0B22AD997F801C0BCF1060F77
:10A280005ED90CF10C0E714562DC01F10C0EF44547
:10A2900063DD012123E0814B13F8141060000029D5
:10A2A000E6D10134062C28D0022C0BF1010B07F16A
:10A2B0000207DAD1009B8AF80430019B8AF8053046
:10A2C00085F800800BF1010B02370324CDE700294C
:10A2D00036D197F801C0BCEB010118BF01218BF802
:10A2E000001001306146C0B2FFF784FE49F8240037
:10A2F0000134062C85F80080D6D12B78EBB1684C60
:10A30000D4E900301B12001203FB03F300FB003002
:10A31000B0F5804F60D8E2682369111201FB01F1AA
:10A32000181200FB0010B0F5804F1CD8D4E9005083
:10A330005C49CD8008814A818B8103B0BDE8F08FF4
:10A340004FF0FF338BF80030FFF754FE4042CDE76B
:10A350004FF0FF0C8BF800C0F6E79BF900E0BEF170
:10A36000000FBEDAF0E700F0F5F907EE900A9FED76
:10A370004E7A4E4BF8EE677A93F90310C7EE276AD0
:10A380000029D4ED037AB8EEE77AD4ED047AF8EE3A
:10A39000E77A27EE267A67EEA67ABDEEC77AFDEE5B
:10A3A000E77A17EE102A17EE903A84ED037AC4ED9F
:10A3B000047A53DBB2F5004FA4BF47F6FF72E260A8
:10A3C0003A4991F9041000293FDBB3F5004FA4BFCF
:10A3D00047F6FF732361A9E700F0BCF907EE900A86
:10A3E0009FED317A314BF8EE677A93F90010C7EEA2
:10A3F000276A0029D4ED007AB8EEE77AD4ED017A25
:10A40000F8EEE77A27EE267A67EEA67ABDEEC77AEF
:10A41000FDEEE77A17EE102A17EE903A84ED007AF7
:10A42000C4ED017A29DBB2F5004FA4BF47F6FF72F5
:10A4300022601E4A92F90120002A17DBB3F5004F73
:10A44000A4BF47F6FF73636065E713F5004FBFF6DF
:10A450006DAF174B23614FF4004367E712F5004FD0
:10A46000AEDA134AE2604FF40042A9E713F5004F59
:10A47000BFF651AF0E4B63604DE712F5004FD8DACF
:10A480000B4A2260D5E700BFBC3A00208988888843
:10A4900011080402B03A0020C83A0020B13A002066
:10A4A000903A0020CC3A002000000C43A83A00204B
:10A4B0000080FFFF30B40F4A0F49104C1048114D77
:10A4C0000023C2E90033C2E90233C2E90433036066
:10A4D0004360836023600C486360A3602B60AB80A3
:10A4E0000B604B608B60CB600B61012230BC027053
:10A4F000FFF700BE903A0020CC3A0020BC3A002082
:10A50000B03A0020A83A0020C83A002008B500F070
:10A51000F5F900B908BDFFF771FE044B1B78002B5D
:10A52000F8D0BDE80840FFF7E5BD00BFC83A0020FD
:10A530002DE9F04F89B0002305930693079305ABEF
:10A540001A68D24343F8042B08AA9342F8D1FEF7C5
:10A5500073FCDFF8FC917B4E4FF0020B4FF0010AC9
:10A5600000F54074002509E009B186F800B0013516
:10A57000142D06F1010604F103043ED0A078002852
:10A58000F5D02778627807F0070802F0070339F85A
:10A5900018C039F81310FF08D2084CFA07FC114113
:10A5A0001CF0010F01F00101DED0002937D0013885
:10A5B0000528DCD8DFE800F03636036D0F786249F5
:10A5C00031F818103941C80757D5604931F81310D0
:10A5D0001141C90751D50DEB480301219A8AB940B1
:10A5E00022EA010201359A82142D4FF002033370E2
:10A5F00004F1030406F10106C0D1554A524805A9E9
:10A6000002F10C0532F8023B31F8024B954203EAA5
:10A61000040320F8023BF5D109B0BDE8F08F86F8BD
:10A6200000A0A4E7394640460292019300F038FAB0
:10A63000E628019B029A6ED8317802294CD0012974
:10A6400095D1394640460392029300F029FA0399C6
:10A650000190029800F024FA019B039A8342029B26
:10A6600050D33849495D012949D10DEB430391404D
:10A670009A8A22EA01029A8279E7334931F8131063
:10A680001141C807EDD5314931F818103941C907D2
:10A69000E7D50DEB43010123337003FA02F28B8AF5
:10A6A00023EA02038B8262E708A901EB480E01EB63
:10A6B000430C3EF80C0C012101FA07F720EA0700D1
:10A6C0002EF80C0C3CF80C3C914023EA01032CF8CA
:10A6D0000C3C002333704AE739464046039202930C
:10A6E00000F0DEF903990190029800F0D9F9019B7E
:10A6F000039A8342029B1BD831780129A1D00229F9
:10A700007FF435AF0DEB480301219A8AB94022EA64
:10A7100001029A822BE71146184600F0C1F9E6289B
:10A72000019B029A88D9A17802297FF420AF98E78B
:10A730000DEB4301012303FA02F28B8A23EA0203A1
:10A740008B8214E7E03A00202C99002088750020C5
:10A7500094750020431CB0EB530F4FEA53020AD903
:10A76000B0FBF2F311461344B1EB530F4FEA53021F
:10A77000F6D80846704701460846704710B5114C98
:10A7800001460822204614F037F9E27863786179AF
:10A790001343E2790B43134312D10A2023706370F1
:10A7A0001F23094AA070E3701E205F230749207110
:10A7B000637128207F23A071E37191605160116063
:10A7C00010BD00BFAC750020B875002033334B407E
:10A7D000014B1870704700BFB4750020024B1B7806
:10A7E00043700120704700BFB475002008B50B4BC3
:10A7F0001A78824210D0187008F04AFA38B1074827
:10A80000012240F63D3100F015FA012008BD04494F
:10A810000F2009F005F8F2E7002008BDB47500200C
:10A820000400343408B52E4B9A7893F800C0944550
:10A8300054D819798A4251D89A798A424ED301461E
:10A840000822184614F0D8F801788278914203461D
:10A8500012D0C07893F801C0A0EB0C0007EE900A6C
:10A86000511AB8EEE77A07EE901AF8EEE77A1D492A
:10A87000C7EE276AC1ED006A19798A4212D0587969
:10A8800093F803C0A0EB0C0007EE900A8A1AB8EE0A
:10A89000E77A07EE902AF8EEE77A124AC7EE276ABF
:10A8A000C2ED016A9A79914210D0521AD9795B7936
:10A8B000C91A07EE902A07EE101AF8EEE77AB8EEFA
:10A8C000C77A084BC7EE276AC3ED026A044808221C
:10A8D00040F6353100F0AEF9012008BD002008BD7A
:10A8E000AC750020B875002008B50349082214F0A3
:10A8F00083F8012008BD00BFAC750020024B18781A
:10A9000000F00100704700BFB4750020024B1878BA
:10A91000C0F34000704700BFB475002008B50A4975
:10A920000A4B087800221A605A609A60C20703D561
:10A93000BDE80840FFF7BEBDFFF7F0F902490B780C
:10A94000DB07F5D408BD00BFB4750020F43A002041
:10A950002DE9F04F2248234E00256FF0470436F8CA
:10A9600002EB002305EB450C03EB43014EFA03F227
:10A9700001EB0C1100EB010912F0010F4F460A46E2
:10A9800003F1010325D099F8018010F801A008F027
:10A990000F0B5AEA0B2A06D128F00F0848F00B08D3
:10A9A000445489F80180B97897F80190090151EA77
:10A9B000191109F00F080CD1825C42EA0822A2F5B5
:10A9C000617202F00F0148EA0118120987F801804C
:10A9D000BA70102BC8D10135062DC0D1BDE8F08F5B
:10A9E000D04C0020D4FA010870B5DFF8B0C0244D77
:10A9F0009FED243ADFED243A9FED244ADFED244A0F
:10AA00009FED245ADFED245A00242846002204EB4F
:10AA1000440E02EB420303EB0E130CEB03011CF894
:10AA200003608B7849781B0143EA111301F00F0191
:10AA300003F6314346EA01215B1A9BB207EE903AD6
:10AA4000F8EEE77AB0EE647AA7EE847A0132102A43
:10AA500027EEA36A67EE836AA7EE867A66EEA76A98
:10AA6000A7EEA67A77EE457A85EEA77AA0EC017A72
:10AA7000CFD10134062C05F14005C6D170BD00BF11
:10AA80002C3B0020DC9300B3D4935639CC97F7BE0F
:10AA9000DF71D5430054563F00002042F04D0020A6
:10AAA00000EB0010034B01EB011101EB00110B4413
:10AAB00098787047704600202DE9F04182B0044636
:10AAC0000191FEF7B9F90199DFF844E104EB0412B2
:10AAD00001EB011303EB0213734404EB04165C71E6
:10AAE000997101EB041300EB830301EB04171D794B
:10AAF000AA0708BF027801EB011303EB061314BF8A
:10AB000005F0030202F003020EF8032001EB041229
:10AB100000EB820200EB870792F806C0BCF10F0F32
:10AB200084BFCCF303120EF80320032D85BF01EB85
:10AB3000041300EB830305781D7901EB041300EB8C
:10AB40008303AD085A79032D2E4638BF032693069A
:10AB5000BB797F7908BF427803F00F039B0053EA6B
:10AB60009713A6F1030602F03F0209D183784778D4
:10AB700003F00F039B0053EA971308BF07F03F034E
:10AB800006EB460602EB4202770004EB041856007F
:10AB900001EB011202EB0812964405EB450503EBAD
:10ABA00043030CF0F00C6D005B00BCF1300F8EF82D
:10ABB0000B508EF80C708EF80F608EF810301FD08E
:10ABC000BCF1400F08D0BCF1500F0ED100238EF81D
:10ABD0000F3002B0BDE8F08101EB041300EB8303FA
:10ABE000DB792C2B01D80C2BF1D101EB041100EBFC
:10ABF0008100837923F0F003837102B0BDE8F08116
:10AC000001EB041300EB8303DB79132BEDD8DEE7B4
:10AC10007046002038B500250024E1B228460134F2
:10AC2000FFF74AFF102CF8D10135EDB2062DF3D114
:10AC300038BD00BF263108F09FBD00BF2DE9F047A9
:10AC4000DFF868C0DFF868904FF0000840F6033581
:10AC50006FF047076FF07C0639F8024B002308EBD2
:10AC6000480E03EB430244FA03F102EB0E1211F01B
:10AC7000010F0CEB020003F101030ED090F801A0CC
:10AC80001CF802100AF00F0A41EA0A21A94204D86E
:10AC90004B210CF8027041708670102BE1D108F145
:10ACA0000108B8F1060FD7D1BDE8F087D04C0020DD
:10ACB000D4FA01082DE9F043044604EB840301EBC8
:10ACC00081005B010D4603EB40039F49CB5C1B09F0
:10ACD00083B0042B2AD8DFE813F03F0005006000A2
:10ACE00012012C0040F697039A421FD804EB84030C
:10ACF00005EB85055B0103EB4503CC1802F00F0063
:10AD000012092271E27802F00F0242EA0012E270A8
:10AD1000CA5C032060F30712CA540DF037FF010A22
:10AD2000020C030E6071A171E271237203B0BDE8E1
:10AD3000F08304EB840305EB85055B0103EB45031E
:10AD4000C8184088C0F30B0032308242EEDDCA5C86
:10AD500022F0F002CA54E9E704EB840305EB850016
:10AD60005B0103EB4003C85C860706D540F6043C54
:10AD70006245DBD920F00200C85405EB850304EBE3
:10AD800084045B0003EB4413CA5A02F00F0242F042
:10AD90001002CA5203B0BDE8F08304EB840305EB54
:10ADA00085005B0103EB400301EB030EBEF802C01C
:10ADB000CCF30B00904280F0CD8062F30B0C0023AB
:10ADC000AEF802C08EF8093004EB840305EB85026F
:10ADD0005B0103EB4203C81842780B2AA6D9CA5C70
:10ADE000DFF86CC14FF0040E6EF30712CA5404EB87
:10ADF000440105EB450202EB01120CEB02010E4689
:10AE000091F801E001794388C0781CF8022009011B
:10AE100041EA10110EF00F00C3F30B0342EA0022C7
:10AE20009A1A002AB8BF52420A2A00F30A81B2785D
:10AE3000120142EA1E1201F15000821A002AB8BF24
:10AE400052421E2A7FF772AF04EB440E05EB450217
:10AE500002EB0E120CEB020E0CF8023000F00F06A3
:10AE60001B0A43EA06138EF80130C0F307138EF86D
:10AE70000230C0F30B0098461CF8023001903348B2
:10AE80009EF801C0B1468618825C70780CF00F0CF9
:10AE900000F00F0743EA0C2342EA0722D21A002AE5
:10AEA000B8BF52420F2A00F3CF80B278120142EAB3
:10AEB00010120198121A002AB8BF5242322A00F327
:10AEC000C3800F3901F00F034CEA031C09098EF807
:10AED00001C08EF80210FFF73BFD00250024E1B20F
:10AEE00028460134FFF7E8FD102CF8D10135EDB20A
:10AEF000062DF3D103B0BDE8F043FFF775BD04EBB9
:10AF0000840005EB8505400100EB45000C18237912
:10AF1000E5781B0143EA1513934200F28280D31AAD
:10AF2000642B7FF7FAAEB3F5487F7FF7FFAE6588F5
:10AF30000B5C62F30B05022262F3071300220B5431
:10AF400065806272F2E600BFB03C0020D04C002069
:10AF5000F04D0020801A323064286CD89EF8090029
:10AF600005EB0416431CDBB200EBC6003746664E09
:10AF70008EF80930072B26F810207FF625AF9EF8B3
:10AF80000530BEF806209EF8080043EA022343EA93
:10AF900000600DF09DFDB0F57A7F5C4934D2B31EA0
:10AFA00006F10E0203EB071302EB0712002033F841
:10AFB00002CF9A426044FAD104EB840305EB850288
:10AFC0005B0103EB420301EB030CC008BCF8022059
:10AFD000143860F30B02ACF802209CF804209CF8B3
:10AFE0000360120142EA161240F24C4E821A724578
:10AFF0006AD9CB5C13F0010F9CF801300CBF06221C
:10B000000C2213448CF8013004EB840305EB850219
:10B010005B0103EB42030120CA5C60F30712CA54D0
:10B02000D2E602F00F0105F00F0343EA0113120903
:10B03000E370227171E6CA5C012060F30712CA5402
:10B04000C2E601F15000FFE605EB450204EB440CBB
:10B050002F4E3048304902EB0C12B35432441B0AD5
:10B0600043EA0913537082F8028003780A789A42FF
:10B0700004D00B7001220421FDF7ECFA05EB450228
:10B080004FF0300314FB0323214904EB440402EB8B
:10B0900004128C1820460322591D5D1CFDF7DAFAB4
:10B0A00007F0F6FD58B11B480122262108F064FB89
:10B0B000032205F12601204608F05EFB0BE7174945
:10B0C0000F2008F0ADFBEEE7B2F57A7F09D9CB5C33
:10B0D0009CF8012003F00103033213448CF8013083
:10B0E00092E7B2F5617F8FD9A0230A2204FB03F314
:10B0F00002FB0533C818CB5C427803F0010302322F
:10B100001344437080E700BF70400020B03C002033
:10B11000D04C0020C5750020083B002004003434CA
:10B120002DE9F04F89B007F099FD002800F0D1809B
:10B130000020FDF7FFFD012140F63E3013F09CFAA0
:10B1400040F63E328046262108F086FB082208F6AB
:10B15000353106A813F050FC06A8FFF70FFB794E17
:10B1600098F83D0B784CFFF733FB98F80050774880
:10B1700035704FF49072002113F0F2FB4FF490728F
:10B180000021204613F0ECFB002D00F0AB804FF4C3
:10B19000907208F10101204613F02EFC6C4F0395CC
:10B1A000414640F214596FF0470A4FF0000EB8467E
:10B1B00038F8026BCDF804E000230EEB4E0CCDF80E
:10B1C000088003EB430526FA03F205EB0C1504EBAC
:10B1D000050812F0010FC6462A4603F1010332D0DA
:10B1E00098F80170605D07F00F0B40EA0B2000F249
:10B1F0007450C0F30B00B0F5487F07D927F00F0754
:10B2000047F00B0704F805A088F801709EF80200CB
:10B210009EF80150000140EA151000F53560C0F3BA
:10B220000B00484505F00F050DD9A25C42EA052246
:10B23000A2F5617202F00F0045EA001512098EF8BE
:10B2400001508EF80220102BBBD1DDF804E0DDF8B0
:10B2500008800EF1010EBEF1060FA9D1039D8846AC
:10B26000002D3AD1384939484FF4907213F0C4FB9D
:10B2700038484FF4CC62002113F072FB0025002403
:10B28000E1B228460134FFF717FC102CF8D1013544
:10B29000EDB2062DF3D1FFF7A7FB00202E490246A1
:10B2A000A1F1A0031A805A809A80DA801A810A33A9
:10B2B0008B42F7D1A030B0F5707F03F1A001EFD140
:10B2C000264B012240461A7009B0BDE8F04F13F03A
:10B2D00011BA07F005FD01202BE7FFF7AFFCFFF7E0
:10B2E00037FBBFE70422294605A8FDF79DF9059B1A
:10B2F00043F23447BB4209D0FDF7E8F9294605A8D7
:10B3000004220597FDF7A6F9357847E701220421C5
:10B310003046FDF789F93578002D3FF43FAF4FF403
:10B32000907205212046FDF77FF901222621304643
:10B3300008F022FA4FF490722721204608F01CFAF8
:10B3400035782BE7C5750020D04C0020F04D00204B
:10B35000D4FA010870460020503D0020AE3C002089
:10B3600010B5FDF751F9FFF7DBFE084B0848002147
:10B370004FF4C062197013F0F3FA082408F070F962
:10B38000631E13F0FF04F9D110BD00BFAC3C0020D8
:10B390007040002070B5A2F596639BB240F6FC04A5
:10B3A000A34282B01AD8634B1D7806469646C5B1B3
:10B3B000614A127801EB001301EB011C00EB00164F
:10B3C00002EBC3025D4B5E480CEB061C63444FEA84
:10B3D0001E2120F812E083F807E01972002002B065
:10B3E00070BD0C460192FFF765FC06EB0611534851
:10B3F000019B04EB041202EB01120244517A92F811
:10B400000AC041EA0C21C91A04310829E6D9DFF83B
:10B410004CC1537206EB460E04EB440101EB0E11D6
:10B420004FEA132E82F80AE082F808E00CEB010ED6
:10B43000D3711CF801209EF8011001F00F0142EABF
:10B44000012203F631439B1A9BB240F631429342EC
:10B4500033D807EE903ADFED3B6A9FED3B7A9FEDE4
:10B460003B6A3B4BDFED3B5AF8EEE77A04EB061202
:10B47000A7EEA67A03EB820327EE866ADFED366A33
:10B48000A7EE867A67EEA66A93ED006A66EEA76A73
:10B49000A7EEA67AF1EE086A77EE657AB6EE007A44
:10B4A00067EE867AA7EEA67AFCEEC77A17EE903A98
:10B4B0009DB2F52D28BFF525EDB204EB041C06EB7B
:10B4C00006160CEB061C00EB0C04E378A570AB42EF
:10B4D00084D010F80C30E570023B032B24D8DFE851
:10B4E00003F017110802204602B0BDE87040FEF7D5
:10B4F00033BBFFF703FA88B1204602B0BDE87040C5
:10B50000FEF71CBE204602B0BDE87040FEF75EB9F3
:10B51000204602B0BDE87040FEF794B8204602B065
:10B52000BDE87040FEF7B2BB204602B0BDE87040F7
:10B53000FEF770B8AE3C0020AC3C00207046002006
:10B5400070400020CC97F7BEDF71D543D4935639B5
:10B550002C3B00200054563FDC9300B3F04D0020FC
:10B5600001EB011200EB001C284B02EB0C129A5C61
:10B57000013A042A47D8DFE802F03828460F0300D2
:10B5800000EB001001EB011101EB00110B44D87B23
:10B59000003818BF0120704700B583B0CDE9000125
:10B5A000FFF7B4F978B10199009A184B02EB021039
:10B5B00001EB011101EB001119444878A0F10100E1
:10B5C000B0FA80F0400903B000BD00EB001001EBC1
:10B5D000011101EB00111944487800F0FD00A0F1C1
:10B5E0000100B0FA80F04009704700EB001001EB59
:10B5F000011101EB001119444878A0F10100B0FAE3
:10B6000080F0400970470020704700BF704600205E
:10B6100008B50378022B0AD0042B01D0002008BD06
:10B6200014490A78901E012820D9012008BD12482B
:10B63000DFF840C0002101704FF4C0620F488CF861
:10B64000003013F08DF90E4B0E4800214FF490722C
:10B65000196013F085F90C4A0C4B00211160516000
:10B6600091601960596099600120DFE708480B700C
:10B670000270DAE7AE3C0020AC3C002070400020B5
:10B680000C3B0020F04D0020203B0020103B002010
:10B69000AD3C00200278052A4AD841780F2903469C
:10B6A00046D800B501EB011C02EB021E21485A707E
:10B6B0000CEB0E1C6044997090F802C0DFF878E043
:10B6C000AEFB0CEC4FEA9C0C83F803C090F802C070
:10B6D00083F804C090F807C083F805C0007A987119
:10B6E00001EB410C02EB4200DFF850E00CEB0010E4
:10B6F0000EEB000C1EF80000D8719CF8010000F061
:10B700000F0018729CF802009CF801E0000140EA6A
:10B710001E1058729CF80200DFF824C000099872CD
:10B720003CF8122001200A4102401032DA7200BDBA
:10B730000020704770460020ABAAAAAAF04D002056
:10B74000947500202DE9F04F8A4B93F800C087B024
:10B75000BCF1040F0ED8DFE81CF00D00EE00EE0087
:10B7600018000500844B1B78032B00F0E581814A0B
:10B7700000231370FDF700FEFEF7DAFEFEF7FCFA79
:10B7800007B0BDE8F04FFEF7C1BE7C4BDFF814A256
:10B7900093F8009000250127794B3AF8026B019548
:10B7A00003EB450300244FEA45080293CDF80CA0B3
:10B7B00002E00134102C7DD046FA04F3DA07F8D504
:10B7C00004EB05136F4A09EBC30332F81310B1F50C
:10B7D000966F40F2A28008220023023A12F0FF0284
:10B7E00003EB4103F9D108EB0502674804EB440180
:10B7F00001EB021100EB010C4FEA440E9CF8022011
:10B800009CF801A0120142EA1A12002B4AD04FEA1A
:10B81000D30BC3F3CF03002A74D05033934241DAE1
:10B820009CF800100AF00F0A41EA0A2108EB050310
:10B83000A6440EEB031E00EB0E09544B99F80120B1
:10B8400003F80E10734402F00F0E029A0120B2F8B2
:10B8500000C0A04040EA0C000BF1500B1080090A18
:10B860000BF00F004EEA0012CBF3071B41EA001168
:10B8700089F80120597083F802B089F802B00DF000
:10B8800085F9434B019A1860424B1A70424B1C7069
:10B8900099F8022099F80130120142EA1312374B4D
:10B8A00093F800900134002A0CBF002707F001072D
:10B8B000102C81D10135062DDDF80CA07FF46CAF82
:10B8C00009F10103DBB2354C2C4A2068082B28BF54
:10B8D00000231370002F00F0EC80002800F0E680B9
:10B8E0000DF0F6F840F6B83398427FF643AF2C4D92
:10B8F0002B78002243F0020322602B70FDF72EFD0F
:10B900002F7851E110F801C00AF00F014CEA012133
:10B91000A1F5487C9C4589DCC4E71B4A04EB440341
:10B9200008EB050103EB011313449A785B781201CD
:10B9300042EA1312B6E7114A1378062B40F2F98057
:10B9400000240123174DDFF864E01748DFF8388042
:10B95000DFF85CB00593A14609EB890335F8026B6B
:10B9600002905B0101930246002109EB490A03940E
:10B97000049524E0AE3C0020AD3C0020AC3C00200F
:10B98000203B002070400020F04D0020D04C0020D3
:10B990000C3B00209124002090240020043B002038
:10B9A000C5750020D4FA01087E400020103B00201D
:10B9B000B03C00200131102902F1100234D046FAC7
:10B9C00001F3DB07F6D5A2F11000002330F8024F97
:10B9D00082422344FAD1C3F3CF03A3F60430B0F577
:10B9E0002A7F6AD9BEF80040012088402043BCF17C
:10B9F000010FAEF80000DDD140F6033083420CD8D1
:10BA000009EB890301EB81005B0103EB40031BF8A9
:10BA1000030040F002000BF803000131002310295D
:10BA2000059302F11002CAD102A831C81034602C6B
:10BA300009F101090EF1020E00F580708CD1BCF104
:10BA4000020F00F0EF80059B002B3FF490AEDFF873
:10BA500000E29EF8003043F0010713F0010340F0CC
:10BA6000DB80794D794C9C4600220CEB4C0002EBBC
:10BA7000420303EB0013E918E61891F80180E95C32
:10BA800008F00F0841EA0821E1547378013223F0ED
:10BA90000F0343EA1123102A7370E8D10CF1010C53
:10BAA000BCF1060FE0D18EF800707DE00DF06EF86D
:10BAB000206000283FF45EAE12E701EB410505EB84
:10BAC0000A1508EB050718F80540787800F00F0014
:10BAD00044EA0020A3F11404A4B2201A0028B8BF3D
:10BAE00040421E287FF766AF08F80540019801EB39
:10BAF000810500EB45057878C4F3032420F00F009E
:10BB0000204378701BF80500BCF1010F40F00800DD
:10BB10000BF805007FF44EAF7878A3F5667303F059
:10BB20000F0400F00F0040EA04101B097870BB708E
:10BB300040E7013313701DE6DFF824C1424D434E48
:10BB400000273CF8024B002307EB470003EB4302BE
:10BB500044FA03F102EB001211F0010F05EB020EA3
:10BB600003F1010316D09EF802109EF8018009012E
:10BB700051EA181132440DD15178927801F0F00158
:10BB8000120108F00F0848EA010812098EF8018036
:10BB90008EF80220102BD9D10137062FD1D12C4A93
:10BBA00017782C4A002313702B4B1A78BA4205D011
:10BBB00027481F7001220421FCF74CFD23484FF455
:10BBC00090720521FCF746FD07F062F8002836D098
:10BBD0001F480122262107F0CFFD1C484FF4907228
:10BBE000272107F0C9FDFEF7B3FE00250024E1B2CE
:10BBF00028460134FEF760FF102CF8D10135EDB274
:10BC0000062DF3D1FEF7F0FE124B1B7803F0FD0377
:10BC1000012B7FF4AFADAAE50E4A8EF80070002329
:10BC20001370A7E50B4A03231370059B002B3FF409
:10BC30009EAD074A137843F0010313709AE5074954
:10BC40000F2007F0EDFDC3E7F04D0020D04C0020A1
:10BC5000C5750020AE3C0020003B002004003434B9
:10BC6000D4FA01080378A92B40F095802DE9F04F14
:10BC70004378013B8FB00F460446412B00F284808D
:10BC8000DFE813F0640182008200820082008200FB
:10BC90008200820082008200820082008200820094
:10BCA00082005801500146013D01420036012F013A
:10BCB00082008200820082008200820082001701DE
:10BCC00010010C010501FE00FA00820082008200D2
:10BCD0008200820082008200820082008200820054
:10BCE0008200F300820082008200820082008200D3
:10BCF0008200820082008200820082008200820034
:10BD00008200EC00C5008A00E3798078E17822792E
:10BD100094F805C094F806E0002B4FF00003CDE93D
:10BD20000833CDE90A33CDE90C3314BF4FF00108D5
:10BD300098461DD104F10805079408AB81468A4650
:10BD40009346CDF814C0CDF818E01A3429461846A9
:10BD5000032212F051FE0335A54200F10403F5D190
:10BD6000DDF814C0DDF818E0079C484651465A46F5
:10BD700008AB0293CDF804806346CDF800E0FDF7F0
:10BD8000D7F880F00103A370394620460FB0BDE814
:10BD9000F04F0AF0D5BE70478378C278FF2B00F1D0
:10BDA000050000F0D980052B00F2D3800F2A00F2A5
:10BDB000D080764931F813101141C90740F1E08075
:10BDC00002EB420102EB031203EB430301EB03110D
:10BDD00093006F4A12F801C084F805C00A44042594
:10BDE000517801F00F01A171917892F801C0A9403A
:10BDF00041EA1C11E1719278EA40227265492844B7
:10BE00001944042212F0F8FD00232371BCE7624BB1
:10BE1000002208ADCDE90822CDE90A22CDE90C22A5
:10BE200003F10C002A4633F8021B42F8041B83423C
:10BE3000F9D15A4A5A4B12781B78E370A270231D2D
:10BE40002646163429461846032212F0D5FDC31C97
:10BE5000A34205F10405F5D1344695E70230FFF71A
:10BE6000D7FB80F00103A3708EE70230FFF712FCCE
:10BE700080F00103A37087E78078FEF7B7FC83E7C3
:10BE80000230FEF7ABFC80F00103A3707CE70230C8
:10BE9000FEF7C8FC80F00103A37075E70230FEF7DF
:10BEA00023FD71E78078FDF7BFF980F00103A370EF
:10BEB0006AE78078FDF7DEF9A046064600240025F3
:10BEC000E9B220460135FEF7F7FD102DF8D1631CCD
:10BED000DCB2062CF3D186F00100444688F802005B
:10BEE00052E70230FDF754F980F00103A3704BE7ED
:10BEF0000230FDF7A5F880F00103A37044E7C17894
:10BF00008078221DFDF7E8F980F00103A3703BE77C
:10BF1000C37801796279807843EA0121A31DFCF797
:10BF2000E1FF31E780780021FCF792FF80F0010308
:10BF3000A37029E7FCF786FF5C23032223711423F7
:10BF4000A070E2706271A371E3711DE70423837036
:10BF50001AE70123237117E7FF2AFAD106220023EB
:10BF600062711022A371E271237204F1090244F29A
:10BF7000BC3308250021117051709170D1703DE7DC
:10BF800002EB03139B0002460425F3E7D4FA0108F1
:10BF9000D04C00202C3B0020203B0020C575002009
:10BFA000AE3C0020314B1B78032B01D0FDF71CBAAF
:10BFB0002DE9F04F9622104683B0002109F0FEFDD6
:10BFC000DFF8BCA02A4ADFF8BCB02A4FDFF8B880FF
:10BFD0004FF00009284B32F8026B019203EB091570
:10BFE000002412E03B789342E1B203D198F800308C
:10BFF0008B4232D000232878FF22194609F0C8FD71
:10C000000134102C05F101051AD046FA04F3D907C2
:10C01000F6D5BAF80030234113F001035FFA89F234
:10C02000E0D1BBF800202241D207E9D528781A4692
:10C03000FF21013409F0ACFD102C05F10105E4D11C
:10C0400009F10109B9F1060F019A0AF1020A0BF18F
:10C05000020BBFD103B0BDE8F08F084B18680CF09D
:10C0600037FDB0F5FA7FC5D2CAE700BFAE3C00206D
:10C07000D4FA010891240020842600200C3B0020E3
:10C08000203B0020103B002090240020014B33F87F
:10C09000100070470030002002484FF4CC620021AD
:10C0A00012F05EBC7046002008B5FDF74DFDBDE8FE
:10C0B0000840FEF733BC00BF0120704738B5044686
:10C0C0000D4600F065F808B9002038BD2946204625
:10C0D000FDF71CF90028F7D02946204602F0BAFBEC
:10C0E0000028F1D02946204600F086FA0028EBD03F
:10C0F00029462046FFF7E0FF0028E5D029462046E4
:10C1000001F08CFE0028DFD029462046BDE83840EB
:10C1100001F0DAB808B501F0CBF803F0EDFCFFF759
:10C1200041FF00F00BFB00F03DFD012008BD00BF0A
:10C1300038B505460C4605F0C5F800B938BD2146AE
:10C140002846BDE83840FFF7B9BF00BF00B583B04F
:10C1500009F020FF034618B10190FFF7DBFF019BB8
:10C16000184603B000BD00BF08B504F085F800F024
:10C1700063FB01F019FF00F073F805F01BF808BD30
:10C1800008B500F089FEBDE8084004F011BE00BF0C
:10C1900010B5A0F5FC4382B00A2B56D8DFE803F0B7
:10C1A0001C1C1C1C30370606060625002848497949
:10C1B000063B10F8232000292ED19AB102EB83020E
:10C1C000141800EB830313F8010F019305F0CEFA66
:10C1D000019BA342F7D105E01E4A4B79805C9BB1DD
:10C1E00005F01AFA002002B010BD4B79002BF9D0EF
:10C1F000194B1A7802B30CF0C9FC184B1860F1E720
:10C200004B79C120002BEBD105F0B0FAEAE74B796E
:10C21000C220002BF8D0E3E7002AE3D002EB830230
:10C22000141800EB830313F8010F019305F0F4F9E0
:10C23000019B9C42F7D1D5E70122E3201A7005F05B
:10C24000EBF92C2005F0E8F9D5E70120CBE700BF9A
:10C2500090F50108A0770108144F0020104F00202E
:10C2600008B50E4B1A781AB9BDE80840FDF708B8B2
:10C270000B4B18680CF02CFCB0F5FA7FF4D9E320D6
:10C2800005F074FA2C2005F071FA044B00221A70A4
:10C29000034B1A60BDE80840FCF7F2BF144F0020C2
:10C2A000104F002010B582B0044605F043F9034654
:10C2B00010B9184602B010BD0090204605F03CF9B8
:10C2C00009F054FF009B0028F3D101900AF00AF90D
:10C2D00001980246014609F071FC00F0E9FF064AA8
:10C2E000D268904703F0C4FF009B0028E1D00AF019
:10C2F000EDF8009BDDE700BFE8FD01082DE9F04106
:10C300008478052C06460F460BD80546E0B2FFF7A9
:10C31000BDFE0134030A062CEB70287105F10205FD
:10C32000F4D1034B39463046DB69BDE8F04118478C
:10C330004C280020014638B50446762301F8013B1D
:10C340002E251022012012F0CBF9E11C1022A5703D
:10C35000012012F0C5F9611D10222571012012F093
:10C36000BFF92023A371E01D0249BDE83840142223
:10C3700012F042BBA4F501080B4620B90A48114649
:10C38000C2691846104770B515460C4602F05CFAB3
:10C39000032800D070BD054BDB6A002BFAD029467C
:10C3A0002046BDE8704018474C280020BC240020DF
:10C3B00030B50C460B7883B0054660B9022B1CD013
:10C3C000A03B0B2B1DD8DFE803F03228695C561C1C
:10C3D0001C463D38801F012B67D003F16001C9B2B4
:10C3E0000B290ED8A03B0B2B0BD8DFE803F020164F
:10C3F000574A440A0A342B260D0D4B78032B00F0C4
:10C400008D80002003B030BDB5FA85F0214640098B
:10C4100000F070FA012003B030BD601C0192FFF7FC
:10C4200089FF019A21462846FFF7A6FFF2E702237B
:10C4300000216370A170E370F4E711462046FFF716
:10C4400011FCE7E7B5FA85F021464009019200F0BA
:10C45000FDFD019AE6E76378013B122B30D8DFE857
:10C4600003F0554E47472F2F2F2F2F2F40402F2FB0
:10C470002F2F2F393900019204F04CFA019A607085
:10C48000D0E7294B0192187805F046F8274B6070E9
:10C49000187805F041F8019AA070C3E79F230021A6
:10C4A000A37003236170E370BCE734220E20802167
:10C4B000E270227111226071A171E3712272A0E712
:10C4C000FF21002321706370ACE71146204603F082
:10C4D000A7F99FE711462046019200F0C9FB019A97
:10C4E000A0E711462046019202F040FA019A99E72E
:10C4F00011462046019200F02DFC019A92E7114668
:10C500002046019200F0A0FB019A8BE70221002354
:10C51000E170D321A3702371617183E71146204636
:10C52000FFF7ECFE76E700BFFD510020FC51002034
:10C53000FFF73EBF0B4620B90A481146C2691846AC
:10C54000104770B515460C4602F07EF9032800D05E
:10C5500070BD054BDB6A002BFAD029462046BDE8AA
:10C56000704018474C280020BC24002010B582B031
:10C5700005F0AEFC05F0C2FC1C491D4B0C780022F6
:10C580001A7006F069FBFEF7CBFDFFF78DFD06F094
:10C5900065FB38B3174806F071FB204605F004FD33
:10C5A00009F0F0FE09F012FD09F040F800F000FC7F
:10C5B00002F0D0F941F288300EF094F8022002F037
:10C5C0004FFE00F0B5FBFF220023ADF804208DF8EC
:10C5D0000630FA21019B0322084602B0BDE8104054
:10C5E00000F08EBA06F07CFBD4E700BFFD510020BE
:10C5F000174F0020289900204A2808B543D016D9A3
:10C6000020F0020345F22122934222D04F280CD180
:10C610004B79002B59D0454A1378002B7DD001333C
:10C62000DBB2042B88BF01231370012008BD0D2845
:10C6300018D01D28F9D13E4A49791378002935D000
:10C6400043F00403072B137016D0D84300F0010009
:10C6500008BD374A4979137800294DD043F00103CA
:10C660001370E2E7324A49791378002935D043F054
:10C670000203072B1370E8D10CF088FA2D492C4ADD
:10C6800008601378E1E74B79002B3BD0274B1A78F1
:10C69000002A3FD1264A137843F01003192B137058
:10C6A000C3D10CF073FA234B1860BEE72248DFF8C1
:10C6B00084C023F0040313700378CCF800105A07E9
:10C6C000B3D523F004030370AFE7194919480A787A
:10C6D000036022F008030B70A7E71748DFF854C087
:10C6E00023F0020313700378CCF8001099079CD54F
:10C6F00023F00203037098E70E4823F00103137040
:10C70000016092E70A490B480A78036022F010039F
:10C710000B708AE700221A7087E7054A137843F006
:10C720000803192B137080D1BBE700BF174F0020FF
:10C73000184F00201C4F0020154F002008B5124B49
:10C740001B780BB9012008BD013B032B08D8DFE89B
:10C7500003F0150F09020021FF22084609F02EFA06
:10C76000002008BD0022FF21104609F027FAF7E754
:10C7700000221146FF2009F021FAF1E7FF221146BD
:10C78000104609F01BFAEBE7174F002008B5274ABF
:10C790001378D90719D52648C18813F0020F01F084
:10C7A000800113D0B1B90089DFF888C023F0020EF0
:10C7B0005B0782F800E000F00400CCF8001031D4F0
:10C7C00018B14EF0040E82F800E008BD99B143F0B4
:10C7D000020313700189580701F004011BD589B1C8
:10C7E000072BF2D1134B1A68002AEED10CF0CEF9C8
:10C7F000104B186008BD0189580701F004010AD5E3
:10C800000029E2D1DFF82CC023F0040300211370CB
:10C81000CCF8001008BD0029D7D043F00403DBB2E8
:10C820001370DDE70028D0D17346EDE7184F0020E4
:10C83000003000201C4F002008B5174B186818B9AD
:10C84000BDE80840FFF7A2BF0CF042F940F6B8324D
:10C850009042F5D9114A104B117800200729186031
:10C8600007D019290CD000231370BDE80840FFF74A
:10C870008DBF0B4B06211970FFF778FE074AF2E7D0
:10C8800009F074FC054A18B1064B01211970EAE75A
:10C8900009F078FD014AF7E71C4F0020184F0020EF
:10C8A000154F0020174F002070B588B00D46144674
:10C8B000002120220646684612F052F8AB23294692
:10C8C00022460DF101008DF8003012F095F84FF07E
:10C8D000000C6B4607A913F8012F99429444FAD132
:10C8E0002022694686F00100ADF81EC0FFF744FD26
:10C8F00008B070BD0B78AB2B00D0704710B50A465E
:10C9000088B001F11C0E002312F801CF6344964554
:10C910009BB2F9D191F81EC0DAB2944541D1CA7FD9
:10C92000B2EB132F3DD14B7808B9072B39D9013B16
:10C930000446082B35D8DFE803F07F78346D5A348D
:10C940005205360047F2086310220DF10201012062
:10C95000ADF8003011F0C4FE2E23102201A90120F1
:10C960008DF8033011F0BCFE2E2310220DF10601CC
:10C9700001208DF8053011F0B3FEDFF804E120232B
:10C980008DF80730BEE80F000DF1080CACE80F0081
:10C99000DEF80030CCF800301C2269462046FFF754
:10C9A00083FF08B010BD40F609432D49ADF80030B3
:10C9B00004220DF1020012F01FF82A4904220DF1A1
:10C9C000060012F019F8284904220DF10A0012F0AD
:10C9D00013F80E2269462046FFF766FFE1E78878E4
:10C9E0004E28DED808B0BDE8104002F08FBC052309
:10C9F0008DF8003003F04CFD1C4B8DF801001B69D5
:10CA0000032203F00103694601208DF80230FFF78D
:10CA10004BFFC6E78B78A12B15D0A22BC1D1CB78C9
:10CA2000D3B1134B10221A83BBE78B78114A003B1A
:10CA300018BF01231370B4E70F48104B89780170B9
:10CA400000221A60ADE7C878003818BF012008B08E
:10CA5000BDE8104002F042BC054B10225A83A0E70B
:10CA6000107AFF1F207AFF1F307AFF1F0004024058
:10CA700000000240164F0020174F00201C4F0020DE
:10CA8000A4F501080A4B1B780BB90120704700B5CB
:10CA900083B00B464FF4817C032201A90120ADF83D
:10CAA00004C08DF80630FFF7FFFE012003B000BD83
:10CAB000164F002008B509F059FB00B108BDBDE8CC
:10CAC000084009F007BB00BF09F040BB08B509F0FA
:10CAD0004DFB003818BF012008BD00BF08B507484E
:10CAE0000822172106F0B8FE04480378032B00D96A
:10CAF00008BDBDE8084008F099BD00BF4899002076
:10CB000010B5104C82B0A0800193002040F20113B8
:10CB100022726381E18060720CF038F8019B206022
:10CB20001A0CA381A27309F021FB38B1A27B617BAF
:10CB3000207B02B0BDE8104009F040B809F0CAFA05
:10CB4000F4E700BF204F002008B5134B13484FF007
:10CB5000000C0822172183F80BC006F07DFE0F4859
:10CB60000378032B04D909F001FB024638B108BD54
:10CB700008F05CFD09F0FAFA02460028F7D10146F8
:10CB800009F01CF800F094FB054BDB689847BDE802
:10CB9000084009F0DBBA00BF204F00204899002070
:10CBA000E8FD010808B5194BDA7A02B908BD186822
:10CBB0000BF08EFF154B9A7A4AB19A88904210D2A8
:10CBC0009A7B597B187BBDE8084008F0F7BFDA88EC
:10CBD000904206D20022BDE808401146104608F0F7
:10CBE000EDBF0BF0D3FF094B9A7A186082F0010277
:10CBF0009A72002AEED05A7A197A0132D2B2914250
:10CC00005A72DDD8BDE80840FFF79EBF204F0020D4
:10CC1000014BD87A704700BF204F0020704700BFFB
:10CC2000704700BF08B5FFF7F9FFBDE808400BF0FB
:10CC300031BF00BF08B5FFF7F3FFBDE808400BF0B8
:10CC40002BBF00BF00F0B4B838B50922002301257E
:10CC500004468370C57002710449053011F0CCFEA2
:10CC60000223A373E573257438BD00BFB8F501082E
:10CC70000378A72B06D14378122B07D0132B02D0B1
:10CC8000FF2303707047012383707047044B1B78A8
:10CC9000DB09002243F004038270C370704700BFB9
:10CCA0002899002030B50F4B89B02022044600217E
:10CCB00068461D7811F054FEA32320468DF80030FD
:10CCC00004F02AFC8DF80100284604F025FC202100
:10CCD0008DF80200684609F033FF204605F05EF942
:10CCE00009B030BDFC51002030B5104B89B01D7823
:10CCF000202204460021684611F032FEA323284674
:10CD00008DF8003004F008FC8DF80100204604F096
:10CD100003FC20218DF80200684609F011FF20462F
:10CD200009B0BDE8304005F06DB900BFFD510020ED
:10CD300000B589B020220021684611F011FE41F2B1
:10CD4000A71320216846ADF8003009F0F9FE09B0BC
:10CD500000BD00BF00B54278032A83B0034616D059
:10CD6000042A0ED1114893F802C001930122252113
:10CD700080F800C006F000FD019B00229A7003B00D
:10CD800000BDFF22027000229A7003B000BD019026
:10CD900001220648252106F05FFD0448019B027828
:10CDA000DA7000229A7003B000BD00BF304F00203F
:10CDB00038B5314B0024FF251846042240F6643173
:10CDC000DD705D701C709C7006F0D6FC2B4B012250
:10CDD000184640F668311C7006F0CEFC284B012244
:10CDE000184640F669311C7006F0C6FC25492648F5
:10CDF00040F2051211F000FE234840F2051240F601
:10CE00006A3106F0B9FC21492148572211F0F4FD9E
:10CE10001F48572240F66F4106F0AEFC21464F22D4
:10CE20001C4811F09DFD1B497F234D7081F829504E
:10CE300005224D1E01F8012C8B706FF0770281F8EE
:10CE40002A30132381F82B20CA704C718C7185F81D
:10CE50002D306B7128460223502240F6C64185F8DA
:10CE60002E4085F82F4085F8283006F085FCBDE877
:10CE7000384000F08FBD00BFCC750020A9500020C5
:10CE8000D07500207C250020344F00202425002070
:10CE90004C500020D575002010B540F205121D4CF5
:10CEA0001D491E4811F0A8FD1D490F2006F0B8FCD1
:10CEB0002046042240F6643106F0CEFC19480122D7
:10CEC00040F6683106F0C8FC94F903301648002B90
:10CED000A8BF80234FF0010240F66931A8BFE3707C
:10CEE00006F0BAFC0D4840F2051240F66A3106F031
:10CEF000B3FC0E48572240F66F4106F0ADFC0C48DB
:10CF0000502240F6C64106F0A7FCBDE8104000F0F4
:10CF100041BD00BFCC7500207C250020344F00208F
:10CF200004003434A9500020D07500204C5000205B
:10CF3000D47500200248012240F6683106F01CBC7E
:10CF4000A950002042781C2A14D810B503781C463A
:10CF50001344572B82B00ADC72B1431CD11801E094
:10CF60008B4209D013F801CFBCF1010FF8D9002092
:10CF700002B010BD00207047074B0192811C1819A8
:10CF8000009111F039FD0548DDE90012204411F04F
:10CF900033FD012002B010BD4C50002050990020FC
:10CFA00090F802C0BCF1030F1CD830B590F800E037
:10CFB000BEF1020F83B012D843781C466344052BA0
:10CFC0000DDCBCF1000F39D000EBCC01034601E0D1
:10CFD0008B4209D0DA78172A03F10803F8D9002028
:10CFE00003B030BD00207047C11D6FF027000EEB6D
:10CFF0008E0300FB0EFEE2180EEBC30E124B01EB8C
:10D00000CC040EF1040503EBC20311F8042C1A70D2
:10D0100011F8032C5A7011F8022C9A7011F8012C97
:10D02000DA70E81804220191009311F0E5FC0199EF
:10D03000009B0831A14203F10803E6D100F0AAFCED
:10D04000012003B030BD00BFD4750020F0B54B788F
:10D05000013BA5B00C460E2B00F21D81DFE813F05A
:10D0600017001F003F004B005C005F006800EE00EF
:10D07000B800D3006C0071007E0084000F00881C93
:10D08000FFF78EFF80F00100A07025B0F0BD0122F7
:10D090000023CA700B710020A07025B0F0BD7F483E
:10D0A000042240F6643106F067FB7D48012240F619
:10D0B000693106F061FB7B4840F2051240F66A31A7
:10D0C00006F05AFB7848572240F66F4106F054FBB1
:10D0D0007648502240F6C64106F04EFBDBE76F4B28
:10D0E0000022CA70187859789A78DB7820716171BB
:10D0F000A271E371CFE74A79684B8878C978597093
:10D10000802A2179187038BF80229970DA700BF06C
:10D1100021FAFFF7C7F8BEE75723CB70BBE78B7840
:10D12000062B1F4640F291800120A07025B0F0BD73
:10D130005B4B1B78CB70AEE702220523CA700B71E4
:10D14000A9E7CA781D2AEFD88B7899185729EBDC04
:10D150005549E01C194411F04FFC9CE7881CFFF76F
:10D16000F1FE80F001008FE70A79032ADCD88B7882
:10D17000022BD9D8C97888180528D5DC002A8AD08E
:10D1800003EB8300DFF824C101440CEBC105C000B0
:10D190006FF0270101FB03031F1DE31D03EBC20614
:10D1A0002A7803F8042C6A7803F8032CAA7803F889
:10D1B000022CEA7803F8012C79191846042211F0A0
:10D1C0001BFC00F10803B34205F10805E8D162E752
:10D1D000C9780929A8D800293FF45DAFA278314B5E
:10D1E00002EB420201EB41011A442144234610782C
:10D1F000D870507818719078587103338B4202F1CF
:10D200000302F4D147E7C97809298DD800293FF4F2
:10D2100042AFA278234802EB420201EB41012346D0
:10D2200002442144187910705879507098799070A0
:10D230000333994202F10302F4D12CE78B78042BDB
:10D240003FF672AF164A137025E7032200231144FC
:10D2500003A80393A51C11F0CFFB039E002308E055
:10D26000FF222946013301F8012F102B0D463FF410
:10D2700012AF01229A404FF0FF3132428DF8101068
:10D28000EED004AAD9B23846019308F0EBF99DF824
:10D290001020019BE5E7FF230B70FCE6CC75002016
:10D2A000D0750020344F00204C500020D475002051
:10D2B00003F0EEB808B503F0EBF802F0C9FFBDE8E3
:10D2C000084008F043BD00BF38B505460C4608F0DD
:10D2D0006FFF18280CD1637973B1A5F5F04023389E
:10D2E000072809D8DFE800F0222222220A4B37243F
:10D2F00008F05EFF1728EED0012038BD2C4A1378C5
:10D30000980743D0D3781033FF2B194628BFFF214D
:10D31000302BC9B206D8C1F1300323F00F0310310E
:10D320000B44D9B21A20D17006F01AFA002038BD89
:10D3300008F01CFF0028F9D008F03AFF1728F5D1B3
:10D340001B4B1979103921EAE171C9B21B201971FF
:10D3500006F006FAEAE708F009FF0028E6D008F030
:10D3600027FF1728E2D1124B19791031FF2928BF66
:10D37000FF21C9B21B20197106F0F2F9D6E70C4B58
:10D380001A789107D2D0DA78302A02D808F09EFEB7
:10D39000CCE7103AD1B21A20D97006F0E1F9044B6B
:10D3A0001A789207C2D0DB78302BBFD8EEE700BFE7
:10D3B0004899002084B003EB8303BDF8102001904E
:10D3C0001A4492B2FF2A28BFFF22C0F30743D24378
:10D3D00053FA82F2FF2A28BFFF228DF80620019B14
:10D3E0000020DAB262F30700C3F3072262F30F20D2
:10D3F000C3F3074363F3174004B0704784B0BDF82C
:10D4000010200190D31A9BB2FF2B28BFFF23DBB261
:10D4100083F0FF0CC0F307426244FF2A28BFFF22BB
:10D4200003448DF806208DF80430019B0020DAB209
:10D4300062F30700C3F3072262F30F20C3F307432D
:10D4400063F3174004B070472DE9F041064686B0FB
:10D45000007808F0A1FDC4B2C0F30725AC421ED28B
:10D46000DFF84C80114F04EB44010322414404A82F
:10D4700011F0C2FAFB788DF81230049806F064FEC1
:10D480000246C0F307432146F07800930134C2F30B
:10D490000723D2B208F098FBE3B29D42E3D8562DA1
:10D4A0008CBF0020012006B0BDE8F0814899002023
:10D4B000344F00202DE9F04F814687B0007808F006
:10D4C0006BFDC4B2C0F3072B5C45ADF80C0069D20C
:10D4D000DFF8F0A037499AF80430B1F80080364EF2
:10D4E000364DDB0803FB0888C8F30721C1F380131E
:10D4F0005B424B40CF4311F0400FC3F3011307F0E1
:10D500000F0701F00F0107F1010748F3072808BFD3
:10D510000F4606EB43062544294B04EB440119440E
:10D52000032204A811F068FA7278337812FB07F22C
:10D5300003EB1213DBB25A42D2B233EA280328BFFC
:10D5400013465A4213F0800FD2B218BF13465B0045
:10D550009AF80320DBB202FB03331B128DF8123062
:10D56000049806F0F1FD15F8012F99F801308DF8B7
:10D570001400C0F30721C0F3074C1A428DF81510B0
:10D580008DF816C0214609D05FFA8CF200929DF802
:10D590001530C2B299F8030008F016FB0134E3B26B
:10D5A0009B45B9D8BBF1560F8CBF0020012007B0B6
:10D5B000BDE8F08FA8990020C4F60108912700204B
:10D5C000344F0020489900202DE9F04F804689B063
:10D5D000007808F0E1FCC4B2C0F3072A5445ADF866
:10D5E000140071D2DFF804913C4E99F804303C4DA0
:10D5F0000133FF2B28BFFF234FF6FF7C2644BCFBE3
:10D60000F3FC1FFA8CF7CDF80CC003E00134E0B254
:10D61000824559D916F8012F98F801301A42F5D0F1
:10D620002B78013B190657D42E4ADBB2D118E0B251
:10D6300002E0013B1A064FD411F8012D8242F8D1C5
:10D6400005EB430292F819C0927E4CEA0222BA42DC
:10D65000EFD299F804300133FF2B28BFFF2303FBDF
:10D660000222214B04EB440119444FEA222B06A865
:10D67000032211F0C1F9BBF1FF0FD8BF6FEA0B0312
:10D6800099F80320D4BFDBB2002302FB03331B1243
:10D690008DF81A30069806F057FDC0F307438DF851
:10D6A0001E30DBB20093C0F307238DF81C00C2B21A
:10D6B0008DF81D3098F803002146DBB2013408F0E4
:10D6C00083FAE0B28245A5D8BAF1560F8CBF00208C
:10D6D000012009B0BDE8F08F039ABAE79127002036
:10D6E000AC990020BE990020344F002048990020BA
:10D6F0002DE9F04F8FB0144609900878059108F095
:10D700004BFCC3B2C0F3072C6345ADF82C0080F08E
:10D71000DA80734E734FCDF818C0984606F20D129A
:10D720004244714B049208EB480297F800B0CDF8E0
:10D7300008B0D31806EB48060393C1460CE0039BE0
:10D74000069A033309F1010903935FFA89F39A42B8
:10D7500006F1020640F2B680049B13F8012F0493F1
:10D76000059B5B781A42EAD0032260490CA811F0AD
:10D7700043F9029A099B9A4240F2AD801D4607EB9D
:10D7800003085B4BCDF81C904FF0000A089318F883
:10D79000013F96F8612098F80810521A96F8601028
:10D7A00002FB02FBC91A01FB01BB1FFA8BFBBBF199
:10D7B000010F40F28480BBF5F75F9DBF4FEA5B1E0F
:10D7C0000EF1080E5FFA8EFE4FF0FF0E012006E00C
:10D7D000BCF1FF0F1FD00133D8B2704519D800EB50
:10D7E0000E0C4FEA6C0C0CFB0CF91FFA89F9D945A9
:10D7F0006346EDD9013B5FFA83FE0EEB00035B103D
:10D8000003FB03FC70451FFA8CFC02D8DC45F1D801
:10D81000E1E7431EDBB2364807EB450E90F804C043
:10D820009EF819009EF81AE08DF832A00CF1010C58
:10D83000BCF1FF0F28BF4FF0FF0C40EA0E200CFB9D
:10D840000000C0F30F2000900C98A0470135029A09
:10D850008DF83000EBB2C0F3074A9A42C0F30720BC
:10D860008DF832A08DF831005FFA8AFA8FD8DDF892
:10D870001C90089BDB78039A03FB0AAA4FEA2A2331
:10D880008DF8323013788DF8303053788DF8313090
:10D890000C9806F059FCC0F3074305998DF8363013
:10D8A000DBB20093C0F307238DF83400C2B28DF8C9
:10D8B0003530C878DBB2494608F086F93FE75FFAB1
:10D8C0008BF3A8E79446BCF1560F8CBF00200120D3
:10D8D0000FB0BDE8F08F064B4FF0000ACAE700BF5B
:10D8E00084260020AC990020344F00204999002064
:10D8F000489900200E4B1B78013B032B16D8DFE81C
:10D9000003F013110C020B4B0B4A1B780146581EF7
:10D9100020EAE070C0B2FFF7EBBE0146074A0020E4
:10D92000FFF7E6BEFFF750BEFFF7C4BDFFF78CBDA3
:10D93000D0750020AC990020FDD30008B5D30008B5
:10D94000F8B5104C104F114E114D002323703B7051
:10D950000BF01CF933782860102B03D1237843F0A7
:10D960000103237000237B700BF010F996F8283028
:10D970006860102B00D0F8BD237843F002032370B9
:10D98000F8BD00BF3950002044500020D47500205D
:10D990003C50002000B5DFF864E017480022134631
:10D9A0008EF800209446114610F83320013312B14E
:10D9B00001314FF0010C052BF6D1BCF1000F01D065
:10D9C0008EF800100C4B002294468EF8012003F1D3
:10D9D0002800114693F82820083312B101314FF086
:10D9E000010C8342F6D1BCF1000F01D08EF801107A
:10D9F0005DF804EBFFF7A4BFD47500204850002069
:10DA00002DE9F04F827887B00746002A40F0008168
:10DA1000BB4B0193DFF800B301225FFA82FA87F86B
:10DA200003A008F01FFCC0F307438DF81630DBB2EB
:10DA3000FC780293019B8DF814001B5DC0F3072254
:10DA400004EB84018DF81520CA18AE481BF832503B
:10DA5000AD4A10F804E012780120102D1E4600FA9D
:10DA600004FC51D0A84822EA0C02BEF1010F02705A
:10DA700057D800F0D9800021029A03918946002DE1
:10DA80004CD104EB8405013335440BEBC5050199FA
:10DA900095F80280DBB2042B0B55697888BF00250E
:10DAA00040F29081019900230B5504EB8404344427
:10DAB0000BEBC404013D94F8028066784146304681
:10DAC00008F0C4FBE07808F0C9FC039BBB70172D7D
:10DAD00000F28D81DFE815F0F100F600FB00050192
:10DAE0000A010F012401D500E200E700EC003D012E
:10DAF000420147014C01510156015B0160012901BE
:10DB00002E013301380100017F4942EA0C028645AB
:10DB10000A7006D80021029A03918946042BC4D9C1
:10DB2000C0E7DFF8F881039358F824000AF0D0FF2B
:10DB3000039B04EB840999440BEBC90999F8052070
:10DB400099F8043043EA022399F8062043EA024395
:10DB500099F8072043EA026398422FD858F8240026
:10DB60000AF0B6FF99F8051099F8043043EA01234A
:10DB700099F8061043EA014399F8071043EA01694E
:10DB8000A9F57A73984258F8240000F20A81029AA3
:10DB90004FF0000903920AF09BFFB0F57A7F039AD9
:10DBA00054D304EB840333441BF83330E91A1D4685
:10DBB000019B18BF01211B5D039160E70AF0E6FF9E
:10DBC000019B019A1B5D48F824000133DBB2042B52
:10DBD00084BF00263346135598BF1E4604EB8403CA
:10DBE00033440BEBC30359791A7942EA012299793C
:10DBF000DB7942EA014252EA0362C8D101240022E1
:10DC0000BAF1000F7FF409AF204607B0BDE8F08FEE
:10DC10003E493F48572210F0EFFE394B0193002256
:10DC20001A80FFF78DFEF5E6002D7FF473AF0BEB46
:10DC3000C1012A4611F83250002D40F0CF80013248
:10DC4000052AF7D1029A0395A9461AE758F8240045
:10DC50000AF03EFF029B00FB03F204EB8403334413
:10DC60004FF001091BF83330E91A1D46294BA3FB7D
:10DC70000232019B18BF01211B5D0391C2F3871281
:10DC8000FDE6384607F06EFA0446B9F1000FB6D04B
:10DC9000029A4146304608F0D9FAB0E7384607F014
:10DCA00067FA0446F1E7384607F068FA0446ECE7FD
:10DCB000384607F069FA0446E7E7384607F0D8F92E
:10DCC0000446E2E7384607F029FA0446DDE738461D
:10DCD00007F02AFA0446D8E7384607F099FC0446CC
:10DCE000D3E7384607F026FA0446CEE7384607F071
:10DCF00027FA0446C9E7384607F028FA0446C4E77D
:10DD00004450002048500020395000204C50002042
:10DD100050990020D34D6210D47500203C50002053
:10DD2000384607F019FA0446AFE7384607F04AFCD0
:10DD30000446AAE7384607F04DFC0446A5E73846F6
:10DD400007F056FC0446A0E7384607F05FFC04469F
:10DD50009BE7384607F01EFA044696E7384607F078
:10DD60001FFA044691E7384607F020FA04468CE78C
:10DD7000384607F0A9FA044687E7384607F08AFCD8
:10DD8000044682E7384607F081FD04467DE73846C1
:10DD900007F00AFC044678E7384607F00BFC044617
:10DDA00073E70AF095FE029BA9EB000203FB02F267
:10DDB000104B58F82400A3FB0232C2F387124FF035
:10DDC0000109E7E60E463046414608F03FFAE8789A
:10DDD00008F044FB039BBB70002456E7019B1A55D7
:10DDE000012316460393029A4FF000095DE60024D2
:10DDF0004BE700BFD34D62102AB1064B1B7803F0EE
:10DE0000FC03602B00D07047034B1B78002BFAD02B
:10DE100007F026BB489900203950002008B547F686
:10DE20002303984227D00ED8A0F5A443203B0F2B04
:10DE300030D82E4A49791378002944D043F00103A1
:10DE40001370012008BD47F62403984222D1274AC7
:10DE50004979137800293BD043F00403072B137052
:10DE600012D10AF093FE224B224A1B781060B3FABB
:10DE700083F0400908BD1D4A49791378B1B143F0D8
:10DE80000203072B1370ECD0194B1878B0FA80F00E
:10DE9000400908BD164B1B78002BD2D0A0F5F040EE
:10DEA00020380A2894BF0020012008BD1048DFF860
:10DEB00044C00078CCF8001023F002031370B0FACD
:10DEC00080F0400908BD23F0010313700120B9E779
:10DED0000748DFF820C00078CCF8001023F00403D6
:10DEE0001370B0FA80F0400908BD00BFA8500020B0
:10DEF000A9500020A45000202DE9F04100258CB04D
:10DF00001C2605F11C041D2200210DF11200E4B2B3
:10DF100010F026FD562C04A807D88DF810508DF867
:10DF200011602546FFF70EF8EBE74FF4157304A8D0
:10DF3000ADF81030FFF706F8194BDFF8688093E86A
:10DF40000300002402AE02908DF80C102546012734
:10DF500016F8012B8DF81140272304A801348DF801
:10DF600010508DF812708DF81320CDF81480ADF894
:10DF700018308DF81A50FFF713F8052CE8D108F087
:10DF800071F9FF221146C0B208F060F97F2008F055
:10DF900065FA182008F0F2F80CB0BDE8F08100BF77
:10DFA000C4F5010800FF7F1000B5234A106883B054
:10DFB00020B9224B1B786BBB03B000BD0AF088FD73
:10DFC00041F2883398421C4AF3D91D491B4B91F802
:10DFD00000C00020BCF1070F10601A78EAD182421D
:10DFE0000CBF4FF0010C8446087083F800C000930A
:10DFF00019D014480822172105F02EFC009B00932D
:10E00000FEF798FF009B1A7822B90093FEF744FFB1
:10E01000009BCFE708F0CCF81828CDD003B05DF80E
:10E0200004EBFFF769BF019202F032FA0128009B6E
:10E03000E5D0019A1A70BFE7A4500020A950002033
:10E04000A850002048990020034B1B78032B06BFE3
:10E05000024B187800207047AB500020AC500020D5
:10E0600000B5DFF84CE085B001AB83E807009EF80F
:10E0700000C00D490CF10103087803F00F02904233
:10E08000134603D1013202F00F020A7001AA07CA37
:10E090008EF80030054B0CEB4C0C03EB8C0383E843
:10E0A0000700012005B000BDE576002024760020A1
:10E0B000E476002010B5114C022240F6165120469D
:10E0C00005F0CAFB0E48022240F6185105F0C4FBC9
:10E0D000238873B94FF416732380094B1A881AB931
:10E0E0004FF4E1521A8010BD1D2A9CBF1E221A80D7
:10E0F00010BD042B9CBF05232380EEE7B62400202F
:10E10000B424002008B50E4B0E484FF0010CC0227D
:10E11000002183F800C010F023FC0B490B4A0023B8
:10E120000B70137000F044FC01F0EEFB02F0BAFB40
:10E1300002F0F8F902F002FEBDE80840FFF7BABFAE
:10E14000AB50002024760020E4760020E576002005
:10E1500038B504460D4602F017FC50B9054B9B68D4
:10E1600013B1294620469847034A044B04211170F5
:10E170001C7038BDBC240020AB500020AD500020E6
:10E1800008B502F001FC00B108BD0AF0FFFC002850
:10E19000FAD00C4B1A78052A08D00B4A0021526895
:10E1A00008469047074B05221A7008BD01F0F0FBA6
:10E1B000044B0028F1D1054A1878117801F0DEFEF1
:10E1C000EBE700BFAB500020BC240020AD50002086
:10E1D00030B58BB0054602F0D7FB30B9144B1B7835
:10E1E000042B04D0032B06D0EBB90BB030BD114B80
:10E1F0001B78002BF9D0104B1B69002BF5D000F0D9
:10E200000BFC01230446092229460DF106008DF876
:10E21000043010F0F1FB01A800F0E0FB002CE4D08A
:10E2200000F02CFCE1E70BB0BDE83040FFF7A8BFE1
:10E23000AB500020AA500020BC24002030B58BB089
:10E24000054602F0A1FB30B9144B1B78042B04D017
:10E25000032B06D0EBB90BB030BD114B1B78002B54
:10E26000F9D0104B5B69002BF5D000F0D5FB0223F1
:10E270000446202229460DF106008DF8043010F0E6
:10E28000BBFB01A800F0AAFB002CE4D000F0F6FBD9
:10E29000E1E70BB0BDE83040FFF772BFAB500020A4
:10E2A000AA500020BC24002010B5044602F06CFBEC
:10E2B00020B9094B1B78032B01D043B910BD074B84
:10E2C0001B6A002BFAD02046BDE810401847BDE875
:10E2D0001040FFF755BF00BFAB500020BC2400200A
:10E2E00010B5044602F050FB20B9094B1B78032BF4
:10E2F00001D043B910BD074B5B6A002BFAD0601CFC
:10E30000BDE810401847BDE81040FFF739BF00BF17
:10E31000AB500020BC24002010B5044602F034FBB2
:10E3200020B9094B1B78032B01D043B910BD074B13
:10E330009B6A002BFAD02046BDE810401847BDE884
:10E340001040FFF71DBF00BFAB500020BC240020D1
:10E3500070B504460D4602F017FB20B9094B1B7837
:10E36000032B01D04BB970BD074BDB6A002BFAD0F1
:10E3700029462046BDE870401847BDE87040FFF7C9
:10E38000FFBE00BFAB500020BC24002030B583B0DE
:10E3900004460D4602F0F8FAA0B94CB10C4A1378C5
:10E3A000A3420C4B10D00C49147000220A7000E0FC
:10E3B000084B0A4A01935268294620469047019B20
:10E3C00005221A7003B030BD19780329EBD1F9E7A3
:10E3D000AD500020AB500020AC500020BC240020E9
:10E3E000024BDB6803B11847704700BFBC24002014
:10E3F000014B1878704700BFAA500020704700BF3B
:10E40000704700BF704700BF704700BF704700BF34
:10E41000704700BF124B1B78032B03D003B9704722
:10E42000FFF7AEBE10B58AB0044600F0F5FA60B151
:10E4300000F008FB48B10B4B9B690BB12046984795
:10E440000AB0BDE8104000F0F5BA032301A88DF82A
:10E450000430ADF8064000F0C1FA0AB010BD00BFAC
:10E46000AB500020BC24002010B5044602F08CFA0A
:10E4700020B92378032B0AD0042B00D010BD637879
:10E48000A078BDE8104043EA0020FFF7C3BF0A4B65
:10E490001B78032B05D0002BF0D0BDE81040FFF710
:10E4A0006FBE064BDB69002BE8D06278A078BDE830
:10E4B000104042EA00201847AB500020BC24002046
:10E4C00030B5002089B001F085FA00F071FA03F050
:10E4D000FFFC41F288300CF005F91A4B93F900303B
:10E4E000002B6D4623DB184C002322690093019317
:10E4F0008DF808300DF1010090474FF47A700CF060
:10E50000F1F8A369002098474FF47A700CF0EAF80C
:10E5100000230093226AAB802846904747F2305090
:10E520000CF0E0F8E36803B1984709B030BD064C41
:10E5300020220021684610F013FA63690DF10100F2
:10E540009847DAE728990020BC2400202DE9F04FF5
:10E550009D4E9E4D96F800E02B789D4C9D4F87B0C8
:10E560004FF0000A002103EB430C734504EB8C02CF
:10E5700000F0028107CA14F82CC003F10109984683
:10E580000CF1FF3C06AB03E9070009F00F03012182
:10E59000BCF10B0F00F21581DFE80CF08E7B68CF29
:10E5A0009A574A25201B120604992B70202201201D
:10E5B00009F0A0FE01F0D8FF96F800E02B78D1E733
:10E5C0009DF810002B7000F04DFA96F800E02B78C3
:10E5D000C8E79DF810202B703A70C3E77E492B7076
:10E5E00000220A70BEE7DFF800B22B7000219BF812
:10E5F0000080397001F04CFF10F0060F40F0DD8014
:10E60000A8F103080623B8F1010F8BF80030D3D826
:10E6100001F0AAFFFFF7FCFE9BF80000002101F0CB
:10E62000ADFC002001F0D6F996F800E02B7899E7D0
:10E630006A482B7004F022FB694B00221A70FFF726
:10E64000E5FE96F800E02B788CE7644964480A7888
:10E650002B704FF0010C22F080020A7080F800C08D
:10E66000FFF7D2FE96F800E02B787BE79DF810804C
:10E670005C495D4A81F80080052041462B7010708E
:10E6800001F07CFC4046FFF7BBFE96F800E02B78DB
:10E6900068E79DF810805349534A81F800800420B0
:10E6A00041462B70107001F069FC4046FFF7A6FE52
:10E6B00096F800E02B7855E74B4A9DF810002B7038
:10E6C0000021117002F01EFC96F800E02B7849E75B
:10E6D000DFF814B12B7008EB480804EB88089BF8AE
:10E6E000003098F808809DF810900193002139704F
:10E6F00001F0CEFE10F0060F5BD1019B0220032B30
:10E700008BF800003ED0494601F038FCB8F1000F0C
:10E7100041D100F04DF9354B41464FF0000B4846D2
:10E7200083F800B002F0F0FB584601F053F902F014
:10E7300035F996F800E02B7814E79DF810802A4A06
:10E740002B7003204146107001F018FC254B83F814
:10E75000008003F0BDFB4046FFF754FE02F00AF9CB
:10E7600018BB234BD3F83080B8F1000F3FF422AF31
:10E7700002F0D0F8C0471DE709B185F800A007B046
:10E78000BDE8F08F01F0F0FE4946062001F0F6FBEF
:10E79000B8F1000FBDD001F07BFE10F0060FB8D02D
:10E7A00049F6404001F0ECF8B3E7012001F012F91E
:10E7B000D7E73878FDF776FD9FE73878FDF772FDEB
:10E7C0001EE79A46CFE600BFE4760020E5760020FB
:10E7D00024760020AC500020B82400202899002086
:10E7E000AA500020AD500020AB500020AE500020B9
:10E7F000BC24002008B5084B5B6B9847FFF7A6FECA
:10E8000000F03CF901F0FEFC02F098FB02F0CEF8BB
:10E81000BDE8084001F0C0BFBC24002008B501F0ED
:10E8200037FE10F0060F03D0054B1B78032B00D0EA
:10E8300008BD044B5B6B9847BDE8084000F01EB96B
:10E84000AB500020BC240020014B1878704700BF5B
:10E85000AB50002038B505460C4601F019FE10F00B
:10E86000060F05D121462846BDE8384002F0BABA65
:10E8700001F07AFE02F07EF80028F3D0054B1B78F9
:10E88000032BEFD16379002BECD0012001F0A2F82B
:10E89000E8E700BFAB50002010B52B4C82B001461A
:10E8A00002220190204610F0A7F801992748022281
:10E8B000114410F0A1F82388042B03D9234B1B88A3
:10E8C0003B2B04D8FFF7F6FB002002B010BD02225C
:10E8D00040F61651204604F04FFF1C48022240F635
:10E8E000185104F049FF01F0D3FD10F0060F03D0DA
:10E8F000174B1B78032B04D002F0CCFA012002B096
:10E9000010BD20884FF47A7404FB00F001F038F851
:10E9100001F034F8CF2008F0F5FD08F0F3FE2046B2
:10E920000BF0E0FED02008F0EDFD08F0EBFE2046F5
:10E930000BF0D8FED02008F041FE08F0E3FE2046A0
:10E940000BF0D0FED8E700BFB6240020B42400208E
:10E95000AB50002000B583B0034B019301A8FFF733
:10E960009BFF03B000BD00BF5802201C10B54378C8
:10E970000B2B04460DD00C2B04D0FF23037000207A
:10E98000A07010BD0230FFF787FF80F00100A0707B
:10E9900010BD05490222033010F02EF8034902226F
:10E9A000601D10F029F8EAE7B6240020B424002006
:10E9B00008B506480649074A002303800B801370F8
:10E9C0000AF0E4F8044B186008BD00BF0E77002081
:10E9D000E8760020AE500020B450002038B50B4D32
:10E9E0000B4A2B8812885C1CE4B2A2420BD0014671
:10E9F000084803EB031300EB430022220FF0FCFF57
:10EA000001202C8038BD002038BD00BF0E770020CB
:10EA1000E876002010770020044A054B10881B88F8
:10EA2000C01AB0FA80F04009704700BF0E7700208E
:10EA3000E876002008B50AF0A9F8014B186008BD77
:10EA4000B450002008B5054B18680AF041F8044B93
:10EA50001B78984294BF0020012008BDB4500020CC
:10EA6000B9240020014B1870704700BFB924002062
:10EA7000014B1870704700BFAE50002038B5FFF74B
:10EA8000E3FE03282AD1384A384B10881988884277
:10EA900002D13749097801B3364B18680AF018F8E3
:10EAA00035490978884218D9314B1978F9B92F4B73
:10EAB0002D4A1C881288A2420FD0304A304804EBFD
:10EAC000041102EB4101222205460FF095FF274B6E
:10EAD000621CD2B21A802B783BBB38BDFFF7B4FE64
:10EAE0000428FAD1FFF784FC0028CCD138BD254B8F
:10EAF00018681C4609F0ECFF0228EED91C4A204D8C
:10EB00001378013B13700AF041F82B782060022B38
:10EB10001DD0012B23D0032B12D00AF037F8154B50
:10EB20001860BDE8384001F01FBD0AF02FF8022838
:10EB3000D3D90F4A134C1E2313700AF027F8E4E7C9
:10EB4000114B9B69002BE8D068889847E5E70E4B8E
:10EB50005B69002BE1D00D4898472B78DBE70A4B27
:10EB60001B69002BF7D1D8E70E770020E87600204C
:10EB7000AE500020B4500020B924002010770020AF
:10EB8000EC760020B0500020BC240020EF7600205E
:10EB900010B538B3284840F2822220210DF048FEFB
:10EBA000254840F2822240210DF042FE224840F2E8
:10EBB000822280210DF03CFE204B1B7873B11E4851
:10EBC000012210210DF034FE1B4A1D48102313832F
:10EBD000BDE81040202202210DF02ABEBDE8104001
:10EBE0000CF0ECB900F1804001221021154C00F529
:10EBF00002300DF01DFE1023642063830BF072FDC4
:10EC0000102323830C4840F2822220210DF010FEB5
:10EC1000094840F2822240210DF00AFE064840F2E7
:10EC2000822280210DF004FE044B1B78002BC6D1FC
:10EC30000CF0C4F9C3E700BF00000240DC9B0020D9
:10EC400000040240000802402DE9F04190B0064661
:10EC50000D4690460021402268461C460FF080FE7B
:10EC60002E490A7814B90132D2B20A700AB90122C7
:10EC70000A70002D4FD033467419002113F8010B90
:10EC8000A3420144FAD10C460F0A08F155038DF84E
:10EC900005306FF002035B1B8DF8073047F6846385
:10ECA000ADF80030AA238DF8082031468DF80430E5
:10ECB0002A46AB1C0DF109008DF806300FF09CFEC2
:10ECC00010AA05F1090352FA83F3154903F8404CE1
:10ECD00005F10A0352FA83F3124C03F8407C124BFD
:10ECE000402220461A700CF073F920460CF094F97B
:10ECF00005F10B016A46C9B220460CF0C7F96268FB
:10ED00001169D26801238B40204613830CF072F9FD
:10ED100010B0BDE8F0812F462C46B6E71C5100200C
:10ED2000CCF60108DC9B0020F624002010B5402220
:10ED3000044600210C480FF013FE0B48112300F885
:10ED4000013B082221460FF057FE0023012206480E
:10ED50000921FFF779FF054B1A6802B110BD09F0D0
:10ED600015FF024B186010BD2C51002020510020CF
:10ED700010B54022044600210C480FF0F1FD0B486D
:10ED8000122300F8013B142221460FF035FE002328
:10ED9000012206481521FFF757FF054B1A6802B1FB
:10EDA00010BD09F0F3FE024B186010BD2C5100207D
:10EDB0002051002010B53D22044600210B480FF0E1
:10EDC000CFFD0A491322C81E01F8032C4470210A02
:10EDD000074C8170002301220721FFF735FF2368CC
:10EDE00003B110BD09F0D2FE206010BD2F510020EC
:10EDF0002051002000B5C3B203F17F02D2B2022A33
:10EE000083B020D99B2B13D083B9402219461A48CE
:10EE10000FF0A6FD184A1423137000230122164890
:10EE20000221FFF711FF154B1A68F2B103B000BDC4
:10EE30003E22134800210FF093FD114A40F61403BF
:10EE400022F8023CE9E73E2200210D4801930FF031
:10EE500087FD019B0122813B02FA03F3084A14213A
:10EE600002F8021C02F8013CD7E709F08FFE034BC1
:10EE7000186003B000BD00BF2C51002020510020BD
:10EE80002E51002070B5104C05464022002120462E
:10EE90000FF066FDAA78687860701623237042F33D
:10EEA000C013E370EB78237143F3C01363712B79C4
:10EEB000A3716979A270E171002320461A46BDE86A
:10EEC00070400821FFF7C0BE2C51002010B5402231
:10EED0000446002109480FF043FD08481823214645
:10EEE00000F8013B0A220FF087FD0023BDE8104027
:10EEF00002481A460B21FFF7A7BE00BF2C51002085
:10EF000010B540220446002109480FF029FD0848A9
:10EF10001923214600F8013B14220FF06DFD002358
:10EF2000BDE8104002481A461521FFF78DBE00BF0C
:10EF30002C51002070B540220C46054600210A489D
:10EF40000FF00EFD084893232946224600F8013BA6
:10EF50000FF052FD611C0023BDE8704002481A46C4
:10EF6000C9B2FFF771BE00BF2C51002070B53E2220
:10EF70000D4686B00646002127480FF0F1FC274ACF
:10EF800007CA03AB83E80700002D14BF2C461C46BC
:10EF9000234DA168A0886E7021222A706288AA7011
:10EFA0006288A880120AEA70A279AA71F1B10846B3
:10EFB0000191F9F741FA01990246E81D0FF01CFD95
:10EFC000A068F9F739FAC41DE4B2164D286809F0B3
:10EFD0007FFD40F6B83398420AD811480023012239
:10EFE000214606B0BDE87040FFF72EBE0724ECE7CF
:10EFF00009F0CCFD0C4B28604FF480129A614FF45D
:10F000007A700BF06FFB084B102247F230509A6178
:10F010000BF068FBE1E700BF2E5100203CF5010832
:10F020002C510020285100200000024070B53C22E5
:10F0300006460D461A481B4C00210FF091FC222277
:10F04000034600F8042C206803F8036C23F8025CE4
:10F0500009F03EFD40F6B83398420DD8124C1348E3
:10F06000012200230421FFF7EFFD226802B170BDE9
:10F0700009F08CFD206070BD09F088FD0C4B20600C
:10F080004FF480129A614FF47A700BF02BFB084B0F
:10F09000102247F230509A610BF024FBDEE700BFEC
:10F0A0003051002028510020205100202C510020F8
:10F0B000000002404022002110B510480FF050FC23
:10F0C0000F480E4903782322022B0A7002D00D4903
:10F0D0000BF07EFF0A480BF09FFF40F6B8300BF0B4
:10F0E00001FB41F658300BF0FDFABDE81040034833
:10F0F000002301220221FFF7A7BD00BF2C510020F1
:10F10000DC9B0020CCF6010810B53E22044600210D
:10F1100008480FF025FC0749322201F8022C002391
:10F1200001F8014C881EBDE810401A460221FFF785
:10F130008BBD00BF2E51002010B592B00C4601903F
:10F140004022002102A80FF00BFC47F684720D4903
:10F15000ADF808200C4880228DF80B200BF038FF0A
:10F1600009480BF059FF211D019B074802AAC9B2AB
:10F170000BF06EFF04480BF05DFF03480BF03AFF05
:10F1800012B010BDCCF60108DC9B002070B53D220A
:10F1900005460C46094800210FF0E2FB07492522ED
:10F1A00001F8032C002301F8025C01F8014CC81E91
:10F1B000BDE870401A460321FFF746BD2F510020DD
:10F1C00010B53E220446002108480FF0C9FB07494C
:10F1D000332201F8022C002301F8014C881EBDE8FF
:10F1E00010401A460221FFF72FBD00BF2E5100200C
:10F1F00010B540220446002109480FF0B1FB084831
:10F200004123214600F8013B16220FF0F5FB0023B5
:10F21000BDE8104002481A461721FFF715BD00BF90
:10F220002C51002070B50546F9F706F94022044636
:10F2300000210A480FF094FB084845232946E2B212
:10F2400000F8013B0FF0D8FB611C0023BDE87040C3
:10F2500002481A46C9B2FFF7F7BC00BF2C51002084
:10F2600038B53E22054600211748184C0FF078FBB0
:10F2700003467122206803F8022C03F8015C09F0B0
:10F2800027FC40F6B83398420AD800231A461048A3
:10F290000221FFF7D9FC09F079FC0E4B186038BD4C
:10F2A00009F074FC0C4B20604FF480129A614FF40B
:10F2B0007A700BF017FA084B102247F230509A611F
:10F2C0000BF010FAE1E700BF2E510020285100207A
:10F2D0002C510020245100200000024010B53E2295
:10F2E0000446002108480FF03BFB0749722201F851
:10F2F000022C002301F8014C881EBDE810401A467C
:10F300000221FFF7A1BC00BF2E51002010B53E2204
:10F310000446002108480FF023FB0749732201F837
:10F32000022C002301F8014C881EBDE810401A464B
:10F330000321FFF789BC00BF2E5100202DE9F041C9
:10F34000204E17460324002264F307026FF0550491
:10F35000737164F30F22572363F31742192F67F376
:10F360001F626FEA0703B071326006F107003A4688
:10F3700028BF1922884633710FF03EFB202130460A
:10F3800007F0DEFB192F1AD919243D1BEDB22022FC
:10F39000002130460FF0E4FA1F2D28BF1F2503235C
:10F3A00008EB04012A46084833702C440FF024FB74
:10F3B000E4B22021304607F0C3FBA742E5D8BDE800
:10F3C000F08100BFFC500020FD5000202DE9F043EB
:10F3D000BE4B1B699A0795B007D5BD4D2B68002B16
:10F3E00040F0928015B0BDE8F08300244022214611
:10F3F00004A80FF0B5FAB74B04A81978FFF79CFEE4
:10F400009DF81430AA2B264600F0C980B04DB24BAF
:10F410001B789846002B40F09480B04B04AF1C78CA
:10F420003B2CDBD8AC4A0123022C137040F29A81AA
:10F43000E01E7A1E3818002312F8011F0B44824286
:10F440009BB2F9D1D9B23A1912F8020C8842C5D14F
:10F4500012F8012CB2EB132FC0D13946A04B11F892
:10F46000010B1B78E21E92380024D2B20194029460
:10F4700003942228B2D801A454F820F0D7F700084A
:10F48000DDF30008DDF30008DDF30008DDF300081C
:10F49000DDF30008DDF30008DDF30008DDF300080C
:10F4A000DDF30008DDF30008DDF30008DDF30008FC
:10F4B000DDF30008DDF30008ADF7000895F700085C
:10F4C0008DF70008DDF30008DDF30008DDF3000828
:10F4D000DDF30008DDF30008DDF30008DDF30008CC
:10F4E000DDF30008DDF30008DDF30008DDF30008BC
:10F4F000DDF3000883F70008DDF30008DDF3000802
:10F50000DDF300086BF70008286809F0E1FAB0F5B0
:10F51000FA6F7FF667AF734C102363834FF47A70F2
:10F520000BF0E0F81023238344F620600BF0DAF8A8
:10F5300000210846FFF77AFD00232B6015B0BDE8D7
:10F54000F08304AF0DF11A030DF14B004FF00009E9
:10F5500001E0834217D01A78AA2A194603F1010361
:10F56000F7D11A78572AF4D15A7893F802C082F06A
:10F57000FF0EF445EDD1DC788342264601F1050704
:10F580001446C146E7D1B9F1000F3FF427AF544A02
:10F59000524B5149167000221C700A703FE79DF8CB
:10F5A0001530542B1F4600F0CB80494D019401AA21
:10F5B0003B079046029403942C6064D4F80749D426
:10F5C000B90735D4FA0626D59DF91C209DF81C30C4
:10F5D000002A63DBC3EB431203EB8202424BB2F51A
:10F5E000FA5FA3FB0213C3F38F1303DB3F4AA2FBB3
:10F5F00003235B0800220192C8F80420C8F8082001
:10F600000B228DF804203A4A8DF80830138098E8D0
:10F610000700FEF725FD7B077FF5F9AE9DF8193051
:10F620009DF81A10012043EA012101F049F9EEE6A4
:10F6300000230193C8F80430C8F808309DF818304A
:10F640008DF808300A238DF8043098E80700FEF79B
:10F6500007FDB7E74022002126480FF081F9254930
:10F660000023A4220A7008461A460121FFF7ECFA8B
:10F670009DF81630203B062B1AD8DFE803F0595DC1
:10F6800055413D2216009DF816308DF808300123B3
:10F690008DF8043007CAFEF7E3FC8FE703F07F0321
:10F6A00040F2E24213FB02F298E708238DF804309F
:10F6B0009DF817308DF8083098E80700FEF7D0FC69
:10F6C0007EE707238DF80430F2E700BF0004024014
:10F6D00020510020F6240020BB240020BA24002062
:10F6E000F850002000080240D34D6210ABAAAAAA2D
:10F6F000F42400202C51002006238DF80430D7E795
:10F70000434B186805228DF804200028D0D009F05A
:10F71000DFF940F6B7329042CAD83D4B00221A605A
:10F7200001238DF80C30C3E703238DF80430BFE7C5
:10F7300004238DF80430BBE702238DF80430B7E7CB
:10F740009DF81830AB2B08D0324D00230DF1040882
:10F7500001932B600293039334E79DF81930552BE6
:10F76000F2D153E600210B466DE67B788DF8083028
:10F770000A238DF8043001AB93E80700FEF770FC14
:10F780002CE67B788DF808300123F2E7A320FFF701
:10F79000D5FD23E6FB78002B7FF420AEBB78722BDF
:10F7A0007FF41CAE0120FDF77FF817E6BB78142B21
:10F7B00029D8102B7FF612AEF878022819D003282A
:10F7C00010D000287FF40AAEFFF752F9124B1878D8
:10F7D000FFF748F902E6114C20460FF00DF90C2313
:10F7E0000294C6E70C4B18780A30C0B2FFF73AF91A
:10F7F000F4E50020FFF73CF9074B18780530C0B25C
:10F80000FFF730F9EAE5162B7FF4E8ADD4E700BF47
:10F810002451002020510020F4240020B850002062
:10F820000378AA2B00D070474378553B012BFAD8B8
:10F8300070B5C378827883F0FF039A4282B0144691
:10F8400001D002B070BD1B2AFBD8022A00F10505C9
:10F850003CD900F1020C021DA444002312F8011F40
:10F860000B4494459BB2F9D1D9B22A1912F802CCB3
:10F870008C45E6D112F8012CB2EB132FE1D11F4BCE
:10F8800002791978914218BF1A70427902F0F00299
:10F8900014BF00230123602AD3D10193184B0646DD
:10F8A000186809F015F940F6B8329042019B10D85B
:10F8B0007278A2F15602A11EB2FA82F25209C9B2BE
:10F8C000284602B0BDE87040FFF7BEB900210B46E4
:10F8D000CBE709F05BF90A4B0A4A18604FF4801134
:10F8E00091614FF47A700AF0FDFE064A1021916191
:10F8F00047F230500AF0F6FE019BD9E7F95000209C
:10F90000285100200000024070B51848184C1322FE
:10F9100000210FF025F8012504F10C06206800F005
:10F920000F01012205FA01F120F00F000CF080FF19
:10F9300054F8043B23F00F0203F00F0305FA03F31E
:10F94000B4421383EAD10B48012280210CF070FFEE
:10F95000084A0948802313834FF4004101220CF028
:10F9600067FF054A4FF40043538370BD149900208C
:10F97000FC240020000802400000024006F0A4BD64
:10F9800008B506F09BFDBDE8084006F09DBD00BF30
:10F99000044B054A1B78927B134314BF01200020BF
:10F9A000704700BF745100201499002008B5084B1F
:10F9B00000229A73FDF792F8FDF788F818B1BDE8B8
:10F9C0000840FDF777B8BDE80840FDF77DB800BFF7
:10F9D0001499002050B9DFF87CC01C491C4BCCF8AE
:10F9E00000004FF4004208705A83704700B583B09E
:10F9F00001F0C0F9174A136883420AD823B1C31A29
:10FA000047F230518B4202D910490B7853B103B001
:10FA100000BD0E4991F800C0BCF1000F0FD110607D
:10FA20000028F4D1019109F0B1F80B4B186001F0F6
:10FA3000A1F9084A0199106001230B70E7E7184407
:10FA400010600028E3D05B42DAE700BF7451002069
:10FA500000000240705100207851002008B5224A71
:10FA600013788BB103F00F03052B0ED91F4B4FF406
:10FA70000041598300231370BDE8084000F074BDB5
:10FA800003F00F03052BF1D808BD194B186809F0D6
:10FA90001FF8154AB0F57A7F1378F1D91806134983
:10FAA0001BD44FF4004063F07F030883137009F008
:10FAB0006DF80D4A13780E4A03F00F03052B106002
:10FAC000E2D90C4B094A9B7B4FF400415183002B38
:10FAD000DAD1BDE80840FCF7F7BF03F07F034FF42D
:10FAE000004001334883E1E77451002000000240E8
:10FAF000785100201499002010B582B000F0C8FCA5
:10FB000010F0060F29D000F03FFF78BB019000F005
:10FB100031FF019A002847D101F03AF800284BD173
:10FB2000374B997BB9B15B7B01F00F0433BB354A8E
:10FB30001278A24229D011F0100151D1324B234446
:10FB40000A4613F8010C0B4606F022F82C4B997B61
:10FB50002C4B1C7019E0FDF7ABFB00F099FC012861
:10FB60001FD006F017FA012002B010BD0022104687
:10FB7000114606F023F8012002B010BD0022114604
:10FB8000104606F01BF81E4B997B0B0601F0100285
:10FB900015D4E2B100231A461946142005F0F8FFE7
:10FBA000DBE7FDF785FBDCE71146104606F006F8BB
:10FBB00000F0EEFF0028B3D000F0F2FFB0E7AAB1EA
:10FBC0000023FF221946142005F0E2FFC5E70E4985
:10FBD0002144134611F8010C114605F0D9FFBCE78A
:10FBE0001A461946142005F0D3FFAFE70649214411
:10FBF000FF2311F8010C114605F0CAFFADE700BF65
:10FC000014990020F7240020E4F601082DE9F041C2
:10FC10000278AB4B052A0CBF1A781A70A94B997B56
:10FC2000042A54D8DFE802F0465366B203000029E4
:10FC300043D0080640F1F6809C795A79D87942EA97
:10FC4000042242EA0042187A95B242EA0064987AA5
:10FC50005A7A42EA0022D87A42EA00429A4805805B
:10FC6000187B01F03F0152EA006299730ED093F8BD
:10FC700010C0D87B40EA0C2093F811C040EA0C4039
:10FC800093F812C040EA0C60824223D315B3187C6B
:10FC9000DA7B42EA0022587C42EA0042987C42EA3F
:10FCA000006212FA84F2140A100CDA73120E1C7439
:10FCB00058749A74002940F0E680FCF70FFF06F0B4
:10FCC00055FA0246002800F0E180BDE8F0817E4A46
:10FCD00000201080E1B900219973FFF70DFF794BE7
:10FCE00000229A7300F040FC764B9B7B002BE4D003
:10FCF000BDE8F0810029E0D0DA7B1C7C587C42EA28
:10FD0000042242EA0042987C52EA006200F0088134
:10FD10004FF0010801F00F0C0CF1FF3C11F0100E38
:10FD20005FFA8CFC68D1BCF1020F78D977460324C6
:10FD3000002007EB8C050246944511D0002F4FD0D0
:10FD40002A68012622F00F0E02F00F0206FA02F2D4
:10FD50000130AEF81820C2B2944205D99445EFD1D3
:10FD60000130C2B29442E7D80A0648D447B12A68A3
:10FD7000012022F00F0402F00F0200FA02F22283A7
:10FD8000B8F1000FB1D001F03F01A5E7002994D0F0
:10FD90001D7CDA7B5C7C587842EA052242EA044208
:10FDA0009C789D7C40EA0420DC7840EA04401C7981
:10FDB00052EA056240EA046480B240F08D80424D10
:10FDC00061F07F01997328800028A1D0A4B2200A95
:10FDD000DC731874240E002058749C74904699E7C4
:10FDE000421CD2B20230A2425FFA80FEC8D27445F1
:10FDF000BAD9F445F4D1B3E7344F012498E7B8F108
:10FE0000000F4FD1002F3FF470AF2A68012122F07C
:10FE10000F0002F00F0201FA02F2428365E72C4F55
:10FE2000032485E79C785A78D87842EA042242EA8B
:10FE3000004218799C7A95B242EA00605A7A42EA06
:10FE40000422DC7A42EA04421F4C25801C7B61F0CC
:10FE50007F0152EA0462997371D1002D3FF458AFCB
:10FE60001C7CDA7B42EA04225C7C42EA04429C7CF1
:10FE700042EA046212FA80F2140A100CDA73120ECB
:10FE80001C7458749A744FF0000843E7114605F04B
:10FE900095FEFDF70DFA0F4BDB689847BDE8F04182
:10FEA000FCF712BE002F3FF46EAF2A68012022F04B
:10FEB0000F0402F00F0200FA02F2228363E700BF90
:10FEC000805100201499002082510020F824002045
:10FED000FC240020E8FD01089D7A5C7A44EA0524B0
:10FEE000DD7A44EA05441D7B44EA0564201A224D6C
:10FEF00001F03F0180B29973288014B1A2423FF60D
:10FF0000E9AE00283FF4E6AE1044040A020CD873B0
:10FF1000000E1C745A74987400293FF4CEAEB2E7F8
:10FF20005A7A9C7AD87A42EA042242EA0042187B42
:10FF300061F07F0152EA00629973A4D09CE793F8C4
:10FF400010C0DC7B44EA0C2493F811C044EA0C4452
:10FF500093F812C044EA0C64A242FFF4D9AE002D1B
:10FF60003FF4D6AE14FA80F4200A220CDC73240E7F
:10FF700018745A749C7486E782510020F0B583B0DF
:10FF80000446019100F084FA012857D001998F4866
:10FF90008F4A90F800C0182914BF0B4611239C45C6
:10FFA000117817D0022C51D0037001270193894B8F
:10FFB00014701D46197008F0E9FD874A1060FCF7BF
:10FFC00079FDA21E019B042A36D8DFE802F04DB964
:10FFD000B6128F008C4233D1052C2FD17D4901936D
:10FFE00014700C7008F0D2FD7B4A1060FCF762FDC3
:10FFF000019B7A490193132279480EF0FDFC784861
:020000040801F1
:10000000019B054663F07F018173FFF7FFFDAB7A2B
:10001000687AEA7A40EA03202B7B40EA024050EA01
:10002000036000F0B88049F64043984238BF184654
:1000300006F044FA06F048FA6A4E347003B0F0BD98
:10004000062901D1022CF9D00027AFE701F0FB030C
:10005000022BF3D05F4B14701D46197008F096FD0B
:100060005D4B1860FCF726FD5F495D4813220EF0DA
:10007000C3FCFFF7CBFD00F087FC594B002840F094
:1000800097802A78032A00F09380052A14D0997A61
:100090005A7AD87A42EA0122197B42EA004353EAAB
:1000A000016000F0908049F64043984238BF1846FE
:1000B00006F004FA06F008FA4C4B1B78002BBBD074
:1000C0004B4A4FF0010C02F10C0052F8043B23F0B4
:1000D0000F0103F00F030CFA03F390420B83F4D1EA
:1000E000444B404E80221A833470A7E73E493C4877
:1000F00013220EF081FC3A48FFF788FDFCF788FDDB
:1001000000284ED040F6B83006F0D8F906F0DCF9F9
:10011000364B1B78002B8FD0354A4FF0010C02F183
:100120000C0052F8043B23F00F0103F00F030CFA0C
:1001300003F390420B83F4D1D2E72F4901935AE79E
:10014000284A16461278032A39D0254D2B490193A7
:10015000132228460EF050FC019BAB732846FFF794
:1001600055FDAA7A6B7AE97A43EA02232A7B43EAAD
:10017000014353EA026311D0214908884FF47A728F
:1001800002FB00F0984238BF184606F097F906F0D7
:100190009BF9347052E74FF0FF3049E74FF0FF30E2
:1001A000F3E74FF47A7006F089F906F08DF9AFE7BE
:1001B0004FF47A7006F082F906F086F97CE7002F9A
:1001C000C3D1074DCDE74FF0FF3071E76E510020EE
:1001D0006D5100206C5100207C510020FCF601087C
:1001E0001499002084510020E8F601080825002019
:1001F000FC2400200008024024F7010810F7010841
:10020000B624002008B500F081FD0D4B9B7B1BB987
:10021000BDE80840FFF722BC0A4B186808F058FCFC
:10022000094B1B889842F3D30848FFF7EFFC08F00E
:10023000ADFC044B1860BDE80840FFF70FBC00BFE1
:10024000149900207C510020825100208051002010
:1002500008B500F01DF9012803D1044B1B78052BCC
:1002600003D0BDE80840FDF723B808BD709B00200F
:1002700001207047704700BF08B500F077FEFEF719
:10028000B9FAFFF7F7FF00F003F9012801D00120C8
:1002900008BD00F003F9012008BD00BF30B585B0EE
:1002A000B8B11748174D08F035F9FEF799F808F07E
:1002B0006DFC044601E06B6B9847204608F008FC93
:1002C0006328F8D900211E2005B0BDE83040FEF7B4
:1002D0005DB80446FFF76AFBFEF7B6FA032801D0C3
:1002E00005B030BD084B1B78022BF9D1044B0194AB
:1002F0005B68029401A88DF80C409847F0E700BFB6
:1003000094240020BC2400208551002030B585B005
:10031000B8B11748174D08F0FDF8FEF761F808F07E
:1003200035FC044601E06B6B9847204608F0D0FB93
:100330006328F8D90021182005B0BDE83040FEF749
:1003400025B80446FFF732FBFEF77EFA032801D0FA
:1003500005B030BD084B1B78042BF9D1044B019438
:100360005B68029401A88DF80C409847F0E700BF45
:1003700094240020BC2400208551002000B585B0C5
:1003800080B90E4A1278042A01D005B000BD0C4A8B
:10039000019003465268029301A88DF80C309047F3
:1003A00005B000BD08F0BCF8054B9842EDD01846EA
:1003B00005B05DF804EB08F0ADB800BF709B0020FD
:1003C0004C280020314A117881424ED000B50129D5
:1003D00083B0034635D00190FEF736FA03282B4A46
:1003E000019B2ED0022B137033D0042B3ED0012B57
:1003F00039D11846FFF7C2FF0020FFF74FFF4FF437
:10040000FA700AF06FF90020FFF780FFFDF7E8FFB0
:1004100000F0C4F8FFF778FA06F058F842F21070CE
:100420000AF060F905F0D2FD4FF0FF3006F046F813
:1004300006F04AF808F08EF803B05DF804EBFBF71D
:1004400031BF019301F044FD019B104A022B137050
:10045000CBD10020FFF75AFF64200AF043F90120B6
:10046000FFF71CFF0BE003B000BD70470020FFF753
:1004700015FF64200AF036F90120FFF747FF00203E
:10048000FFF77CFF00F070F8C4E700BF8551002043
:10049000014B1878704700BF8551002038B51F4CBC
:1004A00008F000FF2378052B00D038BD1C4D0AE072
:1004B00000F05CFD2B78012B0DD108F031FB08F02A
:1004C000EDFA60B92378052BF2D002F01BFBBDE8F2
:1004D000384007F017B9BDE8384001F011B80F48AF
:1004E0000AF0C4FE47F230500AF0FCF8CF2007F0C3
:1004F00009F807F007F94FF47A700AF0F3F8D02002
:1005000007F000F807F0FEF84FF47A700AF0EAF806
:10051000D02007F053F807F0F5F8D3E7709B0020E0
:100520008551002008B501210A4820220CF080F9ED
:10053000094B00221A7008F029FB084B1860FEF7DF
:1005400083F9074B03280CBF064A40F6B8321A60FD
:1005500008BD00BF000402409451002098510020C3
:100560000C25002040771B0008B5084B00221A70AC
:1005700008F00CFB064B1860FEF766F9054B0328E4
:100580000CBF054A40F6B8321A6008BD94510020ED
:10059000985100200C25002040771B000249034A97
:1005A00000230B7013607047945100209851002075
:1005B00008B5302383F31188034805210CF0EAF9CC
:1005C000002383F3118808BD00080240704700BF74
:1005D000704700BF014B10225A8370470000024051
:1005E000704700BF024B1869C04300F0010070471C
:1005F0000004024030B585B0FFF74AFF012848D01B
:1006000039480AF08BFD39480AF0F4FC384840229A
:1006100020210CF00DF93648402280210CF008F919
:100620004022334811460CF003F9302585F3118838
:100630003048022201210CF077F9002484F311885C
:1006400085F311882B48032221460CF06DF984F3C1
:10065000118885F311882648032209210CF064F9DA
:1006600084F3118885F31188214803220A210CF0B4
:100670005BF984F31188F8F79FFA1E4840224FF483
:1006800080510CF0D5F800F015F9FFF7A1FF05B087
:1006900030BD0446FFF7A6FF02460028B0D1014650
:1006A00005F08CFA144BDB68984705F00FFF1149F1
:1006B000124B0F4A4FF4804048834FF4004151835E
:1006C00093E8070001AB83E807001A4652F8043BA1
:1006D00023F00F0103F00F0304FA03F30B8304ABC1
:1006E0009342F3D18CE700BF709B0020DC9B00207D
:1006F0000000024000040240E8FD010848F501083E
:1007000038B50AF075F9204B1B680BB101209847EA
:1007100006F080FB302500F0C5F8FFF749FF85F3B0
:1007200011881A4801210CF035F9002484F311884E
:1007300085F31188164809210CF02CF984F31188EF
:1007400085F3118812480A210CF024F984F31188EA
:1007500085F311880D4821460CF01CF984F31188AB
:10076000FFF740FF50B902F0B1FF02F05DFF04F067
:10077000A3FDBDE83840012006F028BB08F080FD4D
:10078000044808F0F9FDEEE7BC2400200004024014
:1007900000000240709B002030B53B4C237883B0B2
:1007A000002B55D0FFF71EFF28B1384C2378012BC2
:1007B0005DD003B030BDFFF76BFE022801D00428E6
:1007C000F7D12378002BF4D0FFF7E2F80028F0D11E
:1007D00000F04CFD0028ECD005F0C8FC00284ED1FC
:1007E0002B492C480C220EF0ABF80028E1D1FFF782
:1007F000F9FE05460028DCD1022000F03DFC00286F
:10080000D7D0FFF7E3FEFFF7F5FE00F0FDFB022077
:1008100000F06CFCFFF7DEFE00F092FC00F006FC3E
:10082000FFF76EFFFFF7DCFE257008F0AFF91A4BFB
:100830001860FEF709F8194B03280CBF184A40F658
:10084000B8321A60FEF7B4F8002000F015FCB0E7EB
:10085000114A0193106808F03BF910490968884271
:10086000A0D90D4A019B1360012121709AE708F07D
:1008700007FD204603B0BDE8304008F07DBD05F01F
:100880003DFE0028ACD194E794510020709B0020DD
:100890008851002038990020985100200C25002014
:1008A00040771B00024820224FF400510BF0C0BFDC
:1008B00000040240704700BF02210520FEF766BC1D
:1008C00010B5C8B1104B40F2234202FB01F4A3FB68
:1008D0000434A40905F04AFC58B10C4B9B699847B5
:1008E000F3EE0E7A20EE270ABCEEC00A10EE103AA4
:1008F0001C44074B1C8010BD40F6E44303FB01F48D
:10090000A40A6400E6E700BF396BD520E8FD0108C2
:1009100010250020144B1B8841F20402934220D87A
:1009200040F6AC52934210D840F6E44293420AD9C2
:10093000A3F6E4430D4A03EB83039800A2FB0020D7
:10094000C0F38710704700207047A3F6AC53084AE5
:1009500003EB83031801A2FB002080091430C0B20E
:1009600070476420704700BF102500201F85EB51A1
:10097000B5814E1B034B18780A2894BF0020012034
:10098000704700BF9E510020034B1878142894BF75
:1009900000200120704700BF9D51002008B500F0E5
:1009A000E9F9014B186008BDA051002070B55A4C00
:1009B00082B0206800F0ECF90546FFF769FD10F001
:1009C000060F16D15549564A0B781078034306D0C6
:1009D00000920191FFF706FE009A019908B902B052
:1009E00070BD00200870107002B0BDE87040FEF7C6
:1009F000F1BFFDF729FF032843D04A4B1E461B7861
:100A00000E2BDFD8FFF7EEFD002832D040F6B833CA
:100A10009D4254D9444B1B699B046BD40120FEF7C3
:100A2000CFFB33780E2B01D8FCF750F83F4B3B49F6
:100A30001B8840F6AB52934225D80A780A2A04D87C
:100A40000132D2B20B2A0A705BD0354A40F6E34C31
:100A50006345107818D814281BD80130C0B2152867
:100A6000107016D101910092FDF72AFD009A0199AC
:100A70000FE033780E2B2FD940F6B8339D42D5D8EE
:100A8000A0E7284EBEE7264A1378142B9CBF00230C
:100A900013700191009200F06DF9254B009A0199B5
:100AA00098421ED8206001910092FFF705FF33782D
:100AB000009A01990E2B9CBF0133337084E7337881
:100AC0000E2B3FF67FAFFCF701F800287FF47AAFDA
:100AD000C82D7FF677AFA9E7FBF7F8FF0028F7D01E
:100AE000CAE7002301910092236000F035F90199D3
:100AF000009AD8E70220FEF763FB33780E2B95D8D7
:100B000092E701200091FEF765FF084B00991B88D2
:100B10000F22327099E700BFA05100209E510020A3
:100B20009D5100209C51002000040240102500200F
:100B3000005C26050E4B10B501221A70044608F021
:100B400025F80C4B1860FBF7B5FF0B4A0B490C4B13
:100B50000C704FF0000C82F800C096221A60094811
:100B600009490A4AFF2303700B70137010BD00BFC0
:100B7000B4510020B0510020AC510020AD510020F4
:100B8000A8510020A4510020A5510020A65100200A
:100B9000024B1878003818BF01207047B45100206C
:100BA0002DE9F0471D4A07CA84B001AB03C30024F6
:100BB0001A80002320461A461946013404F0E8FF43
:100BC000582CF6D1164B1B7803F0FD03012B02D0F5
:100BD00004B0BDE8F087134E3378092BF8D9DFF85D
:100BE0004CA0DFF84C90DFF84C800F4F01AD002493
:100BF0009AF8003099F8002098F8001015F8010BC9
:100C000004F0C6FF33780134E4B2A7FB0323B4EB4E
:100C1000D30FEDD304B0BDE8F08700BFCCF50108D9
:100C2000B4510020AC510020CDCCCCCCA45100203C
:100C3000A5510020A651002010B52B4A1378022B95
:100C400021D0032B11D0012B18D1284928480B782B
:100C50000078984239D80BB90A230B70022313701D
:100C600007F094FF234B186010BD00231370FBF7AF
:100C700035FF214B9B7B7BB3FFF776FC07F086FFAC
:100C80001C4B186010BD1A4B1B781D2B12D91B482A
:100C90001B491C4C00230370FF20237008701A4965
:100CA000032340F6B8301370086007F06FFF114B54
:100CB000186010BD12481149124C00234FF0FF0C70
:100CC00084F800C003700B70E9E70A330B7007F07B
:100CD0005DFF084B186010BD05F048FA0028CBD125
:100CE000FBF7F2FEC8E700BFB4510020AC51002072
:100CF000AD510020B051002014990020A4510020D3
:100D0000A5510020A6510020A851002008B5084B8D
:100D10001B7803B908BD074B186807F0D9FE064BCE
:100D20001B689842F6D9BDE80840FFF785BF00BFB1
:100D3000B4510020B0510020A851002000B583B06C
:100D4000002304486946CDE900330AF033F903B0C3
:100D500000BD00BFD09B002000B583B00023044835
:100D60006946CDE900330AF025F903B000BD00BFA4
:100D7000D09B002000B583B0044869460AF01CF9F6
:100D8000019820F0784003B000BD00BFD09B002048
:100D900010B582B00446694604480AF00DF901987E
:100DA000C0F31A00001B02B010BD00BFD09B002092
:100DB00008B50B4800224FF480610BF039FD08495B
:100DC00007484FF400430B8300224FF400710BF0EF
:100DD0002FFD0020FDF7DCFEBDE80840FDF792B9CD
:100DE0000000024000B547F60E62904283B022D068
:100DF0000FD8A0F5FC420B3A022A07D801910090C7
:100E0000FFF746FB0228009B019924D0012003B084
:100E100000BD47F60F629042F8D1FFF739FB10F0A2
:100E2000060FF3D0FFF7DEFB0028EFD1FFF772FDCE
:100E3000FFF780FEEAE70091FFF72AFB04280099FC
:100E4000E4D14B79CBB91149114A002301200B7031
:100E5000136003B000BD4A79002AF4D00B4A0A3B64
:100E6000137007F093FE094A094B8446002110785D
:100E7000C3F800C0FDF78AFAC8E7044B18221A70BD
:100E800007F084FE024B1860C0E700BFBC51002091
:100E9000C051002000B5194887B0FEF7C3F94FF4E0
:100EA000967009F01FFC112200210DF105000DF0D4
:100EB00057FD134B022019785A788DF800006FF017
:100EC0004B0305204FF0000C8DF801108DF8022027
:100ED0005A218DF8033001224FF46863ADF8060003
:100EE00068468DF804C08DF808108DF80B20ADF819
:100EF0000E30FEF77DF907B000BD00BFD8F5010840
:100F0000B4240020FFF7C6BF08B50B4B1A7802B90E
:100F100008BD07F03BFEB0F57A7FF9D2FFF7BAFFC4
:100F2000FFF7B6FA0228044B02D000221A7008BD5F
:100F3000FDF726F9004BF8E71225002008B5094B0C
:100F4000186800B908BD07F0C3FDB0F5FA6F054B8E
:100F5000F8D9054A002119601078BDE80840FDF76E
:100F6000F7B800BFC0510020BC51002010B5234C81
:100F70002068002832D1224A2249136912695B0A8B
:100F8000C2F3402203F0020313430A789A421FD1AE
:100F9000FFF77EFAD8B91A4A1A49136912695B0A2F
:100FA000C2F3402203F0020313430A789A420AD1A3
:100FB0000023012A23601BD0022A14D0BDE8104070
:100FC0000120FFF7FFB90B7007F0E0FD206010BDB6
:100FD0000B7007F0DBFD20600028D9D007F078FD0A
:100FE0006428D5D9D7E7BDE810400420FFF7EAB957
:100FF000BDE810400220FFF7E5B900BFB85100205E
:1010000000000240B551002008B5074840224FF4C7
:1010100080510BF00DFCBDE80840034840224FF41E
:1010200000610BF005BC00BF0000024008B511488C
:1010300040F21A524FF400610BF0FAFB0D4840F2F7
:101040001A524FF480510BF0F3FB0A4840F282220F
:1010500020210BF0EDFB074840F2822280210BF0AB
:10106000E7FBBDE80840034840F2822240210BF034
:10107000DFBB00BF000002400228194A034613D01C
:10108000032806D001280CD1117809B30020137071
:10109000704711780029F9D11248016941F0040123
:1010A000016101201370704711780029EED1DFF83B
:1010B00034C00D48DCF8101041F00401CCF81010D9
:1010C000016841F4606141F0010101600120E9E73C
:1010D0000448016921F0040101610120E2E700BF39
:1010E000C451002000ED00E000700040114A08B536
:1010F000936823F003039360936813F00C0FFBD104
:1011000013680C4923F4803313600B689B03FCD4F1
:101110000948402201210BF08BFB074840220221A5
:101120000BF086FB30BF054A136923F004031361FB
:1011300008BD00BF00380240001C024000ED00E086
:101140000AF078BD00B5034683B048B9CDE9001078
:1011500081420CBF0120042000F026FFDDE90013CE
:101160001846FBF78FFC012003B000BD08B507F05F
:101170000DFD044B1860FBF703F8BDE8084001F0D3
:10118000CDBD00BFC851002008B5084B1A7802B980
:1011900008BD00201870012205484FF400410BF0F3
:1011A00047FB034A4FF40043138308BD1725002073
:1011B0000000024008B5284B186800B908BD07F0C8
:1011C00087FC40F6B832904221D9234B00221A60A6
:1011D00007F0C0F9830703D4204B4FF480425A83B1
:1011E0001F4B204A4FF40041598302F10C0C01209F
:1011F00052F8043B23F00F0103F00F0300FA03F34E
:1012000094450B83F4D1184B80221A8308BD1349EF
:10121000134B4FF480404FF4004208831A83FFF7CA
:1012200037F904280FD00F4A4FF0010C02F10C00DF
:1012300052F8043B23F00F0103F00F030CFA03F301
:1012400090424B83F4D1FFF723F90228B6D0064B26
:1012500080225A8308BD00BFC8510020000402400C
:1012600000000240182500200008024008B5054B88
:101270001B680BB1002008BDFBF7CAFC80F0010021
:10128000C0B208BDC8510020032803D8052901D8E1
:101290000F2A01D90120704700EB400001EB40010B
:1012A000024B02EB011233F812007047E0FA01081A
:1012B000012070470120704708B5FFF7FBFF08BD0C
:1012C0000120704701207047704700BF704700BF82
:1012D00008B5FFF7FBFF08BD01207047704700BF4E
:1012E000704700BF00B5144B1B7885B0CDE90201F3
:1012F00073B99DF80D3003B19AB9029800F036FF2A
:1013000003460299184605B05DF804EB01F074BF7E
:10131000029801F005F8029905B05DF804EB01F0C0
:101320006BBF00F0FDFF034619460298019300F0E1
:10133000E7FE019BE5E700BFD451002010B503880C
:1013400004464088A188012243EA0040FFF7CAFF13
:101350002146FFF7ADFF00B910BD23886088A18842
:10136000012243EA0040FFF7BDFF2146FFF7A4FF3B
:1013700010BD00BF10B584B001460446062202A885
:101380000DF03AFB0C4B02981B7873B900F0EEFE9F
:10139000029901F031FF21460190FFF795FF019876
:1013A0002146FFF795FF04B010BD00F0B9FF029988
:1013B00001F022FFEFE700BFD451002038B50388C9
:1013C00004464088A188012243EA0040FFF78AFFD3
:1013D00021460546FFF774FF08B9002038BD2146B5
:1013E0002846FAF7A5FE0028F7D02146284606F041
:1013F000AFFE0028F1D02146284606F097FD0028D0
:10140000EBD02146284605F0D7FE0028E5D021463E
:10141000284605F0A7FE0028DFD02146284602F026
:1014200067FD0028D9D02146284602F0AFFD0028EC
:10143000D3D02146284605F0C3FB0028CDD0214655
:10144000284606F0CBFD0028C7D02146284602F0EA
:1014500019F80028C1D02146284602F02BF80028B0
:10146000BBD021462846BDE8384002F041B800BF55
:1014700000B5012383B003FA00F0C0B2019001F07F
:10148000FBFB019803B05DF804EB00F08DBD00BFDD
:101490000120704708B5FFF7FBFF08BD08B500F055
:1014A00017FD0120FFF718FF0120FFF7F3FF46F2B9
:1014B000A81009F017F9BDE8084007F0D3BB00BF3A
:1014C00008B500F005FD0020FFF706FF0020FFF73C
:1014D000E1FF46F2A81009F005F9BDE8084007F061
:1014E000C7BB00BF08B5FFF7F9FEFBF79BFB05F094
:1014F0003BF800F03DF8BDE80840012005F0F4B8E5
:1015000008B500F03BF8002005F0EEF8FFF7E8FE24
:10151000BDE80840FBF78EBB030906BF1A46034629
:10152000042299081CBF02320B4602EB5300C0B2E2
:10153000704700BF01207047034B4FF48042810782
:101540004CBF1A835A8370470004024008B5012239
:1015500004484FF480410BF06BF9024A4FF480438A
:10156000538308BD0004024008B5FAF79BFE08BD8E
:1015700008B50020FFF7F8FF08BD00BF08B506F06A
:10158000DFFFFFF7F1FF08BD00B583B006F0D8FF1D
:10159000074A1178814209D01070019007F0F6FADD
:1015A000044A019B10601846FFF7DEFF03B000BD40
:1015B000CC510020D051002000B587B002AB83E8A9
:1015C00003009DF80D20D2B993E803000023ADF885
:1015D0001630CBB20490ADF8141033B904AB93E8D5
:1015E000030001F0F7F807B000BD04AB1846019303
:1015F000FFF7A4FE019B0028F1D107B000BD01F068
:10160000F5F902ABE0E700BF0379012B00D070478A
:10161000008800F0A7BE00BF002837D000B5021F29
:10162000D2B2A02A83B0034615D900F12002D2B26B
:10163000072A2CD900F15B02D2B2022A18D900F194
:101640005802D2B21A2A2ED93333DBB2122B40F20F
:10165000848003B000BD019007F044F8019B70B98D
:10166000184607F0F9F803B05DF804EB01F04ABA48
:10167000243880B203B05DF804EB06F099BF184639
:1016800007F008F901F03EFA019BE9E7704700F026
:10169000070301209840C0B201F048F903B05DF89B
:1016A00004EB01F02FBAA0F1A903192B5CD8DFE8F5
:1016B00003F00D52504E4C4A4745423F3C393633B9
:1016C000302D2A272523211F1C191613E92003B0CA
:1016D0005DF804EB06F08ABF4FF42870F7E740F29C
:1016E0009F20F4E740F2CB10F1E740F29F10EEE7C5
:1016F0007020ECE76F20EAE7B420E8E7B320E6E7E4
:1017000040F22A20E3E740F22720E0E740F22620DB
:10171000DDE740F22520DAE74FF40970D7E740F221
:101720002320D4E740F22120D1E74FF4CA70CEE75E
:101730004FF4C970CBE74FF4C570C8E7CC20C6E7BB
:1017400040F28310C3E7CD20C1E7B720BFE7B62042
:10175000BDE7B520BBE7EA20B9E705F0D3FE03B04B
:101760005DF804EB05F0CEBFE220B0E778B3021FCE
:10177000D2B2A02A08B5034613D900F12002D2B292
:10178000072A19D900F15B02D2B2022A0FD900F15F
:101790005802D2B21A2A1BD93333DBB2122B1CD90E
:1017A00008BD07F077F8BDE8084001F0ABB9BDE827
:1017B0000840002006F0FCBE00F00703012098401E
:1017C000C0B201F0C7F8BDE8084001F09BB970470E
:1017D000BDE80840002006F009BF05F0EFFEBDE8B7
:1017E000084005F08FBF00BF38B50C460546FFF72F
:1017F00013FFFDF713F89CB10E4B40F2E7300021C8
:10180000E4FB03014FF47A720023F6F7A5FC08F01D
:1018100069FF2846FFF7AAFFBDE83840FCF7FEBF86
:10182000012008F05FFF2846FFF7A0FFBDE8384021
:10183000FCF7F4BFA086010008B539280CBF502181
:101840000021FFF7D1FF08BD00B9704708B501F0CE
:101850006DF8BDE8084001F055B900BF00B9704708
:1018600008B501F077F8BDE8084001F04BB900BFBA
:101870002DE9F0438379457983B00C4606461F096C
:1018800001F020F8C4F3033250B3002D58D0C4F354
:10189000072000F0F003402B814698460BD0E1B2C0
:1018A00001F12003DBB2072B40F2198100F0E003C5
:1018B000202B00F00F81B04B5B78580700F1DE81E0
:1018C0000B2A3AD8DFE812F0BF01BF01BC01BC010E
:1018D000C100D70139003900D001CC015A005A00AB
:1018E00003460B2A29D8DFE812F08A008A00560046
:1018F0005600B100350128002800C3001901490035
:101900004900C4F307230F2BC4F3032240F22B82B8
:101910001201E4B220460092FFF728FF009A62B15C
:1019200004F12003DBB2072B104602D9002C40F053
:10193000758201F00FF801F0E5F803B0BDE8F0831F
:101940000B2AFAD801A353F822F000BF03190108AB
:1019500003190108691B0108691B01084B1A0108DA
:10196000C51A01083B1901083B1901082F1C010881
:10197000411B01087D1901087D190108E1B2A1F19F
:10198000F003042B00F25882DFE813F03201250146
:101990002B0149013C01E1B2C4F3072303F0F00835
:1019A0000023C4F303242201B8F1200F18BF14460A
:1019B000002900F09E81012900F00181002D00F036
:1019C000B4810093002F00F0EA810846FFF724FE5F
:1019D000009B002BB1D000F06DFF10F00100ACD1E6
:1019E000707100F061FF00F035FB304600F040FA06
:1019F00000F05AFF03B0BDE8F04300F03BBBE1B29A
:101A0000C4F30322C4F3072013010C460F2888BF38
:101A10001A46002D3FF47EAF002382B104F120016D
:101A2000C9B207290093104602D9002C40F0C081AA
:101A300000F07CFF009B009301F064F8009B009392
:101A40002046FFF7E9FD009BC3E7002314F4406F35
:101A5000C4F3812200F04581012ABAD1002D00F0A3
:101A60005781C4F30900009306F0C0FD009BB0E766
:101A700014F4407F00F08280C4F30123002D00F0B5
:101A8000DB80DA0755D5C4F342129200D2B204F0DB
:101A90000F0090400F23C0B2934060EA030314F09C
:101AA000100FDBB2C4F3812418BF1846022C00F0DB
:101AB0009281032C00F08C81012C00F0868100F0D3
:101AC00005FB36E0E0B205F079FD03B0BDE8F04378
:101AD00005F018BE012902D9002F7FF4ECAE0B2AC5
:101AE0003FF62BAF01A353F822F000BF011A010803
:101AF000011A010899190108991901084B1A0108DE
:101B0000331E01083B1901083B190108711A01082D
:101B10001F1B01087F1901087F190108E1B2C4F3F6
:101B200003260C467DB1304600F094FA2046FFF7BC
:101B30008BFE06F005FD03B0BDE8F043FFF714BDD2
:101B4000C4F30326E4B22046FFF788FE304600F0D7
:101B500091FAEEE7E0B2002DB5D0009305F0D2FC8B
:101B600005F0D0FD009B34E7C4F3072303F0F00831
:101B7000E1B2002315E700BF28990020002DD8D13D
:101B8000C4F342129200D2B204F00F0090400F232F
:101B9000C0B2934060EA030314F0100FDBB2C4F349
:101BA000812418BF1846022C00F00C81032C00F091
:101BB0000681012C00F0008100F00CFAB9E7002D3D
:101BC00000F0A880052F3FF604AF20460093FFF7F2
:101BD0003BFE009BFDE6C4F3042035B100F03AFA69
:101BE000A7E7C4F30420002DF8D000F043FAA0E7E3
:101BF000002D00F0D980042F9BD8C4F3042000F0FE
:101C000049FA96E7994B5B785B07E4D5002D00F025
:101C1000F4800321C4F3042000F090FF89E7002D35
:101C200000F0BA80C4F3042000F006FA81E714F44F
:101C3000407FA5D0C4F30123012B7FF67AAF22E7C2
:101C40000023E1B2ADE6C4F30322B9F10F0F84BF64
:101C50001201D2B2E4B20023002A3FF4F0AEDDE676
:101C6000C4F30326E4B25EE719F0030F3FF461AF5B
:101C7000C4F3012305E70023E0B26EE702200092DF
:101C800000F074FF00F01EFE009A80F00103DBB24A
:101C90000B2A3FF69EAE01A151F822F0CD1C01089F
:101CA000CD1C0108431C0108431C01084D1A010802
:101CB000791C0108D3190108D3190108691C01080E
:101CC000611C01087D1901087D190108C4F3032274
:101CD000B9F10F0F88BF1201E4B2002A3FF4AFAE92
:101CE0009CE605B3C4F30900009306F061FC009B79
:101CF0006FE65E4A5278510728D4002D6ED0002C32
:101D000040F08F8000200093FFF786FC009B60E688
:101D10002846A8E6042F3FF65CAE20460093FFF766
:101D20009DFD009B55E62846DEE7002FF5D03929BA
:101D3000019100936BD0012008F0D4FC0199009B25
:101D400000930846FFF712FD009B42E6ADB1002F5D
:101D50003FF43BAF012F7FF43CAE2046009300F0F0
:101D60006FFE009B35E6E4B220460092FFF7FEFCD2
:101D7000009A002A7FF4D4ADDFE5002F7FF429AE6E
:101D800020460093FFF76AFD204600F067FE2046DC
:101D900000F042FE009B1CE600F042F9C9E6204636
:101DA000FFF752FD009B14E6052F3FF6C2AE24E775
:101DB00000F0F4FD009B3EE600F000F9B9E600F00B
:101DC000F3F8B6E600F012F9B3E600F073F9B0E606
:101DD00000F01CF9ADE600F085F9AAE6284600936C
:101DE000FFF7C4FC009B002C3FF4F3AD204600F04D
:101DF000B1FD00F087FE009BEBE5012000F0B6FE90
:101E0000012F7FF696AE022000F0B0FE91E64FF46F
:101E1000FA5008F067FC009B019991E700F0D2FDB1
:101E200089E52046009300F081FD00F06BFE009BE9
:101E300068E70846002390E625B18FB10846FFF712
:101E4000EBFB76E67FB139290CBF4FF4FA50012045
:101E5000009108F047FC00990846FFF787FC68E608
:101E6000C4F30420BAE6C4F30420BEE62899002097
:101E7000027902B9704710B582B00446FFF79EFAA6
:101E800090B12188607900F0A1F90146019100F03C
:101E900035F900F087F820460199FFF7E9FC204664
:101EA000FFF768FA02B010BD00F00CFD0028F9D071
:101EB0006379002BF6D0054B5B785B07F2D50220E7
:101EC00002B0BDE8104000F051BE00BF28990020CC
:101ED00008B500F053FD06F017FD002006F068FB82
:101EE000002006F083FB00F081FD00F00BFE05F002
:101EF000FDFDBDE8084005F005BC00BF08B50020A9
:101F000006F056FB002006F071FB00F06FFD00F0BC
:101F1000F9FD05F0EBFDBDE8084005F0F3BB00BF9F
:101F200008B503790BB9184608BD008800F01AFA05
:101F3000C0F30333062BC0B214D00CD9063303F020
:101F40000F03012B0CD8F02819D012D8E7288CBF2A
:101F50000020012008BD0E3303F00F03012BF2D93E
:101F6000002008BDF12818BFE72894BF01200020F9
:101F700008BDA0F1F400B0FA80F0400908BD0120CE
:101F800008BD00BF82B0CDE9000102B0704700BFBC
:101F900082B0CDE9000102B0704700BF704700BFBA
:101FA000704700BF704700BF08B5FFF7F9FFFAF7A9
:101FB00079FE014B187008BDFD51002010B5044C8E
:101FC00023781843FFF7ECFFFAF76CFE207010BD82
:101FD000FD51002010B5044C23781840FFF7E0FFB6
:101FE000FAF760FE207010BDFD51002010B5044CC2
:101FF00023785840FFF7D4FFFAF754FE207010BD45
:10200000FD510020704700BF704700BF08B5FFF7C3
:10201000FBFFFAF769FE014B187008BDFC51002068
:1020200008B50020FFF7F0FFFAF75EFE014B1870CD
:1020300008BD00BFFC51002008B5012303FA00F0E1
:10204000C0B2FFF7E1FFFAF74FFE014B187008BD71
:10205000FC51002010B5064C01222378824043EA4F
:102060000200C0B2FFF7D0FFFAF73EFE207010BDAD
:10207000FC51002010B5064C0123227803FA00F031
:1020800022EA0000FFF7C0FFFAF72EFE207010BD15
:10209000FC51002010B5064C01222378824083EACF
:1020A0000200C0B2FFF7B0FFFAF71EFE207010BDAD
:1020B000FC51002010B5044C23781843FFF7A4FF0F
:1020C000FAF712FE207010BDFC51002010B5044C30
:1020D00023781840FFF798FFFAF706FE207010BD2E
:1020E000FC51002010B5044C23785840FFF78CFFBA
:1020F000FAF7FAFD207010BDFC510020704700BFB8
:1021000010B5C0F3072382B0052BADF8040003D847
:102110009DF804200F2A01D902B010BD02EB031371
:102120001148C3F3CF0303EB4303034402F0070258
:102130004FF0010E581E9C1C0EFA02FEC3F1010363
:102140001A1821FA02F210F801CF42F300028CEAC9
:1021500002020EEA02028CEA020CA04280F800C0E1
:10216000EED102B010BD00BFD851002010B5C0F3B1
:10217000072382B0052BADF8040003D89DF8042096
:102180000F2A02D9002002B010BD02EB03130E4942
:10219000C3F3CF0303EB43030B44591E9C1C02F013
:1021A000070C0020C3F1010303EB010E11F8012F0E
:1021B00022FA0CF202F0010202FA0EF210438C42F3
:1021C000C0B2F1D102B010BDD851002070B5504B53
:1021D00086B01B78ADF80C10002B72D19DF80D4025
:1021E0009DF80C5040BB052C07D9034603991846AF
:1021F00006B0BDE8704001F011B80F2DF5D805EB21
:102200000412444BD20802EB42021A4402F1FF3E90
:10221000941C05F0070C0346C2F1010202EB0E000C
:102220001EF8011F21FA0CF101F0010181400B435E
:10223000A645DBB2F2D1D9E7374B384A1B78127882
:10224000ADF8141043EA0206032246FA02F3DB0754
:102250002AD4013AF9D20023052CC7D80F2DC5D8AE
:1022600005EB041C2B4A4FEADC0C0CEB4C0C9444A1
:1022700005F007014FF0010E0EFA01FE0CF1020409
:102280000CF1FF31CCF1010C0CEB010223FA02F24C
:1022900011F8010F42F3000242400EEA02025040E0
:1022A0008C420870F0D1A1E7D3B21846059902928A
:1022B000019300F0B3FF80B20128019B029AC8D0BD
:1022C000CAE7154B154A1B781278ADF8101043EA8F
:1022D0000204ADF81410032344FA03F2D20709D420
:1022E000013BF9D200220499104606B0BDE87040C7
:1022F00000F094BFDAB2104605990293019200F003
:102300008DFF80B20128019A029BE9D0EBE700BF64
:10231000D4510020D8510020FC510020FD51002054
:1023200070B50E4A0E4B15781B7882B01D43ADF880
:102330000400032445FA04F3DB0705D4013CF9D279
:102340000026304602B070BDE6B20199304600F07A
:1023500065FF80B20128F1D0F3E700BFFC510020F7
:10236000FD51002070B5114A114B15781B7884B0CF
:102370001D43ADF80400ADF80C00032445FA04F346
:10238000DB0709D4013CF9D200260199304604B09C
:10239000BDE8704000F042BFE6B20399304600F05D
:1023A0003DFF80B20128EDD0EFE700BFFC510020D7
:1023B000FD51002010B50E4C4FF0010C94F800E0D8
:1023C0000CFA00F30CFA01F10B430CFA02FC03EADD
:1023D0000E02DBB2934206BF4EEA0C0E5FFA8EF09D
:1023E0002EEA0C00FFF710FEFAF77EFC207010BDFD
:1023F000FC51002070B5264DAB790F2B47D86B7977
:10240000002B44D0234B244A1B7892F800C063452C
:102410003DD095F801E02E78204C03E000F0070352
:10242000634534D004EBC302581C11790029F5D060
:1024300051787145F2D114F83330B342EED153796B
:10244000002BEBD1538869885B1A9BB2C72BE5D868
:10245000A8799379012161F30710A87161F307133B
:102460000B489371FFF704FD0A4B1D780A4B1B784C
:10247000AB420CD004EBC50393E80300FFF788FDE3
:10248000054B01351B7805F00705AB42F2D170BD55
:1024900040520020FE510020FF5100200052002039
:1024A0002DE9F04387B004460146062202A80CF04D
:1024B000A3FAA54B61791A790E462179002A3FD0FB
:1024C00062885D79104690465A88821A92B22078C6
:1024D0002F46F5B9C72A72D8B1B1002E39D0597834
:1024E0006278914203D11A78824200F08B802046B4
:1024F000FFF716FD944B002849D19A79204642F007
:1025000001029A71FFF7B4FC0122104607B0BDE842
:10251000F083C72A21D80029F6D0997993F801C011
:1025200094F801E00F293FD8E645324600F09C8040
:10253000002E00F0CF809A7942F001029A7149E0B2
:102540000029E1D02EB12046FFF7EAFC002840F038
:10255000B2802046FFF78CFCD6E79A790F2A40F22A
:102560009A800029D0D093F801C061788C451DD1A4
:10257000197881421AD1002E00F021812046FFF700
:10258000CFFC714B0028E4D09A791F2A5BD82146F2
:1025900008226D480CF030FAFFF72CFF6A4B93E8E5
:1025A0000300FFF7F5FCAFE7E64518D02046FFF73C
:1025B000B7FC0028CDD0644B002ECAD0E4E7DDE99B
:1025C0000201FFF7DFFC604B1D605D6093E80300D4
:1025D000FFF7DEFC0022104607B0BDE8F0831A7852
:1025E0008242E3D1002EC9D1A1712046FFF740FC01
:1025F0002146082254480CF0FFF9D0E90001FFF70A
:10260000C7FC81E79A79D30700F197800F2A40F23F
:10261000948002F0F001F029A27106D0D2B2C2F388
:102620000311013161F30712A2712046FFF720FC6C
:102630002146082244480CF0DFF9434B93E803009D
:10264000FFF7A6FC60E71988ADF8101019798DF82E
:10265000141004A80021ADF812808DF815108DF823
:102660001620FFF705FC92E793F800C084457FF43D
:102670005FAF002E7FF45FAF012262F30711997103
:1026800093E80300FFF784FC2F48FFF7F1FB2E4B84
:102690009B79A3719EE7DDE90201FFF773FC2A48ED
:1026A000FFF7E6FB284B00221A605A6093E803000C
:1026B000FFF76EFC8EE72146082223480CF09CF9B8
:1026C000FEF7A2FFFFF796FE1F4B93E80300FFF70C
:1026D0005FFC19E71D4B1E491B7809789942884613
:1026E0003AD0DFF870C0194603E006F007018845CC
:1026F0001CD00CEBC105A9466D78754501F10106AA
:10270000F3D11CF831108142EFD199F8051000295E
:10271000EBD00BE01CF83330834203D14B79002B14
:102720007FF458AF06F00703984515D00CEBC301B2
:102730005E1C4D787545F5D1ECE70822214602482C
:102740000CF05AF9E0E600BF40520020FE51002094
:10275000FF5100200052002002980192FFF702FE74
:10276000C0F30333032B019AC1B212D8012B1FD837
:1027700010F4706F02D000293FF4C7AE01F12003BE
:10278000DBB2072B7FF6C1AE2046FFF771FB3A465E
:10279000BBE6063303F00F03012BF5D8EF297FF6D4
:1027A000B4AE01F10F03DBB2022B7FF6AEAEEBE766
:1027B00010F4706FE2D0A3790F2BDFD8A5E6A271D9
:1027C0002046FFF755FB024B1E605E609CE600BF93
:1027D00040520020F0B585B0CDE900016846FFF712
:1027E0005FFE9DF8042020B3F2B92B4D2B4F2C78BF
:1027F0003B789C4216D02A4E0EE02B7806EBC303A2
:1028000093E80300FFF7C4FB2C783B78013404F015
:102810000704A3422C7005D006EBC400FFF740FE6E
:102820000028EAD105B0F0BDDDE90001FFF7B0FBFB
:10283000DBE70646DDE90001184F174D3B782C78A1
:10284000CDE90201002AD4D05A1C02F00702A242AC
:1028500018D0DDE90201124ED2B206EBC303A24248
:1028600083E803003A70DDD006EBC40393E803006D
:10287000FFF78EFB01343B7804F007049C42F3D150
:102880002C78B6E7FFF724FB064B3E702E701E60D7
:102890005E6005B0F0BD00BFFE510020FF5100207A
:1028A0000052002040520020014B1878C0087047A9
:1028B00071520020024B187800F00700704700BFEB
:1028C00071520020034B187810F0070018BF012048
:1028D000704700BF715200200E4B0F4910B51C68A5
:1028E000202220460CF02CF828B90C4A137823F04B
:1028F0000203137010BD2022214607480CF07CF81B
:10290000204605F03DFE054A137823F002031370BC
:1029100010BD00BFEC27002048520020279900205E
:10292000014B1878704700BFA2520020074A137865
:1029300030EA030107D0DFF818C09CF8001041F01E
:1029400001018CF80010034313707047A25200205D
:1029500027990020074A1378034207D0DFF818C0F0
:102960009CF8001041F001018CF8001023EA0003EC
:1029700013707047A252002027990020054B1A7847
:1029800022B105490A7842F001020A7000221A7049
:10299000704700BFA252002027990020074A1378F1
:1029A00030EA030107D0DFF818C09CF8001041F0AE
:1029B00001018CF80010034313707047A1520020EE
:1029C00027990020074A1378034207D0DFF818C080
:1029D0009CF8001041F001018CF8001023EA00037C
:1029E00013707047A152002027990020054B1A78D8
:1029F00022B105490A7842F001020A7000221A70D9
:102A0000704700BFA152002027990020704700BFE7
:102A100008B5FFF7FBFF08BD08B5054A1378034268
:102A200000D108BD23EA00001070FFF7F1FF08BDD8
:102A300072520020704700BF08B5FFF7FBFF08BDCA
:102A400008B505490B7830EA030C00D108BD0343F3
:102A50000B70FFF7F1FF08BD7352002008B5054A5F
:102A60001378034200D108BD23EA00001070FFF77D
:102A7000E3FF08BD7352002030B51C4A1C4B11788F
:102A80001C4D1B781C4C0B432978226883B071B90C
:102A9000144653701949092220460BF051FFE0B942
:102AA000174A137823F00103137003B030BD0B43B2
:102AB0000192009305F00AFE009B019A58B1297813
:102AC00049B10020CDE900232870FFF7B5FFDDE90B
:102AD00000232468DDE72468DBE709222146074854
:102AE0000BF08AFF204605F03FFDD9E7A1520020F8
:102AF000A252002073520020F027002068520020CC
:102B00002799002010B5094C2378DA0706D405F080
:102B10000DFD10B123789B0703D410BDFFF7ACFF68
:102B2000F5E7BDE81040FFF7D7BE00BF27990020AA
:102B3000704700BF08B5FFF7FBFF08BD094A527890
:102B400052070CD5084A41EAC00108B51170FFF7D9
:102B500081FA054A1078C008FFF7ECFF08BDFFF7BF
:102B600079BA00BF28990020715200200E4B1A78C4
:102B700022EA000010F00701187005D1904203D03E
:102B80000A4A5278530700D4704700B583B0C00892
:102B90000191FFF76FFA0199034B08461970FFF78F
:102BA000C9FF03B000BD00BF71520020289900206A
:102BB000074808B543785A0700D408BD23F004033A
:102BC000437000F05DF8BDE808400220FFF7CEBF7B
:102BD00028990020074808B543785A0700D508BD52
:102BE00043F00403437000F04BF8BDE808400220B6
:102BF000FFF7BCBF28990020114808B54378C3F3FC
:102C0000800282F0010262F38203437000F038F820
:102C10000C4A137803F0FD0103F00703022B117037
:102C200000D008BD064843785B07FAD5C808FFF70F
:102C300021FA044A00201070FFF77CFF08BD00BF96
:102C40002899002071520020002000F0BDBC00BF78
:102C500008B5FFF7F9FF08BD00F07EBC08B500F02D
:102C600069FC00B908BDBDE8084005F0FBB900BF2C
:102C700000F07EBC00F08ABC00F08CBC00F08EBC82
:102C800000F094BC00F098BC00F09ABC00F0A0BC2E
:102C900000F0A2BC00B583B000F048FC00F056FC88
:102CA000002368468DF8003000F06AFC0B4B0120D1
:102CB000187000F06FFC4FF4A05301A8ADF8043079
:102CC00000F074FC02F0B2FCF9F7BCFF05F0ECF97F
:102CD000FFF7BEFF02F09EFC03B000BDFD510020D7
:102CE000FFF7D8BF014B186805F0F2BEB8520020BC
:102CF00008B505F04BFF024A024B1060186008BD92
:102D0000B8520020B4520020704700BF704700BF87
:102D100008B5FFF7FBFF08BD704700BF704700BF55
:102D2000704700BF0120704708B5064800F062FCFC
:102D300000F08EFDFFF7E8FFFFF7EEFFFFF7E8FF7B
:102D400008BD00BF813401080120704708B5FFF7B6
:102D5000FBFF08BD704700BF704700BF08B5FFF715
:102D6000F9FFF9F701FAFFF7F7FF08BD08B5FFF71C
:102D700075FF88B10A48FFF77BFF0A48FFF77EFF1F
:102D800004F01AF8FFF776FFFFF70EF9064B1878F4
:102D9000BDE80840F9F7A8BFFFF7A2FFEAE700BFC8
:102DA000BC52002028990020FC51002008B505F0F5
:102DB000D5FE05F093F900F037FCFFF7D7FFFEF7DB
:102DC000C5FB03F003F904F025F803F0C1FFFFF79A
:102DD000A7FFFEF7CBF908BD2DE9F04F85B0FFF74F
:102DE000A1FF002800F08E8000F03AFC524B0193C6
:102DF00000241D46E0B22E8800F00EFC052C05F1E3
:102E0000020504F1010465D08642F3D04B4B1B78D8
:102E10009B0700F18D80FFF799FF4FF00009804676
:102E20005FFA89F7384600F0F7FB019B33F8026B35
:102E30000193B042054635D0464000244FF0010BC7
:102E40000AE052462146384602F0DAFE0134E4B286
:102E5000102C4FEA4B0B22D006EA0B0105EA0B02BD
:102E600089B292B20029F1D0B2F1000A18BF4FF036
:102E7000010AB8F1000FE4D08DF808408DF8097010
:102E800005F0BEFE4FF00103ADF80A008DF80C30DE
:102E90008DF80DA0DDE90201FEF78EFBD1E7019B65
:102EA00023F8025C09F10109B9F1060FB8D105F068
:102EB0006DFE234A234B1060186003F0B9FF03F046
:102EC00053FB04F03BFC03F057FF05B0BDE8F04FA7
:102ED000FEF75ABB864299D11B4C05F091FE238820
:102EE00083420546E9D00026ADF8086005F088FE6B
:102EF000ADF80C60ADF80A00DDE90201FEF75CFBFD
:102F00002580DAE7104D044605F07AFE2B888342CF
:102F10000646D2D0ADF8084005F072FEADF80C4080
:102F2000ADF80A00DDE90201FEF746FB2E80C4E79A
:102F300000F078FB6FE700BFA8520020BC520020D1
:102F4000B8520020B4520020A452002010B582B024
:102F500000F070F9B0F5A44F034615D2B0F5A04FBC
:102F600080F08380DF282FD8CC2800F2D180A728DA
:102F70004AD8A42800F2CF80012822D0021F92B2A2
:102F8000A12A28BF00231CE045F29F22904200F2B4
:102F90008180B0F5A54F80F0C38045F25F2290425A
:102FA00057D845F23F22904200F2A68045F21F22F8
:102FB000904240F2958000F01F034AF2F10242EA8B
:102FC0000323184602B010BDB0F5804F36D2B0F5DD
:102FD000005F80F0AC80E728F3D9A0F5807292B250
:102FE000B2F5F85F80F00281C0F30720019300F092
:102FF000DDF904469DF8040000F01CF9220202F4F9
:10300000F85240EA0203DCE7A0F1A80292B21A2AC1
:1030100000F2EC80A0F1A903192B00F2E980DFE8AF
:1030200003F0979ACAC7C4C1E2DFDCD9D6D3D0CDAA
:10303000B2AFACA9A6A3A09DBEBBB8B5C0B2019368
:1030400000F0F8F8019B03F47063184340F4204348
:10305000B7E700F003000122C3F3820102FA00F394
:1030600043EA411343F40A43ABE700F01F00019326
:1030700000F09CF902B21101019B01F0F00110F087
:10308000100FC3F3431318BF0A4642EA032242F467
:10309000104396E745F2DF2290420DD845F2BF2259
:1030A000904215D800F01F0000F080F9030203F4ED
:1030B000F85343F4005384E7A0F5FE4292B2332A5A
:1030C00000F29480A0F5FA43343B43F4884378E758
:1030D000030203F4F85343F4204343F0F00370E792
:1030E00000F003000122C3F3850102FA00F343EA72
:1030F000411343F40D4364E700F003000122C3F3DE
:10310000820102FA00F343EA411343F40C4358E707
:1031100040F4A04355E7A0F1240343F4804350E773
:1031200000F01F034AF2F40242EA032349E7C0F326
:103130000420019300F03AF904469DF8040000F0E1
:1031400079F8230203F4F853034343F4005338E7B8
:1031500044F2E94335E744F2EA4332E744F270438C
:103160002FE744F26F432CE744F2B44329E744F2DB
:10317000B34326E744F22A6323E744F2276320E7B8
:1031800044F226631DE744F225631AE744F2A06384
:1031900017E744F29F6314E744F2CB5311E744F27C
:1031A0009F530EE744F2CD430BE744F2B74308E7E1
:1031B00044F2B64305E744F2B54302E744F2246320
:1031C000FFE644F22363FCE644F22163F9E644F2AD
:1031D0009453F6E644F29253F3E644F28A53F0E64F
:1031E00044F2CC43EDE644F28353EAE60023E8E6FA
:1031F00044F2E243E5E600BF82B0C1F30723052BAA
:10320000ADF8041003D89DF804200F2A02D900203D
:1032100002B07047194602B003F070BE00B583B02B
:10322000ADF804100199FFF7E7FF03B05DF804EB78
:10323000FFF78CBEE72813D8DF2812D9A0F1E003EE
:10324000072B0DD8DFE803F0040C6B5E530C493CF0
:10325000554B1A78D10700F1A2805B78D90758D472
:103260007047392865D8282840F29280A0F12903B8
:10327000102BF5D801A252F823F000BF77330108D4
:1032800069330108613201086132010861320108C5
:1032900061320108613201086132010859330108C5
:1032A0006132010861320108613201084B330108C3
:1032B00061320108613201086132010837330108C7
:1032C000394B1A78110764D45B78990769D412F0E6
:1032D000100F14BF0020E7207047334B1B781A07EC
:1032E000BED513F0100F14BF0020E72070472E4BFF
:1032F0005A789107B4D51B7813F0100F14BF002033
:10330000E7207047284B1A78510744D45B78DB07D5
:103310003CD412F0100F14BF0020E3207047224B62
:103320001B785A079CD513F0100F14BF0020E32020
:103330007047822894D11C4B1A78920726D15B786B
:1033400013F0080F18BF29207047174B1B7813F094
:10335000200F18BF29207047134B1B7813F0400F24
:1033600014BF2A20312070470F4B1B7813F0400FF9
:1033700018BF312070470C4B1A7892060DD45B7839
:1033800013F0080F14BF392029207047E020704740
:103390007047E6207047E2207047352060E739200B
:1033A0007047E420704700BF28990020334A137803
:1033B000590700B513D500F0140C00F01801ACF15A
:1033C000040CA1F10801BCFA8CFCB1FA81F14FEABE
:1033D0005C1C490980F00C0E8C4518BF704619071B
:1033E00015D500F0140E00F0180CAEF1140EACF16F
:1033F000180C80F00C01BEFA8EFEBCFA8CFC4FEA71
:103400005E1E4FEA5C1CC9B2E64518BF08465278FA
:10341000D10715D500F0110E00F0180CAEF1010E19
:10342000ACF1080C80F00901BEFA8EFEBCFA8CFCEF
:103430004FEA5E1E4FEA5C1CC9B2E64518BF08465B
:10344000920714D500F0110C00F01801ACF1110C2A
:10345000A1F1180180F00902BCFA8CFCB1FA81F1EB
:103460004FEA5C1C4909D2B28C4518BF104600F0E7
:10347000E70213F0100F18BF104600BD2899002076
:1034800000207047A0F5A543603B1F2B03D84B7964
:1034900023B11846704701231846704700B583B022
:1034A00000F01F000193FDF7E3FF019B184603B0F6
:1034B00000BD00BF08B54B7983B147F65B4290422F
:1034C0000FD047F65C4290420ED047F65A429042E7
:1034D00005D1FFF77FFB0023184608BD01231846DE
:1034E00008BDFFF765FBF6E7FFF786FBF3E700BFD4
:1034F00008B54B797BB147F6014290420ED047F6B2
:10350000034290420DD0B0F5F84F05D1FDF7C6FF4C
:103510000023184608BD0123184608BDFDF7D0FF5B
:10352000F6E7FFF799FBFDF7CBFFF1E7002000F08E
:1035300091B900BF08B5002000F0F4F84FF6E3633E
:10354000C01AB0FA80F0400908BD00BF4FF6E36131
:10355000002000F049B900BF08B5002000F07AF95A
:10356000BDE808404FF6FF71002000F03DB900BFF4
:1035700010B50446022000F0C5F8207010BD00BF51
:1035800003460220197800F013B900BF032000F0B1
:10359000B9B800BF0146032000F00AB910B50446CF
:1035A000042000F0BFF8208010BD00BF03460420B7
:1035B000198800F019B900BF0822172100F04CB992
:1035C0000822172100F0D8B80146132000F028B9CE
:1035D00001460E2000F0ECB808B50F2000F0B2F85C
:1035E000024BC01AB0FA80F0400908BD0400343420
:1035F00000207047014B1860704700BFF42700207F
:10360000704700BF08B5FFF7FBFF08BD704700BF5C
:1036100008B5FFF7FBFF08BD014B33F810007047FA
:1036200038990020704700BF08B5F5F7A5F90A4999
:103630000A4A002306200B804B808B80CB800B81B5
:103640004B81138053809380D3801381538100F08A
:103650001DF8FFF7D7FF08BD2C99002038990020EE
:1036600000B5084883B0F5F749FA07490346062232
:10367000044800F00DF80190FFF7CAFF019803B06D
:1036800000BD00BF2C99002038990020704700BF72
:1036900093B110B584B0520003930B4601900C46D1
:1036A0000146184602920BF04BF901A90EC928B940
:1036B0000346184604B010BD1846704720460193D3
:1036C0000BF09AF9019B184604B010BD704700BF7B
:1036D000FFF782BB08B505F01BFA05F037FFFFF7CF
:1036E00023FB05F035FFFFF761FB05F03FFF05F019
:1036F00043FFFFF7EDFF05F041FF05F0FFFEFFF789
:103700002DFBF4E700B583B0014600230DF107005F
:1037100001228DF8073000F09FF89DF8070003B0F4
:1037200000BD00BF00B583B0014600230DF10600C7
:103730000222ADF8063000F08FF8BDF8060003B0A5
:1037400000BD00BF00B5042283B0014600230DEB8D
:103750000200019300F080F8019803B000BD00BFA3
:1037600000B583B001228DF8071001460DF1070066
:1037700000F078F803B000BDF8B5D31D23F00703BF
:1037800000AFADEB030D1446054668460E4600F04B
:1037900063F82246694628460BF0D2F808B9BD46C0
:1037A000F8BD22463146284600F05CF8BD46F8BD1B
:1037B00030B583B000230C460546014601220DF1C9
:1037C00007008DF8073000F047F89DF807309C425D
:1037D00007D0012229460DF107008DF8074000F0BF
:1037E00041F803B030BD00BF30B583B000230C46B4
:1037F0000546014602220DF10600ADF8063000F044
:103800002BF8BDF806309C4207D0022229460DF164
:103810000600ADF8064000F025F803B030BD00BF4B
:1038200030B5042283B000230C46054601460DEB5B
:103830000200019300F010F8019B9C4206D0042284
:1038400029460DEB0200019400F00CF803B030BDE6
:1038500000F012B900F00CB803460846194600F013
:103860004DB800BF03460846194600F0A5B900BF91
:1038700070B5214C94F8045882B05DBB00F0A2FAF8
:10388000D8B1012384F8043800F0A8FA4FF4C052EC
:1038900006462946A4F580500BF062F894F80438E7
:1038A00041F60802C4F8002823B100F0E3FA10B191
:1038B00084F80458304602B070BD94F8042832B140
:1038C000019000F0D7FA10B1019B84F80438002071
:1038D00002B070BD00F082FA4FF4C05205460021DC
:1038E000A4F580500BF03CF841F608032846C4F8D4
:1038F000003802B070BD00BFC062002008B5831858
:10390000B3F5C05F01D9002008BDDFF814C003463D
:1039100008460CEB03010BF06FF8012008BD00BF57
:10392000C052002092B1F8B51746044600250E1A81
:1039300001E0AF4208D03119204600F0A3FA01356A
:1039400004340028F5D1F8BD0120F8BD01207047EE
:103950009AB10430F8B517460C1F0025461A01E04D
:10396000AF4208D0301954F8041F00F063FA013553
:103970000028F5D1F8BD0120F8BD0120704700BF37
:1039800010B53B4C94F8043884B02BB900F01AFA07
:1039900010B1012384F8043800F020FA18B9034666
:1039A000184604B010BD94F8043813BB019300F01E
:1039B00009FA58B34FF0010C2E49019884F804C855
:1039C0004FF4C062FFF7C4FF002839D1034694F8D2
:1039D00004283AB1019300F04DFA019B10B1002286
:1039E00084F8042841F60802C4F80028184604B0F8
:1039F00010BD20494FF4C0620020FFF7A9FF60B955
:103A000041F608020346C4F80028EFE719494FF4CD
:103A1000C062FFF79DFF0028F2D013A3D3E9002373
:103A200014484FF4C05103F08DF80222CDE9020191
:103A300002A94FF4C050FFF78BFF4000C3B2D1E79B
:103A400009A3D3E900230B484FF4C05103F07AF8DF
:103A50000222CDE9020102A94FF4C050FFF778FF1E
:103A60004000C3B2B3E700BF25232284E49CF2CB1D
:103A7000C0620020C05200202DE9F0414C4E06F5F6
:103A8000805786B04FF4C0520021304641F60804FA
:103A90000AF066FFC7F8004800F036F930B14FF47D
:103AA000C06231460020FFF73DFF68B94FF4C052B5
:103AB00000213F480AF054FF41F608030020C7F8F0
:103AC000003806B0BDE8F08137A3D3E900234FF4F6
:103AD000C051304603F036F8022280460D464FF4BE
:103AE000C05004A9FFF71EFFDDE904239D4208BF73
:103AF000904548D12F4C41F6080503A9284600F00F
:103B0000C1F9002848D00399C8B20ABA0304224078
:103B100003F4E02343EA322305F1040803EBD00C5D
:103B2000C20800293AD011F0C00F049109D0C7F89B
:103B30000088FFF725FF0028B8D0022006B0BDE8B6
:103B4000F081BCF5C05FF2D810F0300F19D005A994
:103B500040460192009300F095F90028E7D0009BC1
:103B6000019A08350DF11301F0180AF045FFB5F57B
:103B7000405FC2D3C7F80058FFF702FF0028DCD12E
:103B800094E74546EEE74FF4C052002130460AF074
:103B9000E7FEC7F80048ADE7A846C8E70120C7F828
:103BA000005806B0BDE8F08125232284E49CF2CBC6
:103BB000C052002000FFFF002DE9F04F8318B3F53D
:103BC000C05F85B061D84F4F054688460846E91961
:103BD00014460AF0B5FE20B90124204605B0BDE820
:103BE000F08FE81907F58057224641460AF004FF96
:103BF00097F80438002B66D100F0E4F80646002858
:103C000040D0012387F80438002C70D0D7F80098F2
:103C100001934FF0000A4FF0000B052C2646C5F328
:103C2000024228BF052642EAC602CDE902AB2B0AB2
:103C30008DF80820414632460DF10B008DF8093011
:103C40008DF80A500AF0D8FE0299484600F0F2F8C2
:103C500000B3D7F800080430B0F5405FC7F800089B
:103C60002DD2012C18D10124019B012BB5D197F83D
:103C70000438002BB1D000F0FDF830B1002387F8F4
:103C80000438AAE797F8043853BB0024204605B04F
:103C9000BDE8F08F0446E7E7039900F0CBF8002871
:103CA000F8D0D7F8003803F10409B9F5405F35447E
:103CB000B044C7F8009802D2A41BAED1D3E7FFF7F7
:103CC0005FFE0446D0E70223002C9FD1D7F80038CE
:103CD000B3F5405F80D305B0BDE8F04FFFF750BEAD
:103CE00000F0C8F80028D0D087F80468CDE7D7F8EE
:103CF0000028B2F5405F01D21C46BCE7FFF740FE4A
:103D00000446B4E7C05200202DE9F041244F254875
:103D1000386007F0D5F8386803685B689847224B2D
:103D20008668B3F8222AB3F8243A42EA03480368C3
:103D30001E4A03F0010313705EB30024013E2546C2
:103D400006E0386807F038F80544B5F5405F17D24B
:103D5000B44204F101042146F3D1154D2A684FF60F
:103D6000FF739A4206D0134A134B126803EA882362
:103D70009A4202D3114806F0CDF90120BDE8F08146
:103D80000B4D38682C60012107F004F8094B1860CE
:103D9000E4E704460A4806F0BDF9A668CDE700BF8F
:103DA000CC6A0020609A00200070FF1FCA6A0020C1
:103DB000F8270020FC27002000FCFF0348F601083C
:103DC000E8F5010808B50021034807F06BF8B0FAE0
:103DD00080F0400908BD00BF609A00202DE9F04145
:103DE000DFF84C80D8F80030DBB1104F00210126FD
:103DF000386803684C1C5B6921469847054638685B
:103E000006F0A8FFD8F800300543EDB2012D8CBFB5
:103E1000002606F001069C422146E9D33046BDE863
:103E2000F08101263046BDE8F08100BFCC6A002059
:103E3000F827002010B50C4A0C4B12681B7882B092
:103E400000EB020C01910BB1C9430191084A1068C3
:103E5000046801ABE46804226146A047B0FA80F030
:103E6000400902B010BD00BFFC270020CA6A002034
:103E7000CC6A002008B5024807F022F8012008BDEE
:103E8000609A0020154BDFF860C01B6810B50C4627
:103E9000C118DCF8000006F09DFF03461048DFF86B
:103EA0004CC001220270BFF35B8F0021D3F800E009
:103EB0000C4B8CF800101B78BFF35B8F01709CF8E3
:103EC00000005B4283EA0E0310B91046236010BD68
:103ED0000B468CF800100846236010BDFC2700201C
:103EE000C96A0020CA6A0020CC6A0020C86A002083
:103EF0004B790BB90120704700B583B00190FEF7F4
:103F00000FFD019B00F02202A3F5F04020380A28A3
:103F100039D8DFE800F00C0F132E2533181C2029A8
:103F200006001AB302F0A8FA002003B000BD02F0A8
:103F3000CDF8F9E722B102F061F9F5E7002AFAD0ED
:103F400002F03CF9F0E7DAB102F0D6F9ECE722B181
:103F500002F062FAE8E7002AFAD002F043FAE3E757
:103F60004AB102F0A9F9DFE7002ADBD002F096FAA5
:103F7000DAE7002AF5D002F0AFF9D5E7002AE3D05E
:103F800002F0D2F9D0E70120CFE700BF4A7912B1A1
:103F900001221046704700B583B0CDE90002FEF75C
:103FA000BFFC009B019A00F02201A3F5F0404038CD
:103FB0000C285BD8DFE800F01020151A252C3245BC
:103FC000393F4C53070000294BD0009202F054FABD
:103FD000009A104603B000BD009202F0D3F9009A97
:103FE000F7E7009202F072F8009AF2E759B10092F6
:103FF00002F004F9009AECE7009202F08FF8009AC0
:10400000E7E70029F3D0009202F0D8F8009AE0E741
:1040100031B1009202F060F9009ADAE70029F8D095
:10402000009202F049F9009AD3E761B1009202F0E0
:1040300063F9009ACDE769B1009202F0EDF9009AB8
:10404000C7E70029F2D0009202F06EF9009AC0E7AB
:104050000029F1D0009202F0C5F9009AB9E70029D1
:10406000B3D0009202F01AFA009AB2E70122B0E748
:1040700000B585B010F47F4F0190C0F3072EC0F358
:10408000074235D09DF8040009B12D4B9A5C2D49AB
:1040900000EB40035B00A1FB0313D90901EB810393
:1040A00003EB0313C3EB400303EB4303DBB21EFB41
:1040B00003FCC3F1FF0313FB0EF34FEA2C2CCEF1EC
:1040C000FF0ECCF1FF0C1B121EFB02FE1CFB02FCC0
:1040D000C3F1FF034FEA2E2E4FEA2C2C13FB02F301
:1040E000062928D8DFE801F01509181C212715003A
:1040F00009B1134B9A5C944696465FFA8CFC0020FB
:104100006CF30700D2B262F30F206EF3174005B0D4
:1041100000BD94461A12F0E7F4464FEA232EECE76E
:104120006346F44696461A46E7E711464FEA232CC3
:1041300072468E46E1E76346944672469E46DCE749
:1041400004FE01088180808084B0012104B0FFF763
:104150008FBF00BF84B001908DF80420019B002028
:10416000DAB262F30700C3F3072262F30F20C3F34E
:10417000074363F3174004B0704700BF84B0303189
:104180000A4B019013F811309B1A8DF80430019BF3
:104190000020DAB262F30700C3F3072262F30F20B4
:1041A000C3F3074363F3174004B07047842600202D
:1041B0000C4B84B003EB4103019093F861309B1AE0
:1041C0008DF80430019B0020DAB262F30700C3F3DC
:1041D000072262F30F20C3F3074363F3174004B0D1
:1041E000704700BF8426002084B0134B019030310B
:1041F000844603EB410013F8113041789A1AA1F17B
:104200002003C1F12001002049B25BB28342B8BF54
:104210000B461A4462448DF80420019BDAB262F323
:104220000700C3F3072262F30F20C3F3074363F3CE
:10423000174004B0704700BF8426002084B003EB11
:1042400043039DF81020019002EB53028DF80420E7
:10425000019B0020DAB262F30700C3F3072262F386
:104260000F20C3F3074363F3174004B0704700BF48
:1042700010B54C4264B249B231EA210128BF21464F
:10428000C1F1380102FB02F211FB012184B01FFAD7
:1042900081FCBCF1010F01903ED9BCF5F75F9DBFD9
:1042A0004FEA5C1E0EF1080E5FFA8EFE4FF0FF0E15
:1042B000012005E0FF2932D00132D0B2704516D876
:1042C00000EB0E01491001FB01F4A4B264450A465B
:1042D000F0D9013A5FFA82FE0EEB0002521002FBA7
:1042E00002F1704589B202D86145F2D8E4E701389D
:1042F00000EB400003448DF80430019B0020DAB24B
:1043000062F30700C3F3072262F30F20C3F30743EE
:1043100063F3174004B010BD0CEB4C00EAE7FD203E
:10432000E8E700BF84B0DFF84CC0019030330CEBFD
:1043300043001CF813304078703B01FB03F3203836
:1043400002FB0032002A9DF80430B8BF7F3203EB35
:10435000E2138DF80430019B0020DAB262F307000B
:10436000C3F3072262F30F20C3F3074363F317403D
:1043700004B070478426002084B0DFF84CC0019060
:1043800030330CEB43001CF813304078703B01FBDA
:1043900003F3203802FB0032002A9DF80430B8BF36
:1043A0003F3203EBA2138DF80430019B0020DAB2F8
:1043B00062F30700C3F3072262F30F20C3F307433E
:1043C00063F3174004B0704784260020FF2928BFFC
:1043D000FF21C943C0F30743C9B284B003FB0111F5
:1043E000091201908DF80610019B0020DAB262F3E9
:1043F0000700C3F3072262F30F20C3F3074363F3FD
:10440000174004B0704700BF84B003EB8303BDF8CE
:10441000102001901A4492B2FF2A28BFFF22C0F355
:104420000743D24353FA82F2FF2A28BFFF228DF8B6
:104430000620019B0020DAB262F30700C3F30722D3
:1044400062F30F20C3F3074363F3174004B07047D0
:1044500084B0482B0190BDF810C0C0F307402ED89F
:10446000ACEB03039BB2FF2B28BFFF23083189B2BB
:10447000102904D902F1080189B2102921D8DB439F
:10448000DBB211491844002A4978B8BF0332FF282B
:1044900001EBA20328BFFF208DF806008DF8043041
:1044A000019B0020DAB262F30700C3F3072262F334
:1044B0000F20C3F3074363F3174004B07047FF2393
:1044C000D4E70023DDE700BF4899002084B0BDF8A1
:1044D00010200190D31A9BB2FF2B28BFFF23DBB221
:1044E00083F0FF0CC0F307426244FF2A28BFFF227B
:1044F00003448DF806208DF80430019B0020DAB2C9
:1045000062F30700C3F3072262F30F20C3F30743EC
:1045100063F3174004B0704784B0BDF810200190D9
:10452000D21A92B2FF2A28BFFF22C0F30743D24318
:1045300053FA82F2FF2A28BFFF228DF80620019B42
:104540000020DAB262F30700C3F3072262F30F2000
:10455000C3F3074363F3174004B0704700B585B059
:10456000C0F3074C01909DF818001B1A6344BAB9B8
:10457000C90FC9015B1ADBB20CFB03331B128DF8A8
:104580000630019B0020DAB262F30700C3F3072272
:1045900062F30F20C3F3074363F3174005B000BD78
:1045A00082EAE270A0EBE27000B2002901EB000E9B
:1045B0000DDB091A490191FBFEF1C1F12001C9B2DD
:1045C0004842C0B231EA220128BF0146D2E7401A70
:1045D0004FEA4E1E9EFBF0FECEF1600E5FFA8EF1AA
:1045E000EEE700BF84B001909AB9C90FC9010B442E
:1045F0008DF80430019B0020DAB262F30700C3F3A8
:10460000072262F30F20C3F3074363F3174004B09C
:10461000704782EAE270A0EBE27000B2002900EB82
:10462000010C0DDB091A490191FBFCF1C1F12001DC
:10463000C9B24842C0B231EA220128BF0146D6E7DA
:10464000401A4FEA4C1C9CFBF0FCCCF1600C5FFA6A
:104650008CF1EEE784B09DF810C00190A3EB0C0341
:104660009AB9C90FC9015B1A8DF80430019B00206B
:10467000DAB262F30700C3F3072262F30F20C3F339
:10468000074363F3174004B0704782EAE270A0EB7F
:10469000E27000B2002900EB010C0DDB091A4901A0
:1046A00091FBFCF1C1F12001C9B24842C0B231EA2C
:1046B000220128BF0146D6E7401A4FEA4C1C9CFB5A
:1046C000F0FCCCF1600C5FFA8CF1EEE75308D209F4
:1046D00084B0194A01901ABF83F0FF0303F00F0C56
:1046E00003F00F0CC3F30113C0F3074102EB4300C7
:1046F00012F81330427818BF0CF1010C12FB0CF2C7
:1047000003EB12135BB2002BB8BF5B425B00DBB262
:1047100001FB03331B128DF80630019B0020DAB237
:1047200062F30700C3F3072262F30F20C3F30743CA
:1047300063F3174004B07047E0FD010884B004B093
:10474000FFF702BD264B4A78034493F80E3113421B
:1047500000D1704710B504462248028802EB42237C
:1047600043F2196C02EB8302624402EB422384B0F1
:1047700002EB8303634402EB12228DF808200380CE
:10478000194A019103EB1323C3F34603D2788DF842
:104790000A207F338DF809300298FFF7CFFF019987
:1047A000124BCA781B5D8DF80C00C0F307219A42AA
:1047B000C0F307408DF80D108DF80E0001D004B045
:1047C00010BD0B4A52680192DDF804C0CAB29DF8D0
:1047D0000C10C3B2204604B0BDE81040604700BFD3
:1047E0008426002024280020489900205099002089
:1047F000E8FD01082DE9F04F037803EBC3046400E2
:10480000E4B204F112035FFA83F9B9F1570FCA4613
:1048100028BF4FF0570A544589B080F08F80DFF8E9
:104820006881554B98F804201B88544DCDF814909E
:10483000520802FB033305F20D16C3F3072304915C
:104840000746039305EB440506EB040919F8012F0D
:104850007B781A426AD095F8612095F86010203A6A
:10486000703902FB02FB01FB01BB1FFA8BFBBBF1A2
:10487000010F7BD9BBF5F75F9DBF4FEA5B1E0EF1C1
:10488000080E5FFA8EFE4FF0FF0E01204E4606E046
:10489000BCF1FF0F6DD00133D8B2704519D800EBD1
:1048A0000E0C4FEA6C0C0CFB0CF91FFA89F9D94578
:1048B0006346EDD9013B5FFA83FE00EB0E035B100C
:1048C00003FB03FC70451FFA8CFC02D8DC45F1D8D1
:1048D000E1E7431EB146DBB20398009098F802C0AE
:1048E00098F80100049E40EA0C2098F803C040EAC2
:1048F0000C40B047C0F307238DF81C00C0F30740FD
:104900008DF81D308DF81E000798FFF717FF1C4B20
:10491000FA781B5D8DF81800C0F307219A42C0F3A6
:1049200007408DF819108DF81A000FD00134E3B24A
:104930009A4505F1020589D8DDF81490B9F1560FB2
:104940008CBF0020012009B0BDE8F08F0D4BCAB22A
:104950005E689DF81810C3B220460134B047E3B238
:104960009A4505F102053FF671AFE5E75FFA8BF373
:10497000B2E7B146B0E700BFA89900208426002026
:1049800050990020E8FD0108489900202DE9F04FDA
:10499000047804EBC4046400E4B204F112035FFA87
:1049A00083FEBEF1570FF24628BF4FF0570A544519
:1049B00087B05CD2324B334FB3F80090324D3B7925
:1049C000DFF8CCB0029105F20D165B0803FB0999E4
:1049D00026448046C9F3072905EB4405CDF80CE0D1
:1049E0000196019A12F8011F019298F801201142D4
:1049F0004B4634D0B978787897F803C095F86120A1
:104A0000029E40EA012095F8601040EA0C4070399F
:104A1000203AB047C0F30722C0F307438DF81520B2
:104A20008DF816308DF814000598FFF787FE1BF8F7
:104A3000043098F803208DF81000C0F30721C0F36C
:104A4000074C9A428DF812C08DF8111007D10F4B08
:104A5000CAB25E68C1B25FFA8CF32046B047013437
:104A6000E3B29A4505F10205BBD8DDF80CE0BEF1D2
:104A7000560F8CBF0020012007B0BDE8F08F00BFAB
:104A8000A89900204899002084260020E8FD01080C
:104A9000509900202DE9F04F047804EBC404640021
:104AA000E4B204F11203DAB2572A934628BF4FF05A
:104AB000570B5C4585B04ED22A4E2B4B96F804809E
:104AC0001B882A4DDFF8ACA001924FEA980808F144
:104AD000020803FB08F8254489460746C8F307285F
:104AE0000095009B13F8010F00937B781842424613
:104AF000E1B22BD0B078737843EA0023F07843EA30
:104B00000040C847C0F30722C0F307438DF80D20CB
:104B10008DF80E308DF80C000398FFF70FFE1AF891
:104B20000430FA788DF80800C0F30721C0F3074C71
:104B30009A428DF80AC08DF8091007D10C4BCAB201
:104B40005D68C1B25FFA8CF32046A8470134E3B236
:104B50009B45C6D8019A562A8CBF0020012005B07B
:104B6000BDE8F08F48990020A899002091270020E7
:104B7000E8FD0108509900202DE9F04F04785D4EC2
:104B800004EBC4046400E4B204F11203DAB25A4B39
:104B90001D8833799B0803FB0555C5F30723572A66
:104BA00003F1400C934628BF4FF0570B1CF0400F09
:104BB00089B04FEA25255FFA8CF740F0948007F022
:104BC0000F0EBC4617F0800F4C4FCCF3011C07EBC7
:104BD0004C0817F81CA098F801C01CFB0EFC0AEB4F
:104BE0001C1A5FFA8AFACAF1000C5FFA8CFC18BF33
:104BF000E24613F0400F4FFA8AFA70D083F0FF0CB0
:104C00000CF00F0E0EF1010E15F0800FCCF3011514
:104C100007EB450C17F815909CF8015015FB0EF5A5
:104C200009EB15195FFA89F9C9F10005EDB218BF52
:104C3000A9465C454FFA89F94AD2314DDFF8C88060
:104C4000039125440746049305920295029810F8B3
:104C500001CF029078781CEA000FE3B24A46514631
:104C600031D0049D7078009596F802C0039D40EA0B
:104C70000C2096F803C040EA0C40A847C0F3072375
:104C80008DF81C00C0F307408DF81D308DF81E0014
:104C90000798FFF753FDC0F30723FA788DF8193012
:104CA00018F804308DF818009A42C0F307408DF8C8
:104CB0001A0008D1134B9DF819205D689DF8181053
:104CC000C3B22046A8470134E3B29B45BED8059A3B
:104CD000562A8CBF0020012009B0BDE8F08F03F0F8
:104CE0000F0E9C4690E787F0FF0C0CF00F0E0EF1B4
:104CF000010E67E748990020A8990020E0FD01080F
:104D000091270020E8FD0108509900202DE9F04F7F
:104D1000037803EBC3046400E4B204F11203DAB2D3
:104D2000572A934628BF4FF0570B5C4587B07ED279
:104D3000DFF82481444E98F80430444DDFF81CA17C
:104D400001910133FF2B28BFFF234FF6FF7CBCFBF3
:104D5000F3FC1FFA8CF781462644CDF808C0009773
:104D6000039203E00134E0B283455FD916F8012FC6
:104D700099F801301A42F5D02B78013B180660D41F
:104D8000334A009FDBB21A44E0B202E0013B19064D
:104D900054D412F8011D8142F8D105EB430191F87A
:104DA00019C0897E4CEA0121B942EFD2009798F8E8
:104DB000043098F8022098F803000133FF2B28BF35
:104DC000FF2303FB011198F8013043EA0223C1F3EA
:104DD0000F2143EA0040019B9847C0F307238DF859
:104DE0001400C0F307408DF815308DF816000598B3
:104DF000FFF7A4FC99F803201AF804308DF810008E
:104E0000C0F307219A42C0F307408DF811108DF8C6
:104E10001200A7D10F4BCAB25F689DF81010C3B241
:104E200020460134B847E0B283459FD8039A562AFA
:104E30008CBF0020012007B0BDE8F08F02990097D9
:104E4000B5E70299B3E700BF91270020AC99002095
:104E5000BE990020E8FD01084899002050990020E3
:104E60002DE9F04F0B7803EBC3035B00DBB203F1DA
:104E70001204E4B2572CA44628BF4FF0570C6345E8
:104E80008DB080F0DC80744E744F0890984606F226
:104E90000D1303EB08093B78059106EB48060393D5
:104EA0000994CDF818C0CDF810904546029207E05D
:104EB000069A0135EBB29A4206F1020640F2BE8034
:104EC000049B13F8012F0493059B5B781A42EFD0E3
:104ED000032263490AA809F08FFD039A089B9A42AE
:104EE00040F2B4800795029C5E4D984607EB03099B
:104EF0004FF0000B19F8013F96F8612099F808105F
:104F0000521A96F8601002FB02FAC91A01FB01AAB4
:104F10001FFA8AFABAF1010F40F28A80BAF5F75FF8
:104F20009DBF4FEA5A1C0CF1080C5FFA8CFC4FF045
:104F3000FF0C0120CDF808B007E0FF2B7BD00EF16D
:104F4000010E5FFA8EF0604519D800EB0C035B1080
:104F500003FB03FB1FFA8BFBD3459E46EDD90EF1F5
:104F6000FF3E5FFA8EFC00EB0C0E4FEA6E0E0EFB5E
:104F70000EF360459BB202D85345F0D8DFE7431EDD
:104F8000DDF808B0DBB295F804C007EB480E0CF171
:104F9000010C9EF819009EF81AE08DF82AB0BCF1B9
:104FA000FF0F28BF4FF0FF0C40EA0E200CFB000063
:104FB000C0F30F2000900A98A04708F10108039A57
:104FC0008DF828005FFA88F3C0F3074B9A42C0F3CC
:104FD00007208DF82AB08DF829005FFA8BFB89D85D
:104FE000AA46079D02949AF8033003FB0BBB4FEAD5
:104FF0002B238DF82A300A98FFF7A0FB059B8DF82C
:105000002C00DA78184B5B5DC0F307219A42C0F39D
:1050100007408DF82D108DF82E007FF449AF134B0B
:10502000CAB25C689DF82C10C3B22846A0473FE77F
:105030005FFA8AF3A7E7DDF808B0A4E7099C562CCD
:105040008CBF002001200DB0BDE8F08FDFF814A068
:105050004FF0000BC7E700BF84260020AC9900206A
:10506000499900204899002050990020E8FD010846
:105070002DE9F04F0478254A04EBC4046400E4B23F
:105080005378917804F1120906465FFA89F9D078CD
:105090004F4643EA012383B0572F43EA004028BF1D
:1050A0005727FFF74BFBBC42C0F307238DF80400E2
:1050B000C0F307408DF805308DF806001ED2144D60
:1050C000DFF85080DFF850A005EB040B1BF8012F30
:1050D00073781A420ED018F80430F2789A4209D147
:1050E000DAF804509DF806309DF805209DF804106C
:1050F0002046A8470134E3B29F42E7D8B9F1560FE2
:105100008CBF0020012003B0BDE8F08F489900203B
:105110009127002050990020E8FD01080149FFF780
:10512000B9BC00BFCD4601080149FFF763BB00BF12
:105130005D4501080149FFF7ADBC00BF55410108BD
:105140000149FFF7A7BC00BF7D4101080149FFF7F6
:10515000A1BC00BFB14101080149FFF79BBC00BFE2
:10516000E94101080149FFF745BB00BF3D42010885
:105170000149FFF70BBC00BF714201080149FFF76D
:1051800005BC00BFE54501080149FFF733BB00BF7F
:10519000554601080149FFF7EFBC00BF2543010850
:1051A0000149FFF7E9BC00BF794301082DE9F0414F
:1051B0000478C278817882B00546002C3DD13A4B04
:1051C00018793A4B1030FF281B8828BFFF2000FBBE
:1051D00003331B1203EB430000EB001000EB002035
:1051E00003EB80039BB243F23330834242D8304812
:1051F000304F038803EB432603EB860303F5585334
:105200001933038003EB1323DBB2C3EBC30003EBBF
:105210008003C3EB8303C3F30F2327F81230B84690
:1052200000293BD001271226204601342946E4B24A
:10523000FFF788FAB442F7D315E004EBC404640026
:10524000E4B204F11203DBB2572B1E4628BF5726E7
:10525000562B8CBF0027012749B9164B984633F8C7
:1052600012309C420ED9384602B0BDE8F081B442FB
:10527000DAD3F8E70029D5D10E4B984633F812302F
:1052800001271226B342EED2D8B229460192FFF787
:1052900059FA019A582328F81230E4E71226B3424B
:1052A0004FF00107DFD2EFE748990020A8990020CE
:1052B0002428002008280020024B00200021C3E9F8
:1052C00000017047D86B0020F0B50378C67883B032
:1052D0000446002B63D0594D2A78002A55D1584AEC
:1052E000584D0021117035F8162003EBC3035B0005
:1052F000DBB203F112069342F6B240D8572E334682
:1053000028BF572393423AD94F4B1344627893F8FE
:105310000E31134233D04D490B8803EB432203EB8C
:10532000820343F21960034403EB132292070B80BC
:105330006AD50023ADF800308DF802300098FFF7F1
:10534000FDF9C0F307238DF80530E3788DF80400EC
:10535000C0F307403E4A8DF8060035F81300125C92
:105360009A4209D13B4B9DF805205F689DF80410D7
:105370009DF80630B847E378582225F81320562EBA
:105380008CBF0020012003B0F0BD03F0FFFB324BC7
:10539000002243F826002A702378E6789FE7284AFF
:1053A000012303FA06F113780B4313702A4B53F8C9
:1053B000260003F08DFB294AE17812792378C2F5A3
:1053C000A07282421CD221481C4E02881D4D4FF013
:1053D0000107377002EB422602EB860202F55852B3
:1053E0001932028002EB1222D2B2C2EBC20002EBEF
:1053F0008002C2EB8202C2F30F2225F8112074E76B
:10540000104D35F8112070E703EB432203EB8203C4
:10541000034403EB432203EB820202440A8002EBC3
:10542000122203EB1323C2F346028DF8003002F17F
:105430007F038DF80130094BDB787DE7D36A0020CC
:10544000D46A00200428002084260020242800207C
:1054500050990020E8FD0108D86B002048990020F1
:105460002DE9F04F4E4E06EB001387B013F801A064
:10547000BAF1FF0F76D04B4A02EB00138C460B4477
:105480000AF1300A8146059306EB4A0B3446114671
:10549000002560468C46A64600275FFA85F80291F3
:1054A000039404951EF8011BFF294CD0C8455CD01D
:1054B000303106EB410316F811105C789BF801308F
:1054C0001B1B16F81A4003FB03F3641A04FB043495
:1054D000A4B2012C59D9B4F5F75F9DBF6109083119
:1054E000C9B2FF210123019705E0FF2D4FD0013202
:1054F000D3B28B4213D85D186D1005FB05F7BFB210
:10550000A7422A46F1D9013AD1B2CA18521002FB79
:1055100002F58B42ADB202D8A542F4D8E7E7013BD1
:10552000DBB2282B019F0ED8A3F1180110292CD82B
:10553000C3F128039CF800100B449BB2FF2B28BF3B
:10554000FF238CF800300137FFB2102F0CF1010C53
:10555000A8D102A932C90135062D04F1100401F1C8
:10556000100197D107B0BDE8F08FB842A0D1059ADD
:10557000137801372033FF2BFFB228BFFF23102FF2
:1055800013700CF1010C8DD1E3E71023D2E7019FDA
:105590000137FFB2102F0CF1010C83D1D9E700BF06
:1055A000842600200C6B00200149FFF7AFBB00BF31
:1055B000CD4301080146024A0020FFF751BC00BF5D
:1055C000094401080146024A0020FFF749BC00BF18
:1055D00051440108044B054A1B78013B23EAE3735D
:1055E0000146D8B2FFF73CBCAC990020CD4401087D
:1055F000044B054A1B78013B23EAE3730146D8B20A
:10560000FFF72EBCAC99002019450108F8F772B9D4
:10561000F8F7F6B908B50348FDF736FB024B002250
:105620001A7008BD48990020D56A002009480A4927
:1056300008B51523032200F8013B09F0DDF9054800
:105640004FF67F738380FDF71FFB044B00221A7017
:1056500008BD00BF4899002054F50108D56A002014
:105660000020704730B583B0044601911546FFF71E
:10567000F7FF064B019903EB04135B5CFF2B02D091
:10568000421C2B54D0B203B030BD00BF8426002092
:10569000704700BF2DE9F04F037803EBC3077F008D
:1056A000FFB207F11202D5B289B082780290572D6D
:1056B000AB4628BF4FF0570B002A40F0A880002BC4
:1056C00000F08F80674B0493674E0595D946DFF84D
:1056D000B8B14FF00008A6F1100AA6F110045D461B
:1056E000CDF80CB0019614F8013BBB425BD34B459F
:1056F0000AEB030108F1010255D2029E91F80E1146
:10570000737819425FFA82F84DD095F800B0ABF18A
:1057100055026FF05501002AA8BF8B1A534AB8BF33
:105720000B468DF8183093788DF819300BF1AA03D9
:10573000FF2B28BFFF2303EB4303D2780233DBB2F6
:1057400002FB03331B128DF81A300698FEF7F6FFA2
:10575000474B14F8012C96F803C0995C8DF81C0097
:10576000C0F307238DF81D308C45C0F307438DF837
:105770001E3009D13F4B9DF81C105E689DF81E300D
:1057800010469DF81D20B0473B4B1B785BB1029B38
:105790001A78049B1B780BF1FF3B2BEAEB7B9A42B8
:1057A00018BF85F800B0019BA34205F101059AD10D
:1057B0001E46324BDDF80CB0B34206D0B8F1110FE3
:1057C00006F110060BF1100B87D9059D029B049A78
:1057D0001B781370562D8CBF0020012009B0BDE846
:1057E000F08F204B04931B78002B3FF46DAF244CBB
:1057F000208803F065F9204B18288CBF0122002275
:105800001A707FF661AF03F0FBF920805CE71D4E54
:1058100090F80380DFF85CA001956FF48679A9EB1E
:10582000060906F20D1406F5B27601E0B44210D076
:10583000204614F8013FB8EB131FF7D14844DAF8BB
:105840000450FFF725FF00231A461946A847B44223
:10585000EED10D48019D6022002109F081F8029BE4
:105860001B782CE7D26A002094260020489900205B
:1058700050990020E8FD0108D06B0020E4260020AC
:10588000D26B0020842600200C6B00202DE9F04F05
:105890000178DFF8F4A24A1C02EBC20289B0520080
:1058A000D2B29AF803500592827883462B467AB991
:1058B000002900F0F280DFF8D4A201238AF800303A
:1058C000059B562B8CBF0020012009B0BDE8F08F4E
:1058D000A54EC778DFF8A49200956FF48678A8EB00
:1058E000060806F20D14019506F5B27601E0B44201
:1058F00010D0204614F8013FB7EB131FF7D14044F6
:10590000D9F80450FFF7C4FE00231A461946A847E9
:10591000B442EED1954E019B009D0396602200217A
:105920003046009309F01CF8914A002111709BF851
:105930000020002ABFD19AF80340009BA54201D065
:1059400000F281802546DFF844A203EB43099AF870
:105950000000FF21B1FBF3F304934FEAA903029384
:105960004FEA990218B183490B7801330B70DFF8C5
:10597000F891DFF8F8C100959046039BCDF804C07C
:10598000ACEB0307FFB266460024E5B280B1784B6A
:105990001B782B4378D0337853B1009A934207D2C7
:1059A000744A049912788A4204BF03F1FF333370BA
:1059B000284606AA3946FFF753FE230119F803309B
:1059C000FF2B04D00DEB000201301376C0B2C0B142
:1059D00032789DF81800684B9BF803101B5C424519
:1059E00043D999420DD1654B02995D68009B521ACB
:1059F0005B1A01FB02F292FBF3F2D3B21946009A52
:105A0000A8470134062C9AF8000006F11006BCD114
:105A1000DDF804C05A4B0CF1010C634509F1010992
:105A2000ABD1009D68B1534B049A1978914204BFE1
:105A3000002119704E490B780133DBB21C2B2FD893
:105A40000B7000233AE706F160007036A0F16001A8
:105A50000A7812FB04F2B2FBF5F201F8102B88422F
:105A6000F6D10130B042F1D16CE79942C9D1009B27
:105A700013FB02F2029BB2FBF3F2404B5D68002382
:105A8000D2B21946A847BCE708F0DCFE3D4B98426D
:105A900081DCDDE900231A708AE7344A039252E779
:105AA00000230B70039B4FF04F086FF03F0C052451
:105AB00003F15001A3F10F0703F1600E05F1FF3967
:105AC0005246052C084607EB0803164620D10278FB
:105AD000AA4232D013F8012B95420ED901308645E7
:105AE000F5D1013C14F0FF0432460CF1100CA8F182
:105AF0001008E6D1B246A4E7009C03F8019C0130EF
:105B00000CEB0302864502F80850EAD0052CDED0E3
:105B100002469A4600949AF800400133AC4202F1E2
:105B2000010003EB0C0B12D3704503F8019C0246F5
:105B30000BF8085016D09A46EDE780F8009013F85D
:105B4000012B9542D9D901307045C0D1C9E77045C4
:105B500002F1020206D01C78AC420AF10203CBD259
:105B60007245E8D1009CBCE784260020706B0020C1
:105B7000D16A0020D06A002050990020E8FD010879
:105B8000806B0020545555054899002000280020BE
:105B900010B5DFF824C084B0DCF804400391029211
:105BA0000193FFF775FD019B029A0399A44604B087
:105BB000BDE81040604700BFE8FD0108014B9B684D
:105BC000184700BFE8FD01088C4611461A460A4BEB
:105BD00013F80C30834200D0704700B5074883B0FB
:105BE000406801909DF810306046DDF804C003B0B5
:105BF0005DF804EB604700BF50990020E8FD010804
:105C00002DE9F04F87B0804689461546FDF79CF890
:105C100050B165B9494B1A78082A00F282802A46A9
:105C200049464046F8F7E8F807B0BDE8F08F04AA07
:105C300049464046FFF714FDDFF80CE10EEB081370
:105C4000044613F80930FF2B04D00DEB0002013499
:105C50001374E4B2394B1A782244082A2ADCF4B1CE
:105C60001A781444E7B20DF10F060024981816F8BC
:105C7000011F417401F1300C03EB420101324C76FB
:105C80008C760EEB4C01D2B21EF81CC0497880F81D
:105C900001C0BA424172E9D11A70002DBFD0284B21
:105CA0001B7803F0FC03402BB9D149464046FFF76F
:105CB000D7FBB4E7C4F10807620002F1190B7A00C0
:105CC000009204F11102611C04F1090A0192029789
:105CD0001C4E039319443A46304608F08DFE039B50
:105CE0003A4603EB0A0106F1080008F085FE039B23
:105CF000009A009303EB0B0106F1180008F07CFEFC
:105D0000DDE900133A46194406F1100008F074FE6C
:105D1000029B06F8013C002CBFD0DFF82CE0009B72
:105D20009EE7082710201122CDE9000202974FF0CC
:105D3000190B4FF0090A01212C46C9E7D86A002047
:105D400048990020D96A002084260020704700BFAF
:105D500070B5764B1B78834284B0054636D0744CC0
:105D60007448012357220021A37008F0F9FD08228E
:105D70000DEB02001721FDF76FFD6F4B019303221E
:105D8000581C0DF1090108F037FE019B9DF80C200D
:105D90001A715B7962789A4206D068496370002272
:105DA0008B68104611469847182D00F2B780DFE83F
:105DB00005F098948F8A85807B76716C67625D5858
:105DC000545038342F29473C4D251A005A4B5C4912
:105DD0001A780978564C02F003028A420CBF00225E
:105DE0000122A270D5E75248F7F70AFE2378013363
:105DF0002370002800F0898004B070BD4C48F7F78C
:105E000079FDF3E74F4A4A490020FFF729F8EDE70B
:105E10004D494748FEF77AFFE8E74548FFF736FD6A
:105E2000E4E74348FFF736FCE0E7484B484A187878
:105E30003F49013820EAE070C0B2FFF711F8D5E71A
:105E4000444A3B490020FFF70BF8CFE73F4B424A5B
:105E5000EDE73748FFF738FAC8E73548FFF7A6F906
:105E6000C4E73E493248FEF787FEBFE73C49304869
:105E7000FEF782FEBAE73B492D48FEF7BBFCB5E7CB
:105E800039492B48FEF782FDB0E738492848FEF72C
:105E90007DFDABE736492648FEF7ACFCA6E7354961
:105EA0002348FEF7F7FDA1E733492148FEF7F2FD4D
:105EB0009CE732491E48FEF7EDFD97E730491C4844
:105EC000FEF7E8FD92E72F491948FEF793FC8DE7AE
:105ED0002D491748FEF7DEFD88E71548FFF7C8F89B
:105EE00084E7A378B3B1154B00229B681146104696
:105EF0009847F7F7DFF92378A2780133237022B9A6
:105F0000224B03221A7004B070BD204B02221A707B
:105F100004B070BD237801332370F1E723781B4A66
:105F2000013302212370117066E700BF182800209A
:105F3000142800205099002048990020E8FD01080D
:105F40001928002009440108CD430108AC9900201C
:105F5000CD4401085144010819450108794301085D
:105F60002543010855460108E5450108714201082D
:105F70003D420108E9410108B14101087D410108A4
:105F8000554101085D450108CD4601081028002053
:105F9000012070470120704700EBC0004300DBB2D6
:105FA00003F11202002063F30700D3B2572B28BF7E
:105FB000572382B063F30F2002B07047012070476F
:105FC0000120704708B5FFF7FBFF08BD174B70B500
:105FD0001B68174D174E9847174800241022FF21C1
:105FE00000F8194B08F0BCFC14481022FF2100F8FF
:105FF000194B08F0B5FC012328463370FCF742FE2C
:106000002B783470032B00D970BD2846152300F877
:10601000013B0B49032208F0EFFC4FF67F73284643
:10602000AB80FCF731FE347070BD00BFE8FD0108A5
:1060300048990020D56A0020AC990020D86A002039
:1060400054F5010838B51C4C237803F0030282F0A4
:10605000010262F301032370184B002105461970F9
:1060600010BB2378164813F0030F4FF003024FF0D4
:10607000180118D094F803C00CF11003BCF12F0FD5
:10608000DBB210D8E37015B1FDF7ECFBE9E72F2B7D
:1060900009D80CF120020CF13003D2B2DBB22F2A66
:1060A00098BF1A46E27038BD217801F0FC01172034
:1060B0001143FDF755FBD4E7489900201028002034
:1060C000499900200020FFF7BDBF00BF0120FFF766
:1060D000B9BF00BF10B50F4C237813F0030304BF02
:1060E0000D4A13702278E378012161F301022270D6
:1060F0002F2B09D8207810F0030003F1100304D0EF
:10610000DBB22F2BE370F5D910BDFFF79BFFE378CF
:10611000EEE700BF4899002010280020094A1378B4
:106120009B0702D0084B00211970137823F003035A
:10613000C3F385018900172001F0FC011370FDF7FE
:106140000FBB00BF4899002010280020054B1A788B
:10615000920702D0044A002111701A7822F003023B
:106160001A7070474899002010280020024B1878B8
:1061700000F00300704700BF489900200A4B1A78CE
:10618000920708D040B901201A78084960F38702C5
:1061900000201A7008707047182801D91820F3E7FA
:1061A00000F03F00F0E700BF4899002010280020D1
:1061B000014B18788008704748990020DFF838C0F4
:1061C0009CF8002093080133192B28BF0123910765
:1061D0000ED063F3870202F0030141EA83018CF8D9
:1061E0000020044A0023C9B217201370FDF7B8BA83
:1061F000704700BF102800204899002011480278FD
:10620000C2F38503013B13F0FF0302F0030211D137
:10621000BAB160214FF0180C03780B4A6CF3870376
:10622000037003F003031943C9B20023172013704E
:10623000FDF796BA2AB1182BEBD803F03F0C990062
:10624000EAE770474899002010280020044B93F893
:1062500000C01CF0030F02D058709970DA707047BC
:106260004899002000B583B00949032201A808F02D
:10627000C3FB9DF804109DF805209DF80630002012
:1062800061F3070062F30F2063F3174003B000BD12
:1062900049990020014B5878704700BF4899002069
:1062A000014B9878704700BF48990020014BD8787F
:1062B000704700BF48990020064803789B0707D025
:1062C0004378083300F8013F03221821FDF7CABACA
:1062D000704700BF48990020064803789B0707D005
:1062E0004378083B00F8013F03221821FDF7BABAB2
:1062F000704700BF489900200A4B1A7892070FD0C8
:1063000093F802C00CF1100CBCF1FF0F28BF4FF046
:10631000FF0C03221821581C83F802C0FDF7A2BA13
:10632000704700BF48990020084B1A7892070CD09C
:1063300093F802C0ACF1100C2CEAEC7C032218217B
:10634000581C83F802C0FDF78DBA704748990020A9
:10635000DFF82CC09CF800309B0709D09CF8033074
:106360001033FF2B28BFFF238CF8033010B9704780
:10637000FFF768BE032218210CF10100FDF772BA85
:106380004899002010B5154C237813F0030304BF7F
:10639000134A13702378E278012161F301032F2A55
:1063A000237008D80020FFF7D3FFE3782F2BF9D90B
:1063B000217801F00301237803F0FC03194317202F
:1063C000C9B2FDF7CDF9E3782F2B05D80120FFF7EF
:1063D000BFFFE3782F2BF9D910BD00BF48990020EB
:1063E000102800200B4B1A7892070FD093F803C0A7
:1063F0000CF1100CBCF1FF0F28BF4FF0FF0C032273
:106400001821581C83F803C0FDF72CBA0120FFF7B0
:1064100019BE00BF4899002008B50F4B1A789107A4
:1064200013D093F803C0ACF1100C03222CEAEC7CDF
:10643000581C182183F803C0FDF714FA064B1A788C
:10644000920702D0DB78302B00D908BDBDE80840A8
:106450000120FFF7F7BD00BF48990020024B1A78D2
:10646000920718BF1871704748990020014B18799E
:10647000704700BF48990020074B1A78920709D04F
:1064800019791031FF2928BFFF21C9B21B201971CA
:10649000FDF766B9704700BF48990020064B1A788F
:1064A000920708D01979103921EAE171C9B21B208D
:1064B0001971FDF755B9704748990020014B1860D4
:1064C000704700BF0C280020FCF712BC08B5034B36
:1064D0001B699847024B01221A7008BDE8FD0108AC
:1064E000086B002008B5034B5B699847024B0022FC
:1064F0001A7008BDE8FD0108086B0020014B1878F0
:10650000704700BF086B0020114B12491B78124ADC
:1065100070B5124C124E1070C3F301030B70237848
:1065200005461BB17369984700232370F3689847A9
:106530000DB923781BB10B4B03221A7070BDF9F70C
:1065400097FE0028F7D03369984701232370F2E7BC
:10655000489900201928002018280020086B0020E6
:10656000E8FD0108102800202DE9F041544D28686D
:1065700002F0AEFA044602F009FBDFF85CE12860A5
:106580009EF8007027B3C4F57F4C00210CF1FF0C7E
:106590003E46884606E023440131180A8E42537075
:1065A000907010D001F10C020EEB420253789078FB
:1065B00043EA00236345EED901318E4207F1FF37EC
:1065C0004FF00108EED1B8F1000F01D08EF8007045
:1065D0003C4B1B78002B2ED03B4C2378032B10D840
:1065E000DFE803F002441117384A394B2D68394867
:1065F0001D60002111703849292208F0FDF901239E
:106600002370BDE8F08100263046BDE8F041FFF779
:106610007BBF324D2B7823B13148FCF735FB00238B
:106620002B702B4B186802F053FA0F28E9D900237E
:106630002370BDE8F081FCF755FB2A4B1B6898429C
:10664000CAD8274B1E78B307C6D01F4C2378B6088C
:10665000032BD6D801A252F823F000BFE965010848
:10666000776601080966010813660108BDE8F04174
:106670000020FFF76DBB3046FFF76AFB002EC0D04D
:106680002378022B16D0114B1B78013B03EBC3037D
:106690005C00E4B204F11205EDB2572D28BF572576
:1066A00029462046FFF78AFC29462046FFF78AFC48
:1066B000BDE8F081FFF76CFCF5F748FDE3E700BFAC
:1066C000046B0020096B00201028002014280020F3
:1066D000A8990020AC990020D86A0020D56A002033
:1066E000489900200C2800200A4A034608B1107877
:1066F00008B11370704700B585B003930292019002
:10670000FFF726FB0198FFF7FFFE039B029A137029
:1067100005B000BD096B0020F0B583B001289DF8DD
:10672000204003D90023184603B0F0BD1F46124B8A
:106730001646002253F820000D461023114602F0A1
:10674000B9FBB0B1019005F00F010C4841F02001F8
:1067500001700221467002F0BFFB50B92146384655
:1067600002F0BAFB28B902F0C1FB019B184603B046
:10677000F0BD02F0BBFBD5E71C280020E06B002039
:106780002DE9F041434C064654F82000012500F065
:106790000F01BCB005FA01F12A4620F00F0006F007
:1067A00047F854F8263023F00F0203F00F030024BB
:1067B00005FA03F3138303210CAB22460095304600
:1067C0008DF83040FFF7A8FFAA2303278DF830305B
:1067D00000950CAB132203213046FFF79DFF0CAB55
:1067E00039460095142230464FF004088DF8307079
:1067F000FFF792FF0CAB39460095152230468DF815
:106800003080FFF789FF40238DF8303039460CABDC
:10681000009516223046FFF77FFF0CAB39460095F6
:106820001A2230468DF83040FFF776FF182206AB6B
:106830000092214622463046CDE90644CDE908447F
:10684000CDE90A44FFF768FF2146C0220CA808F0F2
:1068500087F8C02200920CAB224629463046FFF74B
:106860005BFF0D4A07CA0C2300936B4483E80700C3
:10687000414622463046FFF74FFF00950DF10B03CE
:106880002246394630468DF80B50FFF745FF3CB0A5
:10689000BDE8F0811C28002084F60108562822D883
:1068A00070B5DFF858E0144C1D461EF820300EEB92
:1068B000800003F0030EDA2390F801C003FB0E43BF
:1068C0008478C078064613F80C0088420CD00A4839
:1068D000DA2303FB0E00012300F80C100255855546
:1068E00080F8C03070BD7047185D9042EFD19B5D5D
:1068F000AB42ECD1F6E700BFE86B002078F9010865
:106900002DE9F04FDFF870801A4C81468A46934695
:10691000C4464FF0000EDA200CE003F80290BEF1FE
:10692000570F4FF0010203F806A083F8C02003F8C8
:1069300007B01CD018F82E309CF801209CF802609B
:106940009CF8037003F0030300FB03410EF1010EFA
:106950008D5C4D450B460CF1040CDED18D5D55452B
:10696000DBD1C95D5945D8D1BEF1570FE2D1BDE8A1
:10697000F08F00BFE86B002078F901082DE9F043A3
:106980002B4D05EB800415F820C02A4894F803E04D
:106990009046994662780CF0030CDA2303FB0C0353
:1069A00003EBD203012793F8C160A37802F0070438
:1069B000A74003F007050EF0070479B33E43DA2140
:1069C00001FB0C0101EBD20201EBD30182F8C160A3
:1069D00091F8C1200121A940B8F1000F24D042EA6A
:1069E0000105DA2202FB0C0202EBD30102EBDE020C
:1069F00081F8C15092F8C1300122A240B9F1000FD4
:106A00000FD01343DA2202FB0C0000EBDE0E012252
:106A10008EF8C13080F8D920BDE8F08326EA070659
:106A2000CDE723EA0203EDE722EA0105D9E700BF3B
:106A300078F90108E86B002030B5802183B0184850
:106A4000012205F0F5FE164A8023138302F050F967
:106A50000020FFF795FE0120FFF792FE002401239E
:106A6000E0B21A4619460134FFF788FF572CF6D1D9
:106A70000C4C0025237E43B96B1C022B04F1DA0475
:106A80004FF00105F6D103B030BD1823002200936A
:106A9000114623462846FFF73FFE00232376EBE707
:106AA00000040240A96C00200C4A002302F1C0003F
:106AB00012F8011F82420B44FAD1094A02F1C000C8
:106AC00012F8011F90420B44FAD107EE903A9FED65
:106AD000050AF8EE677A87EE800A7047E76B0020B8
:106AE000C16C002080FD814710B50E4B84B000249E
:106AF00093F8C02042B9621C022A03F1DA034FF076
:106B00000104F5D104B010BDC02200920121002281
:106B100020460393FFF700FE039B002283F8C0206A
:106B2000E9E700BFE86B0020014B80225A837047E1
:106B300000040240014B80221A8370470004024087
:106B400001F0A0BDF0B586461C4643189E45104690
:106B5000214633D200241EF8012B4240CD004FEADB
:106B6000C20C1CEB020C45EA527541EB05061CEB0E
:106B70000C004FEA41154FEA421C764145EAD265C6
:106B80001CEB000C45EB0605D701CE011CEB020CFB
:106B900041EB050510021CEB070C4FEA012146EA08
:106BA000526645EB060541EA12611CEB000C45EB11
:106BB0000105411914EB0C007345CCD1F0BD00BFA9
:106BC00008B5A0F5E8433F2B06D84B79C0B22BB9E6
:106BD00000F066F8002008BD012008BD00F044F870
:106BE000F8E700BF704700BF052806D8044B00EB4C
:106BF000400003EB8003D88870470020704700BF37
:106C00004824002010B500EB4004FFF7EDFF0E4ACA
:106C100002EB840203B2D18890885B1AA3EBC31302
:106C2000401A93FBF0F0002804DD10895B42401A03
:106C300093FBF0F06FF07E039842B8BF18467F28B0
:106C4000A8BF7F2000B210BD48240020054808B529
:106C5000837B03B908BD01F0E7FC0248002383737E
:106C600008BD00BF9C6D00200F2800D9704708B5F3
:106C70000A4AC1084FF0010C00F0070382F80EC069
:106C80000CFA03F312F801C0104643EA0C03535404
:106C900001F0CAFC014A0023937308BD9C6D0020DB
:106CA0000F2800D9704708B50A4A4FEAD00C0121D5
:106CB00000F00703917301FA03F312F80C10104669
:106CC00021EA030302F80C3001F0AEFC014A002374
:106CD000937308BD9C6D00202DE9F843124FDFF837
:106CE0004C9000253E462C464FF0010859F82530BF
:106CF0000133E0B208D0FFF785FFB6F902308342D6
:106D00001CBF708087F80E800134062C05F1030546
:106D100006F10206EAD1BB7B23B1034801F084FCF3
:106D20000023BB73BDE8F8839C6D0020482400203D
:106D3000052809D8054B03EB4000B0F902208A4230
:106D400002D0012241809A73704700BF9C6D0020E1
:106D500070B50024074E254656F824300133E8B2BA
:106D600001D0FFF73FFF0334122C05F10105F3D1E9
:106D700070BD00BF48240020FFF7AEBFFBF76CBF1B
:106D800008B50020FCF748FC00F0010008BD00BF7A
:106D900008B5FCF765FC40F6B83003F0A3FCFCF73F
:106DA0005FFCFFF7EDFF00B908BDFFF7E7FFBDE8A7
:106DB000084001F057BF00BF08B5FFF7E9FF08BD65
:106DC0000120704708B5FFF7FBFF08BD0E4B0F4AC7
:106DD0001B6910B50E4C6FEA133394F800C003F032
:106DE00001018C4582B00B46117000D148B10020E2
:106DF0000193FAF7A7F90198FFF7E4FF034A137824
:106E0000237002B010BD00BF00040240B06D00202E
:106E1000AC6D002008B5054820224FF4805105F0E4
:106E200007FDBDE808400120FFF7D0BF0004024085
:106E30000E4B0F4A186992F800C010B56FEA103077
:106E400000F001010B4C8C4582B0217001D102B0E1
:106E500010BD00200191FAF775F90198FFF7B2FF14
:106E60002378034A137002B010BD00BF0004024033
:106E7000AC6D0020B06D002010B5044682B00068F3
:106E80000DF10702012100F00BF923689DF80700BE
:106E90000133236002B010BD0420704700F082B8B7
:106EA00000F0A2B82DE9F84300F078F84FF000099F
:106EB0005FFA89F74FF000085FFA88F60024E2B223
:106EC00031463846FAF7E0F9E2B203463146384631
:106ED000013400F089F8102CF1D108F10108B8F163
:106EE000060FE9D109F10109B9F1040FE0D1BDE8BC
:106EF000F88300BF00F09AB800F0B4B8032803D8B4
:106F0000052901D80F2A01D90020704700F04AB89E
:106F10001020704708B500F0BFF880B208BD00BF70
:106F200000F0BEB800F0DEB808B500F039F8BDE8F2
:106F3000084000F0FBB800BF0F2800D9704770B5BB
:106F400082B0054600F0A8F8012101AA013800F03E
:106F5000A7F89DF80440D4B900F09EF80646C5B1E4
:106F6000A64201AA4FF00101204610D000F098F887
:106F70009DF804306A1E0134002BF1D112F0FF0598
:106F8000EED105480194002201A900F0C1FE02B033
:106F900070BD2C46F5E700BF796E0108704700BF51
:106FA000704700BF03281CD805291AD80F2A18D803
:106FB00010B5520002EB41124FF0C00382B010FB3B
:106FC000032303F61E500193FCF79CFB019B044630
:106FD00003F61F50FCF796FB40EA042080B202B093
:106FE00010BD0020704700BF03281DD805291BD8FD
:106FF0000F2A19D800B5520002EB41124FF0C00120
:1070000083B010FB012202F61E50190A0092019370
:10701000FCF7CEFB009A9DF8041002F61F5003B057
:107020005DF804EBFCF7C4BB704700BFC1B1F8B515
:1070300000F61E5714465618851ABF1A04E00020A1
:1070400004F8010BB4420AD06319B3F5407FF6D2BD
:10705000E019FCF757FB04F8010BB442F4D1F8BD7A
:10706000704700BFB1B1F8B500F61E571446561868
:10707000851ABF1A02E00134B4420AD06319B3F58D
:10708000407FF8D22178E0190134FCF791FBB4423B
:10709000F4D1F8BD704700BF40F2E270704700BF06
:1070A000F1B12DE9F84300F580561E3600248146E3
:1070B00088461546B61A234640F2E17707E00020DD
:1070C0000134A4B2444505F8010B234606D24B44D3
:1070D000BB42F4D8A819FCF715FBF1E7BDE8F8832B
:1070E000704700BF09B32DE9F84300F5805808F157
:1070F0001E08002407460E461546A8EB0208234644
:1071000040F2E17906E00134A4B2B44205F1010590
:10711000234608D23B444B45F5D8297805EB0800B7
:10712000FCF746FBEFE7BDE8F8837047F0B50023B6
:1071300085B0CDE90033CDE902337F2740F2E27616
:1071400041F21E05102E344628BF1024294622463F
:107150006846FCF711FB013F2544A6EB0406F1D17C
:1071600005B0F0BD47F61643984201D001207047A4
:1071700000B583B00191FBF7D3FB01994B7983B143
:1071800000F0AA0000280B4B13BF01220022292087
:1071900035201A7001F060FBFBF7B4FC002003B04F
:1071A00000BD044B1B78002B0CBF2920352001F0BB
:1071B00071FBF1E7B16D00204B7933B1A0F5E042EE
:1071C00091B2222904D91846704701231846704706
:1071D00000B583B094480192FBF750FD019A501E10
:1071E000212800F21A81DFE810F0120108010201E3
:1071F000FC00F600F000EA00E400DE00D800CE005B
:10720000C800C200BC00B600AC00A4009C00900006
:107210008A008400770071006B0065005F005900F0
:1072200053004800440040003A00340022007E49E8
:107230004B78C3F3C00282F0010262F3C3034B70C8
:107240007948FBF71DFDFAF743FE0023184603B00B
:1072500000BD754A537823F008035370F0E7724A73
:10726000537843F008035370EAE70020FBF70EFD64
:10727000E6E70120FBF70AFDE2E76B494B78DA43CA
:1072800002F0010262F3000362F341034B70D7E79F
:10729000654A537823F003035370D1E7624A537869
:1072A00043F003035370CBE75F4A537823F00203A4
:1072B0005370C5E75C4A537843F002035370BFE74D
:1072C000594A537823F001035370B9E7564A53786B
:1072D00043F001035370B3E753490B78C3F38002C3
:1072E00082F00102D2B262F3820362F3C3030B7035
:1072F000A6E74D4A137823F00C031370A0E74A4A1F
:10730000137843F00C0313709AE7FAF7E1FD46494E
:107310000B78C3F3C01282F0010262F3C7130B7043
:107320008EE7FAF7D5FD404A137823F080031370F7
:1073300086E7FAF7CDFD3C4A137843F080031370DB
:107340007EE739490B78C3F3801282F0010262F3C1
:1073500086130B7074E7344A137823F040031370DC
:107360006EE7314A137843F04003137068E72E4A02
:10737000137823F02003137062E72B4A137843F04D
:10738000200313705CE728490B78C3F3001282F0E6
:10739000010262F304130B7052E7234A137843F09F
:1073A000100313704CE7204A137823F01003137076
:1073B00046E71D4A137823F00803137040E71A4A82
:1073C000137843F0080313703AE7174A137823F051
:1073D0000403137034E7144A137843F00403137062
:1073E0002EE7114A137843F00203137028E70E4A80
:1073F000137823F00203137022E70B490B78C3F3D1
:10740000000282F0010262F300030B7018E7064AE3
:10741000137823F00103137012E7034A137843F043
:10742000010313700CE700BF28990020184B1B784C
:10743000D90707D5174B187840007F2809D850B9CD
:10744000012070479A0708D5124B187880007F28D2
:10745000F5D97F207047C0B270475B070AD40E4B46
:107460001B785BB10D4A0B4912780878934207D319
:10747000C000E2E7074B1878C000DEE7082070473D
:1074800010FB03F0C000B0FBF2F080B2D5E700BF04
:10749000B86D00202B280020B76D00202A2800207E
:1074A000144B1B78D90705D5134B1878800840B9C1
:1074B000012070479A0706D50F4B1878400800281E
:1074C000F6D0C0B270475B0711D40C4B1B78002B71
:1074D000EED00B4A08491278087893423CBF10FB63
:1074E00003F0B0FBF2F07F28E1D97F207047024B18
:1074F0001878F8E7B86D002027280020B66D002026
:107500002628002008B5A0F1CD03122B10D8DFE803
:1075100003F03A40454B1010101010101010181DB9
:1075200023292E0A3400234A137843F002031370F0
:1075300008BD214AD1385178012383400B43537051
:1075400008BDFFF7ADFF1C4B187108BDFFF7A8FF82
:10755000194B4042187108BDFFF7A2FF164B40427D
:10756000587108BDFFF79CFF134B587108BD114AB5
:10757000137843F00103137008BD0E4A137843F0EB
:107580000403137008BDFFF751FF0B4B4042D87046
:1075900008BDFFF74BFF084BD87008BDFFF746FF4B
:1075A000054B4042987008BDFFF740FF024B9870B2
:1075B00008BD00BFB86D0020BC6D00204D4BCD282C
:1075C00093F9042093F9021037D0CE280AD0CF289F
:1075D0001CD1002935DA0021997093F9031049B1C3
:1075E0006AB1704793F9030000282ADD0020D870A3
:1075F0000029F5D1404900200870002AF1D193F903
:107600000530002BEDD13D4A13707047D0283AD099
:10761000D9281DD0DA2831D0DB2826D0DC2842D06A
:10762000D1380E280DD8DFE800F03333333333334D
:1076300033330C0C0C0C594E430093F90300002813
:10764000D4DB0029CCD193F903100029C8D1D1E7AC
:10765000002AF6DD00221A710029D0D193F9032007
:10766000002ACCD1244A1170C9E793F905000028FB
:10767000E7DA002058710029B2D1E4E7002AE9DBFB
:107680000029ADD1DFE70029A5DC0029A8D1DAE780
:107690004FF0010C0CFA00FC587820EA0C005870EE
:1076A00000299DD1CFE793F905000028E1DCC8E768
:1076B000DFF84CC09CF8000020F004008CF80000BB
:1076C00000298DD1BFE7DFF838C09CF8000020F01A
:1076D00002008CF80000002982D1B4E7DFF820C056
:1076E0009CF8000020F001008CF8000000297FF4D5
:1076F00077AFA8E7BC6D0020B76D0020B66D002005
:10770000B86D002008B501F07BFA094B9A78D9785A
:107710000A431CBF074A10801A795B791A431CBFC1
:10772000054B1880BDE80840014800F035BF00BF98
:10773000BC6D0020B46D0020B26D002030B5B14C9E
:1077400094E80300030E85B043EA104300225BB2C5
:107750000290ADF80C106280A28063B1AA4B188829
:1077600001F0AEF9A9490B78002B68D0A84A12782D
:10777000904200F3CD809DF80C309DF80D2013430E
:107780000BD0A44B188801F09BF9A3490B78CBB11F
:10779000A24A1278904200F3BE809A4802A901F0F2
:1077A000D7F838B9A378E17822790B43134362798B
:1077B000134301D0FFF7A6FFDDE902012060A1809D
:1077C00005B030BD964A127802EB8202B0EB420F50
:1077D000E3DD01330B709DF90C209DF90D30002A7B
:1077E0007FD000930192FFF75BFE019A009B002A75
:1077F00040F3958041B22171002B40F0958094F9BF
:1078000005C0BCF1000FC8D000EB4003C3EB03136D
:1078100000EB830380331A120CEB4C03C3EB03130E
:107820000CEB830003B2002B227180F29A80803B24
:107830001BB2002BB8BFFF331B126371ADE7794A4F
:10784000127802EB8202B0EB420F94DD01330B7031
:107850009DF90A309DF90B503BB30093FFF7E6FD0D
:10786000009B002B40F3948042B2A270002D40F0A8
:10787000A68094F90330002B3FF47DAF00EB40026B
:10788000C2EB021200EB8202803203EB4301C1EB38
:10789000011103EB810319B212120029A270C0F288
:1078A000058180331B12E37065E794F90220002DF7
:1078B00065D00092FFF7BAFD4142CBB2002DC8BFA0
:1078C0000346009A5BB2E370002A3FF454AF02EB28
:1078D0004201C1EB011102EB810211B2002967DB09
:1078E000D2E794F90410002B3FD0CDE90013FFF745
:1078F000D7FD019B00994242D2B2002BC8BF02467D
:107900004FFA82FC84F805C000293FF446AFAAE094
:10791000FF2B9DD09AE7FF2B3FF45DAF59E7404224
:1079200041B22171002B59D001910093FFF7B8FDAE
:10793000009B0199002B40F3938001EB4103C3EBC3
:10794000031301EB83031AB2002A40B2C0F2B580E0
:1079500000EB400280331B12C2EB0212237100EBDA
:10796000820080300312637117E700293FF415AFDE
:1079700094F905C0BCF1000F3FF40FAF73E0002A8B
:107980003FF4F9AE94F90330002B3FF4F4AE9EE7D8
:10799000404242B2A270002D46D194F90330002B30
:1079A0003FF4E9AE02EB4201C1EB011102EB8101B0
:1079B00080390AB2002ABFF668AFFF3265E700924D
:1079C000FFF734FD002D009A014657DD02EB42011E
:1079D000C1EB011143B202EB810255E794F905C0F6
:1079E000BCF1000F3FF4D9AE01EB4102C2EB021231
:1079F00001EB8202803A12B2002AB8BFFF321212A3
:107A00000AE700BFBC6D0020B46D0020B76D0020F8
:107A10002C280020B26D0020B66D00202828002000
:107A2000292800202D2800200092FFF7FFFC002DC0
:107A3000009A014622DD02EB4203C3EB031302EB83
:107A40008303803B1BB2002B41B2B8BFFF3301EB75
:107A500041021B12C2EB0212A37001EB820320E76A
:107A600040424FFA80FC01EB4103C3EB031301EBEF
:107A700083031AB2002ABFF6CDAEBBE702EB420386
:107A8000C3EB031302EB83031AB24942002A49B243
:107A900021DA803A12B2002A01EB4103B8BFFF326B
:107AA0001212C3EB0313A27001EB830180390BB2F6
:107AB000002BBFF6F7AEFF33F4E6803A12B2002A8D
:107AC00000EB4003B8BFFF321212C3EB0313227165
:107AD00000EB830045E701EB410280331B12C2EB50
:107AE0000212A37001EB8201E0E700BF10B4064868
:107AF000064C0749074A0023237003700B7010BC23
:107B000013609380704700BFB66D0020B76D0020F2
:107B1000B86D0020BC6D00202DE9F041C308774A04
:107B2000774ED55C774C00F00702305CE45C07468A
:107B30007548C35C13411441154113F0010382B031
:107B40000E4604F0010405F0010543D1BCB93846E6
:107B5000F9F74AFE002E50D06C4B40F2E730214638
:107B6000E6FB03014FF47A720023F0F7F5FA804642
:107B700002F0B8FD002D70D102B0BDE8F081E62022
:107B80000193F9F749FD002E72D0019B5F4A40F244
:107B9000E730E6FB020319464FF47A720023F0F750
:107BA000DBFA04468046F6F739FE204602F09AFDDD
:107BB00031463846F9F718FE204602F093FDE620DC
:107BC000F9F7D4FDF6F72AFE204602F08BFD002DD2
:107BD000D2D042E0E120F9F71FFDE6B9012002F022
:107BE00081FD002C73D121463846F9F7FDFD0120B7
:107BF00002F078FDE120F9F7B9FD012002F072FDF5
:107C0000002DB9D02C20F9F717FE012002B0BDE8F5
:107C1000F04102F067BDF6F701FE3C4B40F2E73061
:107C20000021E6FB03014FF47A720023F0F794FA87
:107C3000804602F057FD7CBB31463846F9F7D4FD4B
:107C4000404602F04FFDE120F9F790FDF6F7E6FD22
:107C5000404602F047FD002D8ED02C20F9F7ECFDB8
:107C6000F6F7DCFD404602B0BDE8F04102F03ABD57
:107C7000012002F037FD31463846F9F7B5FD012005
:107C800002F030FDE620F9F771FD012002F02AFD37
:107C9000002D3FF471AFB5E7E620F9F7BDFCF6F72C
:107CA000BDFD404602F01EFD31463846F9F79CFD09
:107CB000404602F017FDE620F9F758FDF6F7AEFD55
:107CC000404602F00FFDE120F9F750FDBEE7E62047
:107CD000F9F7A2FC012002F005FD31463846F9F71C
:107CE00083FD012002F0FEFCE620F9F73FFD0120B4
:107CF00002F0F8FCE120F9F739FD7EE784FF010886
:107D000004FF010894FF0108A4FF0108A0860100F8
:107D10002DE9F0479046434ADFF80C9140F2E733F3
:107D20000E460021E8FB023107464FF47A721846EE
:107D30000023F0F711FA82463046B847002838D0C1
:107D4000012860D13046B847431E0446032B26D88D
:107D5000DFE803F04F4031023046B84719F80030F1
:107D60005B07044659D500253046B84719F800107E
:107D7000303C05EB850511F0040104EB4505044694
:107D8000F2D1002D49D0274B40F2E730C5FB03016B
:107D90004FF47A720023F0F7DFF902F0A3FCF6F754
:107DA0003DFDB8F1000F32D0504602F09BFC002C94
:107DB000C2D1BDE8F0873046B847F9F7D7FCF6F7EF
:107DC0002DFDF6F72BFDB8F1000F0ED0504602F056
:107DD00089FCB1E73046B847F9F71EFCF6F71EFDFF
:107DE000F6F71CFDB8F1000FF0D1012002F07AFC8B
:107DF000A2E73046B847F9F71FFDF6F70FFDB8F1D7
:107E0000000FF2D0E2E74146FFF786FE94E701203B
:107E100002F068FC002C8FD1CBE7012002F062FC5D
:107E2000BDE700BFA0860100BC05020810B541797E
:107E300084B09DF8184051B93A490978914227D049
:107E400002F12003DBB2072B18D904B010BD354B6B
:107E500001921A7000F0D4FE019A334902F1200316
:107E6000DBB2072B0880F0D802F007020120904017
:107E7000C0B204B0BDE81040F9F7E6BC02F007025A
:107E800001209040C0B204B0BDE81040F9F7E6BC54
:107E90002548019200880393029100F011FEC72843
:107EA000019ACDD8039B029903F120029942D2B2E4
:107EB0000CD001F12000C0B2072827D9072A15D914
:107EC000204604B0BDE81040F9F7B6BC2046029148
:107ED0000192F9F7B1FC019A0299072AB5D801F08D
:107EE000070101238B40DBB21846CCE7012203F0E7
:107EF000070302FA03F3DBB218460193F9F7A4FC77
:107F00002046F9F799FC019B1846BCE701F00701F0
:107F100001208840C0B202930192F9F79FFC029BB6
:107F2000019ACBE7C46D0020C26D002000B5A0F51A
:107F3000F843183B83B00846062B46D8DFE803F029
:107F40000F18212A333C040028230093E522012343
:107F500047F61E41FFF76AFF002003B000BD26234D
:107F60000093E022E12347F61841FFF75FFFF3E7B4
:107F700027230093E422E52347F61941FFF756FF34
:107F8000EAE72622E123009247F61A411A46FFF754
:107F90004DFFE1E72722E523009247F61B411A46F1
:107FA000FFF744FFD8E726230093E222E12347F6B8
:107FB0001C41FFF73BFFCFE727230093E622E52391
:107FC00047F61D41FFF732FFC6E74B7913B1024B6D
:107FD00000221A700120C0E7C46D002010B547F6DA
:107FE0007743984282B00DD047F67843984202D04A
:107FF000012002B010BD4B79FBB100F027F8FAF771
:1080000029F805E04B799BB900F01AF8FAF732F835
:1080100000F016F8044600F019F8019000F01CF882
:10802000019902462046FAF7C5F9002002B010BDBA
:1080300000F006F8FAF70EF8EAE700F007F8E5E7CF
:10804000014B1878704700BF30280020014B18788A
:10805000704700BF2F280020014B1878704700BFE1
:108060002E28002000B583B00DF107020DF10601A6
:108070000DF1050000F00EFA9DF80530262B02D018
:10808000002003B000BD9DF80630082BF8D19DF804
:108090000700A0F10300B0FA80F0400903B000BD72
:1080A000704700BF704700BF08B500F0F1F9FF222C
:1080B0001146104600F00CFA0020FFF7F3FF0020F5
:1080C00000F022FAFEF7EEFEFEF72EFFBDE80840B4
:1080D00003220821262000F0FBB900BF00B583B0C1
:1080E000FFF7DEFF00F00AFAFFF7DCFF0DF10702F1
:1080F0000DF106010DF1050000F0CCF99DF80530F9
:10810000262B18D000F0C4F9FF221146104600F0CB
:10811000DFF90020FFF7C6FF002000F0F5F9FEF7B9
:10812000C1FEFEF701FF03220821262003B05DF8FF
:1081300004EB00F0CDB99DF80630082BE2D19DF894
:108140000730032BDED103B000BD00BFFDF7BABF7F
:1081500008B54B792BB1A0F5EE427F2A04D9184619
:1081600008BD0123184608BDC0B2FEF7E5FE002396
:10817000184608BDFF230370704700BF10B5037891
:10818000013B0446032B06D8DFE803F0150D020679
:10819000FEF76CF9607010BDFEF77CF86070FEF7BA
:1081A0007FF8A07010BDFDF7E1FF0028F2D0FDF7C9
:1081B000FFFF6070EFE7FEF779F8607010BD00BF59
:1081C00038B51C4903780446012208789A400243D6
:1081D000013B0A70032B2CD8DFE803F018120D02C4
:1081E0006578A478FEF762F8214602462846BDE885
:1081F0003840FEF72BB86078BDE83840FEF72EB95E
:1082000063787BB9BDE83840FDF7A0BFFEF742F8C0
:108210000546FEF745F8627801462846BDE8384035
:10822000FEF714B8FDF756FF6078BDE83840FDF75B
:10823000A5BF38BDC56D002008B51B4A1378022BB9
:1082400008D0042B0FD0102B16D0082B22D00023DF
:10825000137008BD154B1A20D978FBF781FA124A22
:108260001378042BEFD1114B17201978FBF778FA0C
:108270000D4A1378102BE8D10C4B18205978FBF7D6
:108280006FFA0A4B19209978FBF76AFA064A1378B5
:10829000082BDCD1054B1B201979FBF761FA024A48
:1082A0000023137008BD00BFC56D00204899002051
:1082B00008B54378032B02D0FFF75CFF08BD0346E7
:1082C00013F8022B082A08D0092A0ED0072A09D150
:1082D0001846BDE80840FFF773BF1846BDE80840E0
:1082E000FFF74CBFFF23037008BDBDE80840FFF750
:1082F000A3BF00BF70B582B006460C461546F4F722
:1083000017F9B0B92378013B122B0BD8DFE803F043
:1083100018271D2F46381313130A0A527E736865F7
:1083200061563B00FF2323702A4621463046F4F76E
:1083300001F902B070BD29462046FFF7B9FFF3E707
:1083400000220C236270A370EEE76378022B00F02A
:108350008C80052BE6D1A078FFF7F8FEE4E7637880
:10836000013B032BDED8DFE803F07D735D57E27835
:10837000A1786078FEF792FD030A23716071D3E75C
:10838000FEF790FDD0E76078A378E17840EA03201B
:1083900040BA221D80B2FEF7AFFDC5E762792379AE
:1083A000A178607843EA02235BBAE2789BB2FEF7D9
:1083B00077FDB9E7FEF7ACFD6070B5E76078A378AC
:1083C000E17840EA032040BA221D80B2FEF792FD18
:1083D000AAE7FEF761FD6070A6E7FEF7A5FDA3E73B
:1083E0006078A378E17840EA032040BA221D80B289
:1083F000FEF798FD98E76078A378E17840EA0320DB
:1084000040BA221D80B2FEF78BFD8DE7FEF782FD9C
:10841000030A6370A07087E70023A370E3702371E1
:10842000637181E7A378052B3FF67EAF2246D8B271
:1084300001920093FBF7F0F8009B019A0133107151
:10844000062B4FEA1020D07002F10202EFD16BE749
:1084500000F054F8030EA370030CE370030A2371B9
:10846000607161E700F092FBF4E7E378A07840EAFE
:108470000320237940EA0340637940EA036000BAAD
:108480000090FFF70FFE009800F03EF84CE700BFA9
:10849000704700BF10B5144682B040B1019040F65D
:1084A0001A500091FBF72EF9019B0099187031B119
:1084B00040F61B500091FBF725F90099087024B194
:1084C00040F61C50FBF71EF9207002B010BD00BF33
:1084D00010B582B00C46014640F61A500192FBF7E7
:1084E00067F9214640F61B50FBF762F9019940F607
:1084F0001C5002B0BDE81040FBF75AB908B540F671
:108500001D50FBF7FFF808BDC1B240F61D50FBF748
:108510004FB900BF014B1860704700BFCC6D002001
:10852000014B1868704700BFCC6D002008B500F003
:1085300089FAA0F10100B0FA80F0400908BD00BF3F
:10854000034B1B6813B11B6803B1184718467047EB
:10855000CC6D002008B5034B186810B1006800B15D
:10856000804708BDCC6D0020044B1B6823B15B68BD
:1085700013B1012101701847704700BFCC6D002076
:10858000044B1B6823B19B6813B106210170184787
:10859000704700BFCC6D0020044B1B6823B1DB6823
:1085A00013B1022101701847704700BFCC6D002045
:1085B0000C4B1A88824213D00B4A188013687BB187
:1085C0001B696BB100B583B0020A03218DF8050069
:1085D0008DF804108DF8062001A8984703B000BD5F
:1085E000704700BFC86D0020CC6D00200C4B1A886E
:1085F000824214D00B4A1880136883B11B6973B18F
:1086000000B583B00421020A8DF805008DF804102E
:108610008DF806200DEB0100984703B000BD7047B0
:10862000C66D0020CC6D0020154B1B6833B300B520
:10863000014687B0CA884088B1F804C08DF80D00A3
:108640008DF80F2008894A898DF80EC04FF0070E6B
:10865000B1F80CC08DF810008DF811200DF1130049
:1086600002228DF80CE08DF812C0019306F0C4F9D7
:10867000019B03A85B69984707B000BD704700BF26
:10868000CC6D0020034B1B6813B1DB6903B11847A5
:10869000704700BFCC6D0020094B1B6873B100B55B
:1086A00083B0811C0C220748019306F0A5F9019BB9
:1086B00005489B6903B05DF804EB1847704700BF9D
:1086C000CC6D00203628002034280020034A044BBB
:1086D00010781B781844C0B2704700BF7552002054
:1086E0007452002008B90020704700B583B0019093
:1086F000FFF71CFF019A10B10F4B1B7863B90F4BAA
:108700001868831C083013F8011F914211D083426E
:10871000F9D1002003B000BDEF2AF0D8084B1B6848
:1087200003EBD20302F007019B780B41DB07E6D590
:10873000F0E7012003B000BD74520020F0270020B4
:10874000EC27002090F803C08C452DD0002300B505
:10875000C21C9E46BCF1000F0DD00133062B4FFA10
:1087600083FE03D012F801CF6145F3D100BD12F8AA
:1087700002CF8C45FAD0052B03F1020305D092F805
:1087800001C08C45F2D0062BF1D1DFF824C0074A96
:108790009CF8003043F001038CF8003013787044EB
:1087A0000133C170137000BD704700BF75520020C7
:1087B00027990020EF290CD800EBD10001F0070128
:1087C000837843FA01F2D20704D501228A40134389
:1087D00083707047DFF81CC09CF8002042F0020252
:1087E0008CF80020DFF810C09CF8002001328CF8D3
:1087F0000020EAE72799002074520020EF2922D8B0
:1088000000EBD1034FF0010C9A7801F007010CFA4C
:1088100001F042FA01F122EA000211EA0C0014D040
:1088200000B5DFF82CE09A709EF800106046DFF883
:1088300024C041F002018EF800109CF800100139AC
:108840008CF8001000BD002070479A70704700BF80
:10885000279900207452002010B50446FFF766FEE9
:1088600018B1094B1B78062B06D0084B2146186817
:10887000BDE81040FFF766BF054B21461868BDE80C
:108880001040FFF797BF00BF75520020F02700206F
:10889000EC270020F8B50446FFF748FE10B1154B51
:1088A0001B78F3B9144B154F154E186897F800C094
:1088B00031784FF0000E831C7546083013F8012FF5
:1088C000A24205D11D704CF0010C01394FF0010E90
:1088D0008342F3D1BEF1000F02D087F800C031709F
:1088E000F8BD084B21461868FFF788FF0028D9D04B
:1088F000F8BD00BF74520020F02700202799002007
:1089000075520020EC27002038B5FFF70FFE0D4D03
:108910002C7860B90C4B1B68002244F00104DA701B
:108920001A715A719A71DA711A722C7038BD074B2C
:1089300018681E220021023006F012F844F00204EA
:10894000E8E700BF27990020F0270020EC2700204F
:1089500042784B789A4201D00120704790F902305A
:108960001BB191F902209A42F6D190F9033083B9F4
:1089700090F905301BB191F905209A42ECD190F99C
:1089800004000028E9D091F90430181A18BF01201A
:10899000704791F903209A42DED1E9E782B002B034
:1089A000704700BF00B583B0FFF7F8FF03B000BD0C
:1089B00000B5044B013083B0D8701868FFF7F2FFA0
:1089C00003B000BD4828002000B5044B032283B04B
:1089D000DA701868FFF7E6FF03B000BD48280020F2
:1089E00000B5044B013083B0D8701868FFF7DAFF88
:1089F00003B000BD4828002000B5044B012283B01D
:108A0000DA701868FFF7CEFF03B000BD48280020D9
:108A100000B5044B012283B0DA701868FFF7C2FF7B
:108A200003B000BD4828002000B50038044B18BF33
:108A3000012083B098701868FFF7B4FF03B000BD41
:108A400048280020014B9878704700BF4828002034
:108A500000B5044B83B058701868FFF7A3FF03B04C
:108A600000BD00BF48280020014B5878704700BF68
:108A70004828002000B5044B83B018701868FFF731
:108A800091FF03B000BD00BF48280020704700BF21
:108A9000704700BF704700BF704700BF10B5FFF7B9
:108AA000F5FFFAF7DDFDFFF7F3FF0024E0B2FAF778
:108AB000B3FD18B90134062CF8D110BD012010BD4A
:108AC00010B5044600F09CF8001B80B210BD00BF3A
:108AD00010B5044600F05AF8001B10BD84B0002306
:108AE000CDE90033CDE90233084AD2F8101AD2F8A2
:108AF000143AD2F8182A0292CDE9001384469DE870
:108B00000F008CE80F00604604B070470070FF1F34
:108B100008B501F06DFFBDE8084001F0E3BA00BF01
:108B200008B5F8F7DFFCBDE8084040F2A46001F0AA
:108B3000D9BD00BF08B5F9F721FFF9F757FFFFF7D7
:108B4000E3FEFEF7D3FF0020FFF732FD0020FFF722
:108B50004DFDBDE80840F8F7D3BC00BF08B5302391
:108B600083F3118801F05EFFDFF81CC00449054A59
:108B7000CCF8000000230B60136083F3118808BD5C
:108B8000D46D0020D06D0020D86D002070B501F0AC
:108B9000CFFA064601F046FFDFF860C0134ADCF862
:108BA00000301349C41A10680D68A0420ED905F1AF
:108BB0002375A3F5833305F55635E03B05F5C475FC
:108BC00004F58334CCF80030E0340D603046146096
:108BD00001F0B8FA0748084A4FF47A730021E4FB21
:108BE00003010023EFF7B8FA284470BDD46D0020CC
:108BF000D06D00209F860100A0860100D86D002066
:108C000008B5FFF7C3FF80B208BD00BFBFF34F8FA9
:108C10000549064BCA6802F4E0621343CB60BFF318
:108C20004F8F00BFFDE700BF00ED00E00400FA0534
:108C3000014B024A1A607047FCFF0020EFBEADDE18
:108C4000034A044B1068C01AB0FA80F0400970471C
:108C5000FCFF0020EFBEADDE014B00221A60704722
:108C6000FCFF002008B5FFF7E3FFFFF7CFFF00BFD1
:108C700008B5FFF7CBFF00BF08B5FFF7E1FF00B96C
:108C800008BDFFF7E9FF72B6BFF34F8FBFF36F8FD9
:108C900015494A6A22F480324A62D1F894C04FF0F2
:108CA000E02000232CF0010CC1F894C01A460361A7
:108CB0004FF0FF3183614361930003F1604303F59B
:108CC00061430132082AC3F88010C3F88011F3D140
:108CD000002383F31488054B1A6882F3088862B670
:108CE0005B689847FEE700BF00ED00E00000FF1F53
:108CF000184B10B51C7804B110BD0121197016482D
:108D00002246202103F094FD13482246802103F0DF
:108D10008FFD22464021104803F08AFD4FF47A70FF
:108D200001F0E0FC0C4840F29A22202103F080FD83
:108D3000094840F29A22802103F07AFD064840F269
:108D40009A22402103F074FD044802F053F9044BC9
:108D50001C7010BDDC6D002000000240DC9B002078
:108D6000F86D002010B504464F4802F0ABF9DFF86B
:108D700040E19EF800309BBB21684B1C30D0E2885C
:108D8000022A4FF0020306D95B009BB29A42FBD83D
:108D90009A1EFE2A24D82279DFF810C1D201ACF83D
:108DA00014206079022846D0032871D0012847D0CA
:108DB000202B1AD8032B25D9043B1C2B22D8DFE803
:108DC00003F04B212121592121212121212152214F
:108DD0002121212121212121212121212121600065
:108DE000314802F073F9002010BD802B2DD0B3F56F
:108DF000807F52D0402B05D1BCF8143043F02803BB
:108E0000ACF81430012421F00F0001F00F01CCF870
:108E10001010224604FA01F1CCF80C008EF8004044
:108E200003F006FD2149204802F0D2F81E4802F066
:108E3000F3F8204610BD42F00202ACF81420B7E768
:108E400042F00102ACF81420B2E7BCF8143043F051
:108E50003003ACF81430D5E7BCF8143043F0080305
:108E6000ACF81430CEE7BCF8143043F01803ACF87B
:108E70001430C7E7BCF8143043F01003ACF81430DA
:108E8000C0E7BCF8143043F02003ACF81430B9E765
:108E900042F00302ACF814208AE7BCF8143043F027
:108EA0003803ACF81430ADE7DC9B0020E06D002007
:108EB000F86D002000B585B04FF0010C019001A8BD
:108EC0008DF808108DF80920ADF80A30CDF80CC0E7
:108ED000FFF748FF05B000BD08B50246024802F0A2
:108EE000D5F8002008BD00BFDC9B002008B50B4B67
:108EF0001A7822B9BDE80840094802F0E7B80848E6
:108F000002F098F8064802F075F8044B0448002275
:108F10001A70BDE8084002F0D9B800BFF86D002013
:108F2000DC9B0020704700BF70B590F8443003F020
:108F30007F02212A05464DD003F09F02812A2DD0C1
:108F4000C02B0ED0514C04F5FC76D4F89C3028464A
:108F500013B1984700283BD1A834B442F5D1002082
:108F600070BD95F84530042BECD195F84910686830
:108F700095F84830446895F8472043EA012328468D
:108F800095F84610A0470028E9D04268002AE6D0AC
:108F90000368002BE3D0AA63002417E090F8452073
:108FA000062ACDD195F84910686895F8483044688C
:108FB00095F8472043EA0123284695F84610A04734
:108FC0000028CCD042680368AA630024EB632C64B9
:108FD000012070BD1A0614D590F84520022A30D021
:108FE000032A3FD0012A30D00A2A32D00B2A1CD0C3
:108FF000092A0ED003F09F03812BA3D1062AD1D0DA
:10900000A0E790F845300A2B23D00B2B0DD0092B6D
:1090100098D195F8483095F8492053EA022391D128
:109020001B4BAB631B4C0223D0E795F8483095F8F7
:10903000492053EA022324D000221346AA6314468F
:10904000C4E7BDE8704000F0BFBFBDE8704000F06D
:109050006DBE95F84700FFF70DFD2846BDE870404E
:1090600000F0E2BF90F8483090F8492053EA02241B
:109070007FF468AFFFF7E6FC074BAB631870012382
:10908000A4E795F84600FFF7CFFCD5E7A82A002013
:10909000086E002011910108046E002030B51B4CB1
:1090A00090F84450002383B0636090F8473090F804
:1090B00046C090F848E090F84A204CEA032C90F81B
:1090C00049304EEA032E90F84B3042EA032205F075
:1090D000E003C02B0DD0231D7146604600F07CFAE2
:1090E00063680A4A2060002B0CBF1846104603B084
:1090F00030BD009290F8451005F01F00251D734605
:109100006246019500F022FBEAE700BFFC6D0020FB
:1091100090F84A3090F84B10074A43EA0123022B9B
:10912000107807D1012802D0062800D07047507867
:10913000FFF78EBCFFF78CBC086E002010B5052928
:109140002AD8DFE801F003294F03032A4348444BA0
:10915000027893F800C0531C03F00F039C4504D021
:10916000DFF814C103700CF80210302383F3118868
:1091700000296ED03B4800F0B7FB3B4800F0B4FB41
:109180003A4800F0B1FB3A4800F0C2FB394800F021
:10919000BFFB002383F3118810BD302383F31188B4
:1091A000304800F0C5FB304800F0C2FB2F4800F00B
:1091B000BFFB2F4800F0C0FB2E4800F0BDFB002392
:1091C00083F31188254A264B117818784B1C03F03D
:1091D0000F039842E0D0284813704FF0050C00F8B8
:1091E00001C010BD302383F311881E4800F0A8FB96
:1091F0001D4800F0A5FB1D4800F0A2FB1C4800F034
:10920000AFFB1C4800F0ACFB002383F311881B4B21
:10921000124913481B780A7800785BB9531C03F095
:109220000F039842B8D014480B704FF0020C00F8AE
:1092300002C010BD531C03F00F0C6045ACD00E4CA7
:1092400081F800C04FF0050C04F802C003F00F02D3
:10925000E4E70120FFF7E8FB8CE700BFE899002076
:10926000E9990020A82A0020502B0020F82B00208C
:10927000942900201C2A0020D89900200A6E002082
:1092800008B510220021044805F06AFB0349044A8E
:1092900000230B70137008BDD8990020E8990020B6
:1092A000E99900202DE9F041DFF8C8802D4D2E4EC0
:1092B0002E4F2F4C287898F80030002183424BD055
:1092C000F25C013303F00F030121052AF6D80FF2F7
:1092D000080C5CF822F000BF49930108BD92010818
:1092E00035930108279301080D930108F1920108B5
:1092F000002288F800302270FFF71CFC97F84F100E
:10930000081E18BF0120FFF76BFBD3E797F84F103B
:1093100088F80030081E4FF0010218BF01202270AB
:10932000FFF752FBC6E70021084688F80030FFF738
:109330003FFBBFE797F84F1088F80030081E18BFB2
:109340000120FFF735FBB5E788F80030FFF754FB45
:109350000120FFF769FBADE709B188F80030BDE8EF
:10936000F08100BFE8990020D8990020709B002070
:109370000A6E0020E999002070B5134C064604F5EA
:10938000FC75204600F05CFA2046A83400F08CFA08
:10939000AC42F6D10D4800F071FA0C4800F094FA96
:1093A0000B4800F06BFA0A4800F08EFA304601F0E4
:1093B000B5FE41F2883001F095F930460549BDE827
:1093C000704001F095BE00BFA82A0020942900201B
:1093D0001C2A0020B4FF010800B5074B83B04FF0F2
:1093E000A80C0CFB00300023009342F2107300F035
:1093F0007DFB03B000BD00BFA82A002010B582B0DD
:109400000446FFF71FFB48B9009042F21073082290
:10941000611C084800F06AFB02B010BD00230093F5
:10942000092242F210732146024800F05FFB02B0AD
:1094300010BD00BFA82A002000B583B0002301465C
:109440000093202242F21073024800F04FFB03B059
:1094500000BD00BFA82A002000B583B0002301464C
:109460000093062242F21073024800F03FFB03B063
:1094700000BD00BFA82A002000B583B0002301462C
:109480000093032242F21073024800F02FFB03B056
:1094900000BD00BFA82A002000B583B0002301460C
:1094A0000093092242F21073024800F01FFB03B040
:1094B00000BD00BFA82A002000B583B000230146EC
:1094C0000093142242F21073024800F00FFB03B025
:1094D00000BD00BFF82B0020202900D0704700B548
:1094E00083B000230A460093014642F210730248FB
:1094F00000F0FCFA03B000BD502B002000B589B08D
:1095000001E0FEF7F7FE002320226946054800F03F
:1095100067FB0346202269460020002BF1D109B0E9
:1095200000BD00BF94290020FFF7A6BB704700BF15
:1095300008B5FFF7F9FF04F0CDFFFFF7F7FF08BD0F
:1095400008B505F053F8F7F71FFE08BDFFF760BA3E
:1095500008B5FFF795FE0448FFF70EFFBDE8084089
:1095600041F2883001F0BEB8709B00200148FEF740
:10957000D1BF00BF4C280020FFF794BE00F09ABC7A
:1095800000B5124B85B0012268461A70FFF7A6FAA3
:10959000DFF840C00E4900230CF1020E04AA02EBD2
:1095A000630212F8102C100902F00F02085C8A5CAA
:1095B0002CF813002EF813200233202BEED140F2AA
:1095C00042332CF8023C05B000BD00BF0B6E0020FA
:1095D000C4FF01080E6E002000B589B04FF0000CEA
:1095E000ADF81EC04FEA102C0CF1FF3CBCF1210F6E
:1095F00012D8DFE80CF029483011111111111111A6
:10960000111111111111111111111111111111114A
:109610001111111111113E1F4FF0000CC3F800C0C1
:109620000DF11E0CCDF800C0EFF758FFBDF81E007D
:1096300009B000BD71B30129EED14FF0220CADF895
:109640001EC0DFF8D8C0E9E74FF0120CADF81EC01D
:10965000DFF8CCC0E2E710F0FC0F5FFA80FC4BD1E2
:109660000CF1FF3CBCF1020F50D8DFE80CF02821D0
:109670002F00B1B10129CFD14FF0090CADF81EC0B8
:10968000DFF8A0C0CAE74FF06A0CADF81EC0DFF8E3
:1096900098C0C3E74FF4987CADF81EC0DFF88CC0CB
:1096A000BCE74FF0090CADF81EC0DFF884C0B5E789
:1096B0004FF01E0CADF81EC0DFF878C0AEE74FF0DB
:1096C000120CADF81EC0DFF870C0A7E7DFF86CC061
:1096D0009CF800C0BCF1000F07D1059304920391E0
:1096E0000290FFF74DFF02A80FC8DFF854C09CF8A6
:1096F00000E0ADF81EE091E7BCF1EE0F8CD14FF029
:10970000120CADF81EC0DFF83CC087E74FF0040C28
:10971000ADF81EC0DFF830C080E700BF3800020897
:109720002400020853290020282900205C00020898
:109730003A290020ECFF01080C0002080B6E002003
:109740000C6E0020D8FF01082000020830B587B059
:10975000BDF82840DDF82CC020B9042914D0864675
:10976000054602E04FF0000E7546CCF80050CDE9FA
:10977000004C0DF116040294ADF816E0EFF740FF2F
:10978000BDF8160007B030BD042B07D0052BE6D17D
:10979000002CE4D1034D4FF0280EE6E7024D4FF0C8
:1097A000280EE2E76C28002000290020426BD2F846
:1097B00088301978042907D192F88CC018890121C2
:1097C00001FA0CF3034200D0704700B585B003A93D
:1097D0001046019201F00EFA844640B1019A039BB3
:1097E00092F88C10D2F88800624601F023FD05B093
:1097F00000BD00BF436B1A6F1178042900D0704779
:1098000093F874C05089012101FA0CF20242F6D19A
:1098100000B583B01846019301F03EF9024660B1ED
:10982000019BD3F81CC093F87410186FACF10403BB
:1098300003B05DF804EB01F0E1BC03B000BD00BF74
:1098400000B590F8843000F15C0285B0C26413B1B9
:1098500000F170030365D0F89010DFF81CC0D0F859
:109860009430D0F898200290CDE9001C012101F03D
:1098700099F905B000BD00BFAD97010800B5816F33
:10988000DFF820C0D0F8802085B000F15C03CDE97E
:10989000001C03650290C36F012101F0D9F805B0E7
:1098A00000BD00BFF5970108302383F31188D0F87D
:1098B000883090F88C1003EB81030022986180F8C7
:1098C000A02082F311887047302383F3118890F829
:1098D0007430016F0933002241F8230080F884209E
:1098E00082F31188704700BF012310B56FF00101AA
:1098F0000372044600F03AFF204601F06DF9D4F8F7
:10990000A43023B1BDE81040DA681868104710BDD4
:1099100000B5012383B06FF001010372019000F0E4
:1099200025FF019803B05DF804EB01F0A9B800BF72
:1099300000230372704700BF00230372704700BF0B
:1099400010B500F1380290F88C100446D0F8880069
:1099500001F00EFC204601F03FF90023237210BDF8
:1099600010B5044601F08CF80022236F22721A7899
:10997000042A07D194F874005989012202FA00F3ED
:109980000B4200D010BD204601F086F802460028A8
:10999000F8D0E36994F87410206F043BBDE81040E0
:1099A00001F02CBC00EB81039B69002B5AD070B5F1
:1099B000302284B00D46044682F3118819695A6931
:1099C0000020914283F8A00048D004EB8502D268C1
:1099D0005269126882B903AE3146184601F00AF99D
:1099E00038B30246039B2946204601F023FC00239E
:1099F00083F3118804B070BDD3F8A42003AE6AB11C
:109A000003A91846019301F0F5F8019B039A01465A
:109A1000D3F8A400836800689847019B0193184617
:109A200001F0F8F8019B3146184601F0E3F80028F0
:109A3000D7D104EB8503DA681368022BD7D15369B9
:109A400019680029D3D0138A013B0B40CFD104F110
:109A500044022946204601F0EDFBC8E7DA68002AF7
:109A6000B3D0B8E7704700BF01F1090350F82330C5
:109A7000002B39D000B5302283B082F3118800EB7F
:109A80008100C2689269526802BB1A6F117804297A
:109A900017D193F874C05089012101FA0CF20242E7
:109AA0000FD11846019300F0F7FF024648B1019B21
:109AB000D3F81CC093F87410186FACF1040301F0D4
:109AC0009DFB002383F3118803B000BD93F874104D
:109AD0001A6F019302EB81021846D26892695168AD
:109AE00000F0E6FF019BD0E7704700BF70B582B081
:109AF0004FF0300C9DF818508CF31188D0F8884046
:109B000094F800C0BCF1040F04D0002080F3118849
:109B100002B070BD90F8A0C0BCF1000F12D10E468B
:109B20000446002181F3118831462046CDE9002307
:109B300001F084F8009A019B82420ED845B10120C1
:109B400002B070BD01334FF0FF3318BF0023E6E7CA
:109B5000204601F0DBF80120F2E70192009330216A
:109B600081F3118894F8A010002808BF41F001018A
:109B7000012084F8A01020726FF00101204600F04F
:109B8000F5FD204601F028F80021217200F018FDB3
:109B9000002181F31188009B019AC5E7302383F3EC
:109BA0001188026943699A4204D00020002383F39C
:109BB00011887047C36873B1D0F8883090F88C1062
:109BC0001A8901238B4013420CBF0120002000237F
:109BD00083F3118870471846002383F31188704778
:109BE00010B54FF0300C82B08CF31188046F94F8EC
:109BF00000C0BCF1040F04D0002080F3118802B033
:109C000010BD90F884C0BCF1000F04D001334FF0B8
:109C1000FF3318BF00230446002080F3118820463C
:109C2000019200F059FF019AB0FA80F3101AB0FACD
:109C300080F05B09400984F8843002B010BD00BF99
:109C400010B5046884B08CB103920291019000F0C9
:109C5000E9FE019B039A1B680299606003F108000A
:109C60009A6404B0BDE8104004F0C6BE04B010BD54
:109C70000168134631B18A6C9A64083103F1080017
:109C800004F0BABE704700BF036863B110B5044664
:109C90009A6C03F10800002104F062FE23680022A0
:109CA0001A605A6010BD70470B78082B1AD830B56F
:109CB00050F8234085B09CB1029205460191039370
:109CC00000F0B0FE039B029A55F8233001996060C2
:109CD00003F108009A6405B0BDE8304004F08CBE82
:109CE00005B030BD704700BF0829134609D850F8A9
:109CF000211031B18A6C9A64083103F1080004F034
:109D00007BBE704770B5041F00F12006002554F893
:109D1000043F002103F108002BB19A6C04F020FEEF
:109D200023681D605D60B442F1D170BD38B590F814
:109D30004830022B1ED890F8461008291AD80F4A2E
:109D4000D35C022B16D80E4A4FF0A80C0CFB032351
:109D5000D3F8A42082B10546D2E90004094AA047FD
:109D6000084B00219C6CEC6303F108020120AA63FC
:109D7000296438BD002038BD104638BDA42A002013
:109D8000A82A002070710020016851B105480378AD
:109D90004FEA820C002A18BF43F00103C1F800C04B
:109DA00003707047BC710020006810B10068C0F3F8
:109DB00087007047036823B310B5302382B083F364
:109DC0001188036800211C685B6881F3118814B94D
:109DD000002002B010BD019300F024FE019B0A4A4E
:109DE000C01A00214FF47A73E0FB032110460023D0
:109DF000064AEEF7B1F984428CBF0020012002B080
:109E000010BD0020704700BF9F860100A0860100A2
:109E10004B1E072B0DD850F8211051B1054803787F
:109E20004FEA820C002A18BF43F00103C1F800C0BA
:109E300003707047BC710020082906D850F8210033
:109E400020B10068C0F3870070470020704700BF52
:109E5000082928D850F821302BB310B5302382B010
:109E600083F3118850F8213000211C685B6881F36E
:109E7000118814B9002002B010BD019300F0D2FD8A
:109E8000019B0A4AC01A00214FF47A73E0FB0321B8
:109E900010460023064AEEF75FF984428CBF00208B
:109EA000012002B010BD0020704700BF9F86010056
:109EB000A08601002DE9F84FDFF8048198F8003002
:109EC000002B76D03D4ED6F8A470002F73D000241E
:109ED00001254FF0300AA1468AF311887B69386862
:109EE000E9B29847002818BF44F0010489F31188AB
:109EF0003248FFF753FEB0B1BB693868E9B2984702
:109F000088B18AF31188DFF8BCB0D7E90003E9B261
:109F10005A46984789F311880020DBF848200BF156
:109F20000801FFF759FA0135092DD5D14FF0000A84
:109F30004FF0300957460AF1010ABAF1030F06F152
:109F4000A80634D0D6F8A450002DF4D089F3118897
:109F500000216B6928689847002818BF44F0010465
:109F600087F311883046FFF719FE00210028E2D060
:109F7000AB69286898470028DDD089F31188DFF89D
:109F800044B0D5E900035A460021984787F3118869
:109F90005FFA8AF0DBF848200BF108010AF1010AA8
:109FA000FFF71AFABAF1030F06F1A806CAD188F82A
:109FB0000040BDE8F88F3C46B8E700BFA82A002063
:109FC000BC7100202471002090F84830022B22D868
:109FD00090F8461008291ED8104AD35C022B1AD8D4
:109FE0000F4A4FF0A80C0CFB0323D3F8A42092B126
:109FF00000B583B053690190106898470949019BE7
:10A00000087001224FF0000C10469963DA63C3F820
:10A0100040C003B000BD0020704700BFA42A00204C
:10A02000A82A00202071002090F84830022B20D868
:10A0300090F846C0BCF1080F1BD80F4AD35C022B26
:10A0400017D80E4AA82101FB0323D3F8A41081B12D
:10A0500010B582B00C6990F84720019008686146FD
:10A06000A047019B002201209A63DA631A6402B0C0
:10A0700010BD0020704700BFA42A0020A82A00209D
:10A08000704700BF704700BFFEE700BF70B5144DBA
:10A0900005F1800455F80C0C55F8081C88420FD2C5
:10A0A00055F8102C0346043A52F8046F43F8046B39
:10A0B0008B42F9D30139091A21F003010430084415
:10A0C00055F8042C824207D9013A121A22F00302F1
:10A0D0000432002104F044FC1035A542DAD170BDF1
:10A0E0009C01020838B5084C0123002523706560E7
:10A0F00000F050FC0549064800F070FA0223237076
:10A1000085F3118838BD00BFF09900200C020208C9
:10A11000F899002072B60349034BC86503221A70F0
:10A12000FEE700BFF8990020F099002000F016B972
:10A13000EFF3118020B9EFF30583302383F3118807
:10A14000704700BF38B9EFF30583C3F308031BB1B1
:10A1500080F311887047704700B583B0019300F019
:10A160002FFA019B83F3118803B000BD034A5168A5
:10A1700053685B1A9842FBD8704700BF001000E09C
:10A18000024AD36A0343D362704700BFF8990020A4
:10A1900070B5154E0D46022A82B0F561826038BF57
:10A1A000022214463269026006F1100141605060DB
:10A1B0003061281900F03AFC022600F033FC421B03
:10A1C000A24209D2022E01D802B070BD012002B015
:10A1D000BDE87040FFF7D4BF741C0190281900F04F
:10A1E00033FC2646019DE8E7F899002070B584B05D
:10A1F000294E0191044600F015FC3346054653F8FC
:10A20000100F019998423BD0F3698268EB1ACB1882
:10A2100028BF0B469A4214D8934204D900689B1A6F
:10A2200082689A42FAD34268A360C4E900021460CB
:10A2300082684460D21A4FF0FF338260B36104B089
:10A2400070BD022938BF02210222681803930292CE
:10A25000019100F0F9FB00F0E5FB0199029A039BE4
:10A26000451BA94214D9022A02D830698268D3E773
:10A2700001200193FFF784FF3069019B8268CBE7DF
:10A280000A462046294604B0BDE87040FFF780BF6B
:10A29000013211460546D8E7F899002003610023F2
:10A2A000C2604361FFF7A2BF10B52B4B1A69904201
:10A2B00084B011D0026884689168D0F804C0214449
:10A2C000CCF800209160C2F804C000214FF0FF32AA
:10A2D00001609A6104B010BD1A46016842F8101F6F
:10A2E0004FF0000C4A60C0F800C01969914229D0B3
:10A2F0008A68806802448A6000F094FB164B1969F2
:10A30000DB6989680246C01A8142E3D90B449B1A73
:10A31000022B38BF02230221D0180391029301922D
:10A3200000F092FB00F07EFB019A029B0399821AD7
:10A3300093420CD90229CDD9012004B0BDE81040C8
:10A34000FFF71EBF04B0BDE8104000F077BB01313D
:10A350000B460246E0E700BFF89900202DE9F043E4
:10A360003F4E83B0002706F110084FF0300909E096
:10A3700087F31188E36821692046984789F311889B
:10A380006369ABB9346900F04DFBF369A268C11A87
:10A390008A4205462BD8216860689D18F5610160E6
:10A3A0004860276033694345E2D100F047FBDFE7AF
:10A3B00000F038FB6369421B9342014630D3306999
:10A3C000404542D08268934204D900689B1A826853
:10A3D0009A42FAD34268A360C4E90002146082681A
:10A3E0004460D21A4FF0FF338260B361CAE731692B
:10A3F000414512D013441B1A022BF0611E46A36084
:10A4000038BF02260224A81900F01EFB00F00AFB48
:10A41000451BAE4215D9022C0DD803B0BDE8F08320
:10A42000CDE900020220FFF7ABFE306900994045FC
:10A4300013D0019BC6E7012003B0BDE8F043FFF74E
:10A440009FBE013426460546DDE72B445A1A2046B6
:10A4500003B0BDE8F043FFF79BBE0022F7E700BF63
:10A46000F8990020302383F311880B7D052B0CD83D
:10A47000DFE803F0240B0B2007038A69936801339C
:10A4800093604A680B6813605A604FF0FF3C0022EB
:10A490000B698868C1F818C00A751B689A688242FF
:10A4A000FBD25A684A600B6000201160596080F34B
:10A4B000118870478B6900221A60E6E7002383F356
:10A4C0001188704700220369816802751B689A68C9
:10A4D0008A42FBD25A68426003601060586070473D
:10A4E000074BD9681A680875D2F800C0C3F800C0D5
:10A4F0000120CCF8043010751046DA60EDF712BE7A
:10A50000F899002070B5164C4B1CE56886B00646DD
:10A5100017D0144A2B466846FFF7C0FEE168206852
:10A520000E75036823605C6001230375E060EDF73E
:10A53000F9FD009B13B16846FFF7B6FEA86906B0A7
:10A5400070BD20682E750368236001225C60294677
:10A550000275E060EDF7E6FDA86906B070BD00BFCA
:10A56000F899002065A40108044B1A68DB6890681C
:10A570009B68984294BF002001207047F899002002
:10A580000E4A1068D16803684FF0010C10B45A608D
:10A5900080F814C013604FF0000CD0600B698A681B
:10A5A00081F814C01B689C689442FBD85A684A60C2
:10A5B0000B6010BC11605960EDF7B4BDF899002034
:10A5C000044B1A68DB6892689B689A4201D9FFF7CE
:10A5D000D7BF7047F899002030BFFDE770B51B4B1F
:10A5E000002586B00446856201630E46586000F07F
:10A5F0007BF904F11003C4E904334FF0FF32002368
:10A60000C4E90623C4E90044A560E56200F00AFA43
:10A610002B460246C4E9082304F134010C4AE565DF
:10A620008023204600F01AF80123E0600375726869
:10A630000848B168CDE90002074A6846CDE902132F
:10A64000CDE9042500F016F806B070BDF0990020A1
:10A6500098F60108A0F60108D9A5010800224FF0DC
:10A66000020C08618B60A1F814C04B620A62CA61D7
:10A67000084670478368D0F814C0C16800B5D0F8A8
:10A6800010E043F848CCA3F18C0043F81C0C4FF0C9
:10A69000020C0C4843F82C0C00220B4823F814CC75
:10A6A00043F84CEC43F8180C5DF804EB43F8201C1D
:10A6B00043F8041C43F8082C43F80C2CA3F12800A1
:10A6C000FFF700BF3D810008F899002002463023C3
:10A6D00083F31188024BDB680F209A61FFF700BFFC
:10A6E000F899002008B50146302383F3118808202B
:10A6F000FFF708FF002383F3118808BD034631B13B
:10A70000044AD2681A6003209361FFF7FBBE4FF042
:10A71000FF307047F899002003682BB100220260D7
:10A7200018469961FFF7CEBE704700BF024659B187
:10A73000074BD0F804C0DB680420C3E9002CCCF838
:10A7400000305360FFF7DEBE4FF0FF30704700BFB0
:10A75000F899002003460068834205D002681A6019
:10A7600053608161FFF7AEBE704700BF38B5044645
:10A770000068844209D00D46036823605C608561EF
:10A78000FFF7A0FE2068A042F6D138BD002300608C
:10A7900040608360704700BF2A4B8168DA680029F7
:10A7A0004BD030B5936804468868984283B005D290
:10A7B000087D8B60002834D0062814D0234603E09F
:10A7C00091689868884202D31B689C42F8D1596806
:10A7D0005160062013600A605A60946103B0BDE8BE
:10A7E0003040FFF77DBED1F818C00B6848680360A1
:10A7F0005860634603E088689D68854202D31B6801
:10A800009C45F8D1586848600B6001605960DCF8DD
:10A810000810936888689842D0D2087D8B60002821
:10A82000CAD1D1E9003C0846CCF80030C3F804C0D6
:10A830000192FFF747FE019AC0E7136AC360826086
:10A8400010627047F899002008B5302383F311880F
:10A85000FFF7A2FF002383F3118808BD08B5194B49
:10A86000D3F80CC0302383F311880268C368CCF896
:10A87000203082421FD0DCF824104BB11A6893427A
:10A8800003D09268914238BF1146DB68002BF5D1A6
:10A89000CCF80810034600680268016A1A60536029
:10A8A000D96098600362FFF70DFEFFF789FE002371
:10A8B00083F3118808BD00239360002383F311887C
:10A8C00008BD00BFF8990020EFF3098305494A6BE2
:10A8D00022F0010268334A6383F30988002383F37B
:10A8E0001188704700EF00E0302080F3118862B6D5
:10A8F0000D4B0E4AD9684FF6FF0C01EA0C010A43D2
:10A90000DA60D3F8FC200A4942F08072C3F8FC20D8
:10A910000A684FF0200C42F001020A6083F81FC061
:10A9200083F82200704700BF00ED00E00003FA0545
:10A93000001000E0302383F31188124B5B6813F49E
:10A94000006302D183F31188704700B583B0F1EE44
:10A95000103AEFF30983683B4FF080710A4AD961DE
:10A96000D26B1A6683F309880193FFF7FDFD019B03
:10A9700018B9064A9A6103B000BD054A9A6103B04E
:10A9800000BD00BF00ED00E000EF00E052810008D4
:10A990004F810008024B0349034AC3E90012704784
:10A9A000589A0020189C00200000012000B5302398
:10A9B00083F311880D4BD3F800C001F1FF3E6244D0
:10A9C000494272440A4059681044884207D8844575
:10A9D00005D81860002383F31188104600BD0022BB
:10A9E000002383F31188104600BD00BF589A002051
:10A9F00008B501F0C3F801F00FFF00F0F7F900F01F
:10AA000045FA00F06DFA00F0D9FA00F063FB00F0AF
:10AA1000C9FAFEF795FDBDE8084000F001B800BF97
:10AA200003F01CBD4FF08043586A70474FF08043DD
:10AA30000021022258631961DA6070474FF08043A9
:10AA40000022DA60704700BF4FF0804358637047C0
:10AA5000DDF800C001720433C3610CFB0323002145
:10AA60004261026183614262029B019A0060406020
:10AA7000C160C0F820C08162C16202634363704755
:10AA8000416A416100220161C2608262C2626FF06C
:10AA90000101FFF76BBE00BF03694269934201D019
:10AAA000181D7047C268002AFAD00020704700BF06
:10AAB0000369D0F818C01960C169C2680B446345C6
:10AAC000036102F1010228BF436AC26028BF03612B
:10AAD0000021FFF73FBE00BF2DE9F84F04460F46A7
:10AAE000904699464FF0300B8BF311880026B24602
:10AAF00013E04022384603F07FFFA36AE26A403346
:10AB00009A4207F1400706F14006A3621DD98AF375
:10AB10001188464542D28BF31188A16A00292ED0B4
:10AB2000E36AA8EB06055B1A9D4228BF1D46402D2F
:10AB3000DFD82A46384603F05FFFA36AE26A2B4457
:10AB40009A422F442E44A362E1D86369E069A16967
:10AB5000E268C4F828A003448B42636124BF636A9F
:10AB60006361236B013AE260002BD0D02046984706
:10AB7000CDE7237A7BB9FFF7D9FD00280BDBE3682B
:10AB800049462046002BF4D061690B6804310B4420
:10AB9000A162E362C5E7002383F311883046BDE874
:10ABA000F88F00BFDDF800C00172043303FB0C21F5
:10ABB000426102618161C3610021029B4262019A8C
:10ABC00000604060C0F80CC0C0F820C08162C16263
:10ABD00002634363704700BF10B4416A046AC460F3
:10ABE00000224161016110BC8262C2626FF001010A
:10ABF000FFF7BCBD034640691A69824203D050F892
:10AC0000043B0B607047DB68002BF8D0002318462C
:10AC1000F7E700BF10B44369C4698169C26823447F
:10AC20008B42436102F1010228BF436AC26010BC3B
:10AC300028BF43610021FFF78DBD00BF2DE9F84F0C
:10AC400004460F46904699464FF0300B8BF311881F
:10AC50000026B24613E04022394603F0CDFEA36A37
:10AC6000E26A40339A4207F1400706F14006A362C8
:10AC70001DD98AF31188464545D28BF31188A06A05
:10AC8000002831D0E36AA8EB06051B1A9D4228BFB5
:10AC90001D46402DDFD82A46394603F0ADFEA36A93
:10ACA000E26A2B449A422F442E44A362E1D8E2691F
:10ACB0002369A169043A1A60E069E268C4F828A02F
:10ACC00003448B42236124BF636A2361236B013AEF
:10ACD000E260002BCDD020469847CAE7237A7BB9A3
:10ACE000FFF724FD00280BDBE36849462046002BD4
:10ACF000F4D02069E36903440430A062E362C2E750
:10AD0000002383F311883046BDE8F88F302383F3A6
:10AD10001188836A1BB10269043B9B1A03D100238B
:10AD200083F31188704710B51360C469C3688169E3
:10AD30002244013B8A42C36028BF436A026128BFA4
:10AD40000361036B0022826203B19847002383F3FF
:10AD5000118810BD70B5044682B00BE001980C4E0E
:10AD600040F2E73C0021E0FB06C16046EDF7F4F954
:10AD7000FFF7B8FC236801A99B6920469847012882
:10AD80004FF47A724FF00003E8D002B070BD00BFFC
:10AD9000A086010000B5036883B05B680191984705
:10ADA000C36801991BB153F8310003B000BD0069BD
:10ADB00001FB00F003B000BD036810B55B680C46F2
:10ADC0009847C3681BB103EBC403586810BD006902
:10ADD00010BD00BF00B5036883B05B680191984760
:10ADE00001994069084403B000BD00BF01F0F8B804
:10ADF00000230122027043608360C36003614361EA
:10AE00001830FFF7C3BC00BF10B53023044683F3EE
:10AE10001188416001F00CF902230020237080F3B7
:10AE2000118810BD00B583B03023019083F31188E1
:10AE300001F03CF90198002301224360027083F382
:10AE4000118803B000BD00BF10B5302484F3118811
:10AE5000044682600322C360016104F8142B01F0F0
:10AE60004BF94FF0FF312046FFF748FC002383F3F6
:10AE7000118810BD08B50C30FFF7F0FC002008BDAC
:10AE800008B50C30FFF7E0FC002008BD00F052BF11
:10AE9000034A0260012303710C30FFF777BC00BF47
:10AEA0001802020810B53023044683F3118881602C
:10AEB00000F06CFF02230020237180F3118810BD85
:10AEC00000B583B03023019083F3118800F074FF44
:10AED000019801220023027183F3118803B000BDA1
:10AEE00001F02CBF01220023027043600C30FFF7F9
:10AEF0004DBC00BF10B53023044683F31188416078
:10AF000001F02CFF02230020237080F3118810BD74
:10AF100000B583B03023019083F3118801F0EAFF7C
:10AF20000198002301224360027083F3118803B06B
:10AF300000BD00BF70B584B00446089D4FF0300CD2
:10AF40008CF311880A9E0296099E4FF0030CCDE9FE
:10AF500000560025856080F800C002F051F8431CBF
:10AF600014BF02230523237085F3118804B070BD3C
:10AF700030B583B00446069D4FF0300C8CF3118839
:10AF80004FF0040C00950025856080F800C001F0AA
:10AF9000DBFF431C14BF02230523237085F31188B4
:10AFA00003B030BD02F016BF014B0360704700BF15
:10AFB000802F002002F054BF02F0ECBF03F03EB936
:10AFC000002301220270436083600C30FFF7DEBB78
:10AFD00010B53023044683F31188416003F046F92D
:10AFE000002814BF012302232370002383F3118858
:10AFF00010BD00BF00B583B03023019083F31188EA
:10B0000003F0BCF90198002301224360027083F32E
:10B01000118803B000BD00BF302383F3118842685C
:10B020001169D26801238B405383002383F3118875
:10B03000704700BF302383F3118842681169D268DA
:10B0400001238B401383002383F31188704700BFD3
:10B0500010B54FF0300C04468CF311884FF0030C00
:10B0600080F800C003F0B8F910B92378032B03D09F
:10B07000002383F3118810BD4FF0FF3104F1080065
:10B08000FFF73CFB002383F3118810BD10B530237C
:10B09000044683F311880323037003F0BFF910B94A
:10B0A0002378032B03D0002383F3118810BD4FF0C6
:10B0B000FF3104F10800FFF721FB002383F311881F
:10B0C00010BD00BF0C30FFF7BFBB00BF0C30FFF757
:10B0D000C5BB00BF02F06CB80023012202704360C0
:10B0E000C36183620362C362436203638360704728
:10B0F00010B5302382B083F3118800244160C4600E
:10B10000046144618461019002F062F801980223B5
:10B11000037084F31188204602B010BD70B530234F
:10B12000054683F311882C4602F0C4F8002601235B
:10B130006E6004F8083B183554F8043F83B15A692F
:10B140006FF0010102F10C0012B1FFF7E5FA23687C
:10B150009B696FF0010103F10C000BB1FFF7DCFA02
:10B16000AC422660E8D1FFF72BFA86F3118870BD58
:10B1700030B51346044600EB8102586983B00D4692
:10B18000D36028B114220021019303F0E9FB019B55
:10B19000986918B11422002103F0E2FB29462046E9
:10B1A00003B0BDE8304002F01BB900BFF8B58368BA
:10B1B00003F00113054600F10C0400F11807836049
:10B1C000002654F8043F83B15A696FF0010102F17F
:10B1D0000C0012B1FFF7A0FA23689B696FF0010120
:10B1E00003F10C000BB1FFF797FABC422660E8D1DF
:10B1F0002846BDE8F84002F09BB900BF10B500EB4F
:10B2000081044FF0010CE468D4F818E044890CFA8A
:10B2100001FC4CEA040CA0F80AC0CEF80820002279
:10B22000CEF80030CEF80420CEF80C20BDE8104057
:10B2300002F0AAB910B500EB81044FF0010CE468EC
:10B24000D4F814E004890CFA01FC4CEA040CA0F8D0
:10B2500008C0CEF808200022CEF80030CEF8042036
:10B26000CEF80C20BDE8104002F036BA0378052B6A
:10B2700000D07047426D00B5D2F8001E21F00301E6
:10B2800083B0C2F8001ED2F80418019041F0010109
:10B29000C2F80418516941F008015161916941F007
:10B2A00008019161C820FFF71DFA019B5A6DD2F881
:10B2B000043823F00103C2F8043803B000BD00BF16
:10B2C0002DE9F0410446002502230370C56444F8CB
:10B2D000085F064600F118074FF0300854F8043FA5
:10B2E000ABB188F3118823685A696FF0010102F14C
:10B2F0000C0012B1FFF710FA23689B696FF001018F
:10B3000003F10C000BB1FFF707FA85F31188BC427B
:10B310002560E3D186F83450304601F0F5FF7368BC
:10B320001B6823B130460021BDE8F0411847BDE855
:10B33000F08100BF0278052A2CD0F8B5416880F86A
:10B340005020052404700A6805460AB1042190477C
:10B350002C46002644F8086F1835302754F8043F6F
:10B36000ABB187F3118823685A696FF0010102F1CC
:10B370000C0012B1FFF7D0F923689B696FF001014F
:10B3800003F10C000BB1FFF7C7F986F31188AC424B
:10B39000E4D1F8BD704700BF0178052900D070479F
:10B3A00090F850C0426880F800C01368002BF6D0B7
:10B3B000184700BF70B590F83430044613B100232D
:10B3C00080F8343004F14402204602F0D5F8636876
:10B3D0009B688BB32046984770B3E16B94F84A2082
:10B3E00094F84B3042EA03228A4280F0D58094F8E8
:10B3F00044C0E2636346190600F1B180002A73D0AD
:10B40000152384F83430302383F311886289E3688C
:10B41000E16B9B69D4F838C042F00102628120469A
:10B420000024C3E90014C3F808C0DC60214602F020
:10B43000ABF884F3118870BD94F8443013F06002C7
:10B440009C46164628D194F8451003F07F0242EA44
:10B45000012240F202318A4200F051815CD8B2F5FB
:10B46000807F00F0EF8029D8012A00F03481022A81
:10B4700000F0098182B904F14C01A1630221E1636A
:10B48000226494F84A1094F84B2041EA0222012ADF
:10B49000AFD9002BB4D063E00021204602F0BEFB00
:10B4A0000021204602F0B0FB63681B6813B106213F
:10B4B00020469847062384F8343070BDB2F5817F6A
:10B4C00000F0CF80B2F5407FE6D194F84620012A03
:10B4D000E2D1B4F84C20A66342F00202A4F84C205A
:10B4E000E66326641B066FD40B2384F834303023C4
:10B4F00083F31188E36822895B69002142F001022D
:10B5000022812046996019605960D96002F0E4F800
:10B51000002181F3118870BDB2F5006F40D06BD867
:10B52000B2F5A06F00F08380A2F5C062012AB3D803
:10B53000626894F84910526894F84830154643EA16
:10B54000012394F8462094F847102046A847002885
:10B55000A2D0D0E900132664A363E1633EE79AB367
:10B56000092384F83430302383F311882289E36877
:10B57000E16B5B69D4F838C042F0010222812046B9
:10B580000024C3E90014C3F808C0DC60214602F0BF
:10B59000A3F884F3118870BD94F844300A462AE772
:10B5A00094F84A2094F84B10266404F14F00A063ED
:10B5B00052EA01224FF00100E06340F0BC8094F9B0
:10B5C0004430E263002B8FDA142384F834303023C4
:10B5D00083F31188E36862899B69002142F00102CC
:10B5E00062812046996019605960D96001F0CCFFF2
:10B5F000002181F3118870BDB2F5106F66D12378F8
:10B60000042B00F09C8094F846304BB1626884F8BB
:10B610004F3004212170136813B10221204698474E
:10B62000002294F84430A263E26322645AE7B4F83B
:10B630004420B2F5A06F00F0A0800022A263E26374
:10B6400022644FE794F84620012A7FF425AFB4F82E
:10B650004C20A66322F00202A4F84C20E663266484
:10B6600040E794F84620002A7FF416AF94F848206B
:10B6700012F00F01E1D01606204679D402F0D8FA74
:10B6800094F84430D9E794F8483003F00F011B06D2
:10B69000204646D401F054FF012846D002287FF40A
:10B6A000FBAE94F84A2094F84B003D4BA36342EA6A
:10B6B000002202210023012AE16323647FF697AE72
:10B6C00094F94430002BBFF69BAE49E740F60243A5
:10B6D0009A427FF4E1AE94F84A2094F84B30314915
:10B6E000A16342EA032202200021012AE0632164CF
:10B6F0007FF67FAE1CF0800F3FF482AE30E794F807
:10B700004620002A7FF4C8AE94F8482012F00F01BA
:10B7100093D01506204626D402F076FA94F84430E9
:10B720008BE701F01BFF0128B8D194F84A2094F868
:10B730004B001D4BBAE71A067FF562AE10E73023C7
:10B7400083F311882046FFF731FD86F3118803212A
:10B75000636884F84F6021701B68002B3FF453AF7F
:10B76000204698474FE702F059FA94F8443064E7CE
:10B7700002F068FA94F844305FE794F8463084F8B1
:10B780004E30204601F020FE63681B6813B1012192
:10B7900020469847032294F8443022704DE700BFBA
:10B7A00044020208480202084002020800B590F86C
:10B7B000343083B0152B2BD8DFE803F02C2A2A2A4B
:10B7C0002A2A2C2A2A0B14402A2A2A2A2A2A2A2AF6
:10B7D0002C2C90F84A3090F84B20C16B43EA02239E
:10B7E000994235D3142380F83430302383F3118801
:10B7F000C36842899B69002142F00102428199603D
:10B8000019605960D96001F0BFFE002181F31188F1
:10B8100003B000BD0021009002F000FA0098002162
:10B8200002F0F2F9009843681B6813B106219847AB
:10B830000098062380F8343003B000BD036C13B1C8
:10B84000009098470098002380F8343003B000BD82
:10B85000C3681B8AB1FBF3F203FB12110029C1D1AB
:10B86000302383F31188C36802895B6942F00102C7
:10B870000281996019605960D960CDE9000101F039
:10B880002BFF019981F3118800980A2380F8343046
:10B89000BEE700BF00B590F8343083B0152B22D836
:10B8A000DFE803F023212121212123212123232348
:10B8B0002121212121212121370B0B2380F8343034
:10B8C000302383F31188C36802895B69002142F049
:10B8D00001020281996019605960D96001F0FCFE93
:10B8E000002181F3118803B000BD0021019002F016
:10B8F00095F90198002102F087F9019843681B68C7
:10B9000013B1062198470198062380F8343003B01C
:10B9100000BDC3689B695B68002BE4D1036C13B165
:10B92000019098470198002380F8343003B000BD9F
:10B9300043099B0000F1604C03F1604303F5614350
:10B940000CF5614C00F01F000122824009018CF8C7
:10B950000013C3F880211A60704700BF43099B00A1
:10B9600000F1604103F1604303F5614300F01F0003
:10B9700001F56141012282400020C3F88020C3F814
:10B98000802181F800037047074A08B5536903F026
:10B990000103536123B1054A13680BB150689847FE
:10B9A000BDE80840FEF7C6BF003C0140B89A002041
:10B9B000074A08B5536903F00203536123B1054AEE
:10B9C00093680BB1D0689847BDE80840FEF7B2BF56
:10B9D000003C0140B89A0020074A08B5536903F0BB
:10B9E0000403536123B1054A13690BB150699847A9
:10B9F000BDE80840FEF79EBF003C0140B89A002019
:10BA0000074A08B5536903F00803536123B1054A97
:10BA100093690BB1D0699847BDE80840FEF78ABF2B
:10BA2000003C0140B89A0020074A08B5536903F06A
:10BA30001003536123B1054A136A0BB1506A98474A
:10BA4000BDE80840FEF776BF003C0140B89A0020F0
:10BA5000164B10B55C6904F478725A61A30604D5DC
:10BA6000134A936A0BB1D06A9847600604D5104A0E
:10BA7000136B0BB1506B9847210604D50C4A936B9E
:10BA80000BB1D06B9847E20504D5094A136C0BB192
:10BA9000506C9847A30504D5054A936C0BB1D06C44
:10BAA0009847BDE81040FEF745BF00BF003C01408D
:10BAB000B89A0020194B10B55C6904F47C425A61B5
:10BAC000620504D5164A136D0BB1506D98472305D6
:10BAD00004D5134A936D0BB1D06D9847E00404D59B
:10BAE0000F4A136E0BB1506E9847A10404D50C4A4F
:10BAF000936E0BB1D06E9847620404D5084A136F59
:10BB00000BB1506F9847230404D5054A936F0BB1CE
:10BB1000D06F9847BDE81040FEF70CBF003C0140D5
:10BB2000B89A002008B502F0BFFCBDE80840FEF757
:10BB300001BF00BF062108B50846FFF7F9FE062140
:10BB40000720FFF7F5FE06210820FFF7F1FE06218A
:10BB50000920FFF7EDFE06210A20FFF7E9FE062186
:10BB60001720FFF7E5FE06212820FFF7E1FEBDE8DC
:10BB7000084007211C20FFF7DBBE00BF08B52B4B98
:10BB80001A6962F09F021A611A6902F09F021A6133
:10BB90004FF0FF3C1A695A69C3F814C000205A6973
:10BBA00058615A69196A224A61F080511962196A0A
:10BBB00001F080511962196A596AC3F824C0596AA0
:10BBC0005862596A196C41F080511964196E41F03C
:10BBD000805119661B6E136843F4807313601368F9
:10BBE000D905FCD5114A136F03F44073B3F5007FF8
:10BBF00004D04FF480310023116713670B4B1A6F89
:10BC0000120407D41A6F42F400721A671A6F42F4D2
:10BC100000421A67064A536823F40073536000F029
:10BC20006FFDBDE80840FFF785BF00BF0038024048
:10BC3000007000403649374B4FF080504FF40042BF
:10BC400008641A600B6843F001030B600B689B07E4
:10BC5000FCD58B682E4A23F003038B60936813F0A6
:10BC60000C03FBD110682A4900F0F90010609360C2
:10BC7000136843F4803313600B689803FCD54B6F53
:10BC8000234A43F001034B67536F9907FCD5224BBE
:10BC9000536013681F4943F0807313604B685A0464
:10BCA000FCD51B4A13689B01FCD51C4B1C489060BB
:10BCB0000321C2F88C101A681A4B9A421DD01A4BF5
:10BCC00040F202721A60184A136803F00F03022B45
:10BCD000FAD10F4A936843F002039360936803F02C
:10BCE0000C03082BFAD1536C43F480435364536E16
:10BCF00043F480435366536E70470C4A0C4B1268F2
:10BD00009A42DCD1084B4FF481721A60DBE700BF26
:10BD1000003802400070004008244106002004E082
:10BD20000010883811640020003C024000ED00E063
:10BD300041C20F4108B51148FFF7AAF8104A0F4950
:10BD4000528C104BCB61802A0CD09302B3F5802F1C
:10BD50000FD0B3F5C02F0ED0B3F5002F08BF0323CB
:10BD600001D008BD0023084A52F82330034A136269
:10BD700008BD0123F7E70223F5E700BF609A002022
:10BD8000007AFF1F003C02404C020208C3690749C9
:10BD9000D3F804C0064A07484CEA010159605968C3
:10BDA0000A4300215A600161704700BF23016745C3
:10BDB000AB89EFCD003C0240C269136943F00043F8
:10BDC00013617047006A704790F804C0BCF1050F1A
:10BDD00018D010B59C46034603201C6A82B0187127
:10BDE0006046D4F814C0DC69019361444FF6FF7CCF
:10BDF000C4F80CC002F000FE019B022200201A7160
:10BE000002B010BD012070472DE9F0430479052CE4
:10BE100083B060D006469946F469376A04233371CB
:10BE20004FF6FF73E360236923F4407323612369B2
:10BE300043F400732361236943F001031046236137
:10BE4000002A3DD0D7F8148001F0030EFF257B684F
:10BE50004FF0000C43B10DEB0C020CF1010C5FFA3A
:10BE60008CFC9C451570F6D321F0030C4B46EE4438
:10BE700013F8012B8EF8002001318A0700F1FF3002
:10BE800001F0030E01D00028F1D1009A48F80C20EF
:10BE9000E268D203FCD4E26896F804901FFA82FCB0
:10BEA00012F0100FC4F80CC013D112F0620F02D1BF
:10BEB00030B19946CBE7B9F1040F14BF0420032039
:10BEC0002369022223F001032361327103B0BDE82C
:10BED000F0830620F4E7012003B0BDE8F08300BF43
:10BEE0000379052B0CBF0120072070470379052B30
:10BEF0001FD0C3694FF0050C4FF6FF7280F804C0E5
:10BF0000DA601A6942F002021A611A6922F0F80234
:10BF10001A611A6922F440721A611A6942EAC1026E
:10BF200042F400721A611A6942F4803200201A61E8
:10BF300070470120704700BF0379052B024601D0EE
:10BF400000207047C069D0F80CC01CF4803F03D0BB
:10BF500001B10B6001207047036923F00603036100
:10BF6000C36892F804C099B2C160D9060CD413F02A
:10BF7000620303D11846022313717047BCF1040F0A
:10BF800014BF04200320F6E70620F4E70279052A0F
:10BF90001FD0F8B5036A04465D690E46FEF7FAFE47
:10BFA00003230746237131462046FEF705FF80082C
:10BFB0000CD0EB1903EB8000021F043B01E093421D
:10BFC00009D053F8041F0131F9D005200223237151
:10BFD000F8BD01207047022323710020F8BD00BF87
:10BFE00010B50F480E4CFEF703FF0E4BDFF838E09C
:10BFF0005A6ADFF838C042F480725A625A6A0021E5
:10C0000022F48072E1625A625B6AC4F828E0C4F8E4
:10C0100030C00621BDE810401220FFF789BC00BFE8
:10C02000849A00200038024000200140162C0200B3
:10C030000378012B00D0704700B5174A904283B0B7
:10C04000034610D015489A6A436803F44003002160
:10C0500043F440334FF0010C436051609160C2F8EB
:10C0600008C003B000BD0E4A019006210C2000F06C
:10C0700067FB019B01680B4ADFF82CC0D862C1F84E
:10C0800008C0516C41F480715164516E41F480716B
:10C090005166526ED6E700BF849A0020002301400B
:10C0A000D1C10108003802404C2001400378022B26
:10C0B00000D0704700B583B00346C06A019300F01A
:10C0C00045FB019B0A48996A00228342DA624A6072
:10C0D0008A6001D003B000BD064B5A6C22F4807216
:10C0E0005A645A6E22F480725A665B6EF2E700BFA1
:10C0F000849A00200038024003691A7810B5046B56
:10C10000D0F80CE032B1BEF1010F94BF44F480745A
:10C1100044F48474C26A11685A8802F1FF3C0EFB31
:10C1200002FE8268CA60C1F804E00C600C68826A92
:10C1300044F001000860196A5C69D86841EA0C5152
:10C140004FF0000CC2F800C0D4609C6914619C8B55
:10C150005462DC8B9462D16219695C6A9B6A1463D5
:10C1600040F08060536340F480704B0050600AD50B
:10C1700021F0804340F2033023F0020303430143E4
:10C180009360916010BD41F4407141F001019160F4
:10C1900010BD00BFC16A0A68136823F01F0300B511
:10C1A0001360136813F00103FBD191F809E0D1F893
:10C1B00004C0826A3D2101FA0EF1CCF800105360F0
:10C1C0009168890748BF93600123936000BD00BF59
:10C1D00000B511F00C0F83B013D102697AB111F0E0
:10C1E000200F2BD01178002936D052683AB10421A3
:10C1F000017000909047009B1A78042A48D003B041
:10C2000000BD0090FFF7C6FF009B1A699268F2B16B
:10C210000521197001219047009B1A78052A16D034
:10C22000302282F311884FF0FF3103F11400FEF742
:10C2300073FA002383F3118803B000BDCB06DED56B
:10C240005368002BDBD003B05DF804EB18470221E4
:10C25000002219701A61E3E7CDE90020FFF79AFF89
:10C26000009A019B5268B2B1042119700093904763
:10C27000009B1A78042A0ED0302282F31188002104
:10C2800003F11400FEF748FA002383F31188B6E7A0
:10C2900003221A70B3E70221002219701A61EBE73A
:10C2A0001F4B204A196910684FF0000CC2F800C0FB
:10C2B00051B310B500F00102800682B002D51878A3
:10C2C000032828D0DAB1042415480191FFF762FF52
:10C2D00001998A680346CAB1052101702146904739
:10C2E0000F4B1A78052A11D0302383F311880E489A
:10C2F0004FF0FF31FEF710FA002383F3118802B0EC
:10C30000BDE81040FEF716BBFEF714BB0221002269
:10C3100019701A61E8E7002A0CBF02240624D3E74B
:10C32000849A002000200140989A002030B5DFF860
:10C33000E8E04FF0010C1C46DEF800300CFA00FC7F
:10C340001CEA030F83B018BF002302D0184603B0C5
:10C3500030BD4CEA0303CEF800300EEBC00E00EB0C
:10C360004003CEF808402B4CCEF804205FFA8CFE38
:10C3700004EB8303BEF1000F38D1DFF8A0C0DCF876
:10C3800030E04EF4800ECCF830E0DCF850E04EF4B3
:10C39000800ECCF850E0DCF850C01E4C00EB400C96
:10C3A00054F82CE0DEF800C02CF01F0CCEF800C0D2
:10C3B000DEF800C01CF0010CFAD1164C00EB400076
:10C3C00004EB80003D25447A05FA04F445682C60AE
:10C3D000CEF800C04FF0210CCEF814C0002AB5D022
:10C3E000C07A0193FFF7A4FA019BAFE7DFF82CE0D6
:10C3F000DEF8304044F40014CEF83040DEF850400F
:10C4000044F40014CEF850401CF47F4FDEF850E0A6
:10C41000C3D0B2E79C030208A0730020003802409A
:10C4200008B5074B07481968426801F03D0199605B
:10C430000AB180689047BDE80840FEF77BBA00BFAC
:10C4400000600240A073002008B5094B0948196834
:10C45000C26801F4746CC3F808C022B1890900698C
:10C4600001F03D019047BDE80840FEF763BA00BF08
:10C4700000600240A073002008B5094B0948196804
:10C48000426901F4741CC3F808C022B1090C806928
:10C4900001F03D019047BDE80840FEF74BBA00BFF0
:10C4A00000600240A073002008B5094B09481968D4
:10C4B000C26901F0746CC3F808C022B1890D006A2A
:10C4C00001F03D019047BDE80840FEF733BA00BFD8
:10C4D00000600240A073002008B5074B0748596868
:10C4E000426A01F03D01D9600AB1806A9047BDE817
:10C4F0000840FEF71FBA00BF00600240A073002092
:10C5000008B5094B09485968C26A01F4746CC3F84C
:10C510000CC022B18909006B01F03D019047BDE8D4
:10C520000840FEF707BA00BF00600240A073002079
:10C5300008B5094B09485968426B01F4741CC3F8EB
:10C540000CC022B1090C806B01F03D019047BDE8A1
:10C550000840FEF7EFB900BF00600240A073002062
:10C5600008B5094B09485968C26B01F0746CC3F8EF
:10C570000CC022B1890D006C01F03D019047BDE86F
:10C580000840FEF7D7B900BF00600240A07300204A
:10C5900008B5074B07481968426C01F03D019960E6
:10C5A0000AB1806C9047BDE80840FEF7C3B900BFF0
:10C5B00000640240A073002008B5094B09481968BF
:10C5C000C26C01F4746CC3F808C022B18909006D13
:10C5D00001F03D019047BDE80840FEF7ABB900BF50
:10C5E00000640240A073002008B5094B094819688F
:10C5F000426D01F4741CC3F808C022B1090C806DAF
:10C6000001F03D019047BDE80840FEF793B900BF37
:10C6100000640240A073002008B5094B094819685E
:10C62000C26D01F0746CC3F808C022B1890D006EB0
:10C6300001F03D019047BDE80840FEF77BB900BF1F
:10C6400000640240A073002008B5074B07485968F2
:10C65000426E01F03D01D9600AB1806E9047BDE89D
:10C660000840FEF767B900BF00640240A0730020D5
:10C6700008B5094B09485968C26E01F4746CC3F8D7
:10C680000CC022B18909006F01F03D019047BDE85F
:10C690000840FEF74FB900BF00640240A0730020BD
:10C6A00008B5094B09485968426F01F4741CC3F876
:10C6B0000CC022B1090C806F01F03D019047BDE82C
:10C6C0000840FEF737B900BF00640240A0730020A5
:10C6D00008B5094B09485968C26F01F0746CC3F87A
:10C6E0000CC02AB1890DD0F8800001F03D019047BF
:10C6F000BDE80840FEF71EB900640240A0730020A8
:10C700000B4ADFF838C000210B4611605CF82300AB
:10C7100008320333302B016042F8041CF6D105497E
:10C72000054A4FF0FF338B60CB609360D360704756
:10C73000A073002000600240006402409C030208D5
:10C740000F2801D8FFF7F2BD0020704710B504464E
:10C75000C07AFFF703F91149A07A0B6801228240E1
:10C7600023EA0203DAB20B604AB90D4A116B21F4D5
:10C7700000111163116D21F400111165126D13F494
:10C780007F4F09D1064B1A6B22F480021A631A6D8F
:10C7900022F480021A651B6D10BD00BFA07300203B
:10C7A000003802408B0712D11A4B1A6822EA0002A5
:10C7B0001A605A6822EA00025A609A6822EA000265
:10C7C0009A60DA6822EA0002DA6058617047114A1A
:10C7D000936811F0010F14BF0343834393600D4A24
:10C7E000D36811F0020F14BF03438343D3604A0799
:10C7F000084B07D41A6802431A605A6822EA0002FA
:10C800005A6070475A6802435A601A6822EA000266
:10C810001A607047003C0140044B002203F1800184
:10C820001A605A6008338B42FAD17047B89A0020D8
:10C830002DE9F04711F0010302F003099046C2F31D
:10C840008005C2F3C106C2F341174C4639D000231C
:10C8500042684FF0010C0CFA03FC22EA0C022A4356
:10C86000426082684FEA430C4FF0030E0EFA0CFE52
:10C8700022EA0E0232438260C26822EA0E023A4382
:10C8800003F0070C4FEA8C0CC2604FF00F0AC8F39C
:10C89000C312B9F1020F0AFA0CFA02FA0CF220D014
:10C8A000D0F800C02CEA0E0C4CEA040C072BC0F8A0
:10C8B00000C028D8D0F820C02CEA0A0C4CEA0202AA
:10C8C000026249081DD0CA074FEA45054FEA8606AD
:10C8D0004FEA87074FEA840403F10103B8D44908FB
:10C8E000F1E7072B17D8D0F820C02CEA0A0C4CEA45
:10C8F00002020262026822EA0E0222434908026032
:10C90000E1D1BDE8F087D0F824C02CEA0A0C4CEA4B
:10C9100002024262D5E7D0F824C02CEA0A0C4CEAA5
:10C9200002024262E6E700BF21F0030303F1804305
:10C9300003F59C3310B501F0030C0124D3F808E093
:10C9400004FA01F14FEA8C0C1446C0F383200F2245
:10C9500000FA0CF002FA0CFC2EEA0C0C0C4A40EA2D
:10C960000C0098609368E0074CBF0B438B439360C7
:10C97000074AD368A0074CBF0B438B43D360044BDB
:10C980001A680A431A605A6822EA01025A6010BD06
:10C99000003C0140174BD3F808C0D868012210B5FD
:10C9A0008A404CEA000E1EEA020F22D04FEA910E96
:10C9B000114C0EF1020E2CEA020C54F82EE0D3F8C2
:10C9C00000E02EEA020EC3F800E0D3F804E02EEAFD
:10C9D000020EC3F804E0C3F808C0DFF820C020EA64
:10C9E0000200D8605A6100230CEBC1024CF83130D0
:10C9F000536010BD003C014000380140B89A00204F
:10CA0000D0F830C0436B4FF4004200B500211A60EB
:10CA1000DCF80020196059605961136823F01F0386
:10CA200013601368D907FCD49CF809E0C16ADCF8EC
:10CA300004000A683D2303FA0EF30360136823F031
:10CA40001F0313601368DB07FCD4487A4A683D2350
:10CA50008340136000BD00BF10B511F00C0F446B94
:10CA600082B0034613D1196B0A68136823F01F03C1
:10CA700013601368DB07FCD4487A4A683D2383407F
:10CA80001360636843F40073636002B010BD0190EB
:10CA90000248FDF73FFB019BE5E700BFA8F6010850
:10CAA00010B511F00C0F426B82B0044629D1E06A38
:10CAB0000368196821F01F011960196811F001015C
:10CAC000FBD1D0F804C0407A3D238340CCF800303D
:10CAD000536823F480535360136823F48063136016
:10CAE000136843F400733020136080F3118804F15D
:10CAF0001C000191FDF710FE019981F3118802B02D
:10CB000010BD03480192FDF705FB019ACFE700BF76
:10CB1000A8F6010848484949426B10B59369546921
:10CB200044EA034303F0FF138B4282B01FD8B3F5EE
:10CB3000403F31D9A3F54033013B102B0ED8DFE83D
:10CB400003F02E440D0D0D0D0D090D0D0D0D0D0DE8
:10CB50000D0D3A00038CC3F34703136114F00A0F61
:10CB600018BF936902B0BDE81040FDF7E3BE344939
:10CB70008B4240D002318B42F0D1C36A11691B68ED
:10CB80005968002942D0018C136841F0010143F437
:10CB9000A06301841360E5E7B3F1011FDED1038CCC
:10CBA000190ADAD001F0060103F00103194341F03C
:10CBB000F0011161D2E720480092FFF721FF009AAF
:10CBC000536823F400735360C8E75168C06A21F4C6
:10CBD000007103685160196841F0010119605168E2
:10CBE00041F4805151605B68012BB7D8136823F47E
:10CBF00080631360B2E75368016B23F40073096824
:10CC000053600B6843F001030B60A7E75368019280
:10CC100023F400735360136843F4007313603023EC
:10CC200083F311881C300091FDF776FD009981F3A4
:10CC30001188019A92E700BF389B00201100030081
:10CC4000820007003B4938B5D1F834E00C6BDEF8C0
:10CC500014C022680CF45F43DB43CEF81430136831
:10CC600023F01F031FFA8CF013601368DB07FCD45A
:10CC7000657A6268CC6A3D23AB4013602268136812
:10CC800023F01F0313601368DD07FCD4657A626824
:10CC90003D23AB4013608405C0F3002348BF43F03D
:10CCA000020342058B600ED5DEF8042022F40072E8
:10CCB000CEF80420DEF8002043F0040342F40072B2
:10CCC000CEF800208B60050544BF43F008038B605D
:10CCD00044041ED543F02003C0048B600FFA8CFC83
:10CCE00024D543F01003BCF1000F8B6002DA43F04F
:10CCF00040038B60302383F311880F486FF00101EC
:10CD0000FDF70AFD002383F31188BDE83840FDF7E5
:10CD100011BEC2040FFA8CFCE3D4BCF1000FE6DBB9
:10CD2000002BE7D1BDE83840FDF704BEBCF1000F91
:10CD3000E0DADCE7389B0020549B002008B505486A
:10CD4000FEF7D0F80349044A4A630023CB61CB6263
:10CD50000B6308BD389B0020005C004030B50278B2
:10CD6000446B012A83B0034653D02246D96AD3F8D4
:10CD700030C0096804F1100088605968DCF80030A0
:10CD800098604FF40040206000234FF4106023604F
:10CD90006060D2F804C048684FF6C07E0CEA0E0C02
:10CDA00091F808E0C2F804C0D2F804C04CF0240C9A
:10CDB000C2F804C0DFF834C160451BDC2523400005
:10CDC0001362454B93FBF0F3C3F30B03D361097874
:10CDD000136802299BB261D003295CD023F00A00BA
:10CDE000012908BF03461360236843F00103236051
:10CDF00003B030BDDFF8F8C06045E7DCBEF1020FDC
:10CE000052D0BEF1030F5AD048F6FF730B201062C8
:10CE1000DCE7324A40F2564040F2164193429862B3
:10CE20005962A2D12E4D2F4A296A41F4000129628C
:10CE3000296A21F400012962296A0193052102204F
:10CE4000FFF77EFC019B284AD86205210420FFF7EA
:10CE500077FC2A6C019B42F4000218632A642A6E54
:10CE600042F4000205212A6648202A6EFEF760FD82
:10CE700005214920FEF75CFD019B586A996A5A6BAF
:10CE800040F0C06041F0C06140F4403041F44031B6
:10CE9000586299626AE743F00A03A4E723F00803A3
:10CEA00043F002039BB29EE70B4B00EB4000B3FB49
:10CEB000F0F36FEA43436FEA53439BB2A6E700EBFC
:10CEC0008000054B00EB8000B3FBF0F36FEA834377
:10CED0006FEA93439BB299E700512502389B0020EB
:10CEE00000380240A1CA010859CA0108A086010001
:10CEF000801A06000378012B00D1704710B5044654
:10CF0000FFF77EFD206BFFF721FCE06AFFF71EFCB8
:10CF10000B4A002394422363E36200D010BD4820F3
:10CF2000FEF71CFD4920FEF719FD064B1A6C22F492
:10CF300000021A641A6E22F400021A661B6E10BDFB
:10CF4000389B00200038024049002DE9F84341F0A9
:10CF500001010025446B01848146856085F31188B9
:10CF6000C16A406A09680860CA604B60FDF75AFDF3
:10CF70003026804641F2873701E085F3118886F339
:10CF80001188A3699A0702D423689B0518D5FDF779
:10CF900049FDA0EB0800B842EFD9D9F82C100A6877
:10CFA000136823F01F0313601368D807FCD4487A72
:10CFB0004A683D23834013604FF0FF30BDE8F8839B
:10CFC0006368089943F400736360236843F4A063C3
:10CFD00009F11C002360FDF791FB0028EED0D9F881
:10CFE0002C100A68136823F01F0313601368DB0713
:10CFF000FCD44C7A4A683D23A3401360BDE8F88313
:10D000002DE9F84349000025089F446B01848146BF
:10D01000856085F31188016BD9F828600868D9F814
:10D020002C1009680660C2604360D9F824300B6098
:10D03000099BCF604B60FDF7F5FC3026804641F23E
:10D04000873701E085F3118886F31188A3699A0771
:10D0500002D423689B0527D5FDF7E4FCA0EB08006C
:10D06000B842EFD9D9F830000268136823F01F03E3
:10D0700013601368DC07FCD4447AD9F82C1040689C
:10D080000A683D23A3400360136823F01F03136065
:10D090001368D807FCD4487A4A683D23834013605C
:10D0A0004FF0FF30BDE8F88363680A9943F40073DA
:10D0B0006360236843F4807309F11C002360FDF76B
:10D0C0001DFB0028EED0D9F830402268136823F009
:10D0D0001F0313601368D907FCD4627AD9F82C10A7
:10D0E00064683D2393400A682360136823F01F039C
:10D0F00013601368DB07FCD44C7A4A683D23A340D5
:10D100001360BDE8F88300BF12498A6DD1F854C09E
:10D1100070B5956800230831012451F804EFDEF85A
:10D12000186003F1100204FA03F0013336B1DCF8A1
:10D130001C6804FA02F23243CCF81C28DEF81420F2
:10D1400022B1DCF81C281043CCF81C08AB42E4D90F
:10D1500070BD00BF709B002010B50022D1F808E020
:10D160004FF0FF3400E0013200EB42110B46D1F8E2
:10D1700000C9BCF1000F05DAD1F800C94CF0804CB1
:10D18000C1F800C9D1F800CBBCF1000F05DAD1F825
:10D1900000CB4CF0804CC1F800CB9645C3F8084951
:10D1A000C3F8084BDFD14FF00113C0F81C3810BD95
:10D1B00008B50548FDF790FF0349044B8B654FF018
:10D1C000A0424A6508BD00BF709B00205C040208B5
:10D1D0000378012B00D0704730B5304B446D984236
:10D1E00083B005463BD02346C0220021C4F8001E70
:10D1F00022604FF40412A2631A69002AFCDA0122A9
:10D200001A610C200193FCF7B1FF019B1A69D20748
:10D21000FCD412200193FCF7A9FF019B1A69002A94
:10D22000FCDA0023A96D686DA360FFF795FF6A68BB
:10D23000D2680023C4F81038C4F81438C4F81C3875
:10D2400052B1174BA3614FF0FF336361A36843F002
:10D250000103A36003B030BD124BA361F3E7124B8F
:10D260005A6B42F080025A635A6D42F080025A654E
:10D270005A6D5A6942F080025A615A6922F080025E
:10D280005A610E2143205B69FEF752FB074B084AA7
:10D29000E3606B6DC4F80028A6E700BF709B002018
:10D2A000083C30C0003C30C0003802404014004010
:10D2B000030020020378012B00D1704700B583B032
:10D2C0000346816D406D0193FFF746FF0C49019BBA
:10D2D00000228B42C0F81C288260826301D003B018
:10D2E00000BD4320FEF73AFB064B5A6B22F080024A
:10D2F0005A635A6D22F080025A655B6DEFE700BFFA
:10D30000709B00200038024070B5456D2023064612
:10D310002B612C6914F02004FBD11220FCF726FFAE
:10D32000D6F858C0C5F83448DCF808004FF00113AF
:10D33000C5F81C3801304FF000614FF0FF3205EBAB
:10D34000441301348442C3F80019C3F8001BC3F826
:10D350000829C3F8082BF2D1726DDCF80030F365B0
:10D3600010216B621161146914F01004FBD11220BA
:10D37000FCF7FCFED5F80038114823F4FE63C5F82D
:10D380000038AB6943F4402343F01003AB61F36D05
:10D3900009224FF0C041C5F81028C5F81428F060E4
:10D3A000084AC5F8101B03F1100143F48013C5F8B7
:10D3B000002BC5F81049C5F80029F165AB6270BDB6
:10D3C0006804020840800010426D90F84E10D2F8B8
:10D3D000003823F4FE6343EA0113C2F800387047B3
:10D3E00000EB810370B5DB68446D1A68D3F818E070
:10D3F00002F003020546501E022804EB411C98BFB0
:10D4000092044FF0000082B098BF02F18052CCF835
:10D41000100B4FF0010601F110008CBF424A02F5DB
:10D42000004206FA00F0BEF1000F4ED0B3F812E051
:10D4300001F1580C4FEA4C1C4EEA020644F80C600D
:10D44000D4F81C683043C4F81C0804EB41104FF0BA
:10D45000000C5E69C0F810C94FEA811C4CF0200C2A
:10D46000002E3FD0B3F81CE0188ABEF1010F4FEA3E
:10D470009003E86D88BF0EFB03F304EB810E1E18CA
:10D4800040EA0340EE65CEF80001C4F810C02369FD
:10D490009806FCD4122001910092FCF767FE0199D6
:10D4A000009A05EB810001F14805C068008A6D0112
:10D4B00040EA8150104360510123D4F81C288B406E
:10D4C0001343C4F81C3802B070BDDCF8006B26F4BE
:10D4D0000046CCF8006BD4F81C6826EA0000C4F8BB
:10D4E0001C08B2E704EB8103104AC3F80021C4F81A
:10D4F00010C023699B06FCD412200091FCF736FE75
:10D50000009904EB4110012303FA01F2D0F800392D
:10D5100023F40043C0F80039D4F81C3823EA02038E
:10D52000C4F81C3802B070BD008000100004000276
:10D53000816D03460A68406DDA65FFF70DBE00BFD6
:10D540005831436D49015B5813F4004004D013F483
:10D55000001F14BF01200220704700BF4831436DF7
:10D5600049015B5813F4004004D013F4001F14BFAA
:10D5700001200220704700BF00EB81011046CB68FC
:10D580000822196A01F038BA00EB810300B5DA68A5
:10D59000D2F818E0DEF800C0CEF810C011B9BCF126
:10D5A000400F2ED8538A1268406D02F0030E5A1EA7
:10D5B0006244B2FBF3F202FB03F3033323F00303F1
:10D5C00043EAC24300EB411243F0C043BEF1010FF6
:10D5D000C2F8103B0CD1D0F8083813F4807FD2F891
:10D5E000003B14BF43F0805343F00053C2F8003BAC
:10D5F00000EB4110D0F8003B43F00443C0F8003B7F
:10D6000000BD4023CEF800309C46CBE7314A30B510
:10D61000546D014604EB401083B0D0F8083BC0F8CD
:10D62000083B180703D5D4F81408050738D4D807E1
:10D6300034D5D4F81438DB0730D58C1C02EB8403C6
:10D640005B6891B9D3F818C0B3F812E0DCF8045065
:10D65000DCF80400B0FBFEF00EFB105028B9DCF83B
:10D6600000E0DCF81000864526D3DD6853890120F0
:10D67000884023EA0003538115B11648A847154A8C
:10D68000302383F3118802EB840253689869416860
:10D690000C30FDF741F8002383F3118803B030BD4F
:10D6A00002EB81000193C0680091436810469847DF
:10D6B000DDE90013074ABAE7A0EB0E00CCE9000150
:10D6C000302383F311880348FFF75EFF81F311884D
:10D6D000E4E700BF709B002000EB8103426DD3F8AC
:10D6E0000CC0DCF81400036800B5036153BB02EB07
:10D6F00041134FF4002E4801C3F810E9DCF8003064
:10D7000003F00303012B0ED1D2F8083802EB000C12
:10D7100013F4807FDCF8003914BF43F0805343F0EA
:10D720000053CCF8003910440123D0F800C98B40D5
:10D730004CF00441C0F80019D2F834180B43C2F879
:10D74000343800BD19B9402B84BF40230360BCF8B6
:10D7500010E00EF1FF301844B0FBFEF043EAC04386
:10D7600002EB411043F00053C0F810394801C5E7FF
:10D770002DE9F0474C4D6E6D06EB40120346D2F892
:10D780000849E00782B0C2F8084903D5D6F8102846
:10D79000D1070BD4220606D5D6F8342801219940AA
:10D7A0000A4289462FD102B0BDE8F0879A1C05EBEA
:10D7B0008201D1F804C0DCF81410D1F800E0086947
:10D7C00086455FD32989DCF808700120984021EA5A
:10D7D0000001298137B11946284601920093B847C4
:10D7E000019A009B0093302181F3118805EB82029E
:10D7F0000021526850690C30FCF78EFF002282F342
:10D800001188009BC6E705EB8302D5F854A0D268C7
:10D8100055696C682E68A6422DD9128A581CC0B270
:10D8200017460AEB00300AEB4318A6EB040CD8F8B5
:10D830001839BC459BB228BFBC46BCEB830FB2D89D
:10D84000D5F808E0BCF1040FDEF8003003600BD916
:10D85000ACF1050121F0030104317144734653F822
:10D86000042F02608B42FAD164440EEB0C03A642F3
:10D87000AB606C60D9D8DAF8343823EA0903CAF807
:10D88000343890E7A0EB0E00002208604A60302197
:10D8900081F31188194628460093FFF71DFF0022E7
:10D8A00082F31188009B75E7709B00202DE9F04FF3
:10D8B000AD4E83B0776D4FF0400B4FE028056ED42E
:10D8C000A9040CD5D7F8083813F0060FFB6823F429
:10D8D00070530CBF43F4105343F4A053FB602A076A
:10D8E0000ED57468E368002B00F042813378052B75
:10D8F00000F04681FFF708FCE3680BB1304698471B
:10D90000EB0200F18F80AC0251D42903D7F81848FC
:10D910000BD5E20300F12381A30300F11C81600316
:10D9200000F11581210300F10E816A030BD5E30795
:10D9300000F10581A00700F1FE80610700F1F7808A
:10D94000220700F1F080EB0600F1BB80874B1D42FF
:10D9500000F0E480BBF1010B00F0E0807D69BB6961
:10D960001D4015F480587D6140F04381002DA5DAFB
:10D97000D7F8003E9C0705D0D7F8003E23F00303FC
:10D98000C7F8003EFFF7C0FBD7F8043823F00103C7
:10D990003046C7F80438FDF7FFFC280590D5706DB8
:10D9A000B16DFFF7D9FB3046FDF7C4FC88E7D6F828
:10D9B000549000244FF0010A05E0B36D01349B68D8
:10D9C000E4B29C42A1D809EB4412D2F8003B03F424
:10D9D0004023B3F5802FF0D1D2F8002BA31C002AEE
:10D9E00006EB83000AFA04F1E7DA4268B6F80AC0E7
:10D9F000D2682CEA010C30462146A6F80AC012B1C2
:10DA000001939047019B302282F3118806EB830338
:10DA10005B68986941680C30FCF77EFE002383F355
:10DA20001188CAE70021D6F854900C4607E0B36D80
:10DA300001349B68E4B29C4221463FF664AF09EB97
:10DA40004412D2F8003903F44023B3F5802FEED10D
:10DA5000D2F80039002BEADAD2F8003943F09043CB
:10DA6000C2F80039D2F80039002BFBDB726D890156
:10DA700041F02001116113699806FCD41220FCF7D3
:10DA800075FB33890122A24023EA020304F1020A52
:10DA9000338106EB8A035B689B6813B121463046ED
:10DAA0009847302383F3118806EB8A0A0021DAF8BD
:10DAB000043058690C30FCF72FFE002383F31188E3
:10DAC000B5E7726D136A03F4F011B1F5802FC3F35B
:10DAD0000A1003F00F035ED0B1F5402F7FF43AAF88
:10DAE00000283FF437AF06EB830302F58054DB6870
:10DAF0004546196A002313F0030F08BF2568072B5A
:10DB00000A4603F1010303D802F8015B2D0A11460E
:10DB10009842F0D1BBF1010B7FF420AF03B0BDE818
:10DB2000F04FFCF707BF0320FFF722FE0BE70220B0
:10DB3000FFF71EFE04E70120FFF71AFEFDE60020B6
:10DB4000FFF716FEF6E60320FFF760FDEDE6022084
:10DB5000FFF75CFDE6E60120FFF758FDDFE6002059
:10DB6000FFF754FDD8E600BF709B00203000000492
:10DB7000BB6923F00803BB613378052B7FF4BAAE91
:10DB8000D7F8003E23F00303C7F8003E3046FDF708
:10DB900003FC7468AEE6991C06EB81035B689D6923
:10DBA0002C686B68A4EB030CAC68C8B1A64602F500
:10DBB00080550023444613F0030F08BF2C689C4592
:10DBC000724603F1010303D902F8014B240A964679
:10DBD0009842F0D106EB81035B689D69AC686B6885
:10DBE000604539BF24181B1864446344AC606B6003
:10DBF000B0E60448FDF764FB03B0BDE8F04FFCF766
:10DC000099BE00BF709B0020436D03EB4111D1F81A
:10DC1000003B43F40013C1F8003B7047436D03EB36
:10DC20004111D1F8003943F40013C1F800397047AD
:10DC3000436D03EB4111D1F8003B23F40013C1F80D
:10DC4000003B7047436D03EB4111D1F8003923F4D9
:10DC50000013C1F80039704750207047BAB110B5B1
:10DC600044689C4650341344A1EB0C010CEB0100BA
:10DC70004FEA900E00F0030054F82E20C00022FA64
:10DC800000F00CF8010B9C45F0D1002010BD0020E5
:10DC9000704700BFF2B1F0B50D4641689E46503165
:10DCA0009C18ED1AFF260EEB0500820800F0030019
:10DCB0001EF801CB51F82230C00006FA00F723EA23
:10DCC00007030CFA00F01843A64541F82200EAD1F8
:10DCD0000020F0BD00207047184A194938B5536834
:10DCE0009568DC6824F4F040D8604FF40010486177
:10DCF00005B3996809040DD5230503D51046022103
:10DD0000A8470E4AE50404D593680C4803219847B8
:10DD10000A4A53681B6C58070CD5A10404D59368B4
:10DD2000064804219847054A630403D593680348CD
:10DD300005219847BDE83840FCF7FCBDD09B00208A
:10DD4000003C01400B480C494368DA6810B522F4E6
:10DD50008064DC604FF480044C61846834B19B685B
:10DD6000590403D5530501D50721A047BDE810404C
:10DD7000FCF7E0BDD09B0020003C01401348144953
:10DD8000436810B5DA6822F4407482B0DC604FF466
:10DD900000344C6184689CB19B68D90408D5D105D6
:10DDA00006D50021CDE90023A047DDE9002307487F
:10DDB000990405D5930503D5836804480121984744
:10DDC00002B0BDE81040FCF7B5BD00BFD09B0020FD
:10DDD000003C014008B51F48FDF7E6F81E4BCA217C
:10DDE000532259625A62DA681A4912F0100F4B60D6
:10DDF000DA6818D022F02002DA60164A00230121E6
:10DE00004FF4C4009360FEF7CDFC0F210220FDF714
:10DE10008FFD0F210320FDF78BFDBDE808400F218A
:10DE20002920FDF785BD42F08002DA60DA685206EB
:10DE3000FCD5202000219860084A1964802040F217
:10DE4000FF31D86019611A61DA6822F08002DA6065
:10DE5000D3E700BFD09B002000280040FF031F0035
:10DE60002DE9F04F0F4647497B68474A474EBC783B
:10DE700097F80190C3F31A03A1FB03139B09A2FBBC
:10DE8000031583B0ED080190A6FB05018908A2FBEC
:10DE900001CE4FEADE0E04F01F04A6FB0E6C3878AC
:10DEA000A2FB04684FEAD808A2FB00B608EB880B77
:10DEB00009F00F0AA4EB4B044FEA591944EA49341C
:10DEC000A2FB0AB901EB410BF608A5EB4B0B05EBE6
:10DED0008505A3EB450306EB8605A0EB450044EA68
:10DEE00000400EEB8E04A1EB44014FEA9C0C4FEA7C
:10DEF000D90943EA0B1343EA0123A2FB0C41A2FB1D
:10DF0000064209EB8904AAEB440A40EA0A24D20833
:10DF100002EB820244EA0934A6EB420244EA081406
:10DF200044EA02540CEB4C02C908AEEB420E43EA41
:10DF30000E3501EB8103ACEB430C45EA0C4545EA99
:10DF40000155FCF7F5F8124B5A68D36843F080038B
:10DF5000D360D3685B06FCD5019B59680D604C60AB
:10DF60008B687C7823F48023C4F3001443EA844351
:10DF70008B60D36823F08003D36003B0BDE8F04F1B
:10DF8000FCF7E0B8D34D6210CDCCCCCCABAAAAAA9A
:10DF9000D09B0020F0B50546002483B00F462646EE
:10DFA000FCF7C6F86B68254622469C6AA242AC463E
:10DFB000B6461D685E68F7D1AC45F5D1B645F3D1DC
:10DFC0009B680193FCF7BEF8019B2F489B0903F463
:10DFD00080512E4BC5F3034203FB02F2C5F30153FC
:10DFE00000FB03224FF47A7C05F00F030CFB0322A5
:10DFF000C6F3035303EB830EC6F3003303EB830C2A
:10E00000234B244804FB03F3C5F3023400FB042034
:10E01000C6F3034202EB4E023A70C6F3032202EB50
:10E020004C0202F00F0241EA02224EF66024C5F3D0
:10E03000032104FB0101C6F3011000EB800406F08C
:10E040000F0000EB440006F46046324300F01F006E
:10E0500042EA0042C5F3021542F2107000FB0511BE
:10E0600003F5792321F0784103F6184301EB93235C
:10E07000796863F31A013B6879606FF314231343E3
:10E080003B6003B0F0BD00BF0051250280EE3600BA
:10E0900018FCFFFFC0270900D0F804C0416A9CF8B3
:10E0A00001200B68F2B91A6822F01F021A601A6880
:10E0B000D207FCD44A7A49683D239340C2690B6079
:10E0C00093681B06FCD4016A0A68136823F01F03D7
:10E0D00013601368D807FCD4487A4A683D2383400C
:10E0E000136070471A6822F01F0200B51A601A68A0
:10E0F000D207FCD491F809E04A68016A3D2303FA8B
:10E100000EF313600A68136823F01F03136013688B
:10E11000DB07FCD44A7A49683D239340104A0B60E0
:10E12000904212D0BCF81420BCF81610C36922F03B
:10E1300044024FF0000C41F0030142F04000C3F8EC
:10E1400000C059601A60186000BD064B5A6A42F45C
:10E1500080525A625A6A22F480525A625B6AE1E73C
:10E16000DC9B00200038024010B511F00C0F82B08B
:10E17000044629D143681A78B2B1CA0604D55B684F
:10E1800083B10191984701998B060BD563685B6851
:10E1900043B104222270204698472378042B01D1F2
:10E1A0000323237002B010BD0193FFF775FF019B9D
:10E1B0005B6833B104222270204698472378042BF1
:10E1C0000DD1022323700AE00B48FBF7A3FF204682
:10E1D000FFF762FF63689B680BB1204698473023C6
:10E1E00083F31188002104F10800FCF795FA00235D
:10E1F00083F3118802B010BDA8F6010811F00C0FCE
:10E2000000D1704710B504460B48FBF783FF20464A
:10E21000FFF742FF63689B68204603B198473023AD
:10E2200083F31188002104F10800FCF775FA00233C
:10E2300083F3118810BD00BFA8F6010810B5074888
:10E24000064CFCF7BDFE002305480649064AE0617E
:10E2500023626362A162E26210BD00BFDC9B00200A
:10E2600000300140160001064600010610B5027894
:10E270004FF0FF31012A82B0034641633BD0D0F812
:10E280001CC0D3F804E0996ABEF81420D86A1405BB
:10E290009EF8004021F4F04120F4F04044BF41F4E6
:10E2A000205140F42050E4B921F4847120F48470AA
:10E2B000D8629EF8010099620023BEF81610CCF8CF
:10E2C000003022F0440388B141F0030243F04001E2
:10E2D000CCF804200020CCF80030CCF8001002B0BC
:10E2E00010BD41F4847140F48470E1E743F441735C
:10E2F00041F00702EAE71D4A90420AD0196A5A6AB9
:10E30000D3F81CC0086811680CF10C0282608A60A6
:10E31000B7E70190164A0A210820FEF711FA019B7F
:10E320001862F8B1134A01930A210B20FEF708FA8C
:10E33000019B586298B1104A516C41F4805151646C
:10E34000516E41F480515166516E516A41F48051D1
:10E350005162516A21F480515162526ACEE7186AC3
:10E36000FEF7F4F96FF01000B9E700BFDC9B002066
:10E3700069E10108FDE10108003802400278022A43
:10E3800000D0704700B583B00190FFF785FE019B78
:10E39000D969586A00220A604A60FEF7D7F9019BE2
:10E3A000186AFEF7D3F9019B094900228B421A62D1
:10E3B0005A6201D003B000BD064B5A6C22F4805261
:10E3C0005A645A6E22F480525A665B6EF2E700BFBE
:10E3D000DC9B00200038024010B4046AD4F800C06E
:10E3E000CCF80C30836ACCF8041043F48063CCF88A
:10E3F0000030436AC06A1B6840F48060DA6059608C
:10E400001860DCF8002042F00102CCF800201A6805
:10E4100042F00102002010BC1A607047036AD3F872
:10E4200000C000F13003CCF80C30836ACCF8041043
:10E43000CCF80030436AC06A1B6840F48060DA6040
:10E4400059601860DCF8002042F00102CCF800208E
:10E450001A6842F0010200201A607047104A114801
:10E46000116C41F001011164116E41F0010111665E
:10E47000126E82684FF0804342F0010282600121F7
:10E48000002240F2CF2C4FF0FF30C3F828C0D862F2
:10E490009A615A63DA605A6059611960704700BF27
:10E4A00000380240002004E04FF0804208B51169B6
:10E4B000D3680B40D9B2C9439B07116100D408BD92
:10E4C000302383F31188FBF731FE002383F3118897
:10E4D00008BD00BF3A4A3B49106940F09F0070B543
:10E4E00010611069384D20F09F0010611069106BA9
:10E4F00040F09F001063106D40F09F001065126D9A
:10E500003248334A00234FF0FF3C4FF6FF7E4B600A
:10E51000C1F808C0C860C1F814E00A622D4A4A6216
:10E5200002F1854202F5B0120A602B4A2B48536073
:10E530004FF0AA31C2F808C0D1604FF08051C2F844
:10E5400014E01362536211602549C2F80434C2F822
:10E5500008C4C2F80C142349C2F814E4C2F8201409
:10E560002149C2F824144FF4A031C2F8001401F17B
:10E57000804101F5504102F5C0524FF0553440F64C
:10E58000FF764360C0F808C0C4604661036243621E
:10E5900003604B60C1F808C0CC60C1F814E00B62A6
:10E5A0004B620B605360C2F808C0D560C2F814E03B
:10E5B0001362BDE8704053621360FDF73BBB00BFC0
:10E5C000003802400000024050555555645001A4E7
:10E5D0000000565500AA0A0000040240000C024048
:10E5E000556955550050006000060600704700BF91
:10E5F000162303604FF0FF30704700BF00207047C4
:10E60000184670470020704710B50022044608469F
:10E610000121FCF7CBF900B110BD0C2323604FF0B2
:10E62000FF3010BD08B500211046582200F098F9BF
:10E6300003464FF4005200205A6008BD0120704785
:10E6400008B50248FBF766FD00F00EF8B4F60108C5
:10E6500008B50248FBF75EFD00F006F8BCF60108BD
:10E6600001207047704700BF08B5062000F0A8F9E8
:10E670000120FFF7E5FF0000024B0A46014618683B
:10E6800000F002B8902F002070B5A1FB026535B9EB
:10E69000314600F059F8044628B9204670BD0C23D5
:10E6A00003600024F9E73246294600F059F9F4E7FF
:10E6B000931E222B10B50C4604D900230B701C4668
:10E6C000204610BD0A2A09D1002807DA2D230B7035
:10E6D00040420121214400F0F3F8F1E70021F9E77D
:10E6E000FFF7E6BF024B0146186800F02DB800BFE7
:10E6F000902F0020024B0146186800F0A9B900BF16
:10E70000902F002070B50F4C0E462168054611B9B8
:10E71000FFF77AFF206031462846FFF775FF431C5C
:10E7200003D14FF0FF34204670BDC41C24F0030415
:10E73000A042F8D0211A2846FFF766FF0130F2D137
:10E74000EFE700BF407400202DE9F843CD1C25F011
:10E75000030508350C2D38BF0C25002D064601DBBE
:10E76000A94204D90C2333600020BDE8F883334F5D
:10E7700000F066F83B681C463CBB29463046FFF774
:10E78000C1FF431C044656D13C68A046B8F1000FB7
:10E7900040D1002C49D023684146304604EB0309A0
:10E7A000FFF732FF814540D121686D1A2946304676
:10E7B000FFF7A8FF013038D023682B4423603B6863
:10E7C0005A685ABBC7F800800EE02268521B1ED45C
:10E7D0000B2A16D96119A342256018BF59606368D6
:10E7E00008BF396062514B60304600F02AF804F1EE
:10E7F0000B00231D20F00700C21A1CBF1B1AA350D8
:10E80000B3E76268A3420CBF3A605A60ECE7234664
:10E810006468B1E74446D8F80480B7E71A465B68F5
:10E82000A342FBD100235360DEE70C233360304664
:10E8300000F007F898E70560D6E700BF44740020B1
:10E8400070477047164B10B51C68226BB2B9182080
:10E85000FFF748FF0246206320B9124B12485221AD
:10E8600000F0D8F81149124BC0E90013114B836036
:10E870000B23838100210120C2E9040113690E48A2
:10E8800054690E49584301FB0400A3FB01310133D5
:10E8900040EB0100C2E9043020F0004010BD00BF91
:10E8A000902F00208C040208A30402080E33CDAB85
:10E8B00034126DE6ECDE05002DF451582D7F954C99
:10E8C000F0B51E4C8BB005460B466E4604F1200C8D
:10E8D00020686168374603C7083464453E46F7D16F
:10E8E00021793971911E2068386022294FF000018A
:10E8F00004D919700B4618460BB0F0BD581E84465B
:10E90000B5FBF2F702FB175628366E44AA4216F8FA
:10E91000286C0CF8016F0C463D4601F10101EFD95E
:10E9200000225A541919A51AAA42E4DA10F8015F14
:10E930000E780670013201F80159F4E72705020844
:10E9400010B501390244904201D1002005E003785E
:10E9500011F8014FA34201D0181B10BD0130F2E79E
:10E9600002440346934200D1704703F8011BF9E7C4
:10E970001F2938B505460C4604D9162303604FF00D
:10E98000FF3038BDC26B12B152F821304BB9284666
:10E9900000F030F8224601462846BDE8384000F035
:10E9A00017B8012B0AD0591C03D11623036001208C
:10E9B000E7E7002142F82410204698470020E0E7CE
:10E9C000024B01461868FFF7D3BF00BF902F00200D
:10E9D00038B5074C00230546084611462360FFF76B
:10E9E00037FE431C02D1236803B12B6038BD00BF42
:10E9F00048740020FFF734BE0A44914200F1FF330F
:10EA000000D1704710B511F8014B03F8014F914246
:10EA1000F9D110BD1FB51D46094B1B680646D868C5
:10EA200052B1084C0091CDE90142074933462A46CC
:10EA300000F05AF8FFF718FE044C2246F2E700BF38
:10EA4000902F00204C05020859050208870502088E
:10EA500037B5002944D051F8043C0190002BA1F1B6
:10EA60000404B8BFE418FFF7EBFE1E4A01981368D0
:10EA700033B96360146003B0BDE83040FFF7E1BE16
:10EA8000A34208D9256861198B4201BF19685B68E8
:10EA900049192160EDE71A465B680BB1A342FAD928
:10EAA00011685518A5420BD1246821445418A3427B
:10EAB0001160E0D11C685B6853600C441460DAE7B5
:10EAC00002D90C230360D6E7256861198B4204BF85
:10EAD00019685B68636004BF491921605460CAE724
:10EAE00003B030BD447400200EB403B5014603AB3F
:10EAF000054853F8042B0068019300F02FF802B08A
:10EB00005DF804EB03B07047902F00209368013B41
:10EB1000002B10B4936007DA9469A34201DB0A2941
:10EB200002D110BC00F07BBB1368581C1060197038
:10EB3000084610BC7047F8B506460F461446D5186F
:10EB4000AC4201D1002007E014F8011B3A463046E0
:10EB5000FFF7DCFF431CF3D1F8BD00002DE9F047BF
:10EB6000064696B00D4614461F4618B1036A0BB907
:10EB700000F0E6FAAB891B0759D52B69002B56D05C
:10EB80000023099320238DF8293003973023604F09
:10EB90008DF82A304FF0010823461A7899461AB1A9
:10EBA000252A03F10103F8D1B9EB040A0BD053462F
:10EBB000224629463046FFF7BEFF013000F0A38011
:10EBC000099A5244099299F80030002B00F09B807A
:10EBD00000224FF0FF33CDE9053209F1010904921B
:10EBE00007928DF853204C46052214F8011B484823
:10EBF000E9F72EFC049A28BBD00644BF20238DF8E9
:10EC00005330110744BF2B238DF8533099F800304F
:10EC10002A2B1ED007994B4600204FF00A0C1A7879
:10EC2000303A092A1C4655D900B307911EE02946FF
:10EC3000304600F031FB0028A2D04FF0FF3016B074
:10EC4000BDE8F087C01B08FA00F010430490A1460D
:10EC5000C9E7039B191D1B680391002BBBBF5B42D7
:10EC600042F0020207930793B8BF049223782E2B39
:10EC70000AD163782A2B32D1039B1A1D1B68039299
:10EC800043EAE37302340593DFF89090217803227E
:10EC90004846E9F7DDFB38B1049BA0EB09004022B0
:10ECA000824013430134049321781A488DF82810C8
:10ECB0000622E9F7CDFB03AB00932A46164B04A9C5
:10ECC000304600F0A3F8421C1DD0099B03440134D8
:10ECD000099361E701330CFB012101209FE7002329
:10ECE0000593611C18464FF00A0C0A78303A092A3D
:10ECF0000C4603D9002BC7D00590C5E701310CFBAA
:10ED000000200123F1E7AB895B0696D4099896E7CA
:10ED1000880502089205020837EB01088E050208F3
:10ED20002DE9F047914698468A680B69089E934200
:10ED3000B8BF1346C9F8003091F8432007460C4687
:10ED400012B10133C9F800302368990642BFD9F8DF
:10ED500000300233C9F80030256815F0060507D1E8
:10ED600004F1190AE368D9F800209B1AAB4229DCA8
:10ED700094F843302268003B18BF012392062ED43A
:10ED800004F1430241463846B047013021D02368A0
:10ED9000A168226903F00603042B01BFE568D9F8D6
:10EDA0000030ED1A25EAE57518BF00258B1A2B44B3
:10EDB0009142C8BF1D464FF000091A344D451AD183
:10EDC000002008E00123524641463846B047013052
:10EDD00003D14FF0FF30BDE8F0870135C2E7E118FD
:10EDE0005A1C302081F84300224494F8451082F8E0
:10EDF00043100233C4E70123224641463846B04758
:10EE00000130E6D009F10109D8E700002DE9F0430F
:10EE100098460B7E85B0782B174606460C9A0C4612
:10EE200009D8622B01F1430108D8002B00F0DC80E7
:10EE3000582B00F0BD8004F1420539E0A3F16300D6
:10EE40001528F8D801A555F820F000BFA5EE010857
:10EE5000B9EE010837EE010837EE010837EE010878
:10EE600037EE0108B9EE010837EE010837EE010868
:10EE700037EE010837EE0108C9EF0108E5EE010899
:10EE800077EF010837EE010837EE0108F1EF0108CE
:10EE900037EE0108E5EE010837EE010837EE01080C
:10EEA0007FEF01081368191D1B68116004F142050A
:10EEB00084F842300123A8E013682568181D10600B
:10EEC000280601D51B6803E06A06FBD5B3F90030BC
:10EED000002B03DA2D225B4284F84320DFF878C14F
:10EEE0000A2213E02568106815F0800F50F8043BE3
:10EEF00002D16D0648BF9BB21060227EDFF858C178
:10EF00006F2A5DD10822002084F843006568A5605F
:10EF1000002D05DB20681D4320F00400206051D047
:10EF20000D46B3FBF2F002FB103E9A421CF80EE0D5
:10EF300005F801ED0346F4D9082A0BD12368DA0756
:10EF400008D5236962689A42DEBF302305F8013C88
:10EF500005F1FF35491B2161CDF800803B4603AA2E
:10EF600021463046FFF7DCFE013053D14FF0FF3031
:10EF700005B0BDE8F083236843F020032360DFF889
:10EF8000DCC0782384F845302068156810F0800FC5
:10EF900055F8043B03D110F0400F18BF9BB2156029
:10EFA000C50744BF40F02000206023B11022AAE72B
:10EFB000DFF8A4C0E6E7226822F020022260F5E72D
:10EFC0000A22A0E70D46B7E71368D4F800C06069CD
:10EFD0001D1D15601CF0800F1B6801D0186003E038
:10EFE0001CF0400FFAD01880002323610D46B3E7D0
:10EFF0001368191D11601D68626800212846E9F731
:10F0000027FA08B1401B606063682361002384F81D
:10F010004330A1E723692A4639463046C0470130CC
:10F02000A4D023689B0714D4E068039B9842B8BF20
:10F0300018469DE7012304F1190239463046C047BE
:10F04000013093D00135E36803995B1AAB42F1DCE0
:10F05000EAE70025F7E700BF99050208AA050208BC
:10F06000002310B50446C0E90033C0E904338360CF
:10F0700081814366C2818361194608225C30FFF7B3
:10F080006FFC054B6362054BA362054BE362054BC6
:10F090002462236310BD00BF97F10108B9F1010894
:10F0A000F1F1010817F20108024A0349034800F090
:10F0B00055B800BFE02F002041F40108942F002034
:10F0C00041680C4B994210B5044601D000F0B8F9E4
:10F0D000A168094B994202D0204600F0B1F9E168DD
:10F0E000064B994204D02046BDE8104000F0A8B974
:10F0F00010BD00BF4C740020B47400201C750020AB
:10F1000010B50A4B0A4A1A600A4800220421FFF788
:10F11000A7FF094801220921FFF7A2FFBDE810401F
:10F12000064802221221FFF79BBF00BF8475002012
:10F13000A9F001084C740020B47400201C75002054
:10F14000036A33B9034B0362034B1B680BB9FFF728
:10F15000D7BF7047C1F00108847500202DE9F8433E
:10F160008046894614460026D4E90175013F05D53D
:10F170002468002CF8D13046BDE8F883AB89012B18
:10F1800007D9B5F90E30013303D029464046C847A8
:10F1900006436835EAE710B50C46B1F90E10FFF7E3
:10F1A00027FA0028ABBF636DA3891B1823F4805393
:10F1B000ACBF6365A38110BD2DE9F0411F468B896B
:10F1C000DB0505460C46164605D5B1F90E1002239F
:10F1D0000022FFF713FAA389B4F90E1023F4805329
:10F1E000A38132463B462846BDE8F041FFF708BA06
:10F1F00010B50C46B1F90E10FFF700FAB4F90C3057
:10F20000421C0BBF23F4805343F48053A381A3819A
:10F2100018BF606510BDB1F90E10FFF7F3B9F8B56E
:10F2200005460F46144618B1036A0BB9FFF788FF6D
:10F23000A369A360A3891A0701D5236943B92146AD
:10F24000284600F029F818B14FF0FF363046F8BDD7
:10F2500023692068C01A6369834205DC2146284679
:10F2600000F0EEF80028EFD1A368013BA36023680B
:10F270005A1C22601F70636901308342FEB204D0C1
:10F28000A389DB07E2D50A2EE0D12146284600F00B
:10F29000D7F80028DAD0D7E738B5284B05461868E4
:10F2A0000C4618B1036A0BB9FFF74AFFB4F90C30EA
:10F2B000190720D4DA0607D409222A6043F0400354
:10F2C000A3814FF0FF3031E0580711D5616B41B198
:10F2D00004F14403994202D02846FFF7B9FB00230A
:10F2E00063630022A38962602269226023F0240301
:10F2F00043F00803A38123694BB9A38903F4207366
:10F30000B3F5007F03D02146284600F0D2F8B4F9C7
:10F310000C3013F001020AD00022A260626952424E
:10F32000A261226942B913F08000C7D138BD9907A4
:10F3300058BF6269A260F4E70020F7E7902F002031
:10F34000B1F90C202DE9F041160705460C4651D4C1
:10F350004B68002B02DC0B6C002B49DDE66A002EAB
:10F3600046D0002312F480522F682B6031D0626D9A
:10F37000A389590705D56368D21A636B0BB1236C57
:10F38000D21A0023E66A216A2846B047421CB4F923
:10F390000C3006D129681D2945D8284ACA40D6070D
:10F3A00041D500226260D9042269226004D5421C42
:10F3B00001D12B6803B96065616B2F60C1B104F1A5
:10F3C0004403994202D02846FFF742FB00236363BF
:10F3D0000EE0216A01232846B0470246501CC7D1DF
:10F3E0002B68002BC4D01D2B01D0162B1AD12F60F7
:10F3F00000201DE00F69002FFAD093070E6808BFA8
:10F400004B690F6018BF0023A6EB07088B60B8F1AB
:10F41000000FEDDD216AA66A43463A462846B0470A
:10F42000002807DCA38943F04003A3814FF0FF309D
:10F43000BDE8F0810744A8EB0008E8E701004020A0
:10F4400038B50B6904460D466BB118B1036A0BB9A8
:10F45000FFF776FEB5F90C302BB129462046BDE802
:10F460003840FFF76DBF184638BD70B50E46B1F98C
:10F470000E10002996B014461D460ADAB28912F021
:10F48000800213D14FF4806100202A60216016B001
:10F4900070BD6A46FFF7C6F80028EFDB019A02F458
:10F4A0007042A2F500535A425A41EBE70022402134
:10F4B000EAE78B8973B59E0705460C4607D504F12C
:10F4C0004703236023610123636102B070BD01AB78
:10F4D0006A46FFF7CAFF009E28463146FFF734F917
:10F4E000B4F90C3038B99A05EFD423F0030343F094
:10F4F0000203A381E3E743F08003A381019B206023
:10F50000C4E90406002BE0D0B4F90E102846FFF73A
:10F5100095F80028D9D0A38923F0030343F0010311
:04F52000A381D2E70A
:10F5240000080240010802400208024003080240A9
:10F53400000002400100024000000000030100003E
:10F5440000000000080802400808024008080240C1
:10F5540000FFFF0001000000A08601000100000080
:10F56400404142000080FF7F0080FF7FFF00FF00DA
:10F574000080FF7F0080FF7F0080FF7F0C0D0E0F57
:10F58400080905040607000102030A0B02E32B0025
:10F5940002E3080003E1E32102E30600E2E6E3E715
:10F5A400323032362D30382D30332D30303A323738
:10F5B4003A34380053544D3332463430310000006D
:10F5C4000407080B0E000000111213141516171867
:10F5D400191A00004B65796368726F6E204B3820EE
:10F5E400484500004C61737420736563746F722026
:10F5F400696E74656E64656420746F20626520753D
:10F60400736564207769746820776561725F6C65DF
:10F6140076656C696E67206973206265796F6E64C4
:10F6240020617661696C61626C6520666C617368E7
:10F634002064657363726970746F722072616E679F
:10F6440065000000496E76616C69642073656374BB
:10F654006F7220636F756E7420696E74656E646575
:10F664006420746F20626520757365642077697403
:10F674006820776561725F6C6576656C696E67009A
:10F6840026262626262626262626262600000000AE
:10F69400633000006D61696E0000000069646C6590
:10F6A40000000000444D41206661696C757265007C
:10F6B40065786974000000006B696C6C00000000E0
:10F6C400003131295A1B750A0000000000000000B7
:10F6D4000000000000000240040000001C000000C4
:10F6E40011121300006400000064000000580200BE
:10F6F400000000000000000004640000006400003A
:10F7040000580200000100000000000003D00700C0
:10F7140000FA000000D00700000100000000000013
:10F7240004E8030000E803000000000000010000FA
:10F7340000000000000000000000000000000000C5
:10F7440000000000000000000000000000000000B5
:10F7540000000000000000000000000000000000A5
:10F764000000000000000000000000000000000095
:10F774000000000000000000000000000000000085
:10F784000000000000000000000000000000000075
:10F794000000000000000000000000000000000065
:10F7A4000000000000000000000000000000000055
:10F7B4000000000000000000000000000000000045
:10F7C4000000000000000000000000000000000035
:10F7D4000000000000000000000000000000000025
:10F7E4000000000000000000000000000000000015
:10F7F4000000000000000000000000000000000005
:10F8040000000000000000000000000000000000F4
:10F8140000000000000000000000000000000000E4
:10F8240000000000000000000000000000000000D4
:10F8340000000000000000000000000000000000C4
:10F8440000000000000000000000000000000000B4
:10F8540000000000000000000000000000000000A4
:10F864000000000000000000000000000000000094
:10F874000000000000000000000000000000000084
:10F884000000000000000000000000000000000074
:10F894000000000000000000000000000000000064
:10F8A4000000000000000000000000000000000054
:10F8B4000000000000000000000000000000000044
:10F8C4000000000000000000000000000000000034
:10F8D40000000000700200000000000000000000B2
:10F8E4000000000000000000000000000000000014
:10F8F400900270030000000070003002000000005D
:10F90400500230010000000000001002000000005E
:10F914000000000000001000500030000000000053
:10F92400D0001001F0000000F001D0010000000040
:10F9340000000000B0020000000000000000000011
:10F9440000000000000000000000B0010000D00230
:10F954000000F00290000000000000000000000021
:10F96400000000000000000000000000B0003003B0
:10F9740010035003006F8F7F006E8E7E006D8D7DAF
:10F98400006C8C7C006B8B7B006A8A7A00698979B5
:10F9940000688878006787770066867600658575D5
:10F9A40000648474006383730062827200618171F5
:10F9B40000608070000F2F1F000E2E1E000D2D1DE5
:10F9C400000C2C1C000B2B1B000A2A1A00092919F5
:10F9D4000008281800072717000626160005251515
:10F9E4000004241400032313000222120001211135
:10F9F4000000201001012111003F5F4F003E5E4EC8
:10FA0400003D5D4D003C5C4C003B5B4B003A5A4A68
:10FA14000039594900385848003757470036564688
:10FA240000355545003454440033534300325242A8
:10FA3400003151410030504001002010010F2F1FB0
:10FA4400010E2E1E010D2D1D010C2C1C010B2B1B58
:10FA5400010A2A1A01092919010828180107271778
:10FA6400010626160105251501042414010222129B
:10FA7400016F8F7F016D8D7D016C8C7C016B8B7BA5
:10FA8400016A8A7A016989790168887801678777C8
:10FA940001668676016585750164847401628272EB
:10FAA40001608070013F5F4F013E5E4E013D5D4D40
:10FAB40001395949013656460135554501345444F6
:10FAC400013353430132524201315141013050401C
:10FAD400FFFFFFFFFFFFFFEFFDAF47FE2900BE0062
:10FAE400BD00047E057E28782778AC00AE00AB000C
:10FAF400A800AA00A900087E0A7E217835001E000D
:10FB04001F002000210022002300240025002600DD
:10FB140027002D002E002A0049004A002B00140063
:10FB24001A000800150017001C0018000C00120031
:10FB340013002F00300031004C004D003900040048
:10FB44001600070009000A000B000D000E000F004C
:10FB540033003400000028004B004E00E100000098
:10FB64001D001B00060019000500110010003600DE
:10FB7400370038000000E50000005200E000007E7D
:10FB8400027E0000000000002C0000000000037E44
:10FB9400017E2152E400500051004F0001003A0060
:10FBA4003B003C003D003E003F004000410042005D
:10FBB40043004400450001000100207801000B7E51
:10FBC4000C7E0D7E0E7E010001000100010001008B
:10FBD40001000100010001000100010020782178EA
:10FBE4002778237825782978010001000100010095
:10FBF4000100010001000100010001000100227860
:10FC04002878247826782A78010001000100010070
:10FC140001000100000001000100010001000000DA
:10FC240001000100010001000F7E0100010001003C
:10FC340001000100000001000000010001000100BA
:10FC440001000000000000000100000000000100AD
:10FC540001000100010001000100010029003A0037
:10FC64003B003C003D003E003F004000410042009C
:10FC74004300440045004600097E217835001E00FB
:10FC84001F0020002100220023002400250026005C
:10FC940027002D002E002A0049004A002B001400E2
:10FCA4001A000800150017001C0018000C001200B0
:10FCB40013002F00300031004C004D0039000400C7
:10FCC4001600070009000A000B000D000E000F00CB
:10FCD40033003400000028004B004E00E100000017
:10FCE4001D001B000600190005001100100036005D
:10FCF400370038000000E50000005200E000E30097
:10FD0400E2000000000000002C0000000000E600FB
:10FD1400E7002352E400500051004F000100BE00F0
:10FD2400BD00067E077E28782778AC00AE00AB00C5
:10FD3400A800AA00A90001000100207801000B7EA0
:10FD44000C7E0D7E0E7E0100010001000100010009
:10FD54000100010001000100010001002078217868
:10FD64002778237825782978010001000100010013
:10FD740001000100010001000100010001002278DE
:10FD84002878247826782A780100010001000100EF
:10FD94000100010000000100010001000100000059
:10FDA40001000100010001000F7E010001000100BB
:10FDB4000100010000000100000001000100010039
:10FDC400010000000000000001000000000001002C
:10FDD400010001000100010001000100003131298E
:10FDE4005A1B750A396A01089D68010801690108EE
:10FDF400E96A0108296B0108356B0108A96A010841
:10FE040000010101010101010101020202020202D9
:10FE140002020203030303030303030404040404AC
:10FE24000404050505050506060606060707070773
:10FE34000708080808090909090A0A0A0B0B0B0C28
:10FE44000C0C0D0D0D0E0E0E0F0F0F1010111111C5
:10FE54001212131314141515161617171818191946
:10FE64001A1A1B1B1C1D1D1E1E1F202021222223AB
:10FE74002424252626272829292A2B2C2D2D2E2FEC
:10FE840030313232333435363738393A3B3C3D3E03
:10FE94003F404142434445464748494A4C4D4E4FF2
:10FEA40050515354555658595A5B5D5E5F616264B4
:10FEB400656668696B6C6D6F7072737577787A7B41
:10FEC4007D7E8082838587888A8C8E8F9193959698
:10FED400989A9C9EA0A2A3A5A7A9ABADAFB1B3B5B8
:10FEE400B7BABCBEC0C2C4C6C9CBCDCFD1D4D6D894
:10FEF400DBDDDFE2E4E7E9EBEEF0F3F5F8FAFDFF32
:10FF040000000000000000002A2B28000000000070
:10FF140000000000000000000000002900000000B4
:10FF24002C1E3420212224342627252E362D373822
:10FF3400271E1F202122232425263333362E37382B
:10FF44001F0405060708090A0B0C0D0E0F101112E9
:10FF5400131415161718191A1B1C1D2F3130232DB5
:10FF6400350405060708090A0B0C0D0E0F101112B3
:10FF7400131415161718191A1B1C1D2F3130354C64
:10FF8400000000000000000000000000000000006D
:10FF9400000000000000000000000000000000005D
:10FFA400000000007E0F00D4FFFFFFC700000078B0
:10FFB4003D9101089D900108298F0108258F0108B2
:10FFC400303132333435363738394142434445468B
:10FFD4000000000012034D0053004600540031009D
:10FFE40030003000040000001E034B00650079005F
:0CFFF4006300680072006F006E002000C7
:020000040802F0
:100000004B003800200048004500000012034B0060
:10001000650079006300680072006F006E000000E8
:100020000403090412010002000000403434800E71
:1000300011010102030100000660FF0961A101092D
:1000400062150026FF0095207508810209631500DE
:1000500026FF00952075089102C0000005010906E1
:10006000A1018501050719E029E71500250195087B
:10007000750181029501750881010507190029FFA5
:10008000150026FF0095067508810005081901294D
:1000900005150025019505750191029501750391DE
:1000A00001C005010902A10185020901A10005099C
:1000B000190129081500250195087501810205011E
:1000C000093009311581257F9502750881060938A7
:1000D0001581257F950175088106050C0A380215E2
:1000E00081257F950175088106C0C005010904A11D
:1000F000018507A1000501093009310932093309D9
:100100003409351581257F95067508810205091981
:1001100001291015002501951075018102C0C00547
:10012000010980A101850319012AB700150126B72D
:1001300000950175108100C0050C0901A10185041D
:1001400019012AA002150126A0029501751081004F
:10015000C005010906A1018506050719E029E71573
:100160000025019508750181020507190029EF1581
:1001700000250195F07501810205081901290595F1
:100180000575019102950175039101C0B012020835
:10019000149C0020149C0020149C0020B012020823
:1001A000000000200000002000000020B012020823
:1001B000000001200000012000000120B012020810
:1001C000000000000000000000000000B012020863
:1001D000000000100000001000000010B012020823
:1001E000004002400040024000400240B0120208BD
:1001F000000000000000000000000000B012020833
:1002000000000000000000000000000094F601085B
:10021000C0710020A073002000000000C5BD0108CF
:10022000C9BD010809BE0108E1BE0108EDBE010813
:1002300039BF01088DBF010881AE010875AE010804
:10024000010000000000000000000000B0020208F1
:1002500094020208780202085C020208030000000F
:100260000400000008000000CC02020800000000AA
:100270000000000800000800030000000400000067
:10028000070000000C030208000000000000000846
:10029000000006000300000004000000060000004B
:1002A00044030208000000000000000800000400F1
:1002B00003000000040000000500000074030208B1
:1002C0000000000000000008000002000000000024
:1002D00000400000004000000040000000800000DE
:1002E0000040000000C000000040000000000100CD
:1002F00000000100000002000000020000000400F5
:1003000000000200000006000000020000000000E3
:10031000004000000040000000400000008000009D
:100320000040000000C0000000400000000001008C
:1003300000000100000002000000020000000400B4
:10034000000002000000000000400000004000002B
:1003500000400000008000000040000000C00000DD
:100360000040000000000100000001000000020049
:1003700000000200000000000040000000400000FB
:1003800000400000008000000040000000C00000AD
:100390000040000000000100000001001060024069
:1003A000086002400000000B286002400860024024
:1003B0000006010C40600240086002400010020D7F
:1003C00058600240086002400016030E7060024050
:1003D0000C6002400000040F886002400C60024084
:1003E00000060510A06002400C60024000100611DB
:1003F000B86002400C6002400016072F10640240F3
:100400000864024000000838286402400864024082
:1004100000060939406402400864024000100A3AAC
:10042000586402400864024000160B3B70640240AE
:100430000C64024000000C3C886402400C640240E2
:1004400000060D44A06402400C64024000100E45FA
:10045000B86402400C64024000160F4680000000A1
:10046000400100000300000000000000B5B30108D7
:10047000ADB7010895B80108400040002C74002079
:100480002C74002001000000247400205245454EC9
:1004900054206D616C6C6F63207375636365656474
:1004A0006564002F742F6275696C642F686F7374B4
:1004B0005F77696E646F77735836342D7461726735
:1004C00065745F626172656D6574616C41524D2F38
:1004D0002E6275696C642F484F53542D7838365FFF
:1004E00036342D7736342D6D696E677733322F6150
:1004F000726D2D6E6F6E652D656162692F7372630B
:100500002F6E65776C69622D6E616E6F2F6E6577E9
:100510006C69622F6C6962632F7374646C69622FFB
:1005200072616E642E6300303132333435363738C1
:10053000396162636465666768696A6B6C6D6E6F6A
:10054000707172737475767778797A002C2066757D
:100550006E6374696F6E3A200061737365727469BB
:100560006F6E2022257322206661696C65643A20D3
:1005700066696C6520222573222C206C696E6520CB
:100580002564257325730A00232D302B2000686C09
:100590004C006566674546470030313233343536A6
:1005A00037383941424344454600303132333435DF
:1005B0003637383961626364656600002020202088
:1005C0002020202020282828282820202020202003
:1005D00020202020202020202020202088101010E3
:1005E000101010101010101010101010040404043B
:1005F00004040404040410101010101010414141B0
:10060000414141010101010101010101010101011A
:1006100001010101010101101010101010424242AD
:1006200042424202020202020202020202020202EA
:10063000020202020202021010101020000000004C
:1006400000000000000000000000000000000000AA
:10065000000000000000000000000000000000009A
:10066000000000000000000000000000000000008A
:10067000000000000000000000000000000000007A
:10068000000000000000000000000000000000006A
:10069000000000000000000000000000000000005A
:1006A000000000000000000000000000000000004A
:0C06B0000000000000000000000000003E
:0806BC00CC7AFE7F0100000072
:1006C4000000060000000000F5860008000000009D
:1006D40000000040000000000000000000000000D6
:1006E40000000000000000000000000000080240BC
:1006F40001080240020802400308024000000240D0
:100704000100024014300020FFFFFFFF00003F0003
:100714007F000000FFFFFFFF00003F007F0000009C
:10072400FFFFFFFF00003F007F000000FFFFFFFF0F
:1007340000003F007F000000FFFFFFFF00003F00BC
:100744007F000000FFFFFFFF00003F007F0000006C
:10075400FFFF000049E00008D1E100083DE2000885
:10076400A9E2000869E40008E1E2000819E30008CE
:1007740051E30008201C58020101FF0191EB00081D
:100784002DF000086DEF0008B5F000082DED00080D
:1007940071ED0008B5ED0008F5ED000885EE0008E0
:1007A400CDEE000801EF000835EF000809F100085C
:1007B400CDF30008010016FF0708024008080240B4
:1007C400080802400808024001000000B80B0000BD
:1007D4000410010001020201080802400808024056
:1007E40008080240000000000000000000000000B3
:1007F40000000000000000000000000000000000F5
:1008040000000000000000010000000000000000E3
:1008140000000000000000010101000000000000D1
:1008240000000000000000000000000000000000C4
:1008340000000000000000000000000000FFFF2B8B
:10084400FFFF2BFFFF2BFFFF2BFFFF2BFFFF2BFFD8
:10085400FF2BFFFF2BFFFF2BFFFF2BFFFF2BFFFFC8
:100864002BFFFF2BFFFF2BFFFF2BFFFFAAFFFFAA8E
:10087400FFFFAAFFFFAAFFFFAAFFFFAAFFFFAAFF2D
:10088400FFAAFFFFAAFFFFAAFFFFAAFFFFAAFFFF1D
:10089400AAFFFF2BFFFF2BFFFF2BFFFF2BFFFF2BDD
:1008A400FFFFAAFFFFAAFFFFAAFFFFAAFFFFAAFFFD
:1008B400FFAAFFFFAAFFFFAAFFFFAAFFFFAAFFFFED
:1008C400AAFFFFAAFFFFAAFFFF2BFFFF2BFFFF2BAF
:1008D400FFFF2BFFFFAAFFFFAAFFFFAAFFFFAAFF4C
:1008E400FFAAFFFFAAFFFFAAFFFFAAFFFFAAFFFFBD
:1008F400AAFFFFAAFFFF00FFFF2BFFFFAAFFFFAA2B
:10090400FFFFAAFFFFAAFFFFAAFFFFAAFFFFAAFF9C
:10091400FFAAFFFFAAFFFFAAFFFF2BFFFF2BFFFF8A
:100924002BFFFF2BFFFF2BFFFFAAFFFF2BFFFF2B4C
:10093400FFFF2BFFFF2BFFFF2BFFFF2BFFFF2BFFE7
:10094400FF000000000102030405060708090A0B62
:100954000C0D0E0F101112131415161718191A1B5B
:100964001C1D1E1F2122232425262728292A2B2C3F
:100974002D2E2F3032333435363738393A3B3C3D1F
:10098400FF3E20313FFF40414243444546474849EA
:10099400FF4AFF4B4C4D4EFFFFFF4FFFFF5051529C
:1009A40053545556010019002600330040005400EA
:1009B40061006E007B0090009B00A800B500C6009B
:1009C400D300E000010E0C0E190E260E330E400E5D
:1009D4004D0E5A0E670E740E810E8E0E9B0EAF0EC8
:1009E400C60ED30EE00E031A131A201A2D1A3A1A41
:1009F400471A541A611A6E1A7B1A881A951AA21A7F
:100A0400B21AC61AD31AE01A042716272327302746
:100A14003D274A275727642771277E278B27982746
:100A2400AF2709331D332A333733443351335E330D
:100A34006B33783384339433AF33D3330140114071
:100A44002240584089409640A740B440C640D34015
:100A5400E040010101010101010101010101010164
:100A64000101010101010101010101010101010172
:100A74000101010101010101010101010101010162
:100A84000101010101010101010101010101010152
:100A94000101010101010101010101010101010142
:100AA400010101010101010101000000785200204F
:100AB40098520020F1350108FFFF0000FFFFFFFFFF
:100AC400010000005800580058005800FFFFFFFFC5
:100AD4000300000000FF0000FFFF000008040240C4
:100AE400090402403905280850011E0A14010302B2
:100AF40001000000001400000000000000000000DD
:100B0400000000000000000000000100698A0108E4
:100B1400FD93010839940108599401087994010856
:100B240099940108B9940108D9940108920000002D
:100B340000010500010088000000070000002A00F1
:100B440044006500760069006300650049006E009A
:100B54007400650072006600610063006500470070
:100B640055004900440073000000500000007B0061
:100B74003900390063003400620062006200300012
:100B84002D0065003900320035002D00340033009B
:100B9400390037002D0061006600650065002D00F6
:100BA4003900380031006300640030003700300041
:100BB40032003100360033007D00000000000000E8
:100BC40028000000000104000100000000000000F3
:100BD400020158555342313000000000000000006B
:100BE400000000000000000009026A00030100A0E8
:100BF400FA090400000103010100092111010001A7
:100C040022300107058303200001090401000203C7
:100C140000000009211101000122220007058203BE
:100C2400200001070502032000010904020002FF5D
:100C34005D01001121000101258114000000001351
:100C440001080000070581032000010705010320B6
:100C5400000100000000000000000000000000008F
:100C64000000000000000000000000000000000080
:100C74000000000000000000000000000000000070
:100C84000000000000000000000000000000000060
:100C94000000000000000000000000000000000050
:100CA4000000000000000000000000000000000040
:100CB4000000000000000000000000000000000030
:100CC40000000000709B00200200000004000000EF
:100CD40020000000E06E0020000000000000000082
:100CE4000000000000000000000000000000000000
:100CF40000000000000000000000000000000000F0
:100D040000000000000000000000000000000000DF
:100D140000000000000000000000000000000000CF
:100D240000000000000000000000000000000000BF
:100D340000000000000000000000000000000000AF
:100D4400000000000000000000000000709B002074
:100D5400010000000400000020000000506E00208C
:100D6400000000000001020000000000000000007C
:100D7400000000000000000000000000000000006F
:100D8400000000000000000000000000000000005F
:100D9400000000000000000000000000000000004F
:100DA4000300000000000000A599010800000000F5
:100DB400200000000000000000000000020000000D
:100DC400000000000000000000000000000000001F
:100DD400000000000000000000000000000000000F
:100DE40000000000000000000000000000000000FF
:100DF400709B00200300000004000000200000009D
:100E0400907000200000000000000000782D0020F9
:100E140000000000000000000000000000000000CE
:100E240000000000000000000000000000000000BE
:100E340000000000000000000000000000000000AE
:100E4400000000000000000003000000000000009B
:100E5400A5990108699A01082000200000000000FB
:100E6400000000000200000000000000000000007C
:100E7400000000000000000000000000000000006E
:100E8400000000000000000000000000000000005E
:100E94000000000001000000709B00200200000020
:100EA400040000002000000000700020000000008A
:100EB400000000000C2D00200000000000000000D5
:100EC400000000000000000000000000000000001E
:100ED400000000000000000000000000000000000E
:100EE40000000000000000000000000000000000FE
:100EF4000300000000000000A5990108699A010898
:100F0400200020000000000000000000020000009B
:100F140000000000000000000000000000000000CD
:100F240000000000000000000000000000000000BD
:100F340000000000000000000000000001000000AC
:100F4400709B00200100000004000000200000004D
:100F5400706F00200000000000000000A02C0020A2
:100F6400BC2C0020719C0108419C0108899C01084B
:100F7400899D0108A99D0108B59D0108C02C002088
:100F8400000000000000000000000000000000005D
:100F9400000000000000000000000000000000004D
:100FA400000000000000000000000000000000003D
:100FB400000000000000000000000000000000002D
:100FC400000000000000000020000000282D002088
:100FD400719C0108419C0108899C0108899D0108B4
:100FE400A99D0108B59D01082C2D002000000000DA
:100FF40000000000000000000000000000000000ED
:1010040000000000000000000000000000000000DC
:1010140000000000000000000000000000000000CC
:1010240000000000000000000000000000000000BC
:101034000000000020000000942D0020E99C01081D
:10104400A99C0108059D0108119E0108399E01080B
:10105400519E010800000000342F0020E82E0020DB
:101064009C2E0020502E002000000000042E0020A2
:10107400B82D002000000000000000000000000067
:101084000700000000000000000000000000000055
:10109400000000000000000000000000000000004C
:1010A400000000000000000000000000000000003C
:1010B400000000000000000000000000000000002C
:1010C400090000000000000000000000060000000D
:1010D400000000000000000000000000000000000C
:1010E40000000000000000000000000000000000FC
:1010F40000000000000000000000000000000000EC
:1011040000000000000000000000000020000000BB
:1011140000000000000000000400000000000000C7
:1011240000000000000000000000000000000000BB
:1011340000000000000000000000000000000000AB
:10114400000000000000000000000000000000009B
:101154000000000000000000030000000000000088
:101164000000000003000000000000000000000078
:10117400000000000000000000000000000000006B
:10118400000000000000000000000000000000005B
:10119400000000000000000000000000000000004B
:1011A4000000000003000000000000000000000038
:1011B4000200000000000000000000000000000029
:1011C400000000000000000000000000000000001B
:1011D400000000000000000000000000000000000B
:1011E40000000000000000000000000000000000FB
:1011F40006000000000000000000000001000000E4
:1012040000000000000000000000000000000000DA
:1012140000000000000000000000000000000000CA
:1012240000000000000000000000000000000000BA
:1012340000000000000000000000000009000000A1
:101244000000000059DC01085DDC010895DC0108A0
:10125400942F0020000000004C740020B47400207F
:101264001C750020000000000000000000000000C9
:10127400000000000000000000000000000000006A
:10128400000000000000000000000000000000005A
:10129400000000000000000000000000000000004A
:0C12A40000000000030000004C7400205B
:040000050800811D51
:00000001FF
